"protein_id","n_valid","loess_corr","loess_mae_z","loess_converged","rank","EntrezGeneSymbol","TargetFullName","Target","UniProt"
"X19223.6",146,0.997350651153643,0.0729844798869531,TRUE,1,"RAB1A","Ras-related protein Rab-1A","RAB1A","P62820"
"X19194.9",146,0.996417401632801,0.0950374538204397,TRUE,2,"DTD1","D-tyrosyl-tRNA(Tyr) deacylase 1","Histidyl-tRNA synthetase-related","Q8TEA8"
"X21162.30",130,0.996159613666968,0.140953913150859,TRUE,3,"TBCEL","Tubulin-specific chaperone cofactor E-like protein","TBCEL","Q5QJ74"
"X9854.36",145,0.995642023959026,0.111995077927991,TRUE,4,"AKR1B1","Aldose reductase","Aldose reductase","P15121"
"X6506.54",145,0.994720815380103,0.0831614957976553,TRUE,5,"TMED10","Transmembrane emp24 domain-containing protein 10","TMEDA","P49755"
"X11101.18",144,0.994405065987665,0.196968464018035,TRUE,6,"TLR4","Toll-like receptor 4","TLR4","O00206"
"X7183.102",145,0.994126377368444,0.208732137749416,TRUE,7,"ANGPTL8","Angiopoietin-like protein 8","TD26","Q6UXH0"
"X15370.5",144,0.994023251841357,0.143328807288773,TRUE,8,"BOLA1","BolA-like protein 1","BOLA1","Q9Y3E2"
"X24435.1",146,0.993968585741336,0.198184334423531,TRUE,9,"DNM1","Dynamin-1","Dynamin","Q05193"
"X23224.11",146,0.993710206741764,0.104042376589205,TRUE,10,"RGN","Regucalcin","RGN","Q15493"
"X20445.29",146,0.99357523263751,0.162400188445753,TRUE,11,"AP1AR","AP-1 complex-associated regulatory protein","AP1AR","Q63HQ0"
"X10924.258",146,0.993509673786872,0.107005706726701,TRUE,12,"CYB5D2","Neuferricin","NEUFC","Q8WUJ1"
"X12760.34",146,0.993432545727298,0.114871761606228,TRUE,13,"ZNF774","Zinc finger protein 774","ZN774","Q6NX45"
"X24908.19",146,0.992537860236243,0.13386211705808,TRUE,14,"AMPH","Amphiphysin","AMPH","P49418"
"X3291.30",144,0.991101160989001,0.153029769621455,TRUE,15,"FCER2","Low affinity immunoglobulin epsilon Fc receptor","CD23","P06734"
"X7187.3",145,0.990984855344327,0.119941106250333,TRUE,16,"PPM1L","Protein phosphatase 1L","PPM1L","Q5SGD2"
"X2666.53",146,0.989942501031588,0.149059196738327,TRUE,17,"DCN","Decorin","Bone proteoglycan II","P07585"
"X21108.5",138,0.989852676573474,0.0659852067519355,TRUE,18,"CPPED1","Uncharacterized metallophosphoesterase CSTP1","CSTP1","Q9BRF8"
"X10024.44",143,0.989550520524444,0.171003690507105,TRUE,19,"HOGA1","4-hydroxy-2-oxoglutarate aldolase, mitochondrial","HOGA1","Q86XE5"
"X18340.2",146,0.98899768230181,0.248490787880519,TRUE,20,"PSMB4","Proteasome subunit beta type-4","Proteasome beta chain","P28070"
"X2677.1",146,0.988889703018407,0.101309288106983,TRUE,21,"EGFR","Epidermal growth factor receptor","ERBB1","P00533"
"X24656.6",146,0.988399939840113,0.162556088648335,TRUE,22,"PHETA2","Sesquipedalian-2","SESQ2","Q6ICB4"
"X16908.5",146,0.987914033064799,0.223307351543483,TRUE,23,"OMG","Oligodendrocyte-myelin glycoprotein","OMGP","P23515"
"X11122.97",146,0.98770578730395,0.31581993464361,TRUE,24,"SPG21","Maspardin","SPG21","Q9NZD8"
"X14124.6",146,0.987640228453312,0.111601339049859,TRUE,25,"EFNA2","Ephrin-A2","Ephrin-A2","O43921"
"X20385.21",146,0.987543818378845,0.17405442734522,TRUE,26,"CPTP","Ceramide-1-phosphate transfer protein","CPTP","Q5TA50"
"X12522.6",146,0.987358711035868,0.254756652053218,TRUE,27,"RAD23B","UV excision repair protein RAD23 homolog B","RD23B","P54727"
"X3326.58",146,0.987054055200552,0.183448849435288,TRUE,28,"CADM1","Cell adhesion molecule 1","Nectin-like protein 2","Q9BY67"
"X20229.67",144,0.98703360571068,0.201787072994893,TRUE,29,"TM2D1","TM2 domain-containing protein 1","TM2D1","Q9BX74"
"X19438.68",146,0.986926793902256,0.247107591692403,TRUE,30,"SYF2","Pre-mRNA-splicing factor SYF2","SYF2","O95926"
"X19564.61",144,0.98563886549851,0.26308073056777,TRUE,31,"IRF4","Interferon regulatory factor 4","IRF4","Q15306"
"X8246.9",146,0.98544593515844,0.290878544861511,TRUE,32,"PCSK9","Proprotein convertase subtilisin/kexin type 9","PCSK9","Q8NBP7"
"X3630.27",146,0.984882900323552,0.297929487578466,TRUE,33,"CADM3","Cell adhesion molecule 3","Nectin-like protein 1","Q8N126"
"X10801.11",146,0.984570531682279,0.179638538232109,TRUE,34,"EFNA2","Ephrin-A2","Ephrin-A2","O43921"
"X20057.177",145,0.984465576055099,0.178866153677359,TRUE,35,"ASF1B","Histone chaperone ASF1B","ASF1B","Q9NVP2"
"X21891.31",146,0.984292870667813,0.26311282696903,TRUE,36,"FBLN7","Fibulin-7","FBLN7","Q53RD9"
"X3232.28",145,0.983898715440305,0.217419065919383,TRUE,37,"ACP5","Tartrate-resistant acid phosphatase type 5","TrATPase","P13686"
"X25099.4",146,0.983402041579737,0.202441654388991,TRUE,38,"CADPS2","Calcium-dependent secretion activator 2","CAPS2","Q86UW7"
"X5467.15",146,0.983367333952929,0.259240330870193,TRUE,39,"HSP90AB1","Heat shock protein HSP 90-beta","HSP 90b","P08238"
"X7006.4",144,0.983074554757493,0.208911051431725,TRUE,40,"COL25A1","Collagen alpha-1(XXV) chain","COPA1","Q9BXS0"
"X17776.15",145,0.982717692122968,0.116977076437445,TRUE,41,"PECR","Peroxisomal trans-2-enoyl-CoA reductase","PECR","Q9BY49"
"X6907.17",143,0.982700737116872,0.283261007984304,TRUE,42,"TMCO5A","Transmembrane and coiled-coil domain-containing protein 5A","TMC5A","Q8N6Q1"
"X9842.2",143,0.982507587775012,0.278889414337224,TRUE,43,"CTNNB1","Catenin beta-1","b-Catenin","P35222"
"X24938.7",146,0.982445653641023,0.183073681232624,TRUE,44,"AP2B1","AP-2 complex subunit beta-1","AP2B1","P63010"
"X11204.80",144,0.982250589838302,0.170979248828558,TRUE,45,"CXADR","Coxsackievirus and adenovirus receptor","CXAR","P78310"
"X22984.10",144,0.981732058127827,0.169785377607512,TRUE,46,"EIF4A2","Eukaryotic initiation factor 4A-II","IF4A2","Q14240"
"X2714.78",145,0.981579936736393,0.257882540586827,TRUE,47,"AIMP1","Endothelial monocyte-activating polypeptide 2","EMAP-2","Q12904"
"X8891.7",145,0.981520921828067,0.175813678145997,TRUE,48,"CPVL","Probable serine carboxypeptidase CPVL","CPVL","Q9H3G5"
"X10956.82",143,0.981181946160255,0.116666456788714,TRUE,49,"GCSH","Glycine cleavage system H protein, mitochondrial","GCSH","P23434"
"X16900.29",146,0.981173040658057,0.189048657006128,TRUE,50,"MDGA1","MAM domain-containing glycosylphosphatidylinositol anchor protein 1","MDGA1","Q8NFP4"
"X8222.49",145,0.980619407362499,0.323571817644243,TRUE,51,"CDHR3","Cadherin-related family member 3","CDHR3","Q6ZTQ4"
"X17327.3",144,0.980542330780377,0.157587132759904,TRUE,52,"CNPY3","Protein canopy homolog 3","CNPY3","Q9BT09"
"X3796.79",146,0.980390190853383,0.186758567605063,TRUE,53,"ANGPTL4","Angiopoietin-related protein 4","ANGL4","Q9BY76"
"X13044.5",146,0.979761597167858,0.315115525182762,TRUE,54,"TSG101","Tumor susceptibility gene 101 protein","TS101","Q99816"
"X6550.4",146,0.979472366944456,0.331545799568757,TRUE,55,"ICAM4","Intercellular adhesion molecule 4","ICAM4","Q14773"
"X13513.174",145,0.979454131022727,0.255880628751375,TRUE,56,"PIAS3","E3 SUMO-protein ligase PIAS3","PIAS3","Q9Y6X2"
"X7898.29",146,0.979082870243609,0.34842573764836,TRUE,57,"MDM1","Nuclear protein MDM1","MDM1","Q8TC05"
"X3879.50",144,0.979059233029337,0.186958530895824,TRUE,58,"CDC37","Hsp90 co-chaperone Cdc37","CDC37","Q16543"
"X10030.8",144,0.97893865279726,0.149835922327765,TRUE,59,"MUTYH","Adenine DNA glycosylase","MutY homolog","Q9UIF7"
"X17671.58",135,0.978585418084346,0.156541426581434,TRUE,60,"ING4","Inhibitor of growth protein 4","ING4","Q9UNL4"
"X24669.12",146,0.978211323170426,0.177072153627478,TRUE,61,"DNAJC5B","DnaJ homolog subfamily C member 5B","DNJ5B","Q9UF47"
"X21747.8",145,0.978084100835969,0.256381141016298,TRUE,62,"UBE2N|UBE2V1","UBE2N (Ubc13)/Uev1a Complex","UBE2N/UB2V1 Complex","P61088|Q13404"
"X21328.2",146,0.978006933812556,0.228818250474861,TRUE,63,"SYT1","Synaptotagmin-1","SYT1","P21579"
"X11279.42",146,0.977883528917238,0.24929255260703,TRUE,64,"GABBR1","Gamma-aminobutyric acid type B receptor subunit 1","GABR1","Q9UBS5"
"X24447.26",145,0.977584398048181,0.223582892067589,TRUE,65,"FAM221A","Protein FAM221A","F221A","A4D161"
"X2711.6",146,0.977413047753838,0.199695734271027,TRUE,66,"CNTFR","Ciliary neurotrophic factor receptor subunit alpha","CNTFR alpha","P26992"
"X19154.41",146,0.977355201709158,0.309341031572838,TRUE,67,"SERPINE2","Glia-derived nexin","Protease nexin I","P07093"
"X20589.5",144,0.977250620985699,0.368090941931331,TRUE,68,"CDH4","Cadherin-4","CADH4","P55283"
"X16852.10",145,0.977135343570201,0.160990650629281,TRUE,69,"PDZK1","Na(+)/H(+) exchange regulatory cofactor NHE-RF3","NHRF3","Q5T2W1"
"X22137.3",144,0.976920897199117,0.307497123585154,TRUE,70,"FAM102B","Protein FAM102B","F102B","Q5T8I3"
"X14689.3",146,0.976911715366609,0.322970257920835,TRUE,71,"SEC13","Protein SEC13 homolog","SEC13","P55735"
"X2615.60",146,0.976456659815124,0.17585217008691,TRUE,72,"EFNA5","Ephrin-A5","Ephrin-A5","P52803"
"X5093.47",146,0.976055593905341,0.184866344976151,TRUE,73,"JAG2","Protein jagged-2","JAG2","Q9Y219"
"X18312.68",146,0.976024742681511,0.347197053771071,TRUE,74,"NDRG3","Protein NDRG3","NDRG3","Q9UGV2"
"X6478.2",146,0.975438569428751,0.169698775405182,TRUE,75,"IGLON5","IgLON family member 5","IGLO5","A6NGN9"
"X19377.14",146,0.975369154175135,0.204700094975694,TRUE,76,"OLFM2","Noelin-2","NOE2","O95897"
"X19238.12",145,0.975245751268616,0.133592812915642,TRUE,77,"GLUL","Glutamine synthetase","GLNA","P15104"
"X25921.3",144,0.975220712510023,0.278970203433973,TRUE,78,"INHA","Inhibin a subunit","Inhibin a subunit","P05111"
"X11187.11",146,0.974894816608756,0.216438290052464,TRUE,79,"CLEC12A","C-type lectin domain family 12 member A","CL12A","Q5QGZ9"
"X3859.50",145,0.974875647841774,0.21460556052454,TRUE,80,"PSMA1","Proteasome subunit alpha type-1","PSA1","P25786"
"X22504.3",146,0.974844683370033,0.192589414450554,TRUE,81,"N4BP2L2","NEDD4-binding protein 2-like 2","N42L2","Q92802"
"X8355.80",146,0.974663432430035,0.317288763507441,TRUE,82,"None","Isthmin-1","ISM1","B1AKI9"
"X12646.2",145,0.974446541858501,0.274195771850363,TRUE,83,"RPE","Ribulose-phosphate 3-epimerase","RPE","Q96AT9"
"X13474.40",146,0.97435492019174,0.365043029744843,TRUE,84,"GSTK1","Glutathione S-transferase kappa 1","GSTK1","Q9Y2Q3"
"X15535.3",145,0.974328489825484,0.223463486096004,TRUE,85,"PRSS27","Serine protease 27","Marapsin","Q9BQR3"
"X8958.51",146,0.974196807669614,0.107659626692702,TRUE,86,"CHL1","Neural cell adhesion molecule L1-like protein","CHL1","O00533"
"X2635.61",146,0.974177525654721,0.115517356466282,TRUE,87,"LAYN","Layilin","Layilin","Q6UX15"
"X22772.125",146,0.974007843923659,0.368499168098902,TRUE,88,"SAMM50","Sorting and assembly machinery component 50 homolog","SAM50","Q9Y512"
"X10605.22",146,0.973556644775152,0.29234058260284,TRUE,89,"APMAP","Adipocyte plasma membrane-associated protein","APMAP","Q9HDC9"
"X12403.30",146,0.973471803909621,0.294860560585571,TRUE,90,"RAB39B","Ras-related protein Rab-39B","RB39B","Q96DA2"
"X20512.2",146,0.973383106641111,0.157610540118358,TRUE,91,"MCAM","Melanoma-associated antigen MUC18","MUC18","P43121"
"X16315.105",145,0.973214338438645,0.319412373131283,TRUE,92,"FLT1","Vascular endothelial growth factor receptor 1","VEGF sR1","P17948"
"X21180.16",146,0.973132440447497,0.245932262792143,TRUE,93,"PLCXD3","PI-PLC X domain-containing protein 3","PLCX3","Q63HM9"
"X3448.13",145,0.972966376266155,0.125741548837245,TRUE,94,"INSR","Insulin receptor","IR","P06213"
"X7210.25",146,0.972958902313456,0.179757609048868,TRUE,95,"APLP1","Amyloid-like protein 1","Amyloid-like protein 1","P51693"
"X25424.234",146,0.97288948705984,0.216619641631103,TRUE,96,"SYT12","Synaptotagmin-12","SYT12","Q8IV01"
"X8931.124",144,0.972539806629113,0.210047206996746,TRUE,97,"G0S2","G0/G1 switch protein 2","G0S2","P27469"
"X5070.76",144,0.972415262241908,0.279280289917428,TRUE,98,"TNFRSF6B","Tumor necrosis factor receptor superfamily member 6B","DcR3","O95407"
"X24713.4",146,0.972415149493461,0.269351445390407,TRUE,99,"MAGIX","PDZ domain-containing protein MAGIX","MAGIX","Q9H6Y5"
"X20078.6",140,0.972274464865243,0.247107871545317,TRUE,100,"MYL6B","Myosin light chain 6B","MYL6B","P14649"
"X10746.24",145,0.97154521154096,0.299312331123426,TRUE,101,"DKK3","Dickkopf-related protein 3","DKK3","Q9UBP4"
"X2806.49",146,0.971331500256451,0.296651247948553,TRUE,102,"ACVR1B","Activin receptor type-1B","Activin RIB","P36896"
"X7192.37",146,0.971296792629643,0.115943213995193,TRUE,103,"IFNLR1","Interferon lambda receptor 1","CRF2-12","Q8IU57"
"X14114.18",146,0.971269797808792,0.335555184600778,TRUE,104,"PIANP","PILR alpha-associated neural protein","PIANP","Q8IYJ0"
"X14101.2",146,0.971196526152197,0.19768689896231,TRUE,105,"CNTFR","Ciliary neurotrophic factor receptor subunit alpha","CNTFR alpha","P26992"
"X12880.1",146,0.970965141973476,0.168978634864583,TRUE,106,"SV2A","Synaptic vesicle glycoprotein 2A","SV2A","Q7L0J3"
"X9182.3",146,0.97095357276454,0.158054549488925,TRUE,107,"LRP1","Low-density lipoprotein receptor-related protein 1, soluble:Extracellular domain, LDL receptor class A domains 11-20","sLRP1:ECD","Q07954"
"X6410.26",145,0.970706684985651,0.152186306911503,TRUE,108,"INSL4","Early placenta insulin-like peptide","INSL4","Q14641"
"X17320.19",144,0.97065071253012,0.263469863151701,TRUE,109,"AASDHPPT","L-aminoadipate-semialdehyde dehydrogenase-phosphopantetheinyl transferase","ADPPT","Q9NRN7"
"X21945.4",146,0.970047318064548,0.242806818862527,TRUE,110,"WNT5B","Protein Wnt-5b","WNT5B","Q9H1J7"
"X15637.38",146,0.96966167776668,0.220049630583448,TRUE,111,"SORCS3","VPS10 domain-containing receptor SorCS3","SORC3","Q9UPU3"
"X24289.1",142,0.969573381843789,0.185113785891715,TRUE,112,"LSMEM1","Coiled-coil domain-containing transmembrane protein C7orf53","CG053","Q8N8F7"
"X8397.147",142,0.969225287910384,0.225016301633967,TRUE,113,"QSOX2","Sulfhydryl oxidase 2","QSOX2","Q6ZRP7"
"X20139.57",144,0.969099305859797,0.21972275700573,TRUE,114,"SH3GL2","Endophilin-A1","SH3G2","Q99962"
"X5196.7",145,0.969037505363814,0.319654927862576,TRUE,115,"NMT1","Glycylpeptide N-tetradecanoyltransferase 1","NMT1","P30419"
"X2954.56",146,0.969033084081154,0.291961160082812,TRUE,116,"MMP8","Neutrophil collagenase","MMP-8","P22894"
"X10907.116",146,0.968778561484561,0.224125210493907,TRUE,117,"NTM","Neurotrimin","NTRI","Q9P121"
"X23528.199",146,0.968778561484561,0.303127028624327,TRUE,118,"PHYHIPL","Phytanoyl-CoA hydroxylase-interacting protein-like","PHIPL","Q96FC7"
"X20382.8",142,0.968688763373817,0.29655274205238,TRUE,119,"MOSPD1","Motile sperm domain-containing protein 1","MSPD1","Q9UJG1"
"X2590.69",146,0.968404490395628,0.211667906631014,TRUE,120,"ROR1","Inactive tyrosine-protein kinase transmembrane receptor ROR1","ROR1","Q01973"
"X18261.34",146,0.96822323945563,0.196566269427195,TRUE,121,"NATD1","Protein NATD1","NATD1","Q8N6N6"
"X6930.95",143,0.968031947531187,0.211049628532206,TRUE,122,"ST8SIA6","Alpha-2,8-sialyltransferase 8F","SIA8F","P61647"
"X15398.2",145,0.967954900656255,0.318076846479535,TRUE,123,"GFER","FAD-linked sulfhydryl oxidase ALR","HERV1","P55789"
"X22564.5",142,0.967850443785432,0.382135554043701,TRUE,124,"LDLRAD3","Low-density lipoprotein receptor class A domain-containing protein 3","LRAD3","Q86YD5"
"X10959.125",144,0.96765247309062,0.272223825413745,TRUE,125,"BET1L","BET1-like protein","BET1L","Q9NYM9"
"X13118.5",146,0.967648635411806,0.235801454509491,TRUE,126,"SMOC1","SPARC-related modular calcium-binding protein 1","SMOC1","Q9H4F8"
"X7976.19",145,0.967506047835475,0.371795981998028,TRUE,127,"FRRS1L","DOMON domain-containing protein FRRS1L","FRS1L","Q9P0K9"
"X12894.3",146,0.967444246053936,0.297301638769931,TRUE,128,"PAXIP1","PAX-interacting protein 1","PAXI1","Q6ZW49"
"X22981.3",144,0.967443271910979,0.260217486114383,TRUE,129,"HPCAL1","Hippocalcin-like protein 1","HPCL1","P37235"
"X11438.6",143,0.967354611253507,0.410503462201313,TRUE,130,"DNAJB2","DnaJ homolog subfamily B member 2","DNJB2","P25686"
"X19196.73",144,0.967310633389135,0.330773450168467,TRUE,131,"HOPX","Homeodomain-only protein","HOP","Q9BPY8"
"X8383.20",145,0.967309274576111,0.190654963416845,TRUE,132,"None","Uncharacterized protein C11orf94","CK094","C9JXX5"
"X8882.1",138,0.967123650512394,0.260063334660238,TRUE,133,"ADAM17","Disintegrin and metalloproteinase domain-containing protein 17:Cytoplasmic domain","ADAM 17:CD","P78536"
"X4292.5",143,0.96705089503937,0.184748987828306,TRUE,134,"NAPA","Alpha-soluble NSF attachment protein","SNAA","P54920"
"X8476.11",144,0.966960950013364,0.220006105520959,TRUE,135,"CHGA","Chromogranin-A","CgA","P10645"
"X21588.4",144,0.966924908811383,0.169119323340425,TRUE,136,"KCTD4","BTB/POZ domain-containing protein KCTD4","KCTD4","Q8WVF5"
"X21116.13",146,0.966777088338623,0.332612195178479,TRUE,137,"EED","Polycomb protein EED","EED","O75530"
"X23929.159",145,0.966580911082548,0.239868698564831,TRUE,138,"PRRT2","Proline-rich transmembrane protein 2","PRRT2","Q7Z6L0"
"X3821.28",144,0.966442453973428,0.19908836210061,TRUE,139,"MAPKAPK5","MAP kinase-activated protein kinase 5","MAPK5","Q8IW41"
"X9398.30",143,0.96571707661431,0.195032664726897,TRUE,140,"GALP","Galanin-like peptide","GALP","Q9UBC7"
"X20086.5",145,0.965691272631359,0.214761048340252,TRUE,141,"RAB11B","Ras-related protein Rab-11B","RB11B","Q15907"
"X15316.262",146,0.965384926863318,0.397499103788566,TRUE,142,"TXNL4B","Thioredoxin-like protein 4B","TXN4B","Q9NX01"
"X7249.307",145,0.965313345169811,0.334928592074561,TRUE,143,"BCL2L10","Bcl-2-like protein 10","B2L10","Q9HD36"
"X7934.11",146,0.965057132610129,0.285852030648653,TRUE,144,"NDRG4","Protein NDRG4","NDRG4","Q9ULP0"
"X8790.6",146,0.964983860953534,0.196552729256996,TRUE,145,"ARSA","Arylsulfatase A","Arylsulfatase A","P15289"
"X6904.14",146,0.964856599655238,0.209255865925424,TRUE,146,"LRRTM2","Leucine-rich repeat transmembrane neuronal protein 2","LRRT2","O43300"
"X23380.16",146,0.964656066700346,0.435396975719389,TRUE,147,"L3HYPDH","Trans-3-hydroxy-L-proline dehydratase","T3HPD","Q96EM0"
"X18904.23",146,0.964478672163326,0.30509228057642,TRUE,148,"CAMK4","Calcium/calmodulin-dependent protein kinase type IV","KCC4","Q16566"
"X7897.75",145,0.964246487439817,0.131960666147486,TRUE,149,"DLG3","Disks large homolog 3","DLG3","Q92796"
"X11557.3",145,0.963852741849447,0.191992463030129,TRUE,150,"SMURF1","E3 ubiquitin-protein ligase SMURF1","SMUF1","Q9HCE7"
"X7003.4",146,0.963610981493122,0.418945262285094,TRUE,151,"GALNT10","Polypeptide N-acetylgalactosaminyltransferase 10","GLT10","Q86SR1"
"X8975.26",145,0.963403952105474,0.268239533609191,TRUE,152,"CNOT9","Cell differentiation protein RCD1 homolog","RCD1","Q92600"
"X15622.13",146,0.963267761628019,0.284035903988663,TRUE,153,"OPCML","Opioid-binding protein/cell adhesion molecule","OBCAM","Q14982"
"X20189.28",144,0.963102671438936,0.280645668415512,TRUE,154,"ITGAV|ITGB6","Integrin alpha V beta 6","Integrin aVb6","P06756|P18564"
"X21756.5",145,0.963096885438545,0.294220529682945,TRUE,155,"UBE2N|UBE2V2","UBE2N/UBE2V2 Complex","UBE2N/UBE2V2 Complex","P61088|Q15819"
"X21690.31",146,0.962804993270577,0.240833932028789,TRUE,156,"LRRC4","Leucine-rich repeat-containing protein 4","LRRC4","Q9HBW1"
"X13066.42",142,0.962401524058624,0.157210656556173,TRUE,157,"EDC4","Enhancer of mRNA-decapping protein 4","EDC4","Q6P2E9"
"X9789.52",146,0.962137835555264,0.383364473067957,TRUE,158,"SYNE2","Nesprin-2","Nesprin-2","Q8WXH0"
"X13669.6",146,0.961840892525905,0.198119482271309,TRUE,159,"FGFR3","Fibroblast growth factor receptor 3:Extracellular domain","FGFR-3:ECD","P22607"
"X5939.42",146,0.961393549780378,0.242594173558366,TRUE,160,"TNFSF12","Tumor necrosis factor ligand superfamily member 12","TWEAK","O43508"
"X5864.10",146,0.961104319556976,0.299829706755349,TRUE,161,"ALDOA","Fructose-bisphosphate aldolase A","aldolase A","P04075"
"X19367.34",146,0.960926925019957,0.298185030759901,TRUE,162,"ECI1","Enoyl-CoA delta isomerase 1, mitochondrial","D3D2","P42126"
"X6495.14",144,0.960847519961093,0.292688236298131,TRUE,163,"EDN1","Endothelin-1","Endothelin 1","P05305"
"X11490.42",146,0.960610699975705,0.348790508139838,TRUE,164,"UBL4A","Ubiquitin-like protein 4A","UBL4A","P11441"
"X13242.134",146,0.96056442313996,0.374753912413494,TRUE,165,"SHANK3","SH3 and multiple ankyrin repeat domains protein 3","SHAN3","Q9BYB0"
"X13256.21",145,0.960451388000386,0.199109167912316,TRUE,166,"SHANK1","SH3 and multiple ankyrin repeat domains protein 1","SHAN1","Q9Y566"
"X3728.52",145,0.960439655613601,0.250418071478373,TRUE,167,"SCT","Secretin","Secretin","P09683"
"X17775.8",146,0.960387028602941,0.198659185077356,TRUE,168,"TAGLN3","Transgelin-3","TAGL3","Q9UI15"
"X25087.11",145,0.960321553281867,0.326154296289073,TRUE,169,"DTNA","Dystrobrevin alpha","DTNA","Q9Y4J8"
"X8885.6",145,0.960286044410501,0.474408712720548,TRUE,170,"CACNA2D3","Voltage-dependent calcium channel subunit alpha-2/delta-3","CA2D3","Q8IZS8"
"X22085.86",141,0.960246952694516,0.241974547386081,TRUE,171,"BMI1","Polycomb complex protein BMI-1","BMI-1","P35226"
"X23314.46",145,0.959825444410107,0.181314982230143,TRUE,172,"CCDC103","Coiled-coil domain-containing protein 103","CC103","Q8IW40"
"X8406.17",144,0.959497100045418,0.446412170235177,TRUE,173,"IGF1","Insulin-like growth factor I","IGF-I","P05019"
"X5694.57",146,0.959492343111886,0.196324029100929,TRUE,174,"SMOC1","SPARC-related modular calcium-binding protein 1","SMOC1","Q9H4F8"
"X8309.12",146,0.959314948574866,0.321311680312467,TRUE,175,"HYAL1","Hyaluronidase-1","HYAL1","Q12794"
"X25918.60",142,0.959249370213729,0.333770568335273,TRUE,176,"HLA-E","HLA class I histocompatibility antigen, alpha chain E","HLAE","P13747"
"X9550.153",144,0.959211726829504,0.213906011933204,TRUE,177,"TTC17","Tetratricopeptide repeat protein 17:Tetratricopeptide repeat 2","TTC17:TPR2","Q96AE7"
"X7925.18",146,0.959110559216996,0.312971318987938,TRUE,178,"SMCO2","Single-pass membrane and coiled-coil domain-containing protein 2","CL070","A6NFE2"
"X12528.40",146,0.958933164679976,0.359690518043311,TRUE,179,"WRNIP1","ATPase WRNIP1","WRIP1","Q96S55"
"X5231.79",146,0.958825185396573,0.284120472371769,TRUE,180,"PCSK9","Proprotein convertase subtilisin/kexin type 9","PCSK9","Q8NBP7"
"X7770.25",142,0.958734064202167,0.143285585139548,TRUE,181,"NFU1","NFU1 iron-sulfur cluster scaffold homolog, mitochondrial","NFU1","Q9UMS0"
"X13113.7",145,0.958601114494531,0.237001362416597,TRUE,182,"SPP1","Osteopontin","Osteopontin","P10451"
"X3415.61",135,0.958536281972795,0.240751404824213,TRUE,183,"IBSP","Bone sialoprotein 2","BSP","P21815"
"X12612.37",146,0.958447257904662,0.353473683007841,TRUE,184,"PSMB1","Proteasome subunit beta type-1","PSB1","P20618"
"X9599.6",146,0.95833542221828,0.37501255782882,TRUE,185,"PIANP","PILR alpha-associated neural protein","PIANP","Q8IYJ0"
"X4126.22",146,0.958223586531898,0.294772254399486,TRUE,186,"BPI","Bactericidal permeability-increasing protein","BPI","P17213"
"X13441.30",144,0.958214930244336,0.120641409260222,TRUE,187,"DIXDC1","Dixin","DIXC1","Q155Q3"
"X8353.15",146,0.958161884084239,0.216108875086488,TRUE,188,"SCN2B","Sodium channel subunit beta-2","SCN2B","O60939"
"X24309.14",145,0.958085399964176,0.39893004810293,TRUE,189,"SYTL2","Synaptotagmin-like protein 2","synaptotagmin-like 2","Q9HCH5"
"X17818.22",146,0.957961351129348,0.403222998552187,TRUE,190,"SUGT1","Protein SGT1 homolog","SUGT1","Q9Y2Z0"
"X8295.16",146,0.957679833711903,0.243655004480937,TRUE,191,"OLFM2","Noelin-2","NOE2","O95897"
"X9249.17",146,0.957610418458287,0.221695092258027,TRUE,192,"TMEM9","Transmembrane protein 9:Extracellular domain","TMEM9:ECD","Q9P0T7"
"X3294.55",145,0.957565832208081,0.219455986366257,TRUE,193,"CFC1","Cryptic protein","CFC1","P0CG37"
"X17735.130",145,0.957329543553273,0.288329085258668,TRUE,194,"GABARAP","Gamma-aminobutyric acid receptor-associated protein","GBRAP","O95166"
"X17816.58",142,0.957316868702111,0.322123648397366,TRUE,195,"NCALD","Neurocalcin-delta","NCALD","P61601"
"X12350.86",146,0.957224778160419,0.307773081881088,TRUE,196,"ETS2","Protein C-ets-2","ETS2","P15036"
"X5035.7",130,0.957176804785447,0.229390780369151,TRUE,197,"TYMS","Thymidylate synthase","TS","P04818"
"X10440.26",146,0.957004963190634,0.329630999766384,TRUE,198,"CLMP","CXADR-like membrane protein:Extracellular domain","ACAM:ECD","Q9H6B4"
"X20383.31",145,0.956998856373503,0.282621628660907,TRUE,199,"RBM18","Probable RNA-binding protein 18","RBM18","Q96H35"
"X9097.5",145,0.956998856373503,0.37350366218029,TRUE,200,"ELAPOR1","UPF0577 protein KIAA1324:Cytoplasmic domain","K1324:CD","Q6UXG2"
"X11401.181",145,0.95690043757,0.364809232865243,TRUE,201,"RNF146","E3 ubiquitin-protein ligase RNF146","RN146","Q9NTX7"
"X7993.23",146,0.95686998908638,0.300243468924964,TRUE,202,"ASTL","Astacin-like metalloendopeptidase","ASTL","Q6HA08"
"X2514.65",146,0.956785148220848,0.394961852779575,TRUE,203,"EFNB3","Ephrin-B3:Extracellular domain","Ephrin-B3:ECD","Q15768"
"X4862.63",145,0.956620928168052,0.297534795512288,TRUE,204,"BMPR2","Bone morphogenetic protein receptor type-2","BMP RII","Q13873"
"X9180.6",146,0.956607753683829,0.174719142165662,TRUE,205,"IFNGR2","Interferon gamma receptor 2:Extracellular domain","INGR2:ECD","P38484"
"X3600.2",133,0.95659182850992,0.39722085066539,TRUE,206,"CHIT1","Chitotriosidase-1","Chitotriosidase-1","Q13231"
"X18329.4",145,0.956510699108129,0.22720962498758,TRUE,207,"PRPS2","Ribose-phosphate pyrophosphokinase 2","PRPS2","P11908"
"X5654.70",146,0.956283815833619,0.288053095631119,TRUE,208,"TMX3","Protein disulfide-isomerase TMX3","TMX3","Q96JJ7"
"X12788.6",146,0.955990729207239,0.265670940299217,TRUE,209,"SGF29","SAGA-associated factor 29 homolog","SGF29","Q96ES7"
"X21342.25",143,0.955990059491195,0.189546156291255,TRUE,210,"RGS14","Regulator of G-protein signaling 14","RGS14","O43566"
"X7832.181",146,0.955686073371923,0.405322779496921,TRUE,211,"PDIA3","Protein disulfide-isomerase A3","Protein disulfide isomerase A3","P30101"
"X23683.79",145,0.955573752098781,0.359168712693173,TRUE,212,"TRIM55","Tripartite motif-containing protein 55","TRI55","Q9BYV6"
"X21513.1",143,0.955522265544839,0.367502227429304,TRUE,213,"CASP7","Caspase-7","Caspase-7","P55210"
"X10981.56",145,0.955424155517457,0.38058822296852,TRUE,214,"NRG3","Pro-neuregulin-3, membrane-bound isoform","NRG3","P56975"
"X8345.27",146,0.955350566312777,0.266773714568238,TRUE,215,"GPX7","Glutathione peroxidase 7","GPX7","Q96SL4"
"X25280.2",146,0.955246443432353,0.328037349351562,TRUE,216,"LIMD1","LIM domain-containing protein 1","LIMD1","Q9UGP4"
"X18413.24",146,0.95513846414895,0.237987107788819,TRUE,217,"ARL4D","ADP-ribosylation factor-like protein 4D","ARL4D","P49703"
"X9030.56",146,0.954710403418316,0.29119305549095,TRUE,218,"NDUFAF8","Uncharacterized protein C17orf89","CQ089","A1L188"
"X6151.18",146,0.954702690612358,0.146594175020155,TRUE,219,"MAP2K3","Dual specificity mitogen-activated protein kinase kinase 3","MP2K3","P46734"
"X11377.19",144,0.954673799671619,0.246406881821619,TRUE,220,"ADH7","Alcohol dehydrogenase class 4 mu/sigma chain","ADH7","P40394"
"X6584.1",145,0.954503045071787,0.214979552827349,TRUE,221,"HRC","Sarcoplasmic reticulum histidine-rich calcium-binding protein","SRCH","P23327"
"X9557.5",146,0.954394178374063,0.3034677094236,TRUE,222,"MANSC1","MANSC domain-containing protein 1","MANS1","Q9H8J5"
"X13668.44",146,0.954124230165555,0.204775256712299,TRUE,223,"TYRO3","Tyrosine-protein kinase receptor TYRO3","Dtk","Q06418"
"X19290.5",146,0.954054814911939,0.268527143587743,TRUE,224,"HPRT1","Hypoxanthine-guanine phosphoribosyltransferase","HPRT","P00492"
"X11264.33",145,0.953995205045332,0.232882838568048,TRUE,225,"XDH","Xanthine dehydrogenase/oxidase","XDH","P47989"
"X8428.102",145,0.953215637566851,0.371244069724627,TRUE,226,"NTM","Neurotrimin","NTRI","Q9P121"
"X25076.2",146,0.953163985823863,0.273877227077674,TRUE,227,"SELENBP1","Selenium-binding protein 1","Selenium-binding protein 1","Q13228"
"X21726.73",146,0.953075288555353,0.254687076380878,TRUE,228,"ST6GALNAC4","Alpha-N-acetyl-neuraminyl-2,3-beta-galactosyl-1,3-N-acetyl-galactosaminide alpha-2,6-sialyltransferase","SIA7D","Q9H4F1"
"X12432.23",146,0.953005873301737,0.330545347329952,TRUE,229,"CACYBP","Calcyclin-binding protein","CYBP","Q9HB71"
"X6991.24",143,0.952772225619641,0.225072774145894,TRUE,230,"FUT9","Alpha-(1,3)-fucosyltransferase 9","FUT9","Q9Y231"
"X11464.9",145,0.952629154741612,0.435139283752478,TRUE,231,"RELB","Transcription factor RelB","RELB","Q01201"
"X22950.6",143,0.952468705109789,0.180423698538269,TRUE,232,"BTN3A3","Butyrophilin subfamily 3 member A3","BT3A3","O00478"
"X18318.98",144,0.951924564855213,0.298999022430721,TRUE,233,"SH3GL3","Endophilin-A3","SH3G3","Q99963"
"X2760.2",145,0.951542517907301,0.262042472728985,TRUE,234,"FAM107A","Protein FAM107A","DRR1","O95990"
"X8321.27",145,0.951432288847378,0.375695858849713,TRUE,235,"ZNF843","Zinc finger protein 843","ZN843","Q8N446"
"X3534.14",145,0.951400794830257,0.271511042263413,TRUE,236,"CD40LG","CD40 ligand","CD40 ligand, soluble","P29965"
"X10903.50",146,0.951282061170264,0.458379154428756,TRUE,237,"STX8","Syntaxin-8","STX8","Q9UNK0"
"X5343.74",146,0.951077671812394,0.286248334784273,TRUE,238,"CPE","Carboxypeptidase E","CBPE","P16870"
"X12726.3",146,0.95100054375282,0.351531004943334,TRUE,239,"RFXAP","Regulatory factor X-associated protein","RFXAP","O00287"
"X17857.6",146,0.950996687349841,0.468748849437187,TRUE,240,"ACADL","Long-chain specific acyl-CoA dehydrogenase, mitochondrial","ACADL","P28330"
"X6359.50",143,0.950596863924875,0.278275479895787,TRUE,241,"POMGNT2","Protein O-linked-mannose beta-1,4-N-acetylglucosaminyltransferase 2","AGO61","Q8NAT1"
"X11107.25",146,0.950564770216228,0.260051224976451,TRUE,242,"TENM3","Teneurin-3","TEN3","Q9P273"
"X18218.48",146,0.950248545171976,0.277835121099157,TRUE,243,"CNRIP1","CB1 cannabinoid receptor-interacting protein 1","CB032","Q96F85"
"X3182.38",144,0.95002341270878,0.169273988165027,TRUE,244,"ENTPD1","Ectonucleoside triphosphate diphosphohydrolase 1","CD39","P49961"
"X23024.25",137,0.949983313768825,0.308230745042875,TRUE,245,"SAR1A","GTP-binding protein SAR1a","SAR1A","Q9NR31"
"X7851.30",146,0.94985519206815,0.231544634931398,TRUE,246,"ANKRD46","Ankyrin repeat domain-containing protein 46","ANR46","Q86W74"
"X9340.17",146,0.949816628038363,0.333498713838168,TRUE,247,"FKBP14","Peptidyl-prolyl cis-trans isomerase FKBP14","FKB14","Q9NWM8"
"X8474.6",146,0.949700935949003,0.26704360109036,TRUE,248,"ROR1","Inactive tyrosine-protein kinase transmembrane receptor ROR1","ROR1","Q01973"
"X23282.19",146,0.949646946307301,0.258604770402488,TRUE,249,"RAB37","Ras-related protein Rab-37","RAB37","Q96AX2"
"X16300.4",146,0.949338434069006,0.406393340358574,TRUE,250,"TREM2","Triggering receptor expressed on myeloid cells 2","TREM2","Q9NZC2"
"X20993.13",146,0.949323008457092,0.354801957731228,TRUE,251,"BEND6","BEN domain-containing protein 6","BEND6","Q5SZJ8"
"X19189.2",138,0.949203899101946,0.313928457190042,TRUE,252,"USP14","Ubiquitin carboxyl-terminal hydrolase 14","UBP14","P54578"
"X8976.13",146,0.948987501397946,0.252293468621274,TRUE,253,"B4GALNT1","Beta-1,4 N-acetylgalactosaminyltransferase 1","B4GN1","Q00973"
"X16922.53",146,0.9486519943388,0.220509249257235,TRUE,254,"PLXNB3","Plexin-B3","PLXB3","Q9ULL4"
"X18165.181",146,0.948598004697099,0.241604623815821,TRUE,255,"UBE2V2","Ubiquitin-conjugating enzyme E2 variant 2","UB2V2","Q15819"
"X3170.6",143,0.948573879388714,0.379456577333951,TRUE,256,"METAP2","Methionine aminopeptidase 2","AMPM2","P50579"
"X11425.31",145,0.948526965767972,0.437801753305621,TRUE,257,"RUFY1","RUN and FYVE domain-containing protein 1","RUFY1","Q96T51"
"X8364.74",146,0.948486169010717,0.253916995327738,TRUE,258,"UST","Uronyl 2-sulfotransferase","UST","Q9Y2C2"
"X16872.248",141,0.948306053509272,0.2639609911207,TRUE,259,"GSTZ1","Maleylacetoacetate isomerase","MAAI","O43708"
"X14131.37",146,0.948146805548593,0.351504506179993,TRUE,260,"EFNB2","Ephrin-B2:Extracellular domain","EFNB2:ECD","P52799"
"X9169.14",146,0.947734170429873,0.235033749718195,TRUE,261,"SUMO3","Small ubiquitin-related modifier 3","SUMO3","P55854"
"X15321.8",146,0.94768403719115,0.25672906217473,TRUE,262,"CPLX2","Complexin-2","CPLX2","Q6PUV4"
"X22587.37",145,0.947235711066014,0.31617966901861,TRUE,263,"EPHA6","Ephrin type-A receptor 6","EPHA6","Q9UF33"
"X21748.36",145,0.947062493971848,0.257862606458704,TRUE,264,"USP46|WDR48","UBP46/WDR48 Complex","UBP46/WDR48 Complex","P62068|Q8TAF3"
"X6518.85",146,0.946993741057966,0.427936106833469,TRUE,265,"GHRL","Appetite-regulating hormone","ghrelin","Q9UBU3"
"X6455.52",146,0.946928182207328,0.250667996355994,TRUE,266,"HAPLN4","Hyaluronan and proteoglycan link protein 4","HPLN4","Q86UW8"
"X5115.31",146,0.946858766953712,0.538344806225848,TRUE,267,"RELT","Tumor necrosis factor receptor superfamily member 19L","RELT","Q969Z4"
"X18310.26",146,0.946731505655415,0.242740200518167,TRUE,268,"SELENOW","Selenoprotein W","SELW","P63302"
"X5076.53",143,0.946632136048447,0.321616799221699,TRUE,269,"EPHA10","Ephrin type-A receptor 10","EPHAA","Q5JZY3"
"X8336.267",142,0.946548855067422,0.218591202741479,TRUE,270,"GRAMD1C","GRAM domain-containing protein 1C","GRM1C","Q8IYS0"
"X20536.11",146,0.946500121476694,0.262834694069714,TRUE,271,"ESAM","Endothelial cell-selective adhesion molecule","ESAM","Q96AP7"
"X8999.19",145,0.946235776022424,0.289279126854829,TRUE,272,"CEACAM3","Carcinoembryonic antigen-related cell adhesion molecule 3","CEAM3","P40198"
"X3317.33",146,0.945694133254149,0.404369135976108,TRUE,273,"HTRA2","Serine protease HTRA2, mitochondrial","HTRA2","O43464"
"X12400.25",145,0.945255848010771,0.321394439653838,TRUE,274,"UBE2T","Ubiquitin-conjugating enzyme E2 T","UBE2T","Q9NPD8"
"X15435.4",128,0.944865870233922,0.31454173719348,TRUE,275,"PNP","Purine nucleoside phosphorylase","PNP","P00491"
"X23034.13",146,0.944757027330328,0.267100999895023,TRUE,276,"SORCS3","VPS10 domain-containing receptor SorCS3","SORC3","Q9UPU3"
"X17456.53",145,0.944531162345753,0.315342460998777,TRUE,277,"GOLM1","Golgi membrane protein 1","GOLM1","Q8NBJ4"
"X25446.34",134,0.944372809916325,0.451386682235489,TRUE,278,"DDI2","Protein DDI1 homolog 2","DDI2","Q5TDH0"
"X8957.72",146,0.943924044286932,0.394221604471522,TRUE,279,"ERLEC1","Endoplasmic reticulum lectin 1","XTP3B","Q96DZ1"
"X8993.151",145,0.943712650284625,0.433230768059891,TRUE,280,"RIPK2","Receptor-interacting serine/threonine-protein kinase 2","RIPK2","O43353"
"X3814.63",146,0.943573111615871,0.481947428465472,TRUE,281,"IL11RA","Interleukin-11 receptor subunit alpha","IL-11 RA","Q14626"
"X7106.37",145,0.943346311467343,0.273320121933544,TRUE,282,"OOSP2","Oocyte-secreted protein 2","PLACL","Q86WS3"
"X8446.4",146,0.943040928004813,0.343014849097935,TRUE,283,"ADCYAP1","Pituitary adenylate cyclase-activating polypeptide 27","PACAP-27","P18509"
"X6612.90",146,0.942940661527367,0.25769280313005,TRUE,284,"BRICD5","BRICHOS domain-containing protein 5","CP079","Q6PL45"
"X5635.66",145,0.942763673297457,0.458152482912547,TRUE,285,"TREM2","Triggering receptor expressed on myeloid cells 2","TREM2","Q9NZC2"
"X7173.141",146,0.942358344677585,0.297797238099798,TRUE,286,"TMEM132C","Transmembrane protein 132C:Extracellular domain","T132C:ECD","Q8N3T6"
"X8106.15",146,0.942088396469077,0.275565880369902,TRUE,287,"SSR1","Translocon-associated protein subunit alpha","SSRA","P43307"
"X22146.20",143,0.942043915452493,0.354446515403464,TRUE,288,"FOSL2","Fos-related antigen 2","FOSL2","P15408"
"X19158.1",146,0.941995842797589,0.417580660780676,TRUE,289,"PCLAF","PCNA-associated factor","PAF","Q15004"
"X11285.8",141,0.941858473763529,0.323248352898239,TRUE,290,"CD34","Hematopoietic progenitor cell antigen CD34","CD34","P28906"
"X3059.50",146,0.941633340917592,0.265199284702215,TRUE,291,"TNFSF13B","Tumor necrosis factor ligand superfamily member 13B","BAFF","Q9Y275"
"X13387.55",144,0.941582896899882,0.302815591598148,TRUE,292,"EHF","ETS homologous factor","EHF","Q9NZC4"
"X8839.4",145,0.941559029513773,0.344518647320448,TRUE,293,"MTX2","Metaxin-2","Metaxin-2","O75431"
"X6238.55",144,0.941417986185497,0.21300352773877,TRUE,294,"PSG8","Pregnancy-specific beta-1-glycoprotein 8","PSG8","Q9UQ74"
"X23396.21",146,0.941116582918449,0.486393374234435,TRUE,295,"TWF2","Twinfilin-2","TWF2","Q6IBS0"
"X20076.7",145,0.940992022171788,0.385790548581641,TRUE,296,"MNDA","Myeloid cell nuclear differentiation antigen","MNDA","P41218"
"X10949.59",144,0.940967819081056,0.382750733126124,TRUE,297,"RPLP2","60S acidic ribosomal protein P2","RLA2","P05387"
"X23644.19",146,0.94061525053122,0.374859806480248,TRUE,298,"TKFC","Dihydroxyacetone kinase","DAK","Q3LXA3"
"X19113.66",146,0.940453281606115,0.470635657801973,TRUE,299,"SH3BGRL2","SH3 domain-binding glutamic acid-rich-like protein 2","SH3L2","Q9UJC5"
"X7994.41",144,0.940417886691894,0.301407710359867,TRUE,300,"ERO1B","ERO1-like protein beta","ERO1B","Q86YB8"
"X23652.15",146,0.940395435561434,0.492816952625956,TRUE,301,"PIPOX","Peroxisomal sarcosine oxidase","SOX","Q9P0Z9"
"X2475.1",146,0.940229610233351,0.214218500637532,TRUE,302,"KIT","Mast/stem cell growth factor receptor Kit","SCF sR","P10721"
"X5065.8",146,0.940218041024415,0.369751315258892,TRUE,303,"CD83","CD83 antigen","CD83","Q01151"
"X3418.12",142,0.940014167571351,0.459047980983022,TRUE,304,"CAMK1D","Calcium/calmodulin-dependent protein kinase type 1D","CAMK1D","Q8IU85"
"X4566.24",145,0.939952837802194,0.249640506246106,TRUE,305,"RSPO2","R-spondin-2","RSPO2","Q6UXX9"
"X5981.6",146,0.939620298562719,0.277166222967058,TRUE,306,"None","ES1 protein homolog, mitochondrial","ES1","P30042"
"X4993.16",145,0.939618095674887,0.269846878047531,TRUE,307,"GSTA3","Glutathione S-transferase A3","GSTA3","Q16772"
"X3897.61",143,0.939228027260582,0.387900782840416,TRUE,308,"PDXP","Pyridoxal phosphate phosphatase","PLPP","Q96GD0"
"X22059.56",145,0.939161432426634,0.37664491385586,TRUE,309,"PALMD","Palmdelphin","PALMD","Q9NP74"
"X3607.71",144,0.938837809865453,0.299324853469137,TRUE,310,"DKK3","Dickkopf-related protein 3","DKK3","Q9UBP4"
"X20942.4",146,0.938775746310386,0.395326235442543,TRUE,311,"DNAJB8","DnaJ homolog subfamily B member 8","DNJB8","Q8NHS0"
"X22529.31",146,0.938729469474642,0.272657823972236,TRUE,312,"PHF6","PHD finger protein 6","PHF6","Q8IWS0"
"X23212.8",146,0.938694761847834,0.294430893733483,TRUE,313,"EURL","Protein EURL homolog","EURL","Q9NYK6"
"X18895.54",139,0.938596981241691,0.390669341614385,TRUE,314,"GSTM4","Glutathione S-transferase Mu 4","GSTM4","Q03013"
"X21190.4",139,0.938508014961858,0.446777073210918,TRUE,315,"UBE2W","Ubiquitin-conjugating enzyme E2 W","UBE2W","Q96B02"
"X4915.64",143,0.938399216907894,0.291787234182018,TRUE,316,"HBA1|HBB","Hemoglobin","Hemoglobin","P69905|P68871"
"X11067.13",146,0.938301408744008,0.472179474295409,TRUE,317,"BGLAP","Osteocalcin","Osteocalcin","P02818"
"X15573.110",146,0.938135583415925,0.235283763748339,TRUE,318,"NCAN","Neurocan core protein","CSPG3","O14594"
"X15365.41",146,0.937873348013374,0.29491901885243,TRUE,319,"ADGRB3","Adhesion G protein-coupled receptor B3","BAI3","O60242"
"X6528.95",146,0.937807789162736,0.160084099479003,TRUE,320,"EXTL2","Exostosin-like 2","EXTL2","Q9UBQ6"
"X7997.118",145,0.93770089738265,0.321885175136705,TRUE,321,"DOC2B","Double C2-like domain-containing protein beta","DOC2B","Q14184"
"X24695.8",146,0.937630394625717,0.245205376306685,TRUE,322,"PLEKHB1","Pleckstrin homology domain-containing family B member 1","PKHB1","Q9UF11"
"X3853.56",144,0.937458927275906,0.27589244685779,TRUE,323,"MDH1","Malate dehydrogenase, cytoplasmic","MDHC","P40925"
"X22989.24",143,0.937077517248173,0.264333585423177,TRUE,324,"LIN7A","Protein lin-7 homolog A","LIN7A","O14910"
"X6641.60",145,0.9366852153305,0.386758593904886,TRUE,325,"UBB","PolyUbiquitin K48-linked","PolyUbiquitin K48","P0CG47"
"X10760.107",145,0.936409642680692,0.246401212646074,TRUE,326,"GRIA4","Glutamate receptor 4","GRIA4","P48058"
"X12661.44",145,0.936366338407151,0.255193650288045,TRUE,327,"GABARAPL1","Gamma-aminobutyric acid receptor-associated protein-like 1","GBRL1","Q9H0R8"
"X20103.176",145,0.935571114474847,0.289016369444454,TRUE,328,"OGG1","N-glycosylase/DNA lyase","N-glycosylase/DNA lyase","O15527"
"X8024.64",144,0.935481407495684,0.483415788755113,TRUE,329,"TPST2","Protein-tyrosine sulfotransferase 2","TPST2","O60704"
"X11378.37",146,0.935328122047441,0.371225231086483,TRUE,330,"SYK","Tyrosine-protein kinase SYK:Src Homology domain","KSYK:SH2, 1 and 2","P43405"
"X7208.60",142,0.935231292859179,0.284500114155175,TRUE,331,"MGAT4C","Alpha-1,3-mannosyl-glycoprotein 4-beta-N-acetylglucosaminyltransferase C","MGT4C","Q9UBM8"
"X2999.6",146,0.935135301898507,0.391463054072514,TRUE,332,"LSAMP","Limbic system-associated membrane protein","LSAMP","Q13449"
"X3855.56",146,0.935085168659784,0.449857819838267,TRUE,333,"PRDX1","Peroxiredoxin-1","Peroxiredoxin-1","Q06830"
"X12424.107",142,0.934979796455577,0.251412501228226,TRUE,334,"THYN1","Thymocyte nuclear protein 1","THYN1","Q9P016"
"X16856.79",145,0.934838878576785,0.300953055467919,TRUE,335,"MAPRE2","Microtubule-associated protein RP/EB family member 2","MARE2","Q15555"
"X12834.3",146,0.93483450246617,0.335547324405061,TRUE,336,"KCNF1","Potassium voltage-gated channel subfamily F member 1","KCNF1","Q9H3M0"
"X5747.67",146,0.934757374406596,0.12089558552613,TRUE,337,"BGLAP","Osteocalcin","Osteocalcin","P02818"
"X22099.1",144,0.934729920376853,0.308024258986226,TRUE,338,"C4orf36","Uncharacterized protein C4orf36","CD036","Q96KX1"
"X9747.48",146,0.934645538720214,0.405417759479137,TRUE,339,"MARK3","MAP/microtubule affinity-regulating kinase 3","MARK3","P27448"
"X13629.25",127,0.934593840817474,0.49521284560311,TRUE,340,"ATG4B","Cysteine protease ATG4B","ATG4B","Q9Y4P1"
"X9795.9",145,0.934512128149156,0.410701702963565,TRUE,341,"CLN5","Ceroid-lipofuscinosis neuronal protein 5:Cytoplasmic domain","CLN5:CD","O75503"
"X8358.30",146,0.93451056461596,0.316639453895282,TRUE,342,"PRDX3","Thioredoxin-dependent peroxide reductase, mitochondrial","Peroxiredoxin-3","P30048"
"X8346.9",144,0.934408373091315,0.263093197932417,TRUE,343,"DPP7","Dipeptidyl peptidase 2","DPP2","Q9UHL4"
"X18314.88",141,0.934177767978131,0.517906103874761,TRUE,344,"PAX8","Paired box protein Pax-8","PAX-8","Q06710"
"X23299.52",145,0.934157820456545,0.231526114168406,TRUE,345,"TPPP","Tubulin polymerization-promoting protein","TPPP","O94811"
"X16307.22",146,0.933993806616816,0.277429554606137,TRUE,346,"UNC5D","Netrin receptor UNC5D","UNC5H4","Q6UXZ4"
"X5183.53",146,0.933812555676818,0.338134330737559,TRUE,347,"PRKAA1|PRKAB1|PRKAG1","AMP Kinase (alpha1beta1gamma1)","AMPK a1b1g1","Q13131|Q9Y478|P54619"
"X3647.49",145,0.933772149108131,0.293825188065119,TRUE,348,"TLR4|LY96","Toll-like receptor 4:Lymphocyte antigen 96 complex","TLR4:MD-2 complex","O00206|Q9Y6Y9"
"X5404.53",146,0.933399920558099,0.266981263837466,TRUE,349,"TNFRSF21","Tumor necrosis factor receptor superfamily member 21","DR6","O75509"
"X3305.6",146,0.933156967170441,0.148550494910179,TRUE,350,"DLL4","Delta-like protein 4","DLL4","Q9NR61"
"X18837.9",146,0.933129972349591,0.341372430847828,TRUE,351,"SGTB","Small glutamine-rich tetratricopeptide repeat-containing protein beta","SGTB","Q96EQ0"
"X24265.6",146,0.933129972349591,0.382440497872848,TRUE,352,"MPP2","MAGUK p55 subfamily member 2","MPP2","Q14168"
"X19563.3",146,0.933048987887038,0.295902777785153,TRUE,353,"SEZ6L","Seizure 6-like protein","SEZ6L","Q9BYH1"
"X16756.30",144,0.932965294929792,0.331470437947911,TRUE,354,"GDF7","Growth/differentiation factor 7","GDF7","Q7Z4P5"
"X17345.12",145,0.932890318364519,0.340134003590255,TRUE,355,"ZADH2","Prostaglandin reductase 3","ZADH2","Q8N4Q0"
"X6997.32",145,0.932756733774772,0.260216512445117,TRUE,356,"RAB26","Ras-related protein Rab-26","RAB26","Q9ULW5"
"X10606.34",146,0.932570793917681,0.435119368947652,TRUE,357,"TOR1AIP1","Torsin-1A-interacting protein 1:Perinuclear domain","TOIP1:Perinuclear","Q5JTV8"
"X21987.76",145,0.932567372591938,0.462517130526572,TRUE,358,"LPL","Lipoprotein lipase","LPL","P06858"
"X23526.25",145,0.93195717601022,0.422391216701143,TRUE,359,"KTI12","Protein KTI12 homolog","KTI12","Q96EK9"
"X13123.3",146,0.931730098068328,0.288168166232092,TRUE,360,"FLRT3","Leucine-rich repeat transmembrane protein FLRT3:Extracellular domain","FLRT3:ECD","Q9NZU0"
"X18233.10",144,0.931405787460836,0.352253622619203,TRUE,361,"GOT2","Aspartate aminotransferase, mitochondrial","GOT2","P00505"
"X24465.28",144,0.931208977600212,0.474776400139889,TRUE,362,"SSX4","synovial sarcoma, X breakpoint 4","SSX4","O60224"
"X22082.25",143,0.93087201081882,0.357629218650208,TRUE,363,"BEX2","Protein BEX2","BEX2","Q9BXY8"
"X7139.14",145,0.930658047803981,0.287782380842552,TRUE,364,"SLITRK4","SLIT and NTRK-like protein 4","SLIK4","Q8IW52"
"X12514.16",146,0.930534613144935,0.338427756032145,TRUE,365,"METTL1","tRNA (guanine-N(7)-)-methyltransferase","METTL1","Q9UBP6"
"X6998.106",146,0.930422777458553,0.47492870235351,TRUE,366,"ASPH","Aspartyl/asparaginyl beta-hydroxylase","HAAH","Q12797"
"X8983.7",145,0.930378538402033,0.285092173937448,TRUE,367,"GOLM1","Golgi membrane protein 1","GOLM1","Q8NBJ4"
"X17367.5",146,0.9300525627726,0.453070513885309,TRUE,368,"STMN1","Stathmin","Stathmin","P16949"
"X24449.11",143,0.930002052123948,0.238708005070391,TRUE,369,"CRYGA","Gamma-crystallin A","CRGA","P11844"
"X11280.6",146,0.929801896578985,0.29487716066848,TRUE,370,"GAD1","Glutamate decarboxylase 1","DCE1","Q99259"
"X7195.119",145,0.929760606573576,0.312251262155935,TRUE,371,"EPHA7","Ephrin type-A receptor 7","EPHA7","Q15375"
"X21933.7",145,0.929728974298914,0.302256811735397,TRUE,372,"UBA7","Ubiquitin-like modifier-activating enzyme 7","UBA7","P41226"
"X5903.91",144,0.929653492606422,0.248465929087359,TRUE,373,"HSPA8","Heat shock cognate 71 kDa protein","HSP70 protein 8","P11142"
"X10439.57",144,0.929544828805871,0.430201735812801,TRUE,374,"AMY2B","Alpha-amylase 2B","Alpha-amylase 2B","P19961"
"X22948.13",144,0.929504918658749,0.428596746981028,TRUE,375,"BMP3","Bone morphogenetic protein 3","BMP-3","P12645"
"X5456.59",141,0.929408440332407,0.283123387499212,TRUE,376,"CNDP1","Beta-Ala-His dipeptidase","CNDP1","Q96KN2"
"X7049.2",146,0.929319846206649,0.279584317305967,TRUE,377,"ADAM23","Disintegrin and metalloproteinase domain-containing protein 23","ADAM 23","O75077"
"X7146.16",145,0.929047916178674,0.354207579509517,TRUE,378,"PDIA4","Protein disulfide-isomerase A4","PDIA4","P13667"
"X5465.32",146,0.928587129640699,0.457834445272003,TRUE,379,"HS6ST1","Heparan-sulfate 6-O-sulfotransferase 1","H6ST1","O60243"
"X3022.4",145,0.928555822161159,0.288510588413062,TRUE,380,"CTLA4","Cytotoxic T-lymphocyte protein 4","CTLA-4","P16410"
"X15492.1",144,0.928479701281971,0.313614340821803,TRUE,381,"CRIM1","Cysteine-rich motor neuron 1 protein:Extracellular domain","CRIM1:ECD","Q9NZV1"
"X5090.49",144,0.928294955325024,0.303598533050473,TRUE,382,"LILRB1","Leukocyte immunoglobulin-like receptor subfamily B member 1","ILT-2","Q8NHL6"
"X14066.49",146,0.928101222865384,0.349115266182427,TRUE,383,"MAGI2","Membrane-associated guanylate kinase, WW and PDZ domain-containing protein 2","MAGI2","Q86UL8"
"X13982.33",142,0.927913351832136,0.398004691131593,TRUE,384,"RGS18","Regulator of G-protein signaling 18","RGS18","Q9NS28"
"X8087.250",146,0.927858269477727,0.413367524803144,TRUE,385,"RNF13","E3 ubiquitin-protein ligase RNF13","RNF13","O43567"
"X2480.58",146,0.927588321269219,0.323219900736175,TRUE,386,"TIMP3","Metalloproteinase inhibitor 3","TIMP-3","P35625"
"X23672.10",144,0.92753931920401,0.387582660609066,TRUE,387,"PSMD6","26S proteasome non-ATPase regulatory subunit 6","PSMD6","Q15008"
"X17199.43",140,0.927538894210372,0.303568403159072,TRUE,388,"HIF1AN","Hypoxia-inducible factor 1-alpha inhibitor","HIF1N","Q9NWT6"
"X6937.251",146,0.927422495941136,0.292663753010288,TRUE,389,"C1orf43","Uncharacterized protein C1orf43","CA043","Q9BWL3"
"X12832.10",143,0.927104153926345,0.312083319862044,TRUE,390,"ASH2L","Set1/Ash2 histone methyltransferase complex subunit ASH2","ASH2L","Q9UBL3"
"X8297.8",144,0.927101064524621,0.409684392341902,TRUE,391,"DNAJC10","DnaJ homolog subfamily C member 10","DJC10","Q8IXB1"
"X24411.144",143,0.92707557372373,0.485638626346887,TRUE,392,"LRSAM1","E3 ubiquitin-protein ligase LRSAM1","LRSM1","Q6UWE0"
"X16907.3",146,0.92699829161348,0.273402145055334,TRUE,393,"CADM2","Cell adhesion molecule 2","Nectin-like protein 3","Q8N3J6"
"X4188.1",137,0.926911462004135,0.316971358226053,TRUE,394,"AKR7A2","Aflatoxin B1 aldehyde reductase member 2","Aflatoxin B1 aldehyde reductase","O43488"
"X14139.16",145,0.926788220450246,0.455598526004856,TRUE,395,"NRG4","Neuregulin-4","NRG4","Q8WWG1"
"X20161.41",146,0.926281000659445,0.46991878017202,TRUE,396,"NCAM1","Neural cell adhesion molecule 1","NCAM1","P13591"
"X10900.272",146,0.926126744540297,0.420636982708792,TRUE,397,"STMN2","Stathmin-2","STMN2","Q93045"
"X22128.8",146,0.926092036913489,0.2907324145579,TRUE,398,"ELK4","ETS domain-containing protein Elk-4","ELK4","P28324"
"X4963.19",145,0.926067794808605,0.323729391768259,TRUE,399,"ARPP19","cAMP-regulated phosphoprotein 19","ARP19","P56211"
"X16317.20",135,0.925843540700198,0.412504205173975,TRUE,400,"DSG3","Desmoglein-3","Desmoglein-3","P32926"
"X12859.33",144,0.92566213753007,0.223061660691019,TRUE,401,"ECI2","Enoyl-CoA delta isomerase 2, mitochondrial","PECI","O75521"
"X7141.21",145,0.925524523013269,0.361988974761533,TRUE,402,"MGAT4B","Alpha-1,3-mannosyl-glycoprotein 4-beta-N-acetylglucosaminyltransferase B","MGT4B","Q9UQ53"
"X18884.22",145,0.925115100790697,0.458219549956268,TRUE,403,"DNAJB4","DnaJ homolog subfamily B member 4","DNJB4","Q9UDY4"
"X8804.39",138,0.924885888018413,0.325511376476098,TRUE,404,"COL20A1","Collagen alpha-1(XX) chain","COKA1","Q9P218"
"X4258.15",140,0.924665458036552,0.340285319054479,TRUE,405,"PA2G4","Proliferation-associated protein 2G4","PA2G4","Q9UQ80"
"X3823.9",146,0.924383650393932,0.443985431178437,TRUE,406,"MATK","Megakaryocyte-associated tyrosine-protein kinase","MATK","P42679"
"X19239.5",146,0.924109845782445,0.613606114927753,TRUE,407,"ARF1","ADP-ribosylation factor 1","ARF1","P84077"
"X7864.3",146,0.924017292110956,0.31848633781831,TRUE,408,"SIGLEC8","Sialic acid-binding Ig-like lectin 8","SIGL8","Q9NYZ4"
"X7198.197",146,0.923905456424575,0.478765194046306,TRUE,409,"FAM20B","Glycosaminoglycan xylosylkinase","FA20B","O75063"
"X12790.10",144,0.923857755805424,0.230809153060017,TRUE,410,"CCDC51","Coiled-coil domain-containing protein 51","CCD51","Q96ER9"
"X15483.377",145,0.923835806264935,0.475257943717906,TRUE,411,"AGRN","Agrin","Agrin","O00468"
"X2754.50",144,0.923664827821823,0.342804820416558,TRUE,412,"C3","Complement C3","C3","P01024"
"X13438.115",145,0.923509056480472,0.380423132426995,TRUE,413,"CHRD","Chordin","CHRD","Q9H2X0"
"X21708.149",144,0.923484572919158,0.502038774869695,TRUE,414,"FCGRT","IgG receptor FcRn large subunit p51","FCGRN","P55899"
"X5687.5",146,0.923315426768836,0.401111189916056,TRUE,415,"PRKCSH","Glucosidase 2 subunit beta","GLU2B","P14314"
"X20399.7",145,0.923170496462835,0.358191749711849,TRUE,416,"OXLD1","Oxidoreductase-like domain-containing protein 1","OXLD1","Q5BKU9"
"X9216.100",146,0.923033909351392,0.34901617822009,TRUE,417,"PLXNB2","Plexin-B2","PLXB2","O15031"
"X5140.56",146,0.92294906848586,0.298477482420082,TRUE,418,"UNC5D","Netrin receptor UNC5D","UNC5H4","Q6UXZ4"
"X7740.33",145,0.922930203352932,0.174136001376338,TRUE,419,"FATE1","Fetal and adult testis-expressed transcript protein","FATE1","Q969F0"
"X7089.42",146,0.922779386754798,0.462558180752668,TRUE,420,"SYT11","Synaptotagmin-11","SYT11","Q9BT88"
"X24276.171",146,0.922667551068416,0.399776974043929,TRUE,421,"TTC25","Tetratricopeptide repeat protein 25","TTC25","Q96NG3"
"X9050.170",144,0.922567238687039,0.426687774902317,TRUE,422,"RSRP1","Arginine/serine-rich protein 1","CA063","Q9BUV0"
"X22129.55",145,0.922410552070437,0.448509987007581,TRUE,423,"ELL3","RNA polymerase II elongation factor ELL3","ELL3","Q9HB65"
"X12657.2",142,0.92191874989521,0.325864679427847,TRUE,424,"TSTA3","GDP-L-fucose synthase","FCL","Q13630"
"X23903.3",144,0.921835717142323,0.378266853486585,TRUE,425,"GOT2","Aspartate aminotransferase, mitochondrial","GOT2","P00505"
"X9934.29",146,0.921780578383319,0.48947040805541,TRUE,426,"PITPNA","Phosphatidylinositol transfer protein alpha isoform","PIPNA","Q00169"
"X4547.59",146,0.921715019532681,0.46082157697489,TRUE,427,"FLRT1","Leucine-rich repeat transmembrane protein FLRT1","FLRT1","Q9NZU1"
"X21136.1",146,0.921487491756939,0.493212575050632,TRUE,428,"PSMG2","Proteasome assembly chaperone 2","PSMG2","Q969U7"
"X6947.4",143,0.921305473812954,0.285354488257093,TRUE,429,"ST3GAL6","Type 2 lactosamine alpha-2,3-sialyltransferase","SIA10","Q9Y274"
"X4420.7",145,0.921119297368478,0.493861628667368,TRUE,430,"ADAM12","Disintegrin and metalloproteinase domain-containing protein 12","ADAM12","O43184"
"X7893.19",146,0.920963020951837,0.451440042944458,TRUE,431,"OLR1","Oxidized low-density lipoprotein receptor 1","OLR1","P78380"
"X4452.9",145,0.920961982859415,0.344291202795324,TRUE,432,"LRRTM1","Leucine-rich repeat transmembrane neuronal protein 1","LRRT1","Q86UE6"
"X24290.5",146,0.920874323683328,0.231005879877167,TRUE,433,"C20orf202","Uncharacterized protein C20orf202","CT202","A1L168"
"X12750.9",146,0.920870467280349,0.375269135436137,TRUE,434,"ITGB2","Integrin beta-2","LFA-1 beta-2","P05107"
"X4959.2",142,0.920783488561201,0.323965790229974,TRUE,435,"AGR2","Anterior gradient protein 2 homolog","AGR2","O95994"
"X9099.19",144,0.920646149270289,0.383315802203567,TRUE,436,"SYT5","Synaptotagmin-5","SYT5","O00445"
"X17365.7",145,0.920591772581702,0.3440897414703,TRUE,437,"KYAT1","Kynurenine--oxoglutarate transaminase 1","KAT1","Q16773"
"X7744.10",146,0.920361422087162,0.290656678064837,TRUE,438,"LRP12","Low-density lipoprotein receptor-related protein 12","LRP12","Q9Y561"
"X12628.31",136,0.92030154110406,0.328805897556992,TRUE,439,"LANCL2","LanC-like protein 2","LANC2","Q9NS86"
"X20525.200",145,0.919981575999984,0.358667641696214,TRUE,440,"PDIA4","Protein disulfide-isomerase A4","PDIA4","P13667"
"X8963.8",146,0.919678838759935,0.459012524323804,TRUE,441,"VTI1B","Vesicle transport through interaction with t-SNAREs homolog 1B","Vti1-rp1","Q9UEU0"
"X21716.29",146,0.91957471587951,0.256589274628057,TRUE,442,"FUT7","Alpha-(1,3)-fucosyltransferase","FUT7","Q11130"
"X4138.25",146,0.919501444222916,0.287084294900265,TRUE,443,"IL20","Interleukin-20","IL-20","Q9NYY1"
"X17680.12",145,0.919217846084802,0.35925371392558,TRUE,444,"EPHB1","Ephrin type-B receptor 1","EPHB1","P54762"
"X21317.25",145,0.919040692238496,0.325600129148266,TRUE,445,"NKIRAS1","NF-kappa-B inhibitor-interacting Ras-like protein 1","KBRS1","Q9NYS0"
"X19636.23",145,0.918954083691414,0.486707858649371,TRUE,446,"HLA-G","HLA class I histocompatibility antigen, alpha chain G","HLA-G","P17693"
"X21119.1",144,0.918933909974799,0.359890513948129,TRUE,447,"CBR4","Carbonyl reductase family member 4","CBR4","Q8N4T8"
"X11651.24",146,0.918911414567177,0.323598478979202,TRUE,448,"AGO1","Protein argonaute-1","AGO1","Q9UL18"
"X10075.75",145,0.918902905913592,0.456253781329273,TRUE,449,"ACBD6","Acyl-CoA-binding domain-containing protein 6","ACBD6","Q9BR61"
"X20054.28",146,0.918834286507603,0.525418155956966,TRUE,450,"ACO1","Cytoplasmic aconitate hydratase","Aconitase 1","P21399"
"X5117.14",146,0.918653035567605,0.229277467729259,TRUE,451,"ROBO3","Roundabout homolog 3","ROBO3","Q96MS0"
"X20116.30",132,0.91858438481689,0.450669145447372,TRUE,452,"OXSR1","Serine/threonine-protein kinase OSR1","OXSR1","O95747"
"X8229.1",144,0.918568640888108,0.438180983315303,TRUE,453,"GXYLT1","Glucoside xylosyltransferase 1","GXLT1","Q4G148"
"X15300.66",145,0.918296646084014,0.349254225572406,TRUE,454,"CCDC134","Coiled-coil domain-containing protein 134","CC134","Q9H6E4"
"X12716.3",146,0.917912606195697,0.355438278625295,TRUE,455,"ZNF175","Zinc finger protein 175","ZN175","Q9Y473"
"X8946.38",145,0.917186481980501,0.303116363952695,TRUE,456,"NR1H4","Bile acid receptor","NR1H4","Q96RI1"
"X16606.85",146,0.917183746032725,0.421287290080557,TRUE,457,"AKR1B1","Aldose reductase","Aldose reductase","P15121"
"X8927.6",145,0.917178771499545,0.298701946660093,TRUE,458,"None","Uncharacterized protein C7orf73","CG073","E0CX11"
"X17808.37",144,0.917169419245409,0.212043747814243,TRUE,459,"NIT2","Omega-amidase NIT2","NIT2","Q9NQR4"
"X22112.30",143,0.917114883819241,0.401320021025839,TRUE,460,"COQ5","2-methoxy-6-polyprenyl-1,4-benzoquinol methylase, mitochondrial","COQ5","Q5HYK3"
"X6931.10",146,0.916925367033153,0.447778893610773,TRUE,461,"CTAG1A","Cancer/testis antigen 1","CTAG1A","P78358"
"X11315.148",145,0.91680461702291,0.318149053387487,TRUE,462,"PPM1D","Protein phosphatase 1D","PPM1D","O15297"
"X12591.27",140,0.916778928583925,0.534283941656093,TRUE,463,"OPHN1","Oligophrenin-1","Oligophrenin-1","O60890"
"X10053.5",144,0.91669915634031,0.263114953006494,TRUE,464,"ILK","Integrin-linked protein kinase","ILK1","Q13418"
"X8892.14",145,0.916442435826019,0.255051073571267,TRUE,465,"PEAR1","Platelet endothelial aggregation receptor 1:Cytoplasmic domain","PEAR1:CD","Q5VY43"
"X20197.14",146,0.915691318079974,0.364337414452139,TRUE,466,"VSNL1","Visinin-like protein 1","VISL1","P62760"
"X18313.4",140,0.915366918306114,0.386244698517728,TRUE,467,"ASRGL1","Isoaspartyl peptidase/L-asparaginase","Asparaginase-like protein 1","Q7L266"
"X18332.17",146,0.914893042663386,0.333694073323498,TRUE,468,"CPLX1","Complexin-1","CPLX1","O14810"
"X10039.32",128,0.914546104871593,0.405209742871496,TRUE,469,"PNP","Purine nucleoside phosphorylase","PNP","P00491"
"X3807.1",145,0.914540984542343,0.32074488895928,TRUE,470,"FGF23","Fibroblast growth factor 23","FGF23","Q9GZV9"
"X5110.84",146,0.914507402365518,0.293584983198829,TRUE,471,"NRXN1","Neurexin-1-beta","NRX1B","P58400"
"X17797.1",146,0.914422561499986,0.375708553038938,TRUE,472,"CUL1","Cullin-1","CUL1","Q13616"
"X22579.93",146,0.914403279485093,0.374886317211189,TRUE,473,"NRXN1","Neurexin-1-beta","NRX1B","P58400"
"X19125.26",145,0.914274297839339,0.277310615078407,TRUE,474,"PRKAR2A","cAMP-dependent protein kinase type II-alpha regulatory subunit","KAP2","P13861"
"X13386.248",143,0.913909119452328,0.374230718290115,TRUE,475,"RNF34","E3 ubiquitin-protein ligase RNF34","RNF34","Q969K3"
"X7224.11",144,0.913097826742284,0.211815051742956,TRUE,476,"TRAT1","T-cell receptor-associated transmembrane adapter 1","TRAT1","Q6PIZ9"
"X3636.37",146,0.91303425642766,0.462942711468419,TRUE,477,"OLR1","Oxidized low-density lipoprotein receptor 1","OLR1","P78380"
"X22073.47",142,0.913012132529388,0.338943535899881,TRUE,478,"ATP5PB","ATP synthase B chain, mitochondrial","AT5F1","P24539"
"X5464.52",146,0.912795159442981,0.466943940707448,TRUE,479,"GRB2","Growth factor receptor-bound protein 2","GRB2 adapter protein","P62993"
"X9579.59",144,0.912748670108542,0.512526086590705,TRUE,480,"PRRG4","Transmembrane gamma-carboxyglutamic acid protein 4","TMG4","Q9BZD6"
"X11699.16",146,0.912490503607665,0.433606554003566,TRUE,481,"PTP4A2","Protein tyrosine phosphatase type IVA 2","TP4A2","Q12974"
"X24950.21",146,0.91235938590639,0.440467517380229,TRUE,482,"SARG","Specifically androgen-regulated gene protein","SARG","Q9BW04"
"X20934.13",146,0.912343960294475,0.373158431263001,TRUE,483,"RAB24","Ras-related protein Rab-24","RAB24","Q969Q5"
"X15323.112",146,0.912297683458731,0.462182548037454,TRUE,484,"AGO3","Protein argonaute-3","AGO3","Q9H9G7"
"X13519.112",146,0.9119776020115,0.414803552830632,TRUE,485,"ARHGEF25","Rho guanine nucleotide exchange factor 25","ARHGP","Q86VW2"
"X9313.27",146,0.911804063877459,0.378743901834843,TRUE,486,"CBLN1","Cerebellin-1","CBLN1","P23435"
"X10418.36",146,0.910882383565553,0.483416935784212,TRUE,487,"STX12","Syntaxin-12","STX12","Q86Y82"
"X12991.49",146,0.910604722551088,0.449877201161813,TRUE,488,"CUL9","Cullin-9","CUL9","Q8IWT3"
"X12499.108",146,0.910516025282578,0.375761676782584,TRUE,489,"SH3GL2","Endophilin-A1","SH3G2","Q99962"
"X11277.23",144,0.910352616792003,0.435086158939968,TRUE,490,"ATF6","Cyclic AMP-dependent transcription factor ATF-6 alpha","ATF6A","P18850"
"X12831.21",146,0.910184374626411,0.282634069774029,TRUE,491,"TESC","Calcineurin B homologous protein 3","TESC","Q96BS2"
"X11683.19",145,0.910065074384785,0.362679831553339,TRUE,492,"GGA3","ADP-ribosylation factor-binding protein GGA3","GGA3","Q9NZ52"
"X8285.64",145,0.90940352299949,0.463030490443134,TRUE,493,"ADCYAP1","Pituitary adenylate cyclase-activating polypeptide","PACA","P18509"
"X3494.71",145,0.909364155478089,0.356238550358211,TRUE,494,"FGF17","Fibroblast growth factor 17","FGF-17","O60258"
"X7218.87",146,0.909177853448974,0.39546296958847,TRUE,495,"ATP1B2","Sodium/potassium-transporting ATPase subunit beta-2","AT1B2","P14415"
"X24640.63",145,0.909080709324001,0.374958563226765,TRUE,496,"HEY1","Hairy/enhancer-of-split related with YRPW motif protein 1","HEY1","Q9Y5J3"
"X8288.27",145,0.908931292000142,0.478050088843215,TRUE,497,"APOH","Beta-2-glycoprotein 1","b2-Glycoprotein I","P02749"
"X9176.3",140,0.908687522552568,0.423605120437745,TRUE,498,"MUC1","Mucin-1:region 2","MUC1:region 2","P15941"
"X8039.41",146,0.908445136883024,0.504848940244982,TRUE,499,"FAM177A1","Protein FAM177A1","F177A","Q8N128"
"X8264.43",146,0.908410429256216,0.542090699773402,TRUE,500,"DLL1","Delta-like protein 1","DLL1","O00548"
"X5629.58",144,0.908387159009152,0.243399188488329,TRUE,501,"KLRC1","NKG2-A/NKG2-B type II integral membrane protein","NKG2A","P26715"
"X18916.25",142,0.908057299143866,0.267543602188872,TRUE,502,"ITPA","Inosine triphosphate pyrophosphatase","Inosine triphosphatase","Q9BY32"
"X8772.5",146,0.90769313830218,0.57020725227922,TRUE,503,"EFNB2","Ephrin-B2:Cytoplasmic domain","EFNB2:CD","P52799"
"X19383.131",145,0.90765615035155,0.394878848853012,TRUE,504,"CINP","Cyclin-dependent kinase 2-interacting protein","CINP","Q9BW66"
"X9518.95",142,0.907646716099475,0.251730232716419,TRUE,505,"PLA1A","Phospholipase A1 member A","PLA1A","Q53H76"
"X7745.3",146,0.907600584630691,0.468829039170506,TRUE,506,"CISD1","CDGSH iron-sulfur domain-containing protein 1","ZCD1","Q9NZ45"
"X9857.38",138,0.907399542409338,0.37450291132174,TRUE,507,"IRF4","Interferon regulatory factor 4","IRF4","Q15306"
"X12720.71",146,0.907373056854949,0.496523402504346,TRUE,508,"UBQLN4","Ubiquilin-4","UBQL4","Q9NRR5"
"X11817.1",146,0.90728050318346,0.301094958894818,TRUE,509,"RPS6KB1","Ribosomal protein S6 kinase beta-1","KS6B1","P23443"
"X13452.113",146,0.907187949511972,0.330974008542084,TRUE,510,"SMIM13","Small integral membrane protein 13","SIM13","P0DJ93"
"X19553.14",146,0.907160954691121,0.303541017928519,TRUE,511,"STX1A","Syntaxin-1A","STX1a","Q16623"
"X8390.25",146,0.907087683034526,0.259467739172301,TRUE,512,"COX7A1","Cytochrome c oxidase subunit 7A1, mitochondrial","CX7A1","P24310"
"X6375.75",145,0.906632049492848,0.429384240532601,TRUE,513,"XXYLT1","Xyloside xylosyltransferase 1","XXLT1","Q8NBI6"
"X13482.14",145,0.906384034108021,0.366091879639942,TRUE,514,"CNOT1","CCR4-NOT transcription complex subunit 1","CNOT1","A5YKK6"
"X24902.84",144,0.90611623130504,0.401755890392703,TRUE,515,"GPHN","Gephyrin","GEPH","Q9NQX3"
"X7156.2",144,0.90611221196397,0.346074880568724,TRUE,516,"FUT10","Alpha-(1,3)-fucosyltransferase 10","FUT10","Q6P4F1"
"X13516.46",146,0.90590376732007,0.5168542166514,TRUE,517,"EMC4","ER membrane protein complex subunit 4","TMM85","Q5J8M3"
"X22113.2",143,0.905765888154452,0.487490287995263,TRUE,518,"COQ6","Ubiquinone biosynthesis monooxygenase COQ6, mitochondrial","COQ6","Q9Y2Z9"
"X19121.3",146,0.905653101126455,0.450484637851013,TRUE,519,"UBQLN2","Ubiquilin-2","UBQL2","Q9UHD9"
"X6502.50",146,0.905591398678796,0.402722768703088,TRUE,520,"CRIM1","Cysteine-rich motor neuron 1 protein:Extracellular domain","CRIM1:ECD","Q9NZV1"
"X4549.78",146,0.905494988604329,0.435719239004949,TRUE,521,"FUT5","Alpha-(1,3)-fucosyltransferase 5","FUT5","Q11128"
"X17856.23",145,0.905372288808011,0.570182437930562,TRUE,522,"NT5M","5'(3')-deoxyribonucleotidase, mitochondrial","NT5M","Q9NPB1"
"X7947.19",145,0.905313237525909,0.332496110279036,TRUE,523,"TEPSIN","AP-4 complex accessory subunit tepsin","AP4AT","Q96N21"
"X16773.29",145,0.904832953764815,0.508460417907928,TRUE,524,"SCUBE3","Signal peptide, CUB and EGF-like domain-containing protein 3","SCUB3","Q8IX30"
"X10832.24",138,0.904828666482474,0.466876236023312,TRUE,525,"B4GALT6","Beta-1,4-galactosyltransferase 6","B4GT6","Q9UBX8"
"X6920.1",145,0.90476659134392,0.285200374959372,TRUE,526,"GFRAL","GDNF family receptor alpha-like","GFRAL","Q6UXV0"
"X22430.15",144,0.904609170108221,0.513013760338162,TRUE,527,"CHN1","N-chimaerin","CHIN","P15882"
"X6909.40",145,0.904159769148855,0.488753630430342,TRUE,528,"MGAT2","Alpha-1,6-mannosyl-glycoprotein 2-beta-N-acetylglucosaminyltransferase","MGAT2","Q10469"
"X12458.79",146,0.903678622801368,0.37076169366575,TRUE,529,"CHP1","Calcineurin B homologous protein 1","CHP1","Q99653"
"X7952.2",145,0.903616497353519,0.355156772297784,TRUE,530,"VTI1A","Vesicle transport through interaction with t-SNAREs homolog 1A","VTI1A","Q96AJ9"
"X14042.11",146,0.903501228264349,0.433864437863127,TRUE,531,"SFRP1","Secreted frizzled-related protein 1","SARP-2","Q8N474"
"X20091.138",146,0.903454951428604,0.354453301301879,TRUE,532,"EFNA1","Ephrin-A1","Ephrin-A1","P20827"
"X9412.52",146,0.903377823369031,0.319235748504849,TRUE,533,"ACVR2B","Activin receptor type-2B","Activin RIIB","Q13705"
"X11307.33",146,0.903235136458819,0.370256912598384,TRUE,534,"WWP1","NEDD4-like E3 ubiquitin-protein ligase WWP1","WWP1","Q9H0M0"
"X21905.10",145,0.903226758891647,0.252636550011872,TRUE,535,"ITGA2|ITGB1","Integrin alpha-2/b1","Integrin alpha-2/ b1","P17301|P05556"
"X10562.42",141,0.902983908429825,0.375967427728768,TRUE,536,"NETO2","Neuropilin and tolloid-like protein 2","NETO2","Q8NC67"
"X19392.6",146,0.902309599743935,0.275037533396952,TRUE,537,"DDAH1","N(G),N(G)-dimethylarginine dimethylaminohydrolase 1","DDAH1","O94760"
"X18409.61",144,0.901944155275184,0.353966736961882,TRUE,538,"ARF5","ADP-ribosylation factor 5","ARF5","P84085"
"X12022.12",146,0.901885395416279,0.476793867258143,TRUE,539,"SMAD4","Mothers against decapentaplegic homolog 4","SMAD4","Q13485"
"X17686.27",145,0.901722919574122,0.480150830786237,TRUE,540,"TBCB","Tubulin-folding cofactor B","TBCB","Q99426"
"X7190.50",146,0.901461191088624,0.333202081535836,TRUE,541,"EPHA4","Ephrin type-A receptor 4","EPHA4","P54764"
"X9040.144",145,0.901211725153336,0.330900673983577,TRUE,542,"EPDR1","Mammalian ependymin-related protein 1","EPDR1","Q9UM22"
"X6553.68",142,0.901158550386882,0.369954139377004,TRUE,543,"CFAP45","Cilia- and flagella-associated protein 45","CCD19","Q9UL16"
"X25095.1",143,0.901079214199085,0.406526023754362,TRUE,544,"SNCAIP","Synphilin-1","SNCAP","Q9Y6H5"
"X3178.5",143,0.90069731457958,0.395857615003942,TRUE,545,"CTSC","Dipeptidyl peptidase 1","CATC","P53634"
"X6531.29",144,0.900448960397432,0.407322705452069,TRUE,546,"FAM162A","Protein FAM162A","F162A","Q96A26"
"X4568.17",145,0.900179712735196,0.453180316684324,TRUE,547,"SLITRK5","SLIT and NTRK-like protein 5","SLIK5","O94991"
"X19272.9",146,0.89977208658396,0.609334458046632,TRUE,548,"PEF1","Peflin","PEF1","Q9UBV8"
"X3198.4",146,0.899698814927365,0.432461035131657,TRUE,549,"IDS","Iduronate 2-sulfatase","IDS","P22304"
"X5509.7",146,0.899637112479706,0.450681835483679,TRUE,550,"EGF","Epidermal growth factor:Extracellular domain","EGF:ECD","P01133"
"X7186.111",146,0.899610117658855,0.619553166860538,TRUE,551,"STX3","Syntaxin-3","STX3","Q13277"
"X4785.30",142,0.899381113158,0.415580585091384,TRUE,552,"SERPINA6","Corticosteroid-binding globulin","CBG","P08185"
"X24687.18",144,0.899304662379421,0.487637052780651,TRUE,553,"TTPAL","Alpha-tocopherol transfer protein-like","TTPAL","Q9BTX7"
"X13378.80",144,0.899267476562265,0.48269597247548,TRUE,554,"C5orf63","Glutaredoxin-like protein C5orf63","YD286","A6NC05"
"X7779.86",146,0.898688437346949,0.512283129964089,TRUE,555,"CHST11","Carbohydrate sulfotransferase 11","CHSTB","Q9NPF2"
"X3171.57",144,0.898515657343135,0.388298779760344,TRUE,556,"APP","Amyloid beta A4 protein","amyloid precursor protein","P05067"
"X20941.7",146,0.898271945825251,0.562561511100448,TRUE,557,"UBL3","Ubiquitin-like protein 3","UBL3","O95164"
"X20972.37",146,0.898032848840572,0.531448601278506,TRUE,558,"NUDT21","Cleavage and polyadenylation specificity factor subunit 5","CPSF5","O43809"
"X14123.34",146,0.897327127095473,0.596041137559152,TRUE,559,"VSIR","V-type immunoglobulin domain-containing suppressor of T-cell activation:Extracellular domain","GI24:ECD","Q9H7M9"
"X8378.3",146,0.897199865797176,0.271237883582888,TRUE,560,"LDOC1","Protein LDOC1","LDOC1","O95751"
"X25091.83",146,0.896625261753352,0.340912890645354,TRUE,561,"SRGAP2","SLIT-ROBO Rho GTPase-activating protein 2","FNBP2","O75044"
"X12333.87",135,0.89597713204197,0.427516682285576,TRUE,562,"RPIA","Ribose-5-phosphate isomerase","RPIA","P49247"
"X19291.2",146,0.895923396411231,0.450822579650705,TRUE,563,"CASQ2","Calsequestrin-2","CASQ2","O14958"
"X9077.10",146,0.895915683605274,0.416453753975664,TRUE,564,"MAN1A2","Mannosyl-oligosaccharide 1,2-alpha-mannosidase IB","MA1A2","O60476"
"X7738.299",145,0.89590833666317,0.597770908260503,TRUE,565,"STX2","Syntaxin-2","STX2","P32856"
"X3422.4",144,0.895858663606602,0.610648694797089,TRUE,566,"CDK1|CCNB1","Cyclin-dependent kinase 1:G2/mitotic-specific cyclin-B1 complex","CDK1/cyclin B","P06493|P14635"
"X7975.97",146,0.895352648770386,0.380773257026238,TRUE,567,"UNC5A","Netrin receptor UNC5A","UNC5A","Q6ZN44"
"X3166.92",144,0.894793958942514,0.422473539185475,TRUE,568,"CD33","Myeloid cell surface antigen CD33","Siglec-3","P20138"
"X21509.29",143,0.894639419821136,0.500837659939245,TRUE,569,"GLT8D2","Glycosyltransferase 8 domain-containing protein 2","GL8D2","Q9H1C3"
"X22078.4",145,0.894507060551066,0.173732225524998,TRUE,570,"TAT","Tyrosine aminotransferase","ATTY","P17735"
"X8320.5",146,0.894461819682309,0.238605404093972,TRUE,571,"SLTM","SAFB-like transcription modulator","SLTM","Q9NWH9"
"X7140.1",135,0.894428495818262,0.397641612904611,TRUE,572,"CELA2A","Chymotrypsin-like elastase family member 2A","ELA2A","P08217"
"X9907.216",146,0.894407830040608,0.477556060552349,TRUE,573,"TNKS","Tankyrase-1","Tankyrase-1","O95271"
"X23320.11",145,0.89423521700362,0.390345663695385,TRUE,574,"MVB12B","Multivesicular body subunit 12B","MB12B","Q9H7P6"
"X7747.47",145,0.893562241897196,0.435343404514223,TRUE,575,"NDUFB11","NADH dehydrogenase [ubiquinone] 1 beta subcomplex subunit 11, mitochondrial","NDUBB","Q9NX14"
"X7179.69",146,0.893459154907851,0.358890023672107,TRUE,576,"NFASC","Neurofascin","NFASC","O94856"
"X10001.7",146,0.892915402087856,0.200629529260158,TRUE,577,"RAF1","RAF proto-oncogene serine/threonine-protein kinase","c-Raf","P04049"
"X21330.13",145,0.892814049481038,0.452969163293537,TRUE,578,"YARS2","Tyrosyl-tRNA synthetase, mitochondrial","SYYM","Q9Y2Z4"
"X5483.1",146,0.892741863953816,0.383932932233022,TRUE,579,"RGMA","Repulsive guidance molecule A","RGMA","Q96B86"
"X14067.6",140,0.892649387230246,0.267818198849515,TRUE,580,"PKP2","Plakophilin-2","PKP2","Q99959"
"X2515.14",146,0.892221249551693,0.382147689422944,TRUE,581,"GFRA2","GDNF family receptor alpha-2","GFRa-2","O00451"
"X7194.36",146,0.891947444940207,0.399893034982099,TRUE,582,"NPTN","Neuroplastin","NPTN","Q9Y639"
"X9017.58",140,0.891482056553021,0.425157676256823,TRUE,583,"LCT","Lactase-phlorizin hydrolase","LPH","P09848"
"X7108.7",146,0.890991057001492,0.350277937262475,TRUE,584,"SMIM24","Small integral membrane protein 24","CS077","O75264"
"X7090.17",146,0.890844513688302,0.388688751880419,TRUE,585,"GALNT1","Polypeptide N-acetylgalactosaminyltransferase 1","GALT1","Q10472"
"X5008.51",146,0.89082137527043,0.343624003132859,TRUE,586,"SOD2","Superoxide dismutase [Mn], mitochondrial","Mn SOD","P04179"
"X8061.102",145,0.890708102213632,0.498708369771088,TRUE,587,"FAM171B","Protein FAM171B:Cytoplasmic domain","F171B:CD","Q6P995"
"X8261.51",145,0.89024750311987,0.40144166102206,TRUE,588,"STOM","Erythrocyte band 7 integral membrane protein","STOM","P27105"
"X8409.3",146,0.890181212375968,0.395589794201445,TRUE,589,"RSPO2","R-spondin-2","RSPO2","Q6UXX9"
"X22992.6",145,0.890125247769338,0.349908975445664,TRUE,590,"MAPRE3","Microtubule-associated protein RP/EB family member 3","MARE3","Q9UPY8"
"X12879.5",142,0.889518324541494,0.231155170451642,TRUE,591,"RBL1","Retinoblastoma-like protein 1","p107","P28749"
"X23262.11",142,0.88949690345702,0.417957336256678,TRUE,592,"CRYBB3","Beta-crystallin B3","CRBB3","P26998"
"X5356.2",145,0.889373328110576,0.40540735662159,TRUE,593,"MIF","Macrophage migration inhibitory factor","MIF","P14174"
"X12020.39",129,0.888590397651828,0.308240847411766,TRUE,594,"BPGM","Bisphosphoglycerate mutase","PMGE","P07738"
"X8300.82",143,0.8883719784854,0.422543068804079,TRUE,595,"PEX14","Peroxisomal membrane protein PEX14:N-term","PEX14:N-term","O75381"
"X24912.40",144,0.888137718702396,0.440159761464744,TRUE,596,"WDR26","WD repeat-containing protein 26","WDR26","Q9H7D7"
"X11324.3",145,0.888074860836634,0.458309019036784,TRUE,597,"PXDNL","Peroxidasin-like protein","PXDNL","A1KZ92"
"X4553.65",141,0.88805449353296,0.317768156600343,TRUE,598,"HDGFL2","Hepatoma-derived growth factor-related protein 2","HDGR2","Q7Z4V5"
"X5312.49",145,0.887834278808111,0.418732763438159,TRUE,599,"APOE","Apolipoprotein E (isoform E2)","Apo E2","P02649"
"X9242.11",144,0.88775588130082,0.42230980915357,TRUE,600,"BTC","Betacellulin","BTC","P35070"
"X21436.56",146,0.887296622947911,0.266584037105873,TRUE,601,"ATG4A","Cysteine protease ATG4A","ATG4A","Q8WYN0"
"X3033.57",143,0.887161681021303,0.348823093301609,TRUE,602,"LGALS2","Galectin-2","Galectin-2","P05162"
"X7878.2",145,0.887137475050882,0.311063826234481,TRUE,603,"SEC61B","Protein transport protein Sec61 subunit beta","SC61B","P60468"
"X19231.22",145,0.887082360629407,0.507947414264194,TRUE,604,"PTP4A3","Protein tyrosine phosphatase type IVA 3","PRL-3","O75365"
"X15613.16",140,0.886909721538808,0.331594695481035,TRUE,605,"PNLIP","Pancreatic triacylglycerol lipase","LIPP","P16233"
"X23658.1",145,0.886865616997321,0.249178758582301,TRUE,606,"NARS2","Probable asparagine--tRNA ligase, mitochondrial","SYNM","Q96I59"
"X21140.19",142,0.88673044881535,0.563739243099654,TRUE,607,"CAMLG","Calcium signal-modulating cyclophilin ligand","CAMLG","P49069"
"X9474.22",144,0.886682717235336,0.376087793319391,TRUE,608,"ASGR2","Asialoglycoprotein receptor 2","ASGR2","P07307"
"X15560.52",146,0.88662560882962,0.440353991058115,TRUE,609,"TCN2","Transcobalamin-2","Apo-TC II","P20062"
"X23309.11",140,0.886118801747779,0.292340568655443,TRUE,610,"PSMC3IP","Homologous-pairing protein 2 homolog","HOP2","Q9P2W1"
"X5223.59",144,0.886115761274777,0.313794018148258,TRUE,611,"GCKR","Glucokinase regulatory protein","GCKR","Q14397"
"X15620.4",146,0.885406985488356,0.4018597375113,TRUE,612,"NLGN1","Neuroligin-1","NLGN1","Q8N2Q7"
"X15506.34",146,0.884940360727935,0.34829371295653,TRUE,613,"LRP12","Low-density lipoprotein receptor-related protein 12","LRP12","Q9Y561"
"X6369.82",146,0.884840094250489,0.387892685435833,TRUE,614,"DEAF1","Deformed epidermal autoregulatory factor 1 homolog","DEAF1","O75398"
"X17791.25",146,0.8845122999973,0.354478359434631,TRUE,615,"HPCAL1","Hippocalcin-like protein 1","HPCL1","P37235"
"X7917.17",146,0.884331049057302,0.368395239892326,TRUE,616,"CPD","Carboxypeptidase D","CBPD","O75976"
"X19252.67",141,0.884299466751724,0.369509372415988,TRUE,617,"PSMB2","Proteasome subunit beta type-2","PSB2","P49721"
"X2558.51",144,0.884021680369298,0.233298093407482,TRUE,618,"POMC","Beta-endorphin","b-Endorphin","P01189"
"X12651.21",145,0.883995724687176,0.458129182178492,TRUE,619,"PDK2","[Pyruvate dehydrogenase (acetyl-transferring)] kinase isozyme 2, mitochondrial","PDK2","Q15119"
"X5628.21",146,0.883976259983263,0.492201041530194,TRUE,620,"SEMA3G","Semaphorin-3G","SEM3G","Q9NS98"
"X15591.28",142,0.883742326788181,0.368519829712654,TRUE,621,"GPX1","Glutathione peroxidase 1","Glutathione peroxidase","P07203"
"X22561.3",143,0.883623334434647,0.237876705790846,TRUE,622,"LYPD8","Uncharacterized protein UNQ511/PRO1026","YA003","Q6UX82"
"X22071.38",145,0.883381820901751,0.39772406126193,TRUE,623,"ASB8","Ankyrin repeat and SOCS box protein 8","ASB8","Q9H765"
"X21747.114",145,0.883007599900007,0.355770860580536,TRUE,624,"UBE2N|UBE2V1","UBE2N (Ubc13)/Uev1a Complex","UBE2N/UB2V1 Complex","P61088|Q13404"
"X8253.2",145,0.882515505882492,0.434563074571275,TRUE,625,"POMGNT1","Protein O-linked-mannose beta-1,2-N-acetylglucosaminyltransferase 1","PMGT1","Q8WZA1"
"X13948.50",146,0.882144468568387,0.339628207166638,TRUE,626,"GABBR2","Gamma-aminobutyric acid type B receptor subunit 2:Extracellular domain","GABR2:ECD","O75899"
"X20524.38",145,0.881842321266532,0.400452091846644,TRUE,627,"NRG3","Pro-neuregulin-3, membrane-bound isoform","NRG3","P56975"
"X12363.70",145,0.881563044993052,0.434420035764702,TRUE,628,"TRIB2","Tribbles homolog 2","TRIB2","Q92519"
"X14036.116",145,0.880913247761465,0.379682805391885,TRUE,629,"MPDZ","Multiple PDZ domain protein","MPDZ","O75970"
"X7805.52",144,0.880910943459929,0.364534450708117,TRUE,630,"GOSR1","Golgi SNAP receptor complex member 1","GOS-28","O95249"
"X10006.25",145,0.88076365118014,0.369471269098697,TRUE,631,"ELK1","ETS domain-containing protein Elk-1","ELK1","P19419"
"X21925.15",144,0.880561500818939,0.406244531792635,TRUE,632,"TGFB1","Transforming growth factor beta-1","TGF-b1","P01137"
"X15452.5",146,0.880177703049258,0.495490231559226,TRUE,633,"NT5E","5'-Nucleotidase","5'-Nucleotidase","P21589"
"X21734.36",146,0.879838339587134,0.452264161963497,TRUE,634,"C1GALT1|C1GALT1C1","C1GLT/C1GLC Complex","C1GLT/C1GLC Complex","Q9NS00|Q96EU7"
"X23020.18",145,0.879713248667417,0.461504936378819,TRUE,635,"RGS4","Regulator of G-protein signaling 4","RGS4","P49798"
"X19287.59",145,0.879618056307366,0.404428741922697,TRUE,636,"DENR","Density-regulated protein","DENR","O43583"
"X7234.12",143,0.879400532322045,0.308162950759941,TRUE,637,"COLGALT2","Procollagen galactosyltransferase 2","GT252","Q8IYK4"
"X9561.21",146,0.878935941290121,0.231792533503569,TRUE,638,"VCAN","Versican core protein","CSPG2","P13611"
"X3805.16",144,0.878917106952871,0.456809504357014,TRUE,639,"ESM1","Endothelial cell-specific molecule 1","Endocan","Q9NQ30"
"X7117.21",146,0.878874238842462,0.441716518714774,TRUE,640,"SERPINI2","Serpin I2","SPI2","O75830"
"X3289.19",145,0.878708666562999,0.430897831678042,TRUE,641,"CA10","Carbonic anhydrase-related protein 10","Carbonic Anhydrase X","Q9NS85"
"X4163.5",145,0.87847270064602,0.305409869668862,TRUE,642,"H2AZ1","Histone H2A.z","Histone H2A.z","P0C0S5"
"X21350.29",145,0.878307357381593,0.343451691376611,TRUE,643,"LIN28B","Protein lin-28 homolog B","LN28B","Q6ZN17"
"X8231.122",146,0.878272639977787,0.433665700373343,TRUE,644,"FLT1","Vascular endothelial growth factor receptor 1","VEGF sR1","P17948"
"X12401.3",146,0.878060537813959,0.479061208815863,TRUE,645,"STAMBPL1","AMSH-like protease","STALP","Q96FJ0"
"X7085.81",144,0.877820070177695,0.45857942241396,TRUE,646,"CDSN","Corneodesmosin","CDSN","Q15517"
"X15607.56",136,0.877584516399915,0.373387235177624,TRUE,647,"PKLR","Pyruvate kinase PKLR","KPYR","P30613"
"X24267.24",146,0.877536067008858,0.330643475330997,TRUE,648,"PWWP2B","PWWP domain-containing protein 2B","PWP2B","Q6NUJ5"
"X8900.28",146,0.877393380098647,0.384646584482825,TRUE,649,"NEO1","Neogenin","NEO1","Q92859"
"X2682.68",146,0.877350959665881,0.413367234488054,TRUE,650,"HSPD1","60 kDa heat shock protein, mitochondrial","HSP 60","P10809"
"X11381.56",143,0.877098296737123,0.510873135844055,TRUE,651,"PRPS1","Ribose-phosphate pyrophosphokinase 1","PRPS1","P60891"
"X8888.33",145,0.87704735715987,0.267471747270676,TRUE,652,"SMIM9","Small integral membrane protein 9","CX068","A6NGZ8"
"X10505.12",145,0.876815088783603,0.317904009288403,TRUE,653,"RNF43","E3 ubiquitin-protein ligase RNF43","RNF43","Q68DV7"
"X12814.17",144,0.87659819049265,0.611728137506246,TRUE,654,"RNPC3","RNA-binding protein 40","RBM40","Q96LT9"
"X21206.218",146,0.876487125398656,0.324838605980806,TRUE,655,"HAX1","HCLS1-associated protein X-1","HAX1","O00165"
"X12486.8",144,0.876389184757051,0.3943546595709,TRUE,656,"GLRX2","Glutaredoxin-2, mitochondrial","GLRX2","Q9NS18"
"X4886.3",146,0.874551211103355,0.540110898588342,TRUE,657,"CCL7","C-C motif chemokine 7","MCP-3","P80098"
"X18887.7",145,0.874430158492705,0.585206478216686,TRUE,658,"ENTPD2","Ectonucleoside triphosphate diphosphohydrolase 2","ENTP2","Q9Y5L3"
"X10716.35",146,0.873926473820808,0.505083446733977,TRUE,659,"PSMD5","26S proteasome non-ATPase regulatory subunit 5","PSMD5","Q16401"
"X5626.20",145,0.873728675105751,0.23271557428904,TRUE,660,"CTRC","Chymotrypsin-C","CTRC","Q99895"
"X2768.56",141,0.873668481983834,0.497664512762746,TRUE,661,"HPX","Hemopexin","Hemopexin","P02790"
"X10362.35",146,0.8736565256123,0.411361598864434,TRUE,662,"MYC","Myc proto-oncogene protein","c-Myc","P01106"
"X24456.3",146,0.873344156971027,0.329243007347306,TRUE,663,"VSX1","Visual system homeobox 1","VSX1","Q9NZR4"
"X11121.56",146,0.873267028911453,0.405713190646753,TRUE,664,"VWC2","Brorin","VWC2","Q2TAL6"
"X21653.205",135,0.872761596284896,0.396009300849562,TRUE,665,"URM1","Ubiquitin-related modifier 1","URM1","Q9BTM9"
"X21711.86",146,0.87248417910678,0.399227935937328,TRUE,666,"ADGRB1","Brain-specific angiogenesis inhibitor 1","BAI1","O14514"
"X15325.14",146,0.872326066584654,0.407348069778365,TRUE,667,"GAP43","Neuromodulin","NEUM","P17677"
"X21721.6",146,0.872048405570188,0.423645147780763,TRUE,668,"CHST10","Carbohydrate sulfotransferase 10","CHSTA","O43529"
"X19630.2",146,0.87204454916721,0.446828554798968,TRUE,669,"SNCG","Gamma-synuclein","g-Synuclein","O76070"
"X2833.20",144,0.872040257720149,0.379350600335877,TRUE,670,"KLK4","Kallikrein-4","Kallikrein 4","Q9Y5K2"
"X11549.6",144,0.871995787722094,0.354110468486747,TRUE,671,"ISL1","Insulin gene enhancer protein ISL-1","ISL1","P61371"
"X10571.14",145,0.871610702454368,0.39669933442228,TRUE,672,"MGAT1","Alpha-1,3-mannosyl-glycoprotein 2-beta-N-acetylglucosaminyltransferase","MGAT1","P26572"
"X9956.7",146,0.871593350018704,0.446919915494503,TRUE,673,"ADAM15","Disintegrin and metalloproteinase domain-containing protein 15:Cytoplasmic domain","ADA15:CD","Q13444"
"X5733.61",138,0.871468758848082,0.285985089910603,TRUE,674,"IFNA10","Interferon alpha-10","IFN10","P01566"
"X3343.1",143,0.871372343001613,0.306890503012433,TRUE,675,"ACY1","Aminoacylase-1","Aminoacylase-1","Q03154"
"X9514.46",146,0.871161432885091,0.42800383656237,TRUE,676,"EFCAB14","EF-hand calcium-binding domain-containing protein 14:C-term","K0494:C-term","O75071"
"X17773.26",144,0.870814358694036,0.520028288209128,TRUE,677,"NAPG","Gamma-soluble NSF attachment protein","SNAG","Q99747"
"X14623.26",146,0.870798931005094,0.344908713541865,TRUE,678,"SUMO3","Small ubiquitin-related modifier 3","SUMO3","P55854"
"X19372.7",145,0.870705249462141,0.405423077446269,TRUE,679,"MDGA2","MAM domain-containing glycosylphosphatidylinositol anchor protein 2","MDGA2","Q7Z553"
"X9761.89",142,0.870375105313678,0.439011023860906,TRUE,680,"LDHA","L-lactate dehydrogenase A chain","LDHA","P00338"
"X23164.8",145,0.869941519546959,0.391303464327539,TRUE,681,"MPC1","Mitochondrial pyruvate carrier 1","MPC1","Q9Y5U8"
"X21515.61",146,0.869337354276172,0.427379243809911,TRUE,682,"AACS","Acetoacetyl-CoA synthetase","AACS","Q86V21"
"X8240.207",146,0.869302646649364,0.479089838677297,TRUE,683,"GPNMB","Transmembrane glycoprotein NMB:Extracellular domain","GPNMB:ECD","Q14956"
"X3390.72",143,0.869301566780558,0.476724192476407,TRUE,684,"PIK3CA|PIK3R1","PIK3CA/PIK3R1","PIK3CA/PIK3R1","P42336|P27986"
"X10499.1",146,0.867694526607252,0.316368471221471,TRUE,685,"TMEM106A","Transmembrane protein 106A","T106A","Q96A25"
"X22568.7",143,0.867690817528494,0.468123284736872,TRUE,686,"DSG4","Desmoglein-4","DSG4","Q86SJ6"
"X8052.115",146,0.867640536965551,0.427472021402604,TRUE,687,"NLGN1","Neuroligin-1","NLGN1","Q8N2Q7"
"X14603.51",145,0.867363730129361,0.408843576934419,TRUE,688,"KIAA0040","Uncharacterized protein KIAA0040","KIAA0040","Q15053"
"X5957.30",146,0.867339737533213,0.47275432119011,TRUE,689,"SST","Somatostatin-28","Somatostatin-28","P61278"
"X13491.40",145,0.866615226539956,0.590596825883683,TRUE,690,"PDE6D","Retinal rod rhodopsin-sensitive cGMP 3',5'-cyclic phosphodiesterase subunit delta","PDE6D","O43924"
"X11208.15",146,0.866495185280881,0.435372057096184,TRUE,691,"NAGPA","N-acetylglucosamine-1-phosphodiester alpha-N-acetylglucosaminidase","NAGPA","Q9UK23"
"X3212.30",146,0.866155821818757,0.260480610850246,TRUE,692,"ASAH2","Neutral ceramidase","ASAH2","Q9NR71"
"X22968.9",145,0.865992957150421,0.427286395298819,TRUE,693,"GAGE2D","G antigen 2D","GGE2D","Q9UEU5"
"X11184.51",140,0.865928947109444,0.420096050105334,TRUE,694,"CHGA","Chromogranin-A","CgA","P10645"
"X8102.239",145,0.865764625526295,0.512146671521573,TRUE,695,"RHEX","Uncharacterized protein C1orf186","CA186","Q6ZWK4"
"X18875.125",143,0.865322656772652,0.535944891985554,TRUE,696,"COL2A1","Chondrocalcin","Chondrocalcin","P02458"
"X9051.13",146,0.86470967070175,0.462453289962659,TRUE,697,"IL32","Interleukin-32","IL32","P24001"
"X6409.57",140,0.86470864815807,0.322397525882292,TRUE,698,"ADGRF5","Adhesion G protein-coupled receptor F5","GP116","Q8IZF2"
"X9305.89",146,0.86453227616473,0.476452414721066,TRUE,699,"IFNGR2","Interferon gamma receptor 2:Extracellular domain","INGR2:ECD","P38484"
"X9506.10",145,0.86448938456875,0.380871156709099,TRUE,700,"APOL1","Apolipoprotein L1","Apo L1","O14791"
"X5653.23",145,0.864441876807215,0.416364412423339,TRUE,701,"PRSS37","Probable inactive serine protease 37","PRS37","A4D1T9"
"X7736.28",144,0.86431270096463,0.390076734372355,TRUE,702,"OPALIN","Opalin","OPALI","Q96PE5"
"X6993.8",144,0.86410260532641,0.461328963041289,TRUE,703,"NT5E","5'-Nucleotidase","5'-Nucleotidase","P21589"
"X12687.2",142,0.863995221578346,0.392476115925959,TRUE,704,"DECR1","2,4-dienoyl-CoA reductase, mitochondrial","DECR","Q16698"
"X7849.3",146,0.863452483330698,0.393882034843107,TRUE,705,"QPCT","Glutaminyl-peptide cyclotransferase","Glutaminyl cyclase","Q16769"
"X20447.11",146,0.863421632106869,0.291098080249114,TRUE,706,"TGIF2LY","Homeobox protein TGIF2LY","TF2LY","Q8IUE0"
"X4991.12",146,0.862827746048151,0.47107041495602,TRUE,707,"GPC5","Glypican-5","GPC5","P78333"
"X11659.31",146,0.862816176839215,0.504760543876484,TRUE,708,"CLINT1","Clathrin interactor 1","EPN4","Q14677"
"X7895.108",145,0.86258766654922,0.479257046889369,TRUE,709,"MRAP","Melanocortin-2 receptor accessory protein","MRAP","Q8TCY5"
"X7184.13",143,0.862576903660594,0.394677036231885,TRUE,710,"CEACAM7","Carcinoembryonic antigen-related cell adhesion molecule 7","CEAM7","Q14002"
"X8980.19",145,0.862343587916533,0.467080146329458,TRUE,711,"CD200R1L","Cell surface glycoprotein CD200 receptor 2","MO2R2","Q6Q8B3"
"X7227.75",146,0.86206803466135,0.455413190196479,TRUE,712,"COCH","Cochlin","COCH","O43405"
"X5798.3",145,0.861792442616917,0.213720477186915,TRUE,713,"BID","BH3-interacting domain death agonist","BID","P55957"
"X5480.49",138,0.861695909103364,0.469177788705109,TRUE,714,"CCL5","C-C motif chemokine 5","RANTES","P13501"
"X23546.9",145,0.861647055118358,0.449670417361245,TRUE,715,"HAGHL","Hydroxyacylglutathione hydrolase-like protein","HAGHL","Q6PII5"
"X2728.62",146,0.86115792355838,0.651963854400815,TRUE,716,"TNC","Tenascin","Tenascin","P24821"
"X8255.34",144,0.861120545340909,0.583390248443982,TRUE,717,"IRAG1","Protein MRVI1","MRVI1","Q9Y6F6"
"X21813.171",144,0.860002049868065,0.531202471086236,TRUE,718,"MGAT5","Alpha-1,6-mannosylglycoprotein 6-beta-N-acetylglucosaminyltransferase A","MGT5A","Q09328"
"X7146.5",142,0.859812006832305,0.488483554023276,TRUE,719,"PDIA4","Protein disulfide-isomerase A4","PDIA4","P13667"
"X11134.30",144,0.859561614874628,0.327683997423665,TRUE,720,"MTRF1L","Peptide chain release factor 1-like, mitochondrial","RF1ML","Q9UGC7"
"X17441.4",144,0.859238939298024,0.520294803679724,TRUE,721,"ALPI","Intestinal-type alkaline phosphatase","Alkaline phosphatase, intestine","P09923"
"X18308.30",146,0.858736102487765,0.454113504507521,TRUE,722,"STXBP6","Syntaxin-binding protein 6","STXB6","Q8NFX7"
"X2859.69",145,0.858572179366301,0.549290824470996,TRUE,723,"HDAC8","Histone deacetylase 8","HDAC8","Q9BY41"
"X20195.13",145,0.858493722861068,0.481229472043146,TRUE,724,"IFIH1","Interferon-induced helicase C domain-containing protein 1","IFIH1","Q9BYX4"
"X3624.3",145,0.858458849372879,0.497254883480701,TRUE,725,"PRSS27","Serine protease 27","Marapsin","Q9BQR3"
"X21339.19",145,0.858411051228855,0.5311642917998,TRUE,726,"GPT2","Alanine aminotransferase 2","ALAT2","Q8TD30"
"X21152.25",146,0.858308041757131,0.53318587106896,TRUE,727,"EYA2","Eyes absent homolog 2","EYA2","O00167"
"X2997.8",146,0.8579879603099,0.467458661543263,TRUE,728,"JAM2","Junctional adhesion molecule B","JAM-B","P57087"
"X13651.54",143,0.857746475982918,0.536504332541983,TRUE,729,"ZFP91","E3 ubiquitin-protein ligase ZFP91","ZFP91","Q96JP5"
"X20393.10",143,0.857459763062255,0.383559687728368,TRUE,730,"PDE6H","Retinal cone rhodopsin-sensitive cGMP 3',5'-cyclic phosphodiesterase subunit gamma","CNCG","Q13956"
"X12406.119",146,0.857274525758844,0.409351119482396,TRUE,731,"DIRAS3","GTP-binding protein Di-Ras3","ARHI","O95661"
"X4306.4",145,0.8571785691087,0.496105866041769,TRUE,732,"TKT","Transketolase","Transketolase","P29401"
"X10908.2",145,0.856938427228153,0.450792652984925,TRUE,733,"GALNT13","Polypeptide N-acetylgalactosaminyltransferase 13","GLT13","Q8IUC8"
"X19242.21",145,0.856688167640673,0.462991530419808,TRUE,734,"PFDN1","Prefoldin subunit 1","PFD1","O60925"
"X12714.38",139,0.85651306366596,0.450334596786759,TRUE,735,"AP1G2","AP-1 complex subunit gamma-like 2","AP1G2","O75843"
"X24419.3",145,0.856359724663555,0.338742275640153,TRUE,736,"MOCOS","Molybdenum cofactor sulfurase","MOCOS","Q96EN8"
"X24277.22",145,0.856029320872225,0.419509389797761,TRUE,737,"CPNE7","Copine-7","CPNE7","Q9UBL6"
"X22576.2",143,0.855645096747582,0.50783104551438,TRUE,738,"CD209","CD209 antigen","DC-SIGN","Q9NNX6"
"X23529.11",144,0.855568707759153,0.457389808759123,TRUE,739,"STARD7","StAR-related lipid transfer protein 7, mitochondrial","STAR7","Q9NQZ5"
"X21979.12",143,0.85544779580462,0.485129679576454,TRUE,740,"ITGA6","Integrin alpha-6","Integrin a6","P23229"
"X3177.49",146,0.854532623240998,0.327265595918551,TRUE,741,"CA4","Carbonic anhydrase 4","Carbonic Anhydrase IV","P22748"
"X21732.78",142,0.854322540081735,0.509691307813561,TRUE,742,"UBE2Q1","Ubiquitin-conjugating enzyme E2 Q1","UB2Q1","Q7Z7E8"
"X10339.48",145,0.854292929789994,0.43997663317385,TRUE,743,"ENO2","Gamma-enolase","NSE","P09104"
"X21173.25",145,0.854186924497179,0.454700029433046,TRUE,744,"ELAVL2","ELAV-like protein 2","ELAV2","Q12926"
"X4834.61",145,0.854072471670148,0.560941489775699,TRUE,745,"EPHA2","Ephrin type-A receptor 2","Epithelial cell kinase","P29317"
"X21730.56",146,0.853904029555472,0.393848025575489,TRUE,746,"USP19","Ubiquitin carboxyl-terminal hydrolase 19","UBP19","O94966"
"X6079.59",146,0.853815332286963,0.53894077240282,TRUE,747,"PXYLP1","2-phosphoxylose phosphatase 1","ACPL2","Q8TE99"
"X25232.4",146,0.85332556910867,0.572852384680896,TRUE,748,"EHD3","EH domain-containing protein 3","EHD3","Q9NZN3"
"X23031.6",146,0.853317856302712,0.55265898278698,TRUE,749,"SIRT2","NAD-dependent protein deacetylase sirtuin-2","SIRT2","Q8IXJ6"
"X15308.108",146,0.852373037572934,0.439723523680741,TRUE,750,"VWC2","Brorin","VWC2","Q2TAL6"
"X5688.65",146,0.851995110081023,0.439796361268917,TRUE,751,"CBLN4","Cerebellin-4","CBLN4","Q9NTU7"
"X8810.26",145,0.851407290471288,0.303336401780945,TRUE,752,"HEPACAM","Hepatocyte cell adhesion molecule","HEPACAM","Q14CZ8"
"X21385.5",144,0.85133633310758,0.507521556370296,TRUE,753,"SLITRK2","SLIT and NTRK-like protein 2","SLIK2","Q9H156"
"X10743.13",145,0.851194705855722,0.456630004147521,TRUE,754,"SLITRK1","SLIT and NTRK-like protein 1","SLIK1","Q96PX8"
"X8038.41",142,0.850590804491707,0.386012980750029,TRUE,755,"NSDHL","Sterol-4-alpha-carboxylate 3-dehydrogenase, decarboxylating","NSDHL","Q15738"
"X3593.72",141,0.850476412701199,0.460014995486362,TRUE,756,"CASP3","Caspase-3","Caspase-3","P42574"
"X14064.21",144,0.850436900618172,0.362517777510791,TRUE,757,"PGLYRP1","Peptidoglycan recognition protein 1","PGRP-S","O75594"
"X3366.51",146,0.850402415650826,0.598036426488629,TRUE,758,"ECM1","Extracellular matrix protein 1","ECM1","Q16610"
"X8631.13",143,0.850288735024564,0.456474678546621,TRUE,759,"ERMAP","Erythroid membrane-associated protein","ERMAP","Q96PL5"
"X19797.4",145,0.850277442607075,0.249032661446833,TRUE,760,"KAT2A","Histone acetyltransferase KAT2A","GCNL2","Q92830"
"X21189.9",145,0.850222622895318,0.454849500321921,TRUE,761,"NUBP1","Nucleotide-binding protein 1","NUBP1","P53384"
"X18882.7",145,0.850182960555712,0.476349652501339,TRUE,762,"CLSTN2","Calsyntenin-2","CSTN2","Q9H4D0"
"X8396.42",145,0.84973840333521,0.314047745039978,TRUE,763,"FAAH2","Fatty-acid amide hydrolase 2","FAAH2","Q6GMR7"
"X3825.18",143,0.849349476708393,0.438639560898977,TRUE,764,"MAPK8","Mitogen-activated protein kinase 8","MK08","P45983"
"X19152.4",146,0.849133659070838,0.479169631803875,TRUE,765,"PPP1R2","Protein phosphatase inhibitor 2","IPP2","P41236"
"X22395.7",144,0.848808162494247,0.487935748535284,TRUE,766,"ZFP36","Tristetraproline","Tristetraproline","P26651"
"X24685.12",146,0.848559055027014,0.587020271693085,TRUE,767,"SNX11","Sorting nexin-11","SNX11","Q9Y5W9"
"X2658.27",146,0.848053866236806,0.409677752285687,TRUE,768,"NTRK3","NT-3 growth factor receptor","TrkC","Q16288"
"X7019.13",146,0.847486974998939,0.483414636016216,TRUE,769,"SEMA7A","Semaphorin-7A","Semaphorin-7A","O75326"
"X13732.79",137,0.847116425824279,0.396518959519046,TRUE,770,"CTF1","Cardiotrophin-1","Cardiotrophin-1","Q16619"
"X8624.16",145,0.846828847732332,0.39721007361418,TRUE,771,"UNC5D","Netrin receptor UNC5D","UNC5H4","Q6UXZ4"
"X19802.22",146,0.846553725478097,0.561154337670468,TRUE,772,"EBAG9","Receptor-binding cancer antigen expressed on SiSo cells","RCAS1","O00559"
"X18271.43",144,0.845814367105779,0.440001854147734,TRUE,773,"OXSM","3-oxoacyl-[acyl-carrier-protein] synthase, mitochondrial","OXSM","Q9NWU1"
"X15394.79",145,0.845659936146006,0.478581257785025,TRUE,774,"UNC5B","Netrin receptor UNC5B","UNC5B","Q8IZJ1"
"X24963.1",145,0.845372249440489,0.280095175189474,TRUE,775,"ARMC3","Armadillo repeat-containing protein 3","ARMC3","Q5W041"
"X17850.42",143,0.845076318802868,0.376115540294055,TRUE,776,"KLF4","Krueppel-like factor 4","KLF4","O43474"
"X21687.3",145,0.844695128072389,0.477966865228294,TRUE,777,"ELFN2","Protein phosphatase 1 regulatory subunit 29","PPR29","Q5R3F8"
"X5084.154",142,0.844648107823762,0.397161665007538,TRUE,778,"IL17RB","Interleukin-17 receptor B","IL-17B R","Q9NRM6"
"X6103.70",144,0.844579807191821,0.47710449853218,TRUE,779,"FCRL5","Fc receptor-like protein 5","FCRL5","Q96RD9"
"X2942.50",144,0.844511790737026,0.407672754142091,TRUE,780,"CYCS","Cytochrome c","Cytochrome c","P99999"
"X9369.174",146,0.844124191601526,0.46640637884743,TRUE,781,"LRRC4C","Leucine-rich repeat-containing protein 4C","NGL1","Q9HCJ2"
"X4866.59",146,0.844089483974717,0.437806368228336,TRUE,782,"NTRK2","BDNF/NT-3 growth factors receptor","TrkB","Q16620"
"X5659.11",144,0.843771918013316,0.384186753459577,TRUE,783,"TRH","Pro-Thyrotropin-releasing hormone","TRH","P20396"
"X3315.15",145,0.840754439180132,0.462108622373489,TRUE,784,"GPC2","Glypican-2","GPC2","Q8N158"
"X12663.1",146,0.840375767906243,0.454809864988363,TRUE,785,"TST","Thiosulfate sulfurtransferase","THTR","Q16762"
"X2625.53",145,0.840199357128376,0.554170716058541,TRUE,786,"HSP90AA1","Hsp90alpha","HSP 90a","P07900"
"X24319.19",145,0.840089128068452,0.332117395494761,TRUE,787,"CRPPA","D-ribitol-5-phosphate cytidylyltransferase","ISPD","A4D126"
"X16621.77",145,0.838368767383221,0.515871716070897,TRUE,788,"NAXE","NAD(P)H-hydrate epimerase","AIBP","Q8NCW5"
"X12885.42",145,0.838297905844699,0.40436256120797,TRUE,789,"NR1D2","Nuclear receptor subfamily 1 group D member 2","NR1D2","Q14995"
"X16297.14",138,0.837108515166184,0.483312906967898,TRUE,790,"ROBO4","Roundabout homolog 4","ROBO4","Q8WZ75"
"X8869.5",146,0.836970564076064,0.549679817748763,TRUE,791,"BTN2A1","Butyrophilin subfamily 2 member A1","BT2A1","Q7KYR7"
"X6257.56",141,0.836724208795726,0.412050305888989,TRUE,792,"CGREF1","Cell growth regulator with EF hand domain protein 1","CGRE1","Q99674"
"X8589.13",128,0.836593022024718,0.402724208166502,TRUE,793,"CDCP1","CUB domain-containing protein 1","CDCP1","Q9H5V8"
"X20187.10",146,0.836457662479899,0.584118684409411,TRUE,794,"ITGAV|ITGB3","Integrin alpha V beta 3","Integrin aVb3","P06756|P05106"
"X5430.66",128,0.836333616621884,0.353066398689137,TRUE,795,"SIRPA","Tyrosine-protein phosphatase non-receptor type substrate 1","SHPS1","P78324"
"X8850.5",145,0.83629409900538,0.448835443374713,TRUE,796,"PLA2G2C","Putative inactive group IIC secretory phospholipase A2","PA2GC","Q5R387"
"X24475.45",146,0.83612986822671,0.527704256782347,TRUE,797,"SNX12","Sorting nexin-12","SNX12","Q9UMY4"
"X24286.48",143,0.836108836669068,0.3988455164409,TRUE,798,"MEIG1","Meiosis expressed gene 1 protein homolog","MEIG1","Q5JSS6"
"X5092.51",145,0.836062153320447,0.458392257439595,TRUE,799,"JAG1","Protein jagged-1:Extracellular domain","JAG1:ECD","P78504"
"X23387.18",145,0.83597522208203,0.528040816196096,TRUE,800,"TIPRL","TIP41-like protein","TIPRL","O75663"
"X20584.4",146,0.835937048077776,0.489604077684994,TRUE,801,"NECTIN1","Nectin-1, isoform gamma:Extracellular domain","nectin-1 gamma:ECD","Q15223"
"X13556.28",144,0.835825994686431,0.363493249845717,TRUE,802,"HTR2A","5-hydroxytryptamine receptor 2A","5HT2A","P28223"
"X19215.7",145,0.835782321227165,0.430416156547834,TRUE,803,"NDRG1","Protein NDRG1","NDRG1","Q92597"
"X18896.23",144,0.835761355163758,0.411360560024363,TRUE,804,"HS6ST3","Heparan-sulfate 6-O-sulfotransferase 3","H6ST3","Q8IZP7"
"X20117.5",145,0.835735403535984,0.519698973696696,TRUE,805,"EIF4EBP2","Eukaryotic translation initiation factor 4E-binding protein 2","4EBP2","Q13542"
"X3332.57",144,0.8357255111597,0.575875371683523,TRUE,806,"HJV","Hemojuvelin","RGM-C","Q6ZVN8"
"X5021.13",142,0.835040008718506,0.395041999472876,TRUE,807,"PPA1","Inorganic pyrophosphatase","PPase","Q15181"
"X8019.73",146,0.834479327751833,0.578948376606437,TRUE,808,"STMN3","Stathmin-3","STMN3","Q9NZ72"
"X10785.8",141,0.834355880753702,0.565050591007781,TRUE,809,"LRRC52","Leucine-rich repeat-containing protein 52","LRC52","Q8N7C0"
"X21204.70",145,0.83411509746299,0.289356199421606,TRUE,810,"DESI1","Desumoylating isopeptidase 1","DESI1","Q6ICB0"
"X21128.2",139,0.832864474986649,0.578349864494441,TRUE,811,"CDK2","CDK2","CDK2","P24941"
"X5792.8",146,0.832659105545893,0.36107161209473,TRUE,812,"AFP","alpha-Fetoprotein","AFP","P02771"
"X25054.15",141,0.832587651508989,0.436935686924826,TRUE,813,"PRPF19","Pre-mRNA-processing factor 19","PRP19","Q9UMS4"
"X23595.6",146,0.83252027503866,0.366981006787286,TRUE,814,"LACC1","Laccase domain-containing protein 1","LACC1","Q8IV20"
"X2998.53",146,0.832358306113556,0.506881250604009,TRUE,815,"JAM3","Junctional adhesion molecule C","JAM-C","Q9BX67"
"X13430.50",144,0.83204379474029,0.470396603237552,TRUE,816,"SLC14A1","Urea transporter 1","UT1","Q13336"
"X21475.137",146,0.832003517039516,0.392568827710405,TRUE,817,"TXNL1","Thioredoxin-like protein 1","TXNL1","O43396"
"X5759.10",146,0.830522658295701,0.438555887305528,TRUE,818,"EFNA3","Ephrin-A3","Ephrin-A3","P52797"
"X6527.1",145,0.83024724771816,0.507599151056385,TRUE,819,"TRIL","TLR4 interactor with leucine rich repeats:Extracellular domain","TRIL:ECD","Q7L0X0"
"X9445.44",146,0.83005603353528,0.44655265142915,TRUE,820,"C19orf18","Uncharacterized protein C19orf18","CS018","Q8NEA5"
"X10892.8",144,0.829901144107735,0.619830702342173,TRUE,821,"OSMR","Oncostatin-M-specific receptor subunit beta","OSMR","Q99650"
"X8786.6",144,0.829836834521386,0.525121693349048,TRUE,822,"FAM171B","Protein FAM171B:Extracellular domain","F171B:ECD","Q6P995"
"X21375.34",144,0.829812718426505,0.364685661217438,TRUE,823,"RAB3IL1","Guanine nucleotide exchange factor for Rab-3A","R3GEF","Q8TBN0"
"X3800.71",145,0.829743343444225,0.513405246414144,TRUE,824,"CKB","Creatine kinase B-type","CK-BB","P12277"
"X9504.19",146,0.82955855755103,0.49263805491482,TRUE,825,"RAB27A","Ras-related protein Rab-27A","RB27A","P51159"
"X16614.27",146,0.829199912074012,0.522716729831748,TRUE,826,"RSPO1","R-spondin-1","RSPO1","Q2MKA7"
"X3358.51",145,0.829085905836826,0.349482009926395,TRUE,827,"CDK5|CDK5R1","Cyclin-dependent kinase 5:Cyclin-dependent kinase 5 activator 1 complex","CDK5/p35","Q00535|Q15078"
"X9531.24",137,0.828809338775663,0.493375802677068,TRUE,828,"LST1","Leukocyte-specific transcript 1 protein","LST1","O00453"
"X15336.7",146,0.827773042971898,0.585289471889201,TRUE,829,"SELENOM","Selenoprotein M","SELM","Q8WWX9"
"X9995.6",145,0.827511204980779,0.487539092328506,TRUE,830,"DUT","Deoxyuridine 5'-triphosphate nucleotidohydrolase, mitochondrial","DUT","P33316"
"X13998.26",136,0.827391162248109,0.495575463950498,TRUE,831,"ADSS1","Adenylosuccinate synthetase isozyme 1","PURA1","Q8N142"
"X10046.55",135,0.827219933609918,0.541123648591621,TRUE,832,"BIRC2","Baculoviral IAP repeat-containing protein 2","cIAP-1","Q13490"
"X11988.24",145,0.827105719510347,0.484070024224692,TRUE,833,"PTPRH","Receptor-type tyrosine-protein phosphatase H","PTPRH","Q9HD43"
"X6593.5",146,0.826866788271907,0.523959785162191,TRUE,834,"GALNT3","Polypeptide N-acetylgalactosaminyltransferase 3","GALT3","Q14435"
"X6472.40",146,0.826727957764675,0.37665492834678,TRUE,835,"PMEL","Melanocyte protein PMEL","GP100","P40967"
"X15636.49",146,0.826292184228083,0.449531575840232,TRUE,836,"SORCS1","VPS10 domain-containing receptor SorCS1","SORC1","Q8WY21"
"X5735.54",145,0.826253496286702,0.539504225870488,TRUE,837,"C1GALT1C1","C1GALT1-specific chaperone 1","C1GLC","Q96EU7"
"X2805.6",144,0.826083111934629,0.414099852766329,TRUE,838,"ACE2","Angiotensin-converting enzyme 2","ACE2","Q9BYF1"
"X3795.6",146,0.825933538751065,0.44925293926056,TRUE,839,"ADAM9","Disintegrin and metalloproteinase domain-containing protein 9","ADAM 9","Q13443"
"X21147.9",130,0.825223837383984,0.505169299649273,TRUE,840,"FN3K","Fructosamine-3-kinase","Fructosamine-3-kinase","Q9H479"
"X3828.54",144,0.825042454204725,0.361689109207317,TRUE,841,"PDGFC","Platelet-derived growth factor C","PDGF-CC","Q9NRA1"
"X20956.13",146,0.824992576424266,0.301158014732062,TRUE,842,"PFDN4","Prefoldin subunit 4","PFD4","Q9NQP4"
"X21771.47",146,0.824946299588522,0.486471828930771,TRUE,843,"MGAT3","Beta-1,4-mannosyl-glycoprotein 4-beta-N-acetylglucosaminyltransferase","MGAT3","Q09327"
"X25879.6",143,0.824737021395356,0.505663638317041,TRUE,844,"KAT5","Histone acetyltransferase KAT5","KAT5","Q92993"
"X12649.80",145,0.824727921217716,0.496323753065378,TRUE,845,"MDH2","Malate dehydrogenase, mitochondrial","Malate dehydrogenase 2","P40926"
"X18303.39",146,0.824321562305975,0.482940798571476,TRUE,846,"NRGN","Neurogranin","NEUG","Q92686"
"X14153.8",146,0.824309993097039,0.453293067200572,TRUE,847,"EFNA3","Ephrin-A3","Ephrin-A3","P52797"
"X9061.3",144,0.824169905585678,0.621879512534608,TRUE,848,"ARHGEF10","Rho guanine nucleotide exchange factor 10","ARHGA","O15013"
"X4136.40",146,0.823507861277472,0.626537308639074,TRUE,849,"IL17D","Interleukin-17D","IL-17D","Q8TAD2"
"X24688.9",145,0.823023655897046,0.56122764993169,TRUE,850,"DMRTB1","Doublesex- and mab-3-related transcription factor B1","DMRTB","Q96MA1"
"X8250.2",146,0.822879267591946,0.471736275296115,TRUE,851,"PTPRJ","Receptor-type tyrosine-protein phosphatase eta","PTPRJ","Q12913"
"X9263.57",146,0.822848416368117,0.462962384264662,TRUE,852,"SIAE","Sialate O-acetylesterase","SIAE","Q9HAT2"
"X5468.67",144,0.822561812565691,0.50138864187858,TRUE,853,"IL17RC","Interleukin-17 receptor C","IL-17 RC","Q8NAC3"
"X2966.65",143,0.822408464635603,0.57445857755258,TRUE,854,"CLEC11A","Stem cell growth factor-beta","SCGF-beta","Q9Y240"
"X6511.17",146,0.822088704981316,0.647654487311583,TRUE,855,"TAFA4","Protein FAM19A4","F19A4","Q96LR4"
"X3469.74",146,0.821672213459618,0.479709258239359,TRUE,856,"RPS6KA3","Ribosomal protein S6 kinase alpha-3","RPS6KA3","P51812"
"X9261.14",146,0.821633649429831,0.507080071857667,TRUE,857,"EPHB6","Ephrin type-B receptor 6","EphB6","O15197"
"X22363.31",143,0.821349564332298,0.594863841162675,TRUE,858,"ADAT1","tRNA-specific adenosine deaminase 1","ADAT1","Q9BUB4"
"X24314.9",144,0.821193729903537,0.324531805045607,TRUE,859,"TRAPPC13","Trafficking protein particle complex subunit 13","TPC13","A5PLN9"
"X23000.22",145,0.821015563949586,0.486046618459661,TRUE,860,"NLGN1","Neuroligin-1","NLGN1","Q8N2Q7"
"X3905.62",146,0.820993486535369,0.583805012966539,TRUE,861,"UBE2N","Ubiquitin-conjugating enzyme E2 N","UBE2N","P61088"
"X8901.40",146,0.820954922505582,0.326092600511469,TRUE,862,"YWHAG","14-3-3 protein gamma","14-3-3 protein gamma","P61981"
"X16288.17",143,0.820934666127639,0.4996764439178,TRUE,863,"EPHA4","Ephrin type-A receptor 4","EPHA4","P54764"
"X4469.78",140,0.820830763713025,0.616148606595168,TRUE,864,"CHST15","Carbohydrate sulfotransferase 15","ST4S6","Q7LFX5"
"X6507.16",146,0.820615559043458,0.472095266080659,TRUE,865,"NCAM2","Neural cell adhesion molecule 2","NCAM2","O15394"
"X21943.170",144,0.820576254087176,0.402025410131432,TRUE,866,"WNT16","Protein Wnt-16","WNT16","Q9UBV4"
"X19175.18",146,0.820561569401756,0.499911456003175,TRUE,867,"MARCKSL1","MARCKS-related protein","MARCKSL1","P49006"
"X8830.29",145,0.820405720876949,0.513534055758091,TRUE,868,"ABRAXAS2","BRISC complex subunit Abro1","F175B","Q15018"
"X4557.61",146,0.820152790686015,0.455982278467158,TRUE,869,"KIRREL3","Kin of IRRE-like protein 3","KIRR3","Q8IZU9"
"X13661.193",142,0.819446540247808,0.471878600639162,TRUE,870,"CST5","Cystatin-D","CYTD","P28325"
"X12688.115",145,0.819232571048394,0.449285468208561,TRUE,871,"RPS6KA6","Ribosomal protein S6 kinase alpha-6","KS6A6","Q9UK32"
"X6431.68",146,0.819096136269856,0.587484659860347,TRUE,872,"PCYOX1","Prenylcysteine oxidase 1","PCYOX","Q9UHG3"
"X2611.72",146,0.8189071725239,0.403837941050476,TRUE,873,"TYRO3","Tyrosine-protein kinase receptor TYRO3","Dtk","Q06418"
"X12682.5",145,0.818417307537109,0.555864843642785,TRUE,874,"KYAT3","Kynurenine--oxoglutarate transaminase 3","KAT3","Q6YP21"
"X12812.25",146,0.818282435241353,0.452875237677468,TRUE,875,"ACYP2","Acylphosphatase-2","ACYP2","P14621"
"X19267.14",145,0.818228701228658,0.367660300304322,TRUE,876,"HAGH","Hydroxyacylglutathione hydrolase, mitochondrial","GLO2","Q16775"
"X6556.5",145,0.817527960727038,0.475786948552875,TRUE,877,"ENPP5","Ectonucleotide pyrophosphatase/phosphodiesterase family member 5","ENPP5","Q9UJA9"
"X18414.26",144,0.817489760728626,0.321635531750605,TRUE,878,"ARL5A","ADP-ribosylation factor-like protein 5A","ARL5A","Q9Y689"
"X14070.56",145,0.817189040869392,0.611364933366144,TRUE,879,"ITSN1","Intersectin-1","ITSN1","Q15811"
"X23325.18",143,0.815779699033649,0.570011491937094,TRUE,880,"BMERB1","Uncharacterized protein C16orf45","CP045","Q96MC5"
"X8066.38",142,0.815402413517037,0.449769151610721,TRUE,881,"SYT9","Synaptotagmin-9","SYT9","Q86SS6"
"X13996.16",145,0.815280079679707,0.515090540462646,TRUE,882,"PPCDC","Phosphopantothenoylcysteine decarboxylase","COAC","Q96CD2"
"X8871.14",146,0.8145648627699,0.50535318806686,TRUE,883,"NUDC","Nuclear migration protein nudC:N-term, contains nuclear localization domain","NUDC:N-term","Q9Y266"
"X10396.6",144,0.81455526906528,0.546946579288916,TRUE,884,"MCL1","Induced myeloid leukemia cell differentiation protein Mcl-1","Mcl-1","Q07820"
"X7152.5",146,0.814283345352456,0.484367456361435,TRUE,885,"HAVCR2","Hepatitis A virus cellular receptor 2","TIMD3","Q8TDQ0"
"X25461.3",144,0.814057617138436,0.43323679612669,TRUE,886,"SAG","S-arrestin","ARRS","P10523"
"X3585.54",145,0.813992398131618,0.400294709271431,TRUE,887,"BSG","Basigin","BASI","P35613"
"X9126.171",144,0.813928624541293,0.465315883643609,TRUE,888,"NT5DC3","5'-nucleotidase domain-containing protein 3","NT5D3","Q86UY8"
"X25296.3",145,0.813803800533035,0.414134518563706,TRUE,889,"AMOT","Angiomotin","AMOT","Q4VCS5"
"X23670.11",145,0.813760129755351,0.666182768881929,TRUE,890,"DPH2","2-(3-amino-3-carboxypropyl)histidine synthase subunit 2","DPH2","Q9BQC3"
"X17698.15",141,0.81271366949597,0.504457704897101,TRUE,891,"WBP2","WW domain-binding protein 2","WBP2","Q969T9"
"X6512.68",146,0.812706076534173,0.515614058442068,TRUE,892,"KREMEN1","Kremen protein 1","KREM1","Q96MU8"
"X15444.45",130,0.812642378353574,0.517471861440578,TRUE,893,"SERPINB4","Serpin B4","SCCA2","P48594"
"X15447.45",146,0.812594240847792,0.571334949236017,TRUE,894,"SORD","Sorbitol dehydrogenase","Sorbitol dehydrogenase","Q00796"
"X17362.5",132,0.812213971497602,0.587718898369585,TRUE,895,"VHL","Von Hippel-Lindau disease tumor suppressor","VHL","P40337"
"X7871.16",146,0.812208600549923,0.497333152385731,TRUE,896,"TMEM132A","Transmembrane protein 132A","T132A","Q24JP5"
"X22811.5",146,0.811957934356308,0.444377734052617,TRUE,897,"TMA16","Translation machinery-associated protein 16","TMA16","Q96EY4"
"X9089.77",145,0.811807500693853,0.545927997962991,TRUE,898,"JPH3","Junctophilin-3","JPH3","Q8WXH2"
"X8520.8",146,0.811487453192909,0.449591446763261,TRUE,899,"ADAM30","Disintegrin and metalloproteinase domain-containing protein 30","ADA30","Q9UKF2"
"X8315.5",144,0.810936495176849,0.327938528817875,TRUE,900,"DEFB119","Beta-defensin 119","DB119","Q8N690"
"X13676.46",146,0.810935987566957,0.489128792631308,TRUE,901,"INHBB","Inhibin beta B chain","Inhibin bB chain","P09529"
"X12594.5",145,0.810370959423976,0.536364764634493,TRUE,902,"GCA","Grancalcin","GRAN","P28676"
"X3583.54",145,0.810283977615627,0.50048946390004,TRUE,903,"ARSA","Arylsulfatase A","Arylsulfatase A","P15289"
"X9171.11",146,0.810261117045687,0.485279355295437,TRUE,904,"CSRP3","Cysteine and glycine-rich protein 3","CSRP3","P50461"
"X14204.55",140,0.809992017757756,0.604159087987746,TRUE,905,"FOXJ2","Forkhead box protein J2","FOXJ2","Q9P0K8"
"X21692.12",143,0.809752083414563,0.348489530080108,TRUE,906,"CD8A|CD8B","CD8A/CD8B Complex","CD8A/CD8B Complex","P01732|P10966"
"X7892.132",145,0.809737143577005,0.594391466554305,TRUE,907,"FAM234B","Protein FAM234B:N-term","K1467:N-term","A2RU67"
"X15533.97",146,0.809150472987825,0.622360412625088,TRUE,908,"MSR1","Macrophage scavenger receptor types I and II:Extracellular domain","Macrophage scavenger receptor:ECD","P21757"
"X6984.6",146,0.809138903778889,0.494673525528974,TRUE,909,"IGSF8","Immunoglobulin superfamily member 8","IGSF8","Q969P0"
"X3887.90",145,0.808831316075924,0.358271966554636,TRUE,910,"KPNB1","Importin subunit beta-1","IMB1","Q14974"
"X6462.12",146,0.808591294555916,0.514068893899099,TRUE,911,"TIMP4","Metalloproteinase inhibitor 4","TIMP-4","Q99727"
"X24707.6",146,0.808444751242726,0.513782286959377,TRUE,912,"CXorf38","Uncharacterized protein CXorf38","CX038","Q8TB03"
"X11530.37",134,0.808123584632728,0.525628004919942,TRUE,913,"HMBS","Porphobilinogen deaminase","HEM3","P08397"
"X5801.72",144,0.808024212510601,0.510951432365046,TRUE,914,"NGF","beta-nerve growth factor","b-NGF","P01138"
"X8697.38",146,0.807569347766564,0.521790863003949,TRUE,915,"GPC1","Glypican-1","Glypican 1","P35052"
"X24457.12",145,0.807457389579024,0.498131998152832,TRUE,916,"USF2","USF2","USF2","Q15853"
"X5699.19",146,0.807407378841459,0.481229803467394,TRUE,917,"FAM189A2","Protein FAM189A2","CI061","Q15884"
"X23568.41",146,0.807399666035502,0.504460748224511,TRUE,918,"MEIS2","Homeobox protein Meis2","MEIS2","O14770"
"X3836.51",145,0.807005042969565,0.620917082056645,TRUE,919,"UFM1","Ubiquitin-fold modifier 1","UFM1","P61960"
"X19620.16",146,0.806917615663166,0.492107635852563,TRUE,920,"DLG2","Disks large homolog 2","DLG2","Q15700"
"X23637.55",145,0.80646177224359,0.412575780793629,TRUE,921,"RNF25","E3 ubiquitin-protein ligase RNF25","RNF25","Q96BH1"
"X11565.58",145,0.806296428979163,0.543565403818677,TRUE,922,"ZNF23","Zinc finger protein 23","ZNF23","P17027"
"X20074.3",146,0.806281309171683,0.552766185128985,TRUE,923,"LAMA3","Laminin subunit alpha-3","LAMA3","Q16787"
"X5238.26",144,0.806119044843788,0.529935138893022,TRUE,924,"PPIE","Peptidyl-prolyl cis-trans isomerase E","PPIE","Q9UNP9"
"X21647.9",146,0.805953514918495,0.415863780264801,TRUE,925,"SRM","Spermidine synthase","SPEE","P19623"
"X8249.124",146,0.805760694769561,0.51498140403191,TRUE,926,"ALK","ALK tyrosine kinase receptor","ALK","Q9UM73"
"X4459.68",146,0.805332634038927,0.577048841944286,TRUE,927,"PCSK7","Proprotein convertase subtilisin/kexin type 7","PCSK7","Q16549"
"X9359.9",146,0.805274787994246,0.573947825978553,TRUE,928,"DLK2","Protein delta homolog 2","EGFL9","Q6UY11"
"X21269.198",144,0.804694141266361,0.373347643400675,TRUE,929,"EPHX2","Epoxide hydrolase 2","HYES","P34913"
"X22488.17",144,0.804563559849998,0.649866194817469,TRUE,930,"KLF9","Krueppel-like factor 9","KLF9","Q13886"
"X7128.9",146,0.804491938189573,0.591985857659272,TRUE,931,"VWA2","von Willebrand factor A domain-containing protein 2","VWA2","Q5GFL6"
"X6543.182",146,0.80441095372702,0.283453539829098,TRUE,932,"PRLH","Prolactin-releasing peptide","PRRP","P81277"
"X4498.62",146,0.803982892996386,0.470258108359424,TRUE,933,"NCAM1","Neural cell adhesion molecule 1, 120 kDa isoform","NCAM-120","P13591"
"X12476.50",146,0.803755365220644,0.491546483757485,TRUE,934,"TIGAR","Fructose-2,6-bisphosphatase TIGAR","TIGAR","Q9NQ88"
"X12497.29",146,0.802837541311717,0.512417810259288,TRUE,935,"NUDT16L1","Tudor-interacting repair regulator protein","SDOS","Q9BRJ7"
"X22588.35",146,0.802787408072994,0.48067553410037,TRUE,936,"ADGRB2","Adhesion G protein-coupled receptor B2","AGRB2","O60241"
"X23579.3",146,0.802282219282786,0.416253325625468,TRUE,937,"CT83","Kita-kyushu lung cancer antigen 1","KKLC1","Q5H943"
"X17721.82",143,0.802153918136335,0.583069417839691,TRUE,938,"GAS7","Growth arrest-specific protein 7","GAS7","O60861"
"X11214.40",144,0.801943745528501,0.637726899505609,TRUE,939,"DNAJB9","DnaJ homolog subfamily B member 9","DNJB9","Q9UBS3"
"X7064.2",142,0.80185059049136,0.399904639133569,TRUE,940,"VAMP8","Vesicle-associated membrane protein 8","VAMP8","Q9BV40"
"X13992.12",146,0.801765461283642,0.537799942295935,TRUE,941,"NSF","Vesicle-fusing ATPase","NSF","P46459"
"X10085.25",141,0.801553713134634,0.555658164653792,TRUE,942,"STAR","Steroidogenic acute regulatory protein, mitochondrial","STAR","P49675"
"X17712.7",146,0.801291123717264,0.628321345304642,TRUE,943,"IDI1","Isopentenyl-diphosphate Delta-isomerase 1","IDI1","Q13907"
"X3298.52",146,0.801256416090456,0.515600019960463,TRUE,944,"CNTN4","Contactin-4","Contactin-4","Q8IWV2"
"X21707.15",146,0.801059739538543,0.509271475064842,TRUE,945,"C1QL3","Complement C1q-like protein 3","C1QL3","Q5VWW1"
"X13468.5",146,0.801001893493863,0.335615558313502,TRUE,946,"NEURL4","Neuralized-like protein 4","NEUL4","Q96JN8"
"X7266.4",145,0.800935366785031,0.451169257737694,TRUE,947,"SERPINA9","Serpin A9","SPA9","Q86WD7"
"X12653.13",145,0.800721606667284,0.491971634211494,TRUE,948,"CSNK1G2","Casein kinase I isoform gamma-2","CSNK1G2","P78368"
"X3461.58",146,0.800697237658546,0.61874749996925,TRUE,949,"BCAN","Brevican core protein","PGCB","Q96GW7"
"X24422.36",146,0.800049361958127,0.40062469189647,TRUE,950,"SPATA24","Spermatogenesis-associated protein 24","SPA24","Q86W54"
"X8237.56",145,0.79960356905949,0.380037888671139,TRUE,951,"SOSTDC1","Sclerostin domain-containing protein 1","SOSD1","Q6X4U4"
"X24951.3",145,0.799119348546256,0.358030077149955,TRUE,952,"VAC14","Protein VAC14 homolog","VAC14","Q08AM6"
"X10638.1",144,0.799002003629443,0.473008026832545,TRUE,953,"TINF2","TERF1-interacting nuclear factor 2","TINF2","Q9BSI4"
"X17466.72",140,0.799001458666381,0.516726822575569,TRUE,954,"ACSF2","Acyl-CoA synthetase family member 2, mitochondrial","ACSF2","Q96CM8"
"X15539.15",145,0.798611507520181,0.458331784297818,TRUE,955,"SLITRK1","SLIT and NTRK-like protein 1","SLIK1","Q96PX8"
"X7073.69",144,0.798526509564022,0.321277935260333,TRUE,956,"C22orf15","Uncharacterized protein C22orf15","CV015","Q8WYQ4"
"X20126.19",146,0.798333262632612,0.585326322711414,TRUE,957,"GFAP","Glial fibrillary acidic protein","GFAP","P14136"
"X7803.4",146,0.798101878453891,0.649158641455513,TRUE,958,"CHST1","Carbohydrate sulfotransferase 1","CHST1","O43916"
"X5080.131",146,0.797376874693898,0.411093717606462,TRUE,959,"GPNMB","Transmembrane glycoprotein NMB:Extracellular domain","GPNMB:ECD","Q14956"
"X12847.27",146,0.796501471217736,0.593994093332937,TRUE,960,"RNGTT","mRNA-capping enzyme","MCE1","O60942"
"X6547.83",146,0.796451337979013,0.528607106351901,TRUE,961,"TMPRSS11D","Transmembrane protease serine 11D","TM11D","O60235"
"X9117.4",146,0.795683913786255,0.659136656588337,TRUE,962,"IL36G","Interleukin-36 gamma","IL-1F9","Q9NZH8"
"X11626.7",144,0.795503554109483,0.520194664131856,TRUE,963,"UBE2V1","Ubiquitin-conjugating enzyme E2 variant 1","UB2V1","Q13404"
"X24689.9",135,0.794979110112754,0.588110913326419,TRUE,964,"CAVIN1","Polymerase I and transcript release factor","PTRF","Q6NZI2"
"X25103.45",135,0.794744839596387,0.371232280115102,TRUE,965,"VPS53","Vacuolar protein sorting-associated protein 53 homolog","VPS53","Q5VIR6"
"X12825.18",143,0.794593862482505,0.338698866993865,TRUE,966,"APPL1","DCC-interacting protein 13-alpha","DP13A","Q9UKG1"
"X15534.26",145,0.794442487003797,0.521062926763222,TRUE,967,"MDH2","Malate dehydrogenase, mitochondrial","Malate dehydrogenase 2","P40926"
"X21167.33",145,0.79419840837111,0.616837681796733,TRUE,968,"PTPMT1","Phosphatidylglycerophosphatase and protein-tyrosine phosphatase 1","PTPM1","Q8WUK0"
"X23359.25",145,0.794001570764104,0.668384634962998,TRUE,969,"WTAP","Pre-mRNA-splicing regulator WTAP","FL2D","Q15007"
"X6626.81",145,0.793836227174219,0.546610455262021,TRUE,970,"CHST12","Carbohydrate sulfotransferase 12","CHSTC","Q9NRB3"
"X20572.6",145,0.793458705519709,0.601434139722198,TRUE,971,"MERTK","Proto-oncogene tyrosine-protein kinase MER","MER","Q12866"
"X5463.22",146,0.793250523506704,0.593868747005038,TRUE,972,"GAS1","Growth arrest-specific protein 1","GAS1","P54826"
"X9259.35",145,0.793119738284718,0.482458240864143,TRUE,973,"TNFRSF21","Tumor necrosis factor receptor superfamily member 21","DR6","O75509"
"X12334.25",145,0.793017382729075,0.632060048930021,TRUE,974,"SHMT1","Serine hydroxymethyltransferase, cytosolic","cSHMT","P34896"
"X12664.19",143,0.79284544570263,0.421317080060082,TRUE,975,"PTPN13","Tyrosine-protein phosphatase non-receptor type 13","PTN13","Q12923"
"X5590.11",146,0.792564083776498,0.534355981942717,TRUE,976,"ZPLD1","Zona pellucida-like domain-containing protein 1","ZPLD1","Q8TCW7"
"X9503.1",144,0.792248298813892,0.581541784753723,TRUE,977,"NMS","Neuromedin-S","NMS","Q5H8A3"
"X13594.158",146,0.791931633687994,0.50971404533282,TRUE,978,"GGA1","ADP-ribosylation factor-binding protein GGA1","GGA1","Q9UJY5"
"X8952.65",146,0.791318465614383,0.589664176184417,TRUE,979,"CSF3","Granulocyte colony-stimulating factor","G-CSF","P09919"
"X17827.53",146,0.791083225032683,0.432436530806739,TRUE,980,"DYNLRB2","Dynein light chain roadblock-type 2","DLRB2","Q8TF09"
"X9296.15",146,0.791079368629704,0.523622129935897,TRUE,981,"PTPRD","Receptor-type tyrosine-protein phosphatase delta","PTPRD","P23468"
"X13937.75",144,0.791038477152056,0.549123507666285,TRUE,982,"CAND1","Cullin-associated NEDD8-dissociated protein 1","CAND1","Q86VP6"
"X9233.71",146,0.790238672780351,0.464909450163101,TRUE,983,"TFPI2","Tissue factor pathway inhibitor 2","TFPI -2","P48307"
"X24676.105",144,0.789900581398854,0.645198277030117,TRUE,984,"CFAP298","Uncharacterized protein C21orf59","CU059","P57076"
"X23544.10",146,0.789799042840781,0.297324340196548,TRUE,985,"TCP10L3","T-complex protein 10A homolog","TCP10","Q12799"
"X4903.72",145,0.789533357085071,0.510857403639942,TRUE,986,"PPP3CA|PPP3R1","Calcineurin","Calcineurin","Q08209|P63098"
"X5107.7",146,0.789367125707168,0.583091633644123,TRUE,987,"NOTCH1","Neurogenic locus notch homolog protein 1","Notch 1","P46531"
"X13416.8",144,0.789225330742193,0.525806894868149,TRUE,988,"TMEM132D","Transmembrane protein 132D","T132D","Q14C87"
"X13094.75",146,0.78909717749866,0.489238699647302,TRUE,989,"RSPO3","R-spondin-3","RSPO3","Q9BXY4"
"X2864.2",144,0.788763530106874,0.419584790650485,TRUE,990,"MAP2K1","Dual specificity mitogen-activated protein kinase kinase 1","MEK1","Q02750"
"X8866.53",145,0.788399572468718,0.612644921748328,TRUE,991,"QPCTL","Glutaminyl-peptide cyclotransferase-like protein","QPCTL","Q9NXS2"
"X18268.5",145,0.788218481870272,0.439862427533657,TRUE,992,"GAGE2A","G antigen 2A","GAG2A","Q6NT46"
"X12827.37",144,0.787912282253073,0.509660115933045,TRUE,993,"RGS3","Regulator of G-protein signaling 3","RGS3","P49796"
"X12479.50",146,0.787901692575267,0.530321850288406,TRUE,994,"PRKAR1B","cAMP-dependent protein kinase type I-beta regulatory subunit","KAP1","P31321"
"X20522.2",146,0.787866984948459,0.566074800473418,TRUE,995,"IL1RAPL1","Interleukin-1 receptor accessory protein-like 1","IRPL1","Q9NZN1"
"X7116.31",145,0.787789793596492,0.551565535731443,TRUE,996,"OSCAR","Osteoclast-associated immunoglobulin-like receptor","OSCAR","Q8IYS5"
"X6229.13",145,0.787576791271433,0.41156394068027,TRUE,997,"CSH1|CSH2","Chorionic somatomammotropin hormone","CSH","P0DML2|P0DML3"
"X14097.86",145,0.787344522895166,0.70159079051344,TRUE,998,"CHST15","Carbohydrate sulfotransferase 15","ST4S6","Q7LFX5"
"X22590.68",146,0.786953017442511,0.649859207585958,TRUE,999,"FZD1","Frizzled-1","FZD1","Q9UP38"
"X23038.63",145,0.786341071660558,0.479466782832962,TRUE,1000,"UNC5B","Netrin receptor UNC5B","UNC5B","Q8IZJ1"
"X22140.6",146,0.786301285339113,0.397369318610949,TRUE,1001,"FAM204A","Protein FAM204A","F204A","Q9H8W3"
"X8376.25",143,0.785885491483686,0.582218346473672,TRUE,1002,"LHB","Lutropin subunit beta","LSHB","P01229"
"X9959.60",146,0.785834660578692,0.652672087534714,TRUE,1003,"TMEM59L","Transmembrane protein 59-like","TM59L","Q9UK28"
"X9981.18",146,0.785290907758697,0.529691473516533,TRUE,1004,"FAM234B","Protein FAM234B:C-term","K1467:C-term","A2RU67"
"X7856.51",146,0.785221492505081,0.513683673887801,TRUE,1005,"FAM151A","Protein FAM151A","F151A","Q8WW52"
"X11493.169",145,0.784738392978409,0.652356757368287,TRUE,1006,"DYNLL2","Dynein light chain 2, cytoplasmic","DYL2","Q96FJ2"
"X7201.5",146,0.78431523780509,0.402765406948837,TRUE,1007,"ISCU","Iron-sulfur cluster assembly enzyme ISCU, mitochondrial","ISCU","Q9H1K1"
"X8006.12",145,0.78416490169988,0.603806563863786,TRUE,1008,"DNAJB12","DnaJ homolog subfamily B member 12","DJB12","Q9NXW2"
"X21736.60",144,0.784064486437711,0.480972254136391,TRUE,1009,"HS2ST1","Heparan sulfate 2-O-sulfotransferase 1","HS2ST","Q7LGA3"
"X4707.50",146,0.783671218507649,0.303435379331673,TRUE,1010,"YWHAH","14-3-3 protein eta","14-3-3 eta","Q04917"
"X10714.7",145,0.783380213490069,0.361668411724148,TRUE,1011,"ACE","Angiotensin-converting enzyme","ACE","P12821"
"X3340.53",146,0.783339567851482,0.546909921657564,TRUE,1012,"THBS4","Thrombospondin-4","TSP4","P35443"
"X19787.14",145,0.782981227819124,0.661730568593823,TRUE,1013,"MERTK","Proto-oncogene tyrosine-protein kinase MER","MER","Q12866"
"X6911.103",145,0.782794920045036,0.467990725044015,TRUE,1014,"CLEC6A","C-type lectin domain family 6 member A","CLC6A","Q6EIG7"
"X22065.32",146,0.782764963807658,0.603706825636975,TRUE,1015,"IRF8","Interferon regulatory factor 8","IRF8","Q02556"
"X5350.14",146,0.782232780196599,0.672367267446212,TRUE,1016,"GPC6","Glypican-6","GPC6","Q9Y625"
"X15503.20",146,0.781091284914908,0.589156614647558,TRUE,1017,"LEFTY2","Left-right determination factor 2","Lefty-A","O00292"
"X9057.19",144,0.780985664991268,0.571410340184286,TRUE,1018,"ADRM1","Proteasomal ubiquitin receptor ADRM1","ADRM1","Q16186"
"X21164.83",145,0.780305610068637,0.448113409216169,TRUE,1019,"TGIF2LX","Homeobox protein TGIF2LX","TF2LX","Q8IUE1"
"X4706.17",137,0.780039440366866,0.602569207700496,TRUE,1020,"EPB41","Protein 4.1","41","P11171"
"X11633.89",146,0.779537154514498,0.461694660958364,TRUE,1021,"AHSA1","Activator of 90 kDa heat shock protein ATPase homolog 1","AHSA1","O95433"
"X20231.23",146,0.779467739260882,0.541553634936568,TRUE,1022,"UPP2","Uridine phosphorylase 2","UPP2","O95045"
"X25306.51",146,0.779116806589821,0.572324328369981,TRUE,1023,"DAXX","DAXX","DAXX","Q9UER7"
"X20111.5",146,0.778696458665145,0.518324542669171,TRUE,1024,"BASP1","Brain acid soluble protein 1","BASP","P80723"
"X24701.21",143,0.778180907781275,0.513525455878207,TRUE,1025,"DTNA","Dystrobrevin alpha","DTNA","Q9Y4J8"
"X10713.151",144,0.778010004039397,0.459678724078393,TRUE,1026,"CD300LB","CMRF35-like molecule 7","CLM7","A8K4G0"
"X7763.25",145,0.777790025451103,0.537923800788253,TRUE,1027,"CDH11","Cadherin-11:Cytoplasmic domain","Cadherin-11:CD","P55287"
"X13967.14",145,0.777742784425421,0.384593811496473,TRUE,1028,"TXNRD1","Thioredoxin reductase 1, cytoplasmic","Thioredoxin reductase 1","Q16881"
"X3041.55",145,0.777463275023473,0.607618666306268,TRUE,1029,"MRC2","C-type mannose receptor 2","MRC2","Q9UBG0"
"X25260.62",145,0.776837331433194,0.522795984419559,TRUE,1030,"FAM219B","Uncharacterized protein C15orf17","CO017","Q5XKK7"
"X5112.73",146,0.775908279311555,0.52275789309947,TRUE,1031,"CD200","OX-2 membrane glycoprotein","OX2G","P41217"
"X20379.59",145,0.775400858997626,0.41102182941556,TRUE,1032,"SVBP","Small vasohibin-binding protein","SVBP","Q8N300"
"X12568.14",146,0.775333675267731,0.448308550691484,TRUE,1033,"KEAP1","Kelch-like ECH-associated protein 1","KEAP1","Q14145"
"X23300.3",145,0.775140591260804,0.32825124331406,TRUE,1034,"RBPMS2","RNA-binding protein with multiple splicing 2","RBPS2","Q6ZRY4"
"X8851.42",144,0.775016931508281,0.527960027231728,TRUE,1035,"FAM171B","Protein FAM171B:Extracellular domain","F171B:ECD","Q6P995"
"X12626.6",145,0.774876828867416,0.579527822590686,TRUE,1036,"SENP7","Sentrin-specific protease 7","SENP7","Q9BQF6"
"X17405.2",145,0.774435912627723,0.565962390061551,TRUE,1037,"UCHL5","Ubiquitin carboxyl-terminal hydrolase isozyme L5","UCHL5","Q9Y5K5"
"X6285.71",145,0.773203709207867,0.596410822935531,TRUE,1038,"MLEC","Malectin","K0152","Q14165"
"X15580.2",145,0.77296750407946,0.664082694097206,TRUE,1039,"EPHA7","Ephrin type-A receptor 7","EPHA7","Q15375"
"X6378.2",146,0.772927279809031,0.533735188982635,TRUE,1040,"C5orf38","Protein CEI","CEI","Q86SI9"
"X7959.34",146,0.772846295346479,0.590527066523524,TRUE,1041,"CDH7","Cadherin-7","CADH7","Q9ULB5"
"X24724.4",144,0.772734854650871,0.606567951448668,TRUE,1042,"VPS26B","Vacuolar protein sorting-associated protein 26B","VP26B","Q4G0F5"
"X22946.55",146,0.772560921526056,0.713668528954007,TRUE,1043,"SNTA1","Alpha-1-syntrophin","Alpha-1-syntrophin","Q13424"
"X18304.19",145,0.772506904079066,0.520941127649957,TRUE,1044,"BCCIP","BRCA2 and CDKN1A-interacting protein","BCCIP","Q9P287"
"X9400.40",146,0.772202276049038,0.577370434174582,TRUE,1045,"LGALS7","Galectin-7","Galectin-7","P47929"
"X9003.99",142,0.771688808689984,0.588234083069337,TRUE,1046,"MARCO","Macrophage receptor MARCO","MARCO","Q9UEW3"
"X21120.3",144,0.771540653625245,0.455205486932762,TRUE,1047,"NDUFAF2","Mimitin, mitochondrial","MIMIT","Q8N183"
"X24635.25",146,0.771280595737132,0.490985042464659,TRUE,1048,"TRAPPC6A","Trafficking protein particle complex subunit 6A","TPC6A","O75865"
"X11145.72",145,0.771251080146369,0.579287850423314,TRUE,1049,"KIAA1549L","UPF0606 protein KIAA1549L","K154L","Q6ZVL6"
"X24426.191",146,0.770123674843526,0.607609731858986,TRUE,1050,"CTNNA1","Catenin alpha-1","CTNA1","P35221"
"X10462.14",145,0.769373703334816,0.647274477947383,TRUE,1051,"INSL5","Insulin-like peptide INSL5","INSL5","Q9Y5Q6"
"X22019.21",145,0.769184739604042,0.540283994478074,TRUE,1052,"SH2B3","SH2B adapter protein 3","SH2B3","Q9UQQ2"
"X7207.4",146,0.768943615532049,0.64030060589602,TRUE,1053,"IK","Protein Red","RED","Q13123"
"X18294.26",145,0.768770926298095,0.555921999982842,TRUE,1054,"SOX2","Transcription factor SOX-2","SOX2","P48431"
"X12684.5",146,0.767829115071208,0.546962876764931,TRUE,1055,"SCIN","Adseverin","ADSV","Q9Y6U3"
"X7752.31",145,0.767259671596783,0.534008473835545,TRUE,1056,"CLEC4D","C-type lectin domain family 4 member D","CLC4D","Q8WXI8"
"X20998.19",144,0.767039927973698,0.663585600577655,TRUE,1057,"NMRK2","Nicotinamide riboside kinase 2; Short=NRK 2; Short=NmR-K 2; EC=2.7.1.22","NRK2","Q9NPI5"
"X6423.66",146,0.766888152744409,0.539144695937129,TRUE,1058,"C1QL2","Complement C1q-like protein 2","C1QL2","Q7Z5L3"
"X18255.6",145,0.766475799800407,0.599697732488442,TRUE,1059,"CYB5R1","NADH-cytochrome b5 reductase 1","NB5R1","Q9UHQ9"
"X18839.24",143,0.766261643309932,0.672143848718458,TRUE,1060,"TG","Thyroglobulin","Thyroglobulin","P01266"
"X14134.49",145,0.76589709723581,0.605987370245478,TRUE,1061,"AMIGO2","Amphoterin-induced protein 2","AMGO2","Q86SJ2"
"X7806.33",146,0.765603970552507,0.642133950856484,TRUE,1062,"B4GALT7","Beta-1,4-galactosyltransferase 7","B4GT7","Q9UBV7"
"X12367.52",145,0.765137766369967,0.473908776715223,TRUE,1063,"MACO1","Macoilin","MACOI","Q8N5G2"
"X18183.3",146,0.764643726210814,0.416955707039429,TRUE,1064,"LDLRAP1","Low density lipoprotein receptor adapter protein 1","ARH","Q5SW96"
"X12482.5",138,0.764127247983779,0.387066193521435,TRUE,1065,"BPTF","Nucleosome-remodeling factor subunit BPTF","BPTF","Q12830"
"X10876.300",144,0.764061134054804,0.457512782674121,TRUE,1066,"BRAT1","BRCA1-associated ATM activator 1","BRAT1","Q6PJG6"
"X14068.29",146,0.763949573674651,0.506707707484516,TRUE,1067,"CCL25","C-C motif chemokine 25","TECK","O15444"
"X22121.43",146,0.763641061436356,0.581476911141066,TRUE,1068,"DCAF12","DDB1- and CUL4-associated factor 12","DCA12","Q5T6F0"
"X4500.50",140,0.763367492881605,0.612436154461294,TRUE,1069,"CLEC11A","Stem cell growth factor-alpha","SCGF-alpha","Q9Y240"
"X13621.31",144,0.761861601750828,0.513491085856703,TRUE,1070,"AP2A2","AP-2 complex subunit alpha-2","AP2A2","O94973"
"X15504.39",146,0.761820839230416,0.553000994205409,TRUE,1071,"BIRC7","Baculoviral IAP repeat-containing protein 7 Isoform beta","Livin B","Q96CA5"
"X21696.80",146,0.761435198932548,0.545362331660273,TRUE,1072,"LRFN4","Leucine-rich repeat and fibronectin type-III domain-containing protein 4","LRFN4","Q6PJG9"
"X21507.48",145,0.761248262911537,0.575180011194333,TRUE,1073,"COMMD8","COMM domain-containing protein 8","COMD8","Q9NX08"
"X8013.9",146,0.76122309676872,0.579147162900609,TRUE,1074,"LMAN2L","VIP36-like protein","LMA2L","Q9H0V9"
"X2744.57",143,0.760918370278556,0.443314760999675,TRUE,1075,"IGHG1","Immunoglobulin G","IgG","P01857"
"X19147.6",143,0.760807555130536,0.467405809314611,TRUE,1076,"LGALS13","Galactoside-binding soluble lectin 13","PP13","Q9UHV8"
"X23649.6",145,0.760791129710078,0.533709900496522,TRUE,1077,"KLHL2","Kelch-like protein 2","KLHL2","O95198"
"X21172.11",146,0.759001808652997,0.578358160617509,TRUE,1078,"TLNRD1","Mesoderm development candidate 1","MESD1","Q9H1K6"
"X15466.30",146,0.757590365162798,0.639946312109627,TRUE,1079,"COL9A1","Collagen alpha-1(IX) chain","CO9A1","P20849"
"X6713.4",146,0.757447678252587,0.560523462921549,TRUE,1080,"LRP11","Low-density lipoprotein receptor-related protein 11","LRP11","Q86VZ4"
"X5078.82",145,0.756555184407312,0.606471636269207,TRUE,1081,"EPHB6","Ephrin type-B receptor 6","EphB6","O15197"
"X20183.48",142,0.756271665276456,0.575051242092042,TRUE,1082,"MEOX1","Homeobox protein MOX-1","MEOX1","P50221"
"X7092.7",144,0.755210070860983,0.562408576312727,TRUE,1083,"PDILT","Protein disulfide-isomerase-like protein of the testis","PDILT","Q8N807"
"X11607.15",146,0.755014287973036,0.436666399408413,TRUE,1084,"BRD1","Bromodomain-containing protein 1","BRD1","O95696"
"X17380.2",145,0.754775772439979,0.677126678373015,TRUE,1085,"UBE2K","Ubiquitin-conjugating enzyme E2 K","UBE2K","P61086"
"X5100.53",143,0.754478275056075,0.434758550231366,TRUE,1086,"SCARB2","Lysosome membrane protein 2","LIMP II","Q14108"
"X9315.16",137,0.753879831411115,0.574874971414469,TRUE,1087,"MUL1","Mitochondrial ubiquitin ligase activator of NFKB 1:Mitochindrial intermembrane domain","MUL1:MIMD","Q969V5"
"X14291.53",146,0.753433162751775,0.575727492159826,TRUE,1088,"AGAP2","Arf-GAP with GTPase, ANK repeat and PH domain-containing protein 2","AGAP2","Q99490"
"X17814.8",143,0.753219276050228,0.582944500784995,TRUE,1089,"BPNT1","3'(2'),5'-bisphosphate nucleotidase 1","BPNT1","O95861"
"X14007.22",145,0.753097695255679,0.709623258702654,TRUE,1090,"PAPSS1","Bifunctional 3'-phosphoadenosine 5'-phosphosulfate synthase 1","PAPS1","O43252"
"X25488.6",146,0.752048714082427,0.563399485271383,TRUE,1091,"PLEKHO2","Pleckstrin homology domain-containing family O member 2","PKHO2","Q8TD55"
"X19562.8",146,0.751528099680304,0.69559583543737,TRUE,1092,"USP28","Ubiquitin carboxyl-terminal hydrolase 28","UBP28","Q96RU2"
"X20994.37",142,0.750898570042356,0.595073560345966,TRUE,1093,"PLEKHF2","Pleckstrin homology domain-containing family F member 2","PKHF2","Q9H8W4"
"X3903.49",145,0.750673676709978,0.419271312618971,TRUE,1094,"SNX4","Sorting nexin-4","Sorting nexin 4","O95219"
"X12807.89",146,0.750444450443293,0.676291828259987,TRUE,1095,"ARHGAP30","Rho GTPase-activating protein 30","RHG30","Q7Z6I6"
"X23296.29",146,0.750394317204571,0.651408861211225,TRUE,1096,"SFRP5","SARP-3","SARP-3","Q5T4F7"
"X5476.66",146,0.75036732238372,0.549256733830406,TRUE,1097,"PRKCG","Protein kinase C gamma type","PKC-G","P05129"
"X20924.85",145,0.750033462195592,0.651176188808604,TRUE,1098,"TCEAL1","Transcription elongation factor A protein-like 1","TCAL1","Q15170"
"X22540.129",143,0.749414116208152,0.40336400310682,TRUE,1099,"PSMB7","Proteasome subunit beta type 7","PSB7","Q99436"
"X3387.1",145,0.749358801495179,0.556980972510664,TRUE,1100,"PAK3","Serine/threonine-protein kinase PAK 3","PAK3","O75914"
"X3601.54",144,0.748867045959248,0.568837766991264,TRUE,1101,"CHL1","Neural cell adhesion molecule L1-like protein","CHL1","O00533"
"X7167.102",145,0.748787972434862,0.656455872639614,TRUE,1102,"VAPA","Vesicle-associated membrane protein-associated protein A","VAPA","Q9P0L0"
"X23200.25",145,0.748178271533008,0.591002479733251,TRUE,1103,"C1QTNF4","Complement C1q tumor necrosis factor-related protein 4","C1QT4","Q9BXJ3"
"X9370.69",146,0.747891511671404,0.57741195275196,TRUE,1104,"GGH","Gamma-glutamyl hydrolase","GGH","Q92820"
"X15524.30",143,0.747686220751983,0.390795606205186,TRUE,1105,"PGAM2","Phosphoglycerate mutase 2","PGAM2","P15259"
"X23555.11",146,0.747062385030986,0.523870627017564,TRUE,1106,"RRAD","GTP-binding protein RAD","RAD","P55042"
"X25276.32",145,0.746433794655072,0.727711147958317,TRUE,1107,"RABL6","Rab-like protein 6","RABL6","Q3YEC7"
"X5109.24",146,0.74643379134546,0.57452378315645,TRUE,1108,"NRCAM","Neuronal cell adhesion molecule","Nr-CAM","Q92823"
"X15526.33",146,0.746240971196526,0.497059016155452,TRUE,1109,"GSS","Glutathione synthetase","GSHB","P48637"
"X9859.180",146,0.746117566301208,0.575302468295394,TRUE,1110,"SAT1","Diamine acetyltransferase 1","SSAT-1","P21673"
"X5609.92",146,0.746044294644613,0.527972121441859,TRUE,1111,"TAFA5","Protein FAM19A5","F19A5","Q7Z5A7"
"X2992.59",145,0.745579519440666,0.672634496627585,TRUE,1112,"IL17RA","Interleukin-17 receptor A","IL-17 sR","Q96F46"
"X25499.37",140,0.745485161939336,0.548188552643274,TRUE,1113,"DDHD2","Phospholipase DDHD2","DDHD2","O94830"
"X9391.60",144,0.745431014039558,0.611066729109663,TRUE,1114,"PCSK1N","ProSAAS","PCSK1","Q9UHG2"
"X9183.7",146,0.744613569139521,0.381307812405355,TRUE,1115,"IFNAR1","Interferon alpha/beta receptor 1","IFN-a/b R1","P17181"
"X21563.3",146,0.744463169423352,0.56355978658248,TRUE,1116,"PLA2G12A","sPLA(2)-XII","sPLA(2)-XII","Q9BZM1"
"X19561.216",146,0.744320482513141,0.597617932451247,TRUE,1117,"PLXND1","Plexin-D1","PLXD1","Q9Y4D7"
"X6538.90",146,0.74420479042378,0.427699713881578,TRUE,1118,"KIAA2013","Uncharacterized protein KIAA2013","K2013","Q8IYS2"
"X22151.48",142,0.744166355790471,0.633854254294102,TRUE,1119,"GSC2","Homeobox protein goosecoid-2","GSC2","O15499"
"X5089.11",145,0.744091930855022,0.371932125510803,TRUE,1120,"IL7R","Interleukin-7 receptor subunit alpha","IL-7 Ra","P16871"
"X10663.42",144,0.743873053897029,0.574561949426167,TRUE,1121,"INSIG1","Insulin-induced gene 1 protein","INSI1","O15503"
"X11126.102",143,0.743767699569054,0.630460220507608,TRUE,1122,"TRIO","Triple functional domain protein","TRIO","O75962"
"X12875.28",145,0.742776551916903,0.472082513939349,TRUE,1123,"UBTD2","Ubiquitin domain-containing protein 2","UBTD2","Q8WUN7"
"X12685.57",146,0.741790682159123,0.734392447441916,TRUE,1124,"HOMER2","Homer protein homolog 2","HOME2","Q9NSB8"
"X13522.20",145,0.741784998641823,0.579478884201273,TRUE,1125,"VSNL1","Visinin-like protein 1","VISL1","P62760"
"X8906.60",146,0.741246929339128,0.565456551933842,TRUE,1126,"LRTM2","Leucine-rich repeat and transmembrane domain-containing protein 2","LRTM2","Q8N967"
"X15375.49",146,0.741142806458704,0.460402684027915,TRUE,1127,"CPB1","Carboxypeptidase B","Carboxypeptidase B1","P15086"
"X5094.62",146,0.741111955234874,0.696440484480033,TRUE,1128,"JAML","Junctional adhesion molecule-like","JAML1","Q86YT9"
"X4922.13",146,0.740687750907219,0.700152687892028,TRUE,1129,"CCL19","C-C motif chemokine 19","MIP-3b","Q99731"
"X9005.16",146,0.740136285281267,0.534514351011342,TRUE,1130,"PLXNA1","Plexin-A1","PLXA1","Q9UIW2"
"X3065.65",146,0.740113146863395,0.495910317619236,TRUE,1131,"FGF5","Fibroblast growth factor 5","FGF-5","P12034"
"X23409.83",146,0.739665804117867,0.668940626003526,TRUE,1132,"SYAP1","Synapse-associated protein 1","SYAP1","Q96A49"
"X10613.33",146,0.73924545619319,0.696776536602361,TRUE,1133,"GOLM2","Protein CASC4","CASC4","Q6P4E1"
"X9876.20",144,0.738448892970761,0.568550651801174,TRUE,1134,"ALDOC","Fructose-bisphosphate aldolase C","aldolase C","P09972"
"X23378.29",145,0.738379199776393,0.641682919699103,TRUE,1135,"CGGBP1","CGG triplet repeat-binding protein 1","CGBP1","Q9UFW8"
"X2837.3",146,0.738354627105114,0.586132435952304,TRUE,1136,"MET","Hepatocyte growth factor receptor","Met","P08581"
"X6586.19",146,0.738281355448519,0.59289562951802,TRUE,1137,"ADAM11","Disintegrin and metalloproteinase domain-containing protein 11","ADA11","O75078"
"X25051.104",146,0.738011407240011,0.633420974881184,TRUE,1138,"FTO","Fat mass and obesity-associated protein","FTO","Q9C0B1"
"X21579.35",145,0.737659290519926,0.642845125544188,TRUE,1139,"MYBPC3","Myosin-binding protein C, cardiac-type","MYPC3","Q14896"
"X5358.3",145,0.736663294188972,0.674268210313048,TRUE,1140,"OMD","Osteomodulin","OMD","Q99983"
"X13427.66",145,0.736431026269895,0.633362505127987,TRUE,1141,"MAN1C1","Mannosyl-oligosaccharide 1,2-alpha-mannosidase IC","MA1C1","Q9NR34"
"X19176.27",146,0.736411000003856,0.663475639265997,TRUE,1142,"CYRIB","Protein FAM49B","FA49B","Q9NUQ9"
"X8660.5",140,0.736324729315695,0.717741244781748,TRUE,1143,"OLFML3","Olfactomedin-like protein 3","OLFL3","Q9NRN5"
"X21122.3",146,0.73610634416854,0.547027667089457,TRUE,1144,"DBNDD2","Dysbindin domain-containing protein 2","DBND2","Q9BQY9"
"X3221.54",146,0.736098631362583,0.610591315464001,TRUE,1145,"SFRP1","Secreted frizzled-related protein 1","SARP-2","Q8N474"
"X19111.10",145,0.735336611329163,0.516665309207605,TRUE,1146,"UBE2M","NEDD8-conjugating enzyme Ubc12","UBC12","P61081"
"X18232.42",135,0.73450796461472,0.641203605996386,TRUE,1147,"PIP4K2B","Phosphatidylinositol 5-phosphate 4-kinase type-2 beta","PI42B","P78356"
"X21373.8",146,0.734490511320471,0.613819415950357,TRUE,1148,"QTRT2","Queuine tRNA-ribosyltransferase subunit QTRTD1","QTRD1","Q9H974"
"X7143.9",146,0.734409526857919,0.570229608944554,TRUE,1149,"None","N-acetyllactosaminide beta-1,6-N-acetylglucosaminyl-transferase, isoform C","GNT2C","Q8NFS9"
"X5062.60",146,0.734274552753664,0.509269329218068,TRUE,1150,"CD226","CD226 antigen","CD226","Q15762"
"X11351.233",146,0.733676810291968,0.586117066703907,TRUE,1151,"NHEJ1","Non-homologous end-joining factor 1","NHEJ1","Q9H9Q4"
"X21322.60",145,0.733474531232162,0.655794467031712,TRUE,1152,"GTF2E2","Transcription initiation factor IIE subunit beta","T2EB","P29084"
"X13503.19",145,0.733360365644819,0.569414578629949,TRUE,1153,"ARL6IP5","PRA1 family protein 3","PRAF3","O75915"
"X6558.5",146,0.7330559294124,0.705942990214131,TRUE,1154,"COLEC10","Collectin-10","COL10","Q9Y6Z7"
"X3376.49",144,0.73266156746263,0.579034869121227,TRUE,1155,"IL17RD","Interleukin-17 receptor D","IL-17 RD","Q8NFM7"
"X14583.49",146,0.732519889398363,0.611222566050333,TRUE,1156,"MSTN","Growth/differentiation factor 8","Myostatin","O14793"
"X3813.3",145,0.732147848372353,0.589121118039138,TRUE,1157,"FYN","Tyrosine-protein kinase Fyn","FYN","P06241"
"X6480.1",144,0.732099936494666,0.497899359944193,TRUE,1158,"CANT1","Soluble calcium-activated nucleotidase 1","CANT1","Q8WVQ1"
"X12727.7",145,0.731990378596708,0.487980072892323,TRUE,1159,"PTGFRN","Prostaglandin F2 receptor negative regulator","FPRP","Q9P2B2"
"X7110.2",146,0.731174004758801,0.670214788329744,TRUE,1160,"DNAJB11","DnaJ homolog subfamily B member 11","DJB11","Q9UBS4"
"X22509.9",146,0.731135440729014,0.57896732572563,TRUE,1161,"NDUFAF5","Arginine-hydroxylase NDUFAF5, mitochondrial","NDUF5","Q5TEU4"
"X5594.87",144,0.730322852922557,0.60346434560046,TRUE,1162,"MESD","LDLR chaperone MESD","MESD2","Q14696"
"X5843.60",144,0.72996458960518,0.615516129675356,TRUE,1163,"EHMT2","Histone-lysine N-methyltransferase EHMT2","NG36","Q96KQ7"
"X24670.1",146,0.729531177089881,0.671713211028244,TRUE,1164,"PIH1D1","PIH1 domain-containing protein 1","PIHD1","Q9NWS0"
"X25050.82",143,0.729358240594622,0.576075013853498,TRUE,1165,"TPP2","Tripeptidyl-peptidase 2","TPP2","P29144"
"X16887.29",141,0.728862106243377,0.632017392611057,TRUE,1166,"PTRH2","Peptidyl-tRNA hydrolase 2, mitochondrial","PTH2","Q9Y3E5"
"X20530.2",145,0.728726283528826,0.629977384512119,TRUE,1167,"SEMA6D","Semaphorin-6D","SEM6D","Q8NFY4"
"X11254.13",146,0.728366543390318,0.424110760681233,TRUE,1168,"PAPLN","Papilin","PPN","O95428"
"X24294.13",145,0.727864670474811,0.440024485674262,TRUE,1169,"CHTF8","Chromosome transmission fidelity protein 8 homolog","CTF8","P0CG13"
"X12508.9",146,0.727726380495856,0.662000362116883,TRUE,1170,"CHMP3","Charged multivesicular body protein 3","CHMP3","Q9Y3E7"
"X22589.3",146,0.727387017033732,0.549382223136721,TRUE,1171,"FZD2","Frizzled-2","FZD2","Q14332"
"X9231.23",142,0.727106015990946,0.629668294073367,TRUE,1172,"BPNT2","Inositol monophosphatase 3","IMPA3","Q9NX62"
"X9490.3",146,0.726071983618,0.474609591098848,TRUE,1173,"FAM241A","Uncharacterized protein C4orf32","CD032","Q8N8J7"
"X18935.14",146,0.72528142100737,0.590631320744773,TRUE,1174,"TLR5","Toll-like receptor 5","TLR5","O60602"
"X10080.9",145,0.724754642405823,0.598802223407982,TRUE,1175,"EIF2B1","Translation initiation factor eIF-2B subunit alpha","EI2BA","Q14232"
"X6918.183",145,0.724592693781703,0.718594340888471,TRUE,1176,"CCK","Cholecystokinin","CCKN","P06307"
"X2765.4",146,0.723360932323984,0.689989487714261,TRUE,1177,"GDF11|MSTN","Growth/differentiation factor 11/8","GDF-11/8","O95390|O14793"
"X5357.60",146,0.722797897489096,0.61165462698883,TRUE,1178,"NLGN4X","Neuroligin-4, X-linked","NLGNX","Q8N0W4"
"X19227.18",146,0.722547231295481,0.70859325640625,TRUE,1179,"BATF","Basic leucine zipper transcriptional factor ATF-like","BATF","Q16520"
"X7758.217",140,0.721036932066691,0.591971930130387,TRUE,1180,"RNF215","RING finger protein 215:Extracellular domain","RN215:ECD","Q9Y6U7"
"X18274.2",144,0.72052717677464,0.642755706571045,TRUE,1181,"SERF2","Small EDRK-rich factor 2","SERF2","P84101"
"X15614.168",143,0.719137531577122,0.66976691042797,TRUE,1182,"LILRA2","Leukocyte immunoglobulin-like receptor subfamily A member 2","LIRA2","Q8N149"
"X8272.22",145,0.718557652750904,0.608440413965728,TRUE,1183,"HSD17B7","3-keto-steroid reductase:Cytoplasmic domain","DHB7:CD","P56937"
"X9220.7",146,0.718012101392547,0.57205399165088,TRUE,1184,"EPHB3","Ephrin type-B receptor 3","EPHB3","P54753"
"X25052.3",146,0.717726727572124,0.534138726425561,TRUE,1185,"CRLF3","Cytokine receptor-like factor 3","CRLF3","Q8IUI8"
"X21923.24",142,0.71741622602678,0.506274483230262,TRUE,1186,"SAE1|UBA2","SAE1/SAE2","SAE1/ SAE2","Q9UBE0|Q9UBT2"
"X16618.7",145,0.717333322835328,0.540994185056768,TRUE,1187,"CD69","Early activation antigen CD69","CD69","Q07108"
"X8258.22",146,0.717013293021068,0.732144571878263,TRUE,1188,"UXS1","UDP-glucuronic acid decarboxylase 1","UXS1","Q8NBZ7"
"X5758.49",146,0.716207304798522,0.470867419091365,TRUE,1189,"KLK9","Kallikrein-9","kallikrein 9","Q9UKQ9"
"X3831.21",146,0.716022197455545,0.399373549777513,TRUE,1190,"PTEN","Phosphatidylinositol 3,4,5-trisphosphate 3-phosphatase and dual-specificity protein phosphatase PTEN","pTEN","P60484"
"X7957.2",144,0.713875742320562,0.429491252901915,TRUE,1191,"SCG3","Secretogranin-3","SCG3","Q8WXD2"
"X21539.139",145,0.713404444199491,0.678805809909842,TRUE,1192,"SYT6","Synaptotagmin-6","SYT6","Q5T7P8"
"X7050.5",146,0.712798244565364,0.580671624343274,TRUE,1193,"NEGR1","Neuronal growth regulator 1","NEGR1","Q7Z3B1"
"X6933.20",143,0.712221859679581,0.480500555297971,TRUE,1194,"MRPL34","39S ribosomal protein L34, mitochondrial","RM34","Q9BQ48"
"X5124.62",146,0.711980687133883,0.590604002607558,TRUE,1195,"ICAM5","Intercellular adhesion molecule 5","sICAM-5","Q9UMF0"
"X6897.38",146,0.711652892880694,0.690645608243502,TRUE,1196,"B3GAT3","Galactosylgalactosylxylosylprotein 3-beta-glucuronosyltransferase 3","B3GA3","O94766"
"X24013.6",145,0.711377016847331,0.518761121513458,TRUE,1197,"GRM4","Metabotropic glutamate receptor 4","GRM4","Q14833"
"X2692.74",136,0.710471446497669,0.705644084067656,TRUE,1198,"PLA2G2A","Phospholipase A2, membrane associated","NPS-PLA2","P14555"
"X21676.17",145,0.710384955308021,0.614159846006285,TRUE,1199,"SERPINB2","PAI-2","PAI-2","P05120"
"X12705.9",145,0.71033771428234,0.594902730034658,TRUE,1200,"HERC1","Probable E3 ubiquitin-protein ligase HERC1","HERC1","Q15751"
"X22972.26",142,0.710309675904968,0.676947368009109,TRUE,1201,"CXCL2","Gro-beta","Gro-b","P19875"
"X21915.2",145,0.710133003171054,0.583463947453159,TRUE,1202,"OTUD3","OTU domain-containing protein 3","OTUD3","Q5T2D3"
"X24237.115",146,0.708594765318597,0.647065462717975,TRUE,1203,"CACNB3","Voltage-dependent L-type calcium channel subunit beta-3","CACB3","P54284"
"X11293.14",146,0.708571626900725,0.567200752831153,TRUE,1204,"LRRN1","Leucine-rich repeat neuronal protein 1:Cytoplasmic domain","LRRN1:CD","Q6UXK5"
"X17161.1",144,0.70832387111555,0.565618425419931,TRUE,1205,"DDOST","Dolichyl-diphosphooligosaccharide--protein glycosyltransferase 48 kDa subunit","OST48","P39656"
"X2937.10",146,0.707908325588391,0.729152952103948,TRUE,1206,"APOE","Apolipoprotein E (isoform E3)","Apo E3","P02649"
"X15418.25",145,0.707432391202934,0.439269434691872,TRUE,1207,"MAPK10","Mitogen-activated protein kinase 10","MK10","P53779"
"X5088.175",143,0.707412872126263,0.533719991847572,TRUE,1208,"IL23R","Interleukin-23 receptor","IL-23 R","Q5VWK5"
"X20191.13",145,0.707389086929393,0.567507692366376,TRUE,1209,"ITGAV|ITGB8","Integrin alpha V beta 8","Integrin aVb8","P06756|P26012"
"X5731.1",143,0.707255709533572,0.416369069022844,TRUE,1210,"SPINK6","Serine protease inhibitor Kazal-type 6","ISK6","Q6UWN8"
"X3766.51",146,0.707241167873078,0.584464417556617,TRUE,1211,"STX1A","Syntaxin-1A","STX1a","Q16623"
"X23597.11",146,0.706813107142444,0.449203689790026,TRUE,1212,"AGFG2","Arf-GAP domain and FG repeat-containing protein 2","AGFG2","O95081"
"X7696.3",146,0.706809250739465,0.43068971090448,TRUE,1213,"NBR1","Next to BRCA1 gene 1 protein","NBR1","Q14596"
"X11814.29",145,0.70662142026207,0.625111831188635,TRUE,1214,"MET","Hepatocyte growth factor receptor","Met","P08581"
"X11926.23",146,0.705667755457774,0.657316172970467,TRUE,1215,"AAGAB","Alpha- and gamma-adaptin-binding protein p34","P34","Q6PD74"
"X12643.4",146,0.705636904233945,0.7249344004821,TRUE,1216,"ARRB1","Beta-arrestin-1","ARRB1","P49407"
"X5124.69",146,0.705019879757355,0.580037638359281,TRUE,1217,"ICAM5","Intercellular adhesion molecule 5","sICAM-5","Q9UMF0"
"X25964.12",145,0.704979794619641,0.59340184416311,TRUE,1218,"C1QTNF4","Complement C1q tumor necrosis factor-related protein 4","C1QT4","Q9BXJ3"
"X17366.6",145,0.704688474961272,0.751558832678914,TRUE,1219,"DCUN1D1","DCN1-like protein 1","DCNL1","Q96GG9"
"X8687.26",146,0.704672803489273,0.621930370252758,TRUE,1220,"TMEM106B","Transmembrane protein 106B","T106B","Q9NUM4"
"X9793.145",146,0.704614957444593,0.795098934244295,TRUE,1221,"IGDCC4","Immunoglobulin superfamily DCC subclass member 4","IGDC4","Q8TDY8"
"X9790.28",146,0.704456844922467,0.645172138134061,TRUE,1222,"BRSK2","Serine/threonine-protein kinase BRSK2","BR serine/threonine kinase 2","Q8IWQ3"
"X21832.31",135,0.704450054268955,0.676814455570633,TRUE,1223,"SERPINB3","Squamous cell carcinoma antigen 1","SCCA1","P29508"
"X19325.21",144,0.704217285141531,0.488711619656024,TRUE,1224,"ABHD14B","Protein ABHD14B","ABHEB","Q96IU4"
"X6545.58",146,0.704098199445449,0.613198519115181,TRUE,1225,"PRNP","Major prion protein","PRIO","P04156"
"X7935.26",145,0.704090088635975,0.693394325708735,TRUE,1226,"LARGE1","Glycosyltransferase-like protein LARGE1","LARGE","O95461"
"X12738.43",143,0.703382508962633,0.761648700857366,TRUE,1227,"NISCH","Nischarin","NISCH","Q9Y2I1"
"X13509.5",145,0.70322852407516,0.392782914992942,TRUE,1228,"SCAMP5","Secretory carrier-associated membrane protein 5","SCAM5","Q8TAC9"
"X4564.2",145,0.702798833934016,0.578393112730918,TRUE,1229,"PLXNC1","Plexin-C1","PLXC1","O60486"
"X8773.172",145,0.702188637352298,0.583781617499797,TRUE,1230,"EMILIN3","EMILIN-3:region 1","EMIL3:region 1","Q9NT22"
"X24697.48",137,0.701922785203025,0.693843179777863,TRUE,1231,"HNRNPA0","Heterogeneous nuclear ribonucleoprotein A0","ROA0","Q13151"
"X11360.39",131,0.701654450038171,0.758981837608566,TRUE,1232,"RRM1","Ribonucleoside-diphosphate reductase large subunit","RRM1","P23921"
"X8427.118",145,0.701279247607931,0.587951144838984,TRUE,1233,"RSPO3","R-spondin-3","RSPO3","Q9BXY4"
"X9468.8",146,0.70071999043612,0.588318746321324,TRUE,1234,"LMAN2","Vesicular integral-membrane protein VIP36","Lectin, mannose-binding 2","Q12907"
"X24454.27",144,0.700680272108844,0.629044274333873,TRUE,1235,"MTHFD2L","Probable bifunctional methylenetetrahydrofolate dehydrogenase/cyclohydrolase 2","MTD2L","Q9H903"
"X21397.21",146,0.700673713600376,0.671573801608969,TRUE,1236,"PRTG","Protogenin","PRTG","Q2VWP7"
"X8994.65",144,0.700616564441836,0.666887614764465,TRUE,1237,"SLAMF8","SLAM family member 8","SLAMF8","Q9P0V8"
"X24929.26",145,0.700614525799454,0.656804807469255,TRUE,1238,"SOX6","Transcription factor SOX-6","SOX6","P35712"
"X6468.37",145,0.700456466410647,0.630475649550198,TRUE,1239,"TAC4","Tachykinin-4","TKN4","Q86UU9"
"X24686.19",146,0.700156955601232,0.597899027265321,TRUE,1240,"ACBD4","Acyl-CoA-binding domain-containing protein 4","ACBD4","Q8NC06"
"X5897.58",144,0.699425032104551,0.68235414598067,TRUE,1241,"GRP","Gastrin-releasing peptide","Gastrin-releasing peptide","P07492"
"X20586.18",146,0.699084875573158,0.606434457770006,TRUE,1242,"CNTN3","Contactin-3","CNTN3","Q9P232"
"X5714.88",146,0.698907481036138,0.511449994902146,TRUE,1243,"IFNA6","Interferon alpha-6","IFNA6","P05013"
"X13954.9",144,0.69876183949533,0.512555734881894,TRUE,1244,"GNPNAT1","Glucosamine 6-phosphate N-acetyltransferase","GNA1","Q96EK6"
"X6221.1",146,0.697561596396577,0.636589720197245,TRUE,1245,"ADPGK","ADP-dependent glucokinase","ADPGK","Q9BRR6"
"X8002.27",146,0.697484468337003,0.603738084235731,TRUE,1246,"TMPRSS5","Transmembrane protease serine 5","Spinesin","Q9H3S3"
"X5586.66",145,0.697047239057305,0.792073832297222,TRUE,1247,"MINPP1","Multiple inositol polyphosphate phosphatase 1","MINP1","Q9UNW1"
"X3798.71",145,0.696338623672084,0.507375486994978,TRUE,1248,"CA9","Carbonic anhydrase 9","Carbonic anhydrase 9","Q16790"
"X3497.13",146,0.696188716936165,0.496285684587152,TRUE,1249,"IFNA2","Interferon alpha-2","IFN-aA","P01563"
"X18401.18",142,0.696014016644766,0.464486384576215,TRUE,1250,"ALKBH3","Alpha-ketoglutarate-dependent dioxygenase alkB homolog 3","ALKB3","Q96Q83"
"X8062.15",144,0.695990932421216,0.622369782182546,TRUE,1251,"EVA1B","Protein eva-1 homolog B","F176B","Q9NVM1"
"X5671.1",146,0.695625682101277,0.667175461194795,TRUE,1252,"CTRB1","Chymotrypsinogen B","Chymotrypsin","P17538"
"X7084.1",143,0.69523969784589,0.563152103350101,TRUE,1253,"DRAXIN","Draxin","DRAXI","Q8NBI3"
"X7999.23",146,0.694507325237458,0.573468741518627,TRUE,1254,"ENTPD1","Ectonucleoside triphosphate diphosphohydrolase 1","CD39","P49961"
"X19259.176",145,0.693545339306663,0.635143195831568,TRUE,1255,"EIF2S1","Eukaryotic translation initiation factor 2 subunit 1","IF2A","P05198"
"X8386.11",146,0.693442958015341,0.485206310923855,TRUE,1256,"PATE1","Prostate and testis expressed protein 1","PATE","Q8WXA2"
"X5193.51",144,0.693308199053847,0.609458184103309,TRUE,1257,"KRAS","GTPase KRas","K-ras","P01116"
"X10624.45",144,0.693263369862518,0.687805520798828,TRUE,1258,"SPINK13","Serine protease inhibitor Kazal-type 13","ISK13","Q1W4C9"
"X16057.6",146,0.693242425060449,0.786288956893471,TRUE,1259,"IGF2R","Cation-independent mannose-6-phosphate receptor","IGF-II receptor","P11717"
"X19136.22",146,0.69285678476258,0.683842789763078,TRUE,1260,"ALDH6A1","Methylmalonate-semialdehyde dehydrogenase [acylating], mitochondrial","MMSA","Q02252"
"X7038.45",139,0.692372663590557,0.444628542904226,TRUE,1261,"ST8SIA4","CMP-N-acetylneuraminate-poly-alpha-2,8-sialyltransferase","SIA8D","Q92187"
"X2617.56",146,0.692305319136629,0.689165309848546,TRUE,1262,"ERBB3","Receptor tyrosine-protein kinase erbB-3","ERBB3","P21860"
"X11202.70",146,0.69200837610727,0.769670878223084,TRUE,1263,"TBX5","T-box transcription factor TBX5","TBX5","Q99593"
"X22149.2",145,0.69181923221523,0.634836631510425,TRUE,1264,"FUNDC1","FUN14 domain-containing protein 1","FUND1","Q8IVP5"
"X7228.2",146,0.691815555958335,0.719245539413606,TRUE,1265,"ST6GALNAC6","Alpha-N-acetylgalactosaminide alpha-2,6-sialyltransferase 6","SIA7F","Q969X2"
"X9509.4",146,0.69165358703323,0.720104168717185,TRUE,1266,"TMEM38B","Trimeric intracellular cation channel type B","TM38B","Q9NVV0"
"X12697.30",135,0.69160563023017,0.717883798436716,TRUE,1267,"PIP4K2A","Phosphatidylinositol 5-phosphate 4-kinase type-2 alpha","PI42A","P48426"
"X21549.144",139,0.691488505952594,0.466135915968658,TRUE,1268,"TECTB","Beta-tectorin","TECTB","Q96PL2"
"X8060.7",145,0.691386189479817,0.707403915005029,TRUE,1269,"NRG2","Pro-neuregulin-2, membrane-bound isoform","NRG2","O14511"
"X5019.16",146,0.691329649183021,0.653902070261634,TRUE,1270,"UCHL1","Ubiquitin carboxyl-terminal hydrolase isozyme L1","PGP9.5","P09936"
"X15298.199",145,0.691319264693435,0.568148415005312,TRUE,1271,"NETO1","Neuropilin and tolloid-like protein 1","NETO1","Q8TDF5"
"X12695.62",144,0.691238238403196,0.479840098723025,TRUE,1272,"KLHL12","Kelch-like protein 12","KLH12","Q53G59"
"X5253.1",142,0.690199645391557,0.444014475026457,TRUE,1273,"PDE1A","Calcium/calmodulin-dependent 3',5'-cyclic nucleotide phosphodiesterase 1A","PDE1A","P54750"
"X17746.77",146,0.690003046558353,0.679451082880204,TRUE,1274,"FIS1","Mitochondrial fission 1 protein","FIS1","Q9Y3D6"
"X19150.20",141,0.689701972436411,0.76216207681349,TRUE,1275,"PRPSAP2","Phosphoribosyl pyrophosphate synthase-associated protein 2","KPRB","O60256"
"X12356.65",143,0.689157214945178,0.767770244502776,TRUE,1276,"SRI","Sorcin","Sorcin","P30626"
"X12425.104",144,0.688943819773109,0.479228074933307,TRUE,1277,"ARF6","ADP-ribosylation factor 6","ARF6","P62330"
"X7016.12",141,0.688813726224753,0.732084061369091,TRUE,1278,"GCNT1","Beta-1,3-galactosyl-O-glycosyl-glycoprotein beta-1,6-N-acetylglucosaminyltransferase","GCNT1","Q02742"
"X8053.16",146,0.688792136023046,0.634178272414754,TRUE,1279,"DNAJB14","DnaJ homolog subfamily B member 14:Cytoplasmic domain","DJB14:CD","Q8TBM8"
"X9321.400",146,0.688699582351557,0.750326252242344,TRUE,1280,"NMB","Neuromedin-B","NMB","P08949"
"X10076.1",144,0.688452208933807,0.629954871934782,TRUE,1281,"AP4M1","AP-4 complex subunit mu-1","AP4M1","O00189"
"X8838.10",144,0.688371821950871,0.641123714269204,TRUE,1282,"GOLM2","Protein CASC4","CASC4","Q6P4E1"
"X3839.60",146,0.688337080471561,0.621304980665399,TRUE,1283,"AIP","AH receptor-interacting protein","AIP","O00170"
"X8971.9",143,0.68754989257065,0.709554358666683,TRUE,1284,"NRXN1","Neurexin-1","NRX1A","Q9ULB1"
"X7928.183",145,0.687402196314019,0.60675531029291,TRUE,1285,"TPST1","Protein-tyrosine sulfotransferase 1","TPST1","O60507"
"X18212.43",142,0.687181701198375,0.589268068672075,TRUE,1286,"GSTM5","Glutathione S-transferase Mu 5","GSTM5-5","P46439"
"X13122.19",145,0.687008521100007,0.640472809563183,TRUE,1287,"FLRT2","Leucine-rich repeat transmembrane protein FLRT2","FLRT2","O43155"
"X5139.32",146,0.686096510340945,0.648677479535872,TRUE,1288,"UNC5C","Netrin receptor UNC5C","UNC5H3","O95185"
"X24428.76",145,0.686044634807907,0.635676628178338,TRUE,1289,"GDPD1","Lysophospholipase D GDPD1","GDPD1","Q8N9F7"
"X5980.55",145,0.685961963175693,0.653829403965482,TRUE,1290,"BOLA3","BolA-like protein 3","BOLA3","Q53S33"
"X9207.60",144,0.685522735402758,0.722837517923378,TRUE,1291,"CRYZL1","Quinone oxidoreductase-like protein 1","QORL1","O95825"
"X5097.14",143,0.685367064917155,0.553229344912981,TRUE,1292,"KIR3DS1","Killer cell immunoglobulin-like receptor 3DS1","KI3S1","Q14943"
"X19243.2",145,0.684776382636561,0.58729394196557,TRUE,1293,"PFDN2","Prefoldin subunit 2","PFD2","Q9UHV9"
"X24469.10",145,0.684749445903227,0.774340928427425,TRUE,1294,"LPIN1","Phosphatidate phosphatase LPIN1","LPIN1","Q14693"
"X9929.16",144,0.684566132228282,0.410961545309112,TRUE,1295,"HSD17B7","3-keto-steroid reductase:Extracellular domain (partial)","DHB7:ECD","P56937"
"X6172.7",146,0.684264718926069,0.477857944746019,TRUE,1296,"UBC","PolyUbiquitin K63-linked","PolyUbiquitin K63","P0CG48"
"X14023.84",144,0.683480274039225,0.76225519760553,TRUE,1297,"IBSP","Bone sialoprotein 2","BSP","P21815"
"X7776.20",146,0.682803142197147,0.749792490967639,TRUE,1298,"UNC5B","Netrin receptor UNC5B","UNC5B","Q8IZJ1"
"X13392.13",145,0.682772575797242,0.693291454798835,TRUE,1299,"ATP1B1","Sodium/potassium-transporting ATPase subunit beta-1","AT1B1","P05026"
"X25121.7",146,0.680990632797165,0.615879137686699,TRUE,1300,"NOMO2","Nodal modulator 2","NOMO2","Q5JPE7"
"X3852.19",144,0.680736983416266,0.679161885308149,TRUE,1301,"DNAJB1","DnaJ homolog subfamily B member 1","HSP 40","P25685"
"X18331.3",146,0.680601136096318,0.650985278079028,TRUE,1302,"GBA","Glucosylceramidase","GLCM","P04062"
"X2597.8",146,0.679764296649943,0.71298444598283,TRUE,1303,"VEGFA","Vascular endothelial growth factor A","VEGF","P15692"
"X11354.21",146,0.679563763695051,0.619627019189559,TRUE,1304,"PLCB1","1-phosphatidylinositol 4,5-bisphosphate phosphodiesterase beta-1","Phospholipase C-beta-1","Q9NQ66"
"X11645.9",144,0.679449511047159,0.45570133588194,TRUE,1305,"P4HA1","Prolyl 4-hydroxylase subunit alpha-1","P4HA1","P13674"
"X11365.17",145,0.678784645879303,0.558720142739706,TRUE,1306,"TENM4","Teneurin-4","TEN4","Q6N022"
"X18886.28",145,0.678403413944736,0.629201028561587,TRUE,1307,"DSCAML1","Down syndrome cell adhesion molecule-like protein 1","DSCL1","Q8TD84"
"X5837.49",146,0.675934888492108,0.636113091385091,TRUE,1308,"LIFR","Leukemia inhibitory factor receptor","LIF sR","P42702"
"X19270.26",143,0.675077673210233,0.710052334657745,TRUE,1309,"YARS1","Tyrosine--tRNA ligase, cytoplasmic","SYYC","P54577"
"X8750.46",145,0.674828850037596,0.55898393419881,TRUE,1310,"VCL","Vinculin","Vinculin","P18206"
"X3352.80",146,0.674164799524891,0.812631019658569,TRUE,1311,"CA6","Carbonic anhydrase 6","Carbonic anhydrase 6","P23280"
"X15313.28",146,0.674118522689147,0.733538369145883,TRUE,1312,"MAD2L1","Mitotic spindle assembly checkpoint protein MAD2A","MD2L1","Q13257"
"X18892.48",145,0.674096615580847,0.72560676310993,TRUE,1313,"GPC4","Glypican-4","GPC4","O75487"
"X7076.17",146,0.673115857914689,0.750846061776335,TRUE,1314,"ECEL1","Endothelin-converting enzyme-like 1","ECEL1","O95672"
"X20069.23",146,0.672923037765754,0.711598699499663,TRUE,1315,"GLYATL2","Glycine N-acyltransferase-like protein 2","GLYL2","Q8WU03"
"X19131.184",146,0.672807345676394,0.577526299664184,TRUE,1316,"TIAL1","Nucleolysin TIAR","TIAR","Q01085"
"X13574.50",143,0.672636979273548,0.613956371350478,TRUE,1317,"RND1","Rho-related GTP-binding protein Rho6","RND1","Q92730"
"X13475.10",145,0.672509462967957,0.646494052987341,TRUE,1318,"UBE2D4","Ubiquitin-conjugating enzyme E2 D4","UB2D4","Q9Y2X8"
"X5639.49",146,0.672171039184911,0.621966369960825,TRUE,1319,"NETO1","Neuropilin and tolloid-like protein 1","NETO1","Q8TDF5"
"X15312.14",144,0.671920625893049,0.801651779369977,TRUE,1320,"AGO1","Protein argonaute-1","AGO1","Q9UL18"
"X11851.21",146,0.671912660185339,0.576086153065084,TRUE,1321,"TREM2","Triggering receptor expressed on myeloid cells 2","TREM2","Q9NZC2"
"X5114.65",146,0.671561727514278,0.656114736130275,TRUE,1322,"PRLR","Prolactin receptor","Prolactin Receptor","P16471"
"X2681.23",146,0.671206938440239,0.626688305990897,TRUE,1323,"HGF","Hepatocyte growth factor","HGF","P14210"
"X3432.21",146,0.671091246350879,0.591768426240358,TRUE,1324,"EPHA3","Ephrin type-A receptor 3","EPHA3","P29320"
"X10058.1",146,0.671052682321092,0.6524048325371,TRUE,1325,"RAD23A","UV excision repair protein RAD23 homolog A","RD23A","P54725"
"X4246.40",145,0.670859963821248,0.655762161265661,TRUE,1326,"L1CAM","Neural cell adhesion molecule L1","NCAM-L1","P32004"
"X11203.97",133,0.670027675394406,0.464894838199432,TRUE,1327,"PKLR","Pyruvate kinase PKLR","KPYR","P30613"
"X7233.73",145,0.669986654436514,0.609989396308719,TRUE,1328,"P2RX6","P2X purinoceptor 6","P2RX6","O15547"
"X18824.7",146,0.669834058979827,0.711147004552258,TRUE,1329,"EIF4A2","Eukaryotic initiation factor 4A-II","IF4A2","Q14240"
"X2212.69",145,0.669127792879597,0.651771493416088,TRUE,1330,"PLAT","Tissue-type plasminogen activator","tPA","P00750"
"X10490.3",145,0.668954575785431,0.793651003305863,TRUE,1331,"RPN1","Dolichyl-diphosphooligosaccharide--protein glycosyltransferase subunit 1:Cytoplasmic domain","RPN1:CD","P04843"
"X8877.22",145,0.66858058433212,0.690013752327574,TRUE,1332,"EVA1C","Protein eva-1 homolog C:Extracellular domain","F176C:ECD","P58658"
"X24957.6",146,0.66824136454963,0.678724802248883,TRUE,1333,"None","Espin","ESPN","B1AK53"
"X4282.3",138,0.667969713299296,0.531640070622378,TRUE,1334,"RAN","GTP-binding nuclear protein Ran","RAN","P62826"
"X18317.111",144,0.667608532257222,0.609005051618618,TRUE,1335,"ZFAND5","AN1-type zinc finger protein 5","ZFAN5","O76080"
"X7838.27",144,0.667600493575083,0.706370910135954,TRUE,1336,"SMR3A","Submaxillary gland androgen-regulated protein 3A","SMR3A","Q99954"
"X10880.38",146,0.667473940356871,0.674812345482731,TRUE,1337,"FAM163B","Protein FAM163B","F163B","P0C2L3"
"X12368.18",145,0.666998665443651,0.409876797695759,TRUE,1338,"KAT2B","Histone acetyltransferase KAT2B","PCAF","Q92831"
"X15324.58",146,0.666378721910925,0.63307066344458,TRUE,1339,"FTL","Ferritin light chain","Ferritin light chain","P02792"
"X15441.6",145,0.665391815098626,0.605425469316492,TRUE,1340,"GM2A","Ganglioside GM2 activator","SAP3","P17900"
"X22383.21",145,0.66521072450018,0.684966157424884,TRUE,1341,"MITF","MITF","MITF","O75030"
"X6356.3",146,0.664813022301578,0.576717211399205,TRUE,1342,"CPB1","Carboxypeptidase B","Carboxypeptidase B1","P15086"
"X24940.3",146,0.6648091658986,0.712574554544693,TRUE,1343,"IKBKB","Inhibitor of nuclear factor kappa B kinase beta subunit","IKK-beta","O14920"
"X18947.3",146,0.664435094809667,0.758414373598599,TRUE,1344,"LRRC3B","Leucine-rich repeat-containing protein 3B","LRC3B","Q96PB8"
"X21768.9",143,0.664250622822175,0.751654856970696,TRUE,1345,"MGAT5","Alpha-1,6-mannosylglycoprotein 6-beta-N-acetylglucosaminyltransferase A","MGT5A","Q09328"
"X3323.37",145,0.663049447575256,0.713163772375502,TRUE,1346,"LRP8","Low-density lipoprotein receptor-related protein 8","LRP8","Q14114"
"X5347.59",146,0.663039076931383,0.582753867609961,TRUE,1347,"CCNB1","G2/mitotic-specific cyclin-B1","Cyclin B1","P14635"
"X6467.65",146,0.662745990305003,0.732649920472507,TRUE,1348,"POGLUT1","Protein O-glucosyltransferase 1","KTEL1","Q8NBL1"
"X18326.50",144,0.662339176115468,0.635856571109668,TRUE,1349,"MAGEA8","Melanoma-associated antigen 8","MAGA8","P43361"
"X16923.20",146,0.662248514320752,0.640151839224792,TRUE,1350,"PFN2","Profilin-2","Profilin II","P35080"
"X9350.3",144,0.661016131657801,0.681598086671082,TRUE,1351,"FSTL4","Follistatin-related protein 4","FSTL4","Q6MZW2"
"X8068.43",145,0.660888838148628,0.746844855457632,TRUE,1352,"MYORG","Uncharacterized family 31 glucosidase KIAA1161:Extracellular domain","K1161:ECD","Q6NSJ0"
"X3392.68",145,0.660648028769785,0.762071612918099,TRUE,1353,"AKT3","Protein kinase B gamma","PKB gamma","Q9Y243"
"X6411.58",146,0.660528558592259,0.786318598736606,TRUE,1354,"DEFB135","Beta-defensin 135","DB135","Q30KP9"
"X17355.56",145,0.660329151846435,0.774939187698802,TRUE,1355,"SYT4","Synaptotagmin-4","SYT4","Q9H2B2"
"X25948.18",141,0.660230982478298,0.763786499009326,TRUE,1356,"PKN2","Serine/threonine-protein kinase N2","PKN2","Q16513"
"X23571.93",141,0.659232778182129,0.593859318336506,TRUE,1357,"YJU2","Coiled-coil domain-containing protein 94","CCD94","Q9BW85"
"X18214.2",136,0.659210840211842,0.62771495292518,TRUE,1358,"GCLM","Glutamate--cysteine ligase regulatory subunit","GSH0","P48507"
"X17331.138",146,0.659020705027592,0.743722345980383,TRUE,1359,"KREMEN1","Kremen protein 1","KREM1","Q96MU8"
"X24662.78",143,0.657330832468017,0.605024649958736,TRUE,1360,"TTC36","Tetratricopeptide repeat protein 36","TTC36","A6NLP5"
"X10367.62",146,0.656791704105912,0.711337746168884,TRUE,1361,"IL12A|IL12B","Interleukin-12","IL-12","P29459|P29460"
"X10623.19",145,0.656534122783363,0.668602742672705,TRUE,1362,"MUC1","Mucin-1:region 1","MUC1:region 1","P15941"
"X14073.31",146,0.656456197046767,0.702817187124174,TRUE,1363,"HPX","Hemopexin","Hemopexin","P02790"
"X5934.1",146,0.656436915031873,0.651605454348256,TRUE,1364,"FTH1|FTL","Ferritin","Ferritin","P02794|P02792"
"X19560.23",146,0.656371356181235,0.634474120669125,TRUE,1365,"PLXNA4","Plexin-A4","PLXA4","Q9HCM2"
"X19303.64",146,0.656348217763363,0.838358495795333,TRUE,1366,"PET117","Protein PET117 homolog, mitochondrial","PT117","Q6UWS5"
"X17787.1",143,0.656025676280223,0.668525401905474,TRUE,1367,"ECHS1","Enoyl-CoA hydratase, mitochondrial","Enoyl-CoA hydratase","P30084"
"X25413.80",144,0.65567843599086,0.691925089946184,TRUE,1368,"GAGE2B","G antigen 2","GAGE-2","Q13066"
"X7219.152",146,0.65556536795869,0.671454877404408,TRUE,1369,"HSPA1A","Heat shock 70 kDa protein 1A","HSP 70","P0DMV8"
"X20970.14",141,0.655483627894232,0.700812993038383,TRUE,1370,"DBNDD1","Dysbindin domain-containing protein 1","DBND1","Q9H9R9"
"X9175.48",145,0.655440383911313,0.662275271718121,TRUE,1371,"DSCAM","Down syndrome cell adhesion molecule","DSCAM","O60469"
"X17400.71",145,0.655018473209418,0.654412168596098,TRUE,1372,"ACOT8","Acyl-coenzyme A thioesterase 8","ACOT8","O14734"
"X8913.22",146,0.654589698005083,0.478045276000926,TRUE,1373,"SIGLEC11","Sialic acid-binding Ig-like lectin 11:Cytoplasmic domain, Isoform 2","SIG11:CD","Q96RL6"
"X5637.81",144,0.653255465299019,0.670954436821603,TRUE,1374,"NTNG1","Netrin-G1","NTNG1","Q9Y2I2"
"X7967.38",146,0.65275019378425,0.673419675798375,TRUE,1375,"POTEM","Putative POTE ankyrin domain family member M","POTEM","A6NI47"
"X4545.53",145,0.652707599703169,0.485471692625834,TRUE,1376,"DNAJC19","Mitochondrial import inner membrane translocase subunit TIM14","DnaJ homolog","Q96DA6"
"X6247.9",146,0.652379979098296,0.602133844175891,TRUE,1377,"SIRPB1","Signal-regulatory protein beta-1","SIRB1","O00241"
"X7915.31",146,0.652067610457022,0.616114135937161,TRUE,1378,"APLP2","Amyloid-like protein 2","APLP2","Q06481"
"X4986.59",144,0.652065041107893,0.642432764000547,TRUE,1379,"PTK2","Focal adhesion kinase 1","FAK1","Q05397"
"X15670.15",145,0.651759527905613,0.510286565296218,TRUE,1380,"C1QL2","Complement C1q-like protein 2","C1QL2","Q7Z5L3"
"X23581.131",143,0.651716198301655,0.544231896817493,TRUE,1381,"GHRL","Obestatin","Obestatin","Q9UBU3"
"X24408.30",146,0.651527714040006,0.802724389894128,TRUE,1382,"MBNL1","Muscleblind-like protein 1","MBNL1","Q9NR56"
"X8366.19",145,0.65105091391521,0.66489381814786,TRUE,1383,"C1orf115","Uncharacterized protein C1orf115","CA115","Q9H7X2"
"X17224.12",142,0.650605161952865,0.727275748871645,TRUE,1384,"OGN","Mimecan","MIME","P20774"
"X5138.50",143,0.650519187358917,0.54863500993037,TRUE,1385,"TNFRSF12A","Tumor necrosis factor receptor superfamily member 12A","TWEAKR","Q9NP84"
"X21144.160",141,0.649705226292873,0.741625104015518,TRUE,1386,"SGK1","Serine/threonine-protein kinase Sgk1","SGK1","O00141"
"X3522.57",145,0.649215700554885,0.715536496101348,TRUE,1387,"VIP","Vasoactive Intestinal Peptide","Vasoactive Intestinal Peptide","P01282"
"X13640.5",146,0.648805093537054,0.624137296160607,TRUE,1388,"BCL6","B-cell lymphoma 6 protein","BCL6","P41182"
"X9942.2",144,0.648094631366134,0.779400713233659,TRUE,1389,"NXT1","NTF2-related export protein 1","NXT1","Q9UKK6"
"X4594.22",138,0.64782872774269,0.560892888561004,TRUE,1390,"ADCYAP1","Pituitary adenylate cyclase-activating polypeptide 38","PACAP-38","P18509"
"X19317.114",138,0.647186962686925,0.612012626235217,TRUE,1391,"ACP3","Prostatic acid phosphatase","Prostatic acid phosphatase","P15309"
"X23682.79",144,0.647149377101366,0.440676111490049,TRUE,1392,"HENMT1","Small RNA 2'-O-methyltransferase","HENMT","Q5T8I9"
"X22094.15",144,0.647030215335765,0.617119541019012,TRUE,1393,"C2orf73","Uncharacterized protein C2orf73","CB073","Q8N5S3"
"X12332.7",146,0.646768912764308,0.776950840813579,TRUE,1394,"EEF2K","Eukaryotic elongation factor 2 kinase","EF2K","O00418"
"X3115.64",145,0.64633399798832,0.715999857870306,TRUE,1395,"MAPK1","Mitogen-activated protein kinase 1","MK01","P28482"
"X20546.71",145,0.646164717646295,0.615340410912747,TRUE,1396,"RTN4RL1","Reticulon-4 receptor-like 1","R4RL1","Q86UN2"
"X17793.4",144,0.645931514309888,0.512425065048213,TRUE,1397,"DIRAS1","GTP-binding protein Di-Ras1","DIRA1","O95057"
"X23370.39",142,0.645796176875567,0.699207573869952,TRUE,1398,"KCNAB3","Voltage-gated potassium channel subunit beta-3","KCAB3","O43448"
"X8343.224",146,0.645010393006028,0.461798564390856,TRUE,1399,"PAPOLG","Poly(A) polymerase gamma","PAPOG","Q9BWT3"
"X13459.30",144,0.644666133434085,0.511515683657841,TRUE,1400,"TOR4A","Torsin-4A","CI167","Q9NXH8"
"X3495.15",146,0.644096425500079,0.74961883733052,TRUE,1401,"CXCL6","C-X-C motif chemokine 6","GCP-2","P80162"
"X9547.29",143,0.643622588231431,0.802470501258894,TRUE,1402,"EMID1","EMI domain-containing protein 1","EMID1","Q96A84"
"X4337.49",146,0.643294293680512,0.626954978746885,TRUE,1403,"CRP","C-reactive protein","CRP","P02741"
"X16836.1",145,0.642934752655324,0.452876512514891,TRUE,1404,"CFHR3","Complement factor H-related protein 3","FHR3","Q02985"
"X25064.34",146,0.642364900562649,0.769665513762844,TRUE,1405,"INPP4A","Type I inositol-3,4-bisphosphate 4-phosphatase","INP4A","Q96PE3"
"X9345.436",143,0.641815976704145,0.576758693553011,TRUE,1406,"WFDC13","WAP four-disulfide core domain protein 13","WFD13","Q8IUB5"
"X7933.75",143,0.641696952782389,0.676031756444033,TRUE,1407,"ADAM22","Disintegrin and metalloproteinase domain-containing protein 22","ADA22","Q9P0K1"
"X21705.33",146,0.641651466011592,0.768006550031105,TRUE,1408,"METRNL","Meteorin-like protein","METRL","Q641Q3"
"X5106.52",143,0.640602586912758,0.534093842599935,TRUE,1409,"NOTCH2","Neurogenic locus notch homolog protein 2","NOTC2","Q04721"
"X20540.65",145,0.640413830570395,0.6446341406031,TRUE,1410,"SEMA4G","Semaphorin-4G","SEM4G","Q9NTN9"
"X9989.12",145,0.639480822149699,0.554027200777493,TRUE,1411,"LRRC24","Leucine-rich repeat-containing protein 24","LRC24","Q50LG9"
"X2911.27",142,0.639128566787874,0.812953643775489,TRUE,1412,"MDK","Midkine","Midkine","P21741"
"X13473.55",146,0.638527779598857,0.45631954623009,TRUE,1413,"ITPKA","Inositol-trisphosphate 3-kinase A","IP3KA","P23677"
"X6213.10",145,0.638055720680112,0.581409270338033,TRUE,1414,"CGB2","Choriogonadotropin subunit beta variant 2","CGB2","Q6NT52"
"X6521.35",145,0.638035324476953,0.660279212524476,TRUE,1415,"NPTX2","Neuronal pentraxin-2","NPTX2","P47972"
"X17761.2",146,0.637910755122267,0.67175204736192,TRUE,1416,"NUDT5","ADP-sugar pyrophosphatase","NUDT5","Q9UKK9"
"X3284.75",140,0.637782739624771,0.726637696353452,TRUE,1417,"BGN","Biglycan","BGN","P21810"
"X21131.109",145,0.637779435587846,0.610241655197891,TRUE,1418,"TYW5","tRNA wybutosine-synthesizing protein 5","TYW5","A2RUC4"
"X21308.44",143,0.637754233027361,0.564951169809878,TRUE,1419,"DHRS4","Dehydrogenase/reductase SDR family member 4","DHRS4","Q9BTZ2"
"X5650.9",145,0.637633775758661,0.714364066860998,TRUE,1420,"PDIA6","Protein disulfide-isomerase A6","PDIA6","Q15084"
"X19273.3",146,0.637567535257164,0.573400866730021,TRUE,1421,"GSR","Glutathione reductase, mitochondrial","Glutathione reductase","P00390"
"X9049.2",145,0.637523546698738,0.690363551045092,TRUE,1422,"SLC16A3","Monocarboxylate transporter 4","MOT4","O15427"
"X17156.72",146,0.637494263600569,0.697284162377986,TRUE,1423,"DCLK1","Serine/threonine-protein kinase DCLK1","DCAK1","O15075"
"X2844.53",145,0.637335296456536,0.659828476863982,TRUE,1424,"TIE1","Tyrosine-protein kinase receptor Tie-1, soluble","sTie-1","P35590"
"X10575.31",146,0.637313012660571,0.843752872557747,TRUE,1425,"PUF60","Poly(U)-binding-splicing factor PUF60","PUF60","Q9UHX1"
"X21661.82",146,0.637301443451635,0.593454189321313,TRUE,1426,"FAM20C","Dentin matrix protein 4","DMP4","Q8IXL6"
"X25453.57",145,0.637260498313105,0.759876316886474,TRUE,1427,"ROPN1B","Ropporin-1B","ROP1B","Q9BZX4"
"X12893.159",144,0.637210984837066,0.723516041648952,TRUE,1428,"IFI16","Gamma-interferon-inducible protein 16:Isoform 2, Hematopoietic expression, interferon-inducible nature, and nuclear localization 2","IP16:HIN 2","Q16666"
"X15612.5",145,0.63657085268083,0.518375683826442,TRUE,1429,"LIN7B","Protein lin-7 homolog B","LIN7B","Q9HAP6"
"X22797.20",144,0.636229536529781,0.719139307529772,TRUE,1430,"TAF12","Transcription initiation factor TFIID subunit 12","TAF12","Q16514"
"X5587.3",145,0.636110252680436,0.525127789895107,TRUE,1431,"CCDC134","Coiled-coil domain-containing protein 134","CC134","Q9H6E4"
"X19183.164",144,0.635987644520723,0.807491833261965,TRUE,1432,"RPL12","60S ribosomal protein L12","RL12","P30050"
"X22070.5",145,0.635599192180051,0.709665470632242,TRUE,1433,"ARHGEF16","Rho guanine nucleotide exchange factor 16","ARHGG","Q5VV41"
"X24446.65",144,0.635498016455182,0.769096405715921,TRUE,1434,"MBNL2","Muscleblind-like protein 2","MBNL2","Q5VZF2"
"X21931.16",143,0.635361451593375,0.619055120821707,TRUE,1435,"UBE2L3|UBB","UB2L3/PolyUbiquitin K48","UB2L3/ PolyUbiquitin K48","P68036|P0CG47"
"X15422.12",136,0.635189488098248,0.768278466899523,TRUE,1436,"PMP2","Myelin P2 protein","MYP2","P02689"
"X13682.47",144,0.634604988414226,0.616221327069443,TRUE,1437,"CSF1R","Macrophage colony-stimulating factor 1 receptor","M-CSF R","P07333"
"X4717.55",145,0.634179467596784,0.700006179642344,TRUE,1438,"IL3","Interleukin-3","IL-3","P08700"
"X8360.169",145,0.633933228746952,0.71027318313594,TRUE,1439,"NCR1","Natural cytotoxicity triggering receptor 1","NKp46","O76036"
"X4232.19",145,0.633913544986251,0.620887169574387,TRUE,1440,"IGF1R","Insulin-like growth factor 1 receptor","IGF-I sR","P08069"
"X9603.9",145,0.63377254278257,0.644769643334809,TRUE,1441,"IL22RA1","Interleukin-22 receptor subunit alpha-1","IL22RA1","Q8N6P7"
"X7046.6",144,0.633757641772208,0.737426086001258,TRUE,1442,"C20orf173","Uncharacterized protein C20orf173","CT173","Q96LM9"
"X21552.9",144,0.633539860890326,0.786542454901064,TRUE,1443,"ACOX1","Peroxisomal acyl-coenzyme A oxidase 1","ACOX1","Q15067"
"X24307.22",143,0.633234694170713,0.448154928809827,TRUE,1444,"KDM8","Lysine-specific demethylase 8","KDM8","Q8N371"
"X20386.15",133,0.632608085703354,0.664713936272349,TRUE,1445,"PTRHD1","Putative peptidyl-tRNA hydrolase PTRHD1","PTRD1","Q6GMV3"
"X12931.16",145,0.632330970625924,0.663290797640269,TRUE,1446,"NR3C2","Mineralocorticoid receptor","MCR","P08235"
"X15472.16",145,0.631665659514244,0.772511426234152,TRUE,1447,"LRP11","Low-density lipoprotein receptor-related protein 11","LRP11","Q86VZ4"
"X25233.2",144,0.631555042866273,0.567514249949651,TRUE,1448,"MPI","Mannose-6-phosphate isomerase","MPI","P34949"
"X9121.28",146,0.631401146894246,0.484837450763765,TRUE,1449,"FUT2","Galactoside 2-alpha-L-fucosyltransferase 2","FUT2","Q10981"
"X5618.50",146,0.631108060267866,0.703515692864516,TRUE,1450,"FAM3B","Protein FAM3B","FAM3B","P58499"
"X6706.18",146,0.630406194925745,0.61671372604956,TRUE,1451,"ALPG","Alkaline phosphatase, placental-like","PPBN","P10696"
"X18910.45",144,0.630252776359843,0.632548689197494,TRUE,1452,"LIN7A","Protein lin-7 homolog A","LIN7A","O14910"
"X5630.48",146,0.63024422600064,0.587183768407972,TRUE,1453,"CD300A","CMRF35-like molecule 8","CM35H","Q9UGN4"
"X9715.15",145,0.629413837290097,0.638939020112154,TRUE,1454,"IGSF3","Immunoglobulin superfamily member 3","IGSF3","O75054"
"X21567.214",145,0.628862691990481,0.621533798979155,TRUE,1455,"C1QTNF4","Complement C1q tumor necrosis factor-related protein 4","C1QT4","Q9BXJ3"
"X15358.28",146,0.628431716600658,0.716532680125871,TRUE,1456,"SCG5","Neuroendocrine protein 7B2","7B2","P05408"
"X25912.131",145,0.62827291086817,0.750435905770356,TRUE,1457,"FKBP1A","FK506 binding protein 1A","FK506 binding protein 1A","P62942"
"X12018.84",144,0.6280903708646,0.6253599817233,TRUE,1458,"TPK1","Thiamin pyrophosphokinase 1","TPK1","Q9H3S4"
"X21306.7",144,0.628001197766046,0.715043794950875,TRUE,1459,"HAUS1","HAUS augmin-like complex subunit 1","HAUS1","Q96CS2"
"X15434.5",145,0.62782732617763,0.775961608484816,TRUE,1460,"PNOC","Prepronociceptin","PNOC","Q13519"
"X2944.66",146,0.627699000034708,0.722512130202519,TRUE,1461,"NBL1","Neuroblastoma suppressor of tumorigenicity 1","DAN","P41271"
"X25480.21",135,0.627693590991241,0.709707282027192,TRUE,1462,"UBAC1","Ubiquitin-associated domain-containing protein 1","UBAC1","Q9BSL1"
"X7921.65",144,0.627455314975663,0.690606402433526,TRUE,1463,"FJX1","Four-jointed box protein 1","FJX1","Q86VR8"
"X11441.11",143,0.627038019778411,0.765855741582026,TRUE,1464,"PYGL","Glycogen phosphorylase, liver form","PYGL","P06737"
"X24696.14",145,0.626638427031315,0.652356937322456,TRUE,1465,"MAGIX","PDZ domain-containing protein MAGIX","MAGIX","Q9H6Y5"
"X25085.37",146,0.62637239741004,0.45489451001642,TRUE,1466,"ASPSCR1","Tether containing UBX domain for GLUT4","ASPC1","Q9BZE9"
"X7859.21",145,0.626367526582867,0.702138731139762,TRUE,1467,"PCDHGC3","Protocadherin gamma-C3","PCDGK","Q9UN70"
"X18319.7",146,0.626291412947487,0.812006136953842,TRUE,1468,"PDHX","Pyruvate dehydrogenase protein X component, mitochondrial","ODPX","O00330"
"X12504.26",141,0.62460343624368,0.753710034007646,TRUE,1469,"LMOD1","Leiomodin-1","LMOD1","P29536"
"X23584.2",136,0.624307573393642,0.709698625193506,TRUE,1470,"NUDT15","Nucleotide triphosphate diphosphatase NUDT15","NUD15","Q9NV35"
"X5749.53",145,0.623810123692022,0.699786245147178,TRUE,1471,"CLPS","Colipase","COL","P04118"
"X10069.2",146,0.623784751011342,0.567988093711343,TRUE,1472,"PIN1","Peptidyl-prolyl cis-trans isomerase NIMA-interacting 1","PIN1","Q13526"
"X5122.92",146,0.62373076136964,0.654902950382661,TRUE,1473,"SEMA6A","Semaphorin-6A","Semaphorin-6A","Q9H2E6"
"X5352.11",145,0.623454335733435,0.684154630224051,TRUE,1474,"TNFRSF14","Tumor necrosis factor receptor superfamily member 14","HVEM","Q92956"
"X4187.49",143,0.622649795402403,0.454305577143725,TRUE,1475,"PGD","6-phosphogluconate dehydrogenase, decarboxylating","6-Phosphogluconate dehydrogenase","P52209"
"X23580.2",143,0.620121568321643,0.790046205631586,TRUE,1476,"PRR15","Proline-rich protein 15","PRR15","Q8IV56"
"X20449.72",146,0.619261190317343,0.599079465106223,TRUE,1477,"JOSD1","Josephin-1","JOS1","Q15040"
"X3459.49",146,0.619087652183303,0.669524281519262,TRUE,1478,"PDGFRB","Platelet-derived growth factor receptor beta","PDGF Rb","P09619"
"X8307.47",145,0.618926329588826,0.622893344126127,TRUE,1479,"C11orf68","UPF0696 protein C11orf68","CK068","Q9H3H3"
"X17166.4",146,0.618902544840326,0.68525234425538,TRUE,1480,"FGF8","Fibroblast growth factor 8 isoform F","FGF-8F","P55075"
"X11636.33",146,0.618844698795645,0.789807926540739,TRUE,1481,"TAGLN2","Transgelin-2","Transgelin-2","P37802"
"X21130.82",146,0.618817703974795,0.750343691062744,TRUE,1482,"ITPK1","Inositol-tetrakisphosphate 1-kinase","ITPK1","Q13572"
"X5496.49",145,0.618785356885563,0.836980729199604,TRUE,1483,"SPON1","Spondin-1","Spondin-1","Q9HCB6"
"X11242.33",141,0.618610505764941,0.509269960545058,TRUE,1484,"TGM1","Protein-glutamine gamma-glutamyltransferase K","TGM1","P22735"
"X4562.1",146,0.618084987408844,0.718559570103853,TRUE,1485,"NXPH1","Neurexophilin-1","NXPH1","P58417"
"X20578.10",144,0.617667451109642,0.726053257933909,TRUE,1486,"ADGRL3","Latrophilin-3","LPHN3","Q9HAR2"
"X15688.30",146,0.617664639484167,0.804471784938361,TRUE,1487,"LMAN1","Protein ERGIC-53","Mannose-binding lectin","P49257"
"X15542.19",143,0.61651723692122,0.706115801470323,TRUE,1488,"CKMT1A","Creatine kinase U-type, mitochondrial","KCRU","P12532"
"X8045.3",146,0.616311042038649,0.677024421200609,TRUE,1489,"KIR3DL3","Killer cell immunoglobulin-like receptor 3DL3:Cytoplasmic domain","KI3L3:CD","Q8N743"
"X9058.1",146,0.615292951652276,0.628824451118403,TRUE,1490,"TIMM21","Mitochondrial import inner membrane translocase subunit Tim21","TIM21","Q9BVV7"
"X11429.80",145,0.614995787700084,0.578979488769917,TRUE,1491,"HNRNPC","Heterogeneous nuclear ribonucleoproteins C1/C2","hnRNP C1/C2","P07910"
"X8528.74",144,0.614331391317804,0.712127731247191,TRUE,1492,"ISLR2","Immunoglobulin superfamily containing leucine-rich repeat protein 2","ISLR2","Q6UXK2"
"X8918.64",145,0.614304582576329,0.562854643158881,TRUE,1493,"PTK2B","Protein-tyrosine kinase 2-beta:Focal adhesion targeting domain","FAK2:FAT","Q14289"
"X18275.5",146,0.614259435653988,0.640081208463475,TRUE,1494,"CRIP1","Cysteine-rich protein 1","CRIP1","P50238"
"X23663.28",145,0.613848679419094,0.854608268249177,TRUE,1495,"ATP6V1C1","Vacuolar ATP synthase subunit C 1","VATC1","P21283"
"X8458.111",144,0.613427037759776,0.709236336224766,TRUE,1496,"SNCA","Alpha-synuclein","a-Synuclein","P37840"
"X24023.35",144,0.613238905613814,0.78133316525977,TRUE,1497,"PROCR","soluble Endothelial protein C receptor","sEPCR","Q9UNN8"
"X11116.16",146,0.613233632461658,0.7356141600885,TRUE,1498,"C11orf87","Uncharacterized protein C11orf87","CK087","Q6NUJ2"
"X19206.20",141,0.613111216717829,0.45519768211374,TRUE,1499,"NUDT1","7,8-dihydro-8-oxoguanine triphosphatase","8ODP","P36639"
"X9248.36",146,0.612959827850171,0.671869603781572,TRUE,1500,"MYDGF","Myeloid-derived growth factor","CS010","Q969H8"
"X24664.3",146,0.612554905537409,0.639857331501964,TRUE,1501,"EMC10","UPF0510 protein INM02","INM02","Q5UCC4"
"X22782.80",146,0.612296526537837,0.6680098204046,TRUE,1502,"SPC25","Kinetochore protein Spc25","SPC25","Q9HBM1"
"X5620.13",145,0.612140132353346,0.839005129613901,TRUE,1503,"PAM","Peptidyl-glycine alpha-amidating monooxygenase","AMD","P19021"
"X7124.18",146,0.611667932852311,0.801739698421592,TRUE,1504,"IL21","Interleukin-21","IL-21","Q9HBE4"
"X6388.21",145,0.611600798371763,0.62577118243733,TRUE,1505,"CCDC126","Coiled-coil domain-containing protein 126","CC126","Q96EE4"
"X22970.8",145,0.60963559453815,0.675659541054163,TRUE,1506,"GIPC1","PDZ domain-containing protein GIPC1","GIPC1","O14908"
"X5490.53",146,0.60929624502042,0.733229191435909,TRUE,1507,"SPOCK1","Testican-1","Testican-1","Q08629"
"X6936.7",146,0.609145845304251,0.773707894497855,TRUE,1508,"PMEPA1","Protein TMEPAI","PMEPA","Q969W9"
"X20075.130",144,0.608754107255901,0.576537916310934,TRUE,1509,"MAGEA4","Melanoma-associated antigen 4","MAGE-4","P43358"
"X11563.51",145,0.608580544964599,0.617298803574359,TRUE,1510,"SYTL4","Synaptotagmin-like protein 4:Ca2+-dependent membrane-targeting module 2","SYTL4:C2 2","Q96C24"
"X21508.7",145,0.60857737867938,0.66484481137749,TRUE,1511,"ST8SIA1","Alpha-N-acetylneuraminide alpha-2,8-sialyltransferase","SIA8A","Q92185"
"X10576.7",146,0.608397703126386,0.600544701852932,TRUE,1512,"PLXDC2","Plexin domain-containing protein 2:Extracellular domain","PXDC2:ECD","Q6UX71"
"X17849.6",146,0.608339857081706,0.554297488844861,TRUE,1513,"DRG1","Developmentally-regulated GTP-binding protein 1","DRG1","Q9Y295"
"X14283.12",145,0.607541242399608,0.790761868470083,TRUE,1514,"RAB14","Ras-related protein Rab-14","RAB14","P61106"
"X19135.5",146,0.607479879217459,0.755272063805255,TRUE,1515,"NT5C3B","7-methylguanosine phosphate-specific 5'-nucleotidase","Cytosolic 5'-nucleotidase III-like protein","Q969T7"
"X4909.68",146,0.607464453605544,0.825768820292642,TRUE,1516,"LGALS8","Galectin-8","Galectin-8","O00214"
"X9971.5",146,0.606766444666402,0.654066163066093,TRUE,1517,"CSMD2","CUB and sushi domain-containing protein 2","CSMD2","Q7Z408"
"X11433.11",145,0.606762539515072,0.584099191263129,TRUE,1518,"TCTN2","Tectonic-2","TECT2","Q96GX1"
"X11830.48",146,0.606662321785977,0.506295723305141,TRUE,1519,"PTPN11","Tyrosine-protein phosphatase non-receptor type 11","SHP-2","Q06124"
"X13240.170",144,0.606032227076693,0.642051121180604,TRUE,1520,"SHANK1","SH3 and multiple ankyrin repeat domains protein 1","SHAN1","Q9Y566"
"X19177.7",144,0.605690583085809,0.8480473902745,TRUE,1521,"MOB1B","MOB kinase activator 1B","MOL1A","Q7L9L4"
"X5260.80",143,0.6055965754015,0.674751611888374,TRUE,1522,"TYK2","Non-receptor tyrosine-protein kinase TYK2","TYK2","P29597"
"X4137.57",145,0.605478384278187,0.781015239043189,TRUE,1523,"IL25","Interleukin-25","IL-17E","Q9H293"
"X22152.162",146,0.605220027071949,0.674685353536284,TRUE,1524,"GALNT9","Polypeptide N-acetylgalactosaminyltransferase 9","GALT9","Q9HCQ5"
"X18339.207",146,0.605092765773652,0.517315604014213,TRUE,1525,"PSMB3","Proteasome subunit beta type-3","PSB3","P49720"
"X2972.57",146,0.604707125475784,0.865932331117698,TRUE,1526,"BMP7","Bone morphogenetic protein 7","BMP-7","P18075"
"X8236.8",145,0.604596551798801,0.77582354110192,TRUE,1527,"C18orf32","UPF0729 protein C18orf32","CR032","Q8TCD1"
"X24476.18",144,0.604299891075857,0.630854083614328,TRUE,1528,"ASCC2","Activating signal cointegrator 1 complex subunit 2","ASC-1 complex subunit p100","Q9H1I8"
"X25301.48",145,0.604096584277006,0.676774640282338,TRUE,1529,"DYRK1A","Dual specificity tyrosine-phosphorylation-regulated kinase 1A","DYR1A","Q13627"
"X11302.237",146,0.60404382416345,0.760739354656451,TRUE,1530,"TNR","Tenascin-R","TENR","Q92752"
"X12620.3",145,0.602982483421353,0.846904030839785,TRUE,1531,"SEPTIN11","Septin-11","Septin-11","Q9NVA2"
"X8447.11",143,0.602843428777814,0.685739397800969,TRUE,1532,"GHRL","Appetite-regulating hormone","ghrelin","Q9UBU3"
"X10627.87",146,0.602300730017084,0.65813412619358,TRUE,1533,"APLP2","Amyloid-like protein 2","APLP2","Q06481"
"X18894.1",144,0.601269307909661,0.690007157834928,TRUE,1534,"GPX2","Glutathione peroxidase 2","GPX2","P18283"
"X18930.28",146,0.60081601487029,0.668722320274378,TRUE,1535,"SLIT2","Slit homolog 2 protein","SLIT2","O94813"
"X21916.82",146,0.600738886810716,0.700487223652964,TRUE,1536,"OTULIN","Ubiquitin thioesterase otulin","OTUL","Q96BN8"
"X13481.24",144,0.599540186457607,0.822031278075093,TRUE,1537,"TCEA2","Transcription elongation factor A protein 2","TCEA2","Q15560"
"X3860.7",146,0.598602439560524,0.791917309105842,TRUE,1538,"PSMA6","Proteasome subunit alpha type-6","PSA6","P60900"
"X11382.5",138,0.598463744554148,0.715071991849725,TRUE,1539,"BLVRA","Biliverdin reductase A","BIEA","P53004"
"X11664.32",146,0.597268124129899,0.68070636974615,TRUE,1540,"ARFGAP2","ADP-ribosylation factor GTPase-activating protein 2","ARFG2","Q8N6H7"
"X21710.16",146,0.59726426772692,0.675115164410312,TRUE,1541,"NLGN4Y","Neuroligin-4, Y-linked","NLGNY","Q8NFZ3"
"X22074.35",145,0.596778162048528,0.737820244043584,TRUE,1542,"RBFOX1","Ataxin-2-binding protein 1","Ataxin-2-binding protein 1","Q9NWB1"
"X8244.16",145,0.595739655219926,0.762048528267741,TRUE,1543,"FUT8","Alpha-(1,6)-fucosyltransferase","FUT8","Q9BYC5"
"X13644.30",146,0.595679286102681,0.717621795592445,TRUE,1544,"HGS","Hepatocyte growth factor-regulated tyrosine kinase substrate","HGS","O14964"
"X7127.3",144,0.595248334987962,0.782327864455778,TRUE,1545,"APOA2","Apolipoprotein A-II","Apo A-II","P02652"
"X9595.11",144,0.594387380851419,0.851488161856722,TRUE,1546,"B4GALT2","Beta-1,4-galactosyltransferase 2","B4GT2","O60909"
"X7841.84",145,0.593652380849276,0.679933744637833,TRUE,1547,"ESAM","Endothelial cell-selective adhesion molecule","ESAM","Q96AP7"
"X9769.48",145,0.593413039284772,0.661972567284493,TRUE,1548,"DNER","Delta and Notch-like epidermal growth factor-related receptor:Extracellular domain","DNER:ECD","Q8NFT8"
"X8700.325",145,0.592727244096348,0.523747942397738,TRUE,1549,"GALNT11","Polypeptide N-acetylgalactosaminyltransferase 11","GLT11","Q8NCW6"
"X22429.13",144,0.592418718875227,0.69953358526653,TRUE,1550,"KDM1A","Lysine-specific histone demethylase 1A","KDM1A","O60341"
"X2418.55",144,0.591723372870252,0.770137500482378,TRUE,1551,"APOE","Apolipoprotein E","Apo E","P02649"
"X19263.147",143,0.591360558177714,0.782320607715386,TRUE,1552,"EIF4E","Eukaryotic translation initiation factor 4E","IF4E","P06730"
"X12580.7",145,0.591341507343027,0.579370090170678,TRUE,1553,"PSMB5","Proteasome subunit beta type-5","PSB5","P28074"
"X7071.23",146,0.590878064394217,0.905492363883498,TRUE,1554,"MAN1B1","Endoplasmic reticulum mannosyl-oligosaccharide 1,2-alpha-mannosidase","MA1B1","Q9UKM7"
"X17739.1",140,0.590636522286809,0.497874810884988,TRUE,1555,"HADH","Hydroxyacyl-coenzyme A dehydrogenase, mitochondrial","HCDH","Q16836"
"X8394.56",146,0.590029655738906,0.667864526761446,TRUE,1556,"RNASE2","Non-secretory ribonuclease","RNase 2","P10153"
"X16748.1",144,0.589538501113353,0.512652517362498,TRUE,1557,"BMP3","Bone morphogenetic protein 3","BMP-3","P12645"
"X8003.57",141,0.589431816722253,0.848933736092726,TRUE,1558,"LGI3","Leucine-rich repeat LGI family member 3","LGI3","Q8N145"
"X4984.83",146,0.588625925054664,0.689172384454298,TRUE,1559,"ESD","S-formylglutathione hydrolase","Esterase D","P10768"
"X7980.72",145,0.588369259477239,0.716986866984854,TRUE,1560,"B3GNT2","N-acetyllactosaminide beta-1,3-N-acetylglucosaminyltransferase 2","B3GN2","Q9NY97"
"X14052.26",145,0.588270840673736,0.64657337675258,TRUE,1561,"UNC13A","Protein unc-13 homolog A","UN13A","Q9UPW8"
"X20437.9",145,0.588243283408755,0.505862167285018,TRUE,1562,"DNALI1","Axonemal dynein light intermediate polypeptide 1","IDLC","O14645"
"X13747.9",143,0.588022959209848,0.638939322286128,TRUE,1563,"CA6","Carbonic anhydrase 6","Carbonic anhydrase 6","P23280"
"X2822.56",143,0.585900208907075,0.83501158383395,TRUE,1564,"ADGRE5","CD97 antigen","CD97","P48960"
"X17509.6",146,0.585571653895545,0.686191653217462,TRUE,1565,"HPD","4-hydroxyphenylpyruvate dioxygenase","HPPD","P32754"
"X3132.1",142,0.584685641951013,0.800390853773796,TRUE,1566,"VEGFC","Vascular endothelial growth factor C","VEGF-C","P49767"
"X20967.137",146,0.583585606361522,0.404280167194291,TRUE,1567,"PSMG4","Proteasome assembly chaperone 4","PSMG4","Q5JS54"
"X19331.18",144,0.583490925314464,0.525921350288358,TRUE,1568,"BAIAP2","Brain-specific angiogenesis inhibitor 1-associated protein 2","BAIP2","Q9UQB8"
"X5024.67",145,0.583468822952795,0.651425180931284,TRUE,1569,"RB1","Retinoblastoma-associated protein","Rb","P06400"
"X14271.23",146,0.583442919451311,0.616815403213899,TRUE,1570,"RAB6B","Ras-related protein Rab-6B","RAB6B","Q9NRW1"
"X9026.40",145,0.583168809900144,0.632567553603406,TRUE,1571,"BTNL8","Butyrophilin-like protein 8","BTNL8","Q6UX41"
"X12597.68",145,0.582524004298925,0.675682384355284,TRUE,1572,"ATG5","Autophagy protein 5","Autophagy protein 5","Q9H1Y0"
"X11388.75",146,0.582409403453023,0.657121725477697,TRUE,1573,"WFDC2","WAP four-disulfide core domain protein 2","HE4","Q14508"
"X6565.68",146,0.58239012143813,0.736359069562681,TRUE,1574,"CDCP1","CUB domain-containing protein 1","CDCP1","Q9H5V8"
"X3327.27",145,0.581810630411804,0.673435215241842,TRUE,1575,"NTN4","Netrin-4","NET4","Q9HB63"
"X24658.98",145,0.581217190018877,0.570296028401974,TRUE,1576,"CCDC115","Coiled-coil domain-containing protein 115","CC115","Q96NT0"
"X17343.6",146,0.580542904411339,0.699841593441712,TRUE,1577,"SNPH","Syntaphilin","SNPH","O15079"
"X19247.1",144,0.580492490850956,0.655083685657228,TRUE,1578,"UBE2D1","Ubiquitin-conjugating enzyme E2 D1","UB2D1","P51668"
"X3499.77",146,0.580342371456448,0.646536222266929,TRUE,1579,"IL17B","Interleukin-17B","IL-17B","Q9UHF5"
"X13624.17",145,0.58002582494154,0.798458930061188,TRUE,1580,"NADK","NAD kinase","NADK","O95544"
"X23327.1",146,0.579551808845817,0.567184028341792,TRUE,1581,"BORCS5","BLOC-1-related complex subunit 5","BORC5","Q969J3"
"X12853.112",145,0.579176943230066,0.593222547051919,TRUE,1582,"TMOD2","Tropomodulin-2","TMOD2","Q9NZR1"
"X12691.44",143,0.578922094738937,0.655695038975632,TRUE,1583,"SHMT2","Serine hydroxymethyltransferase, mitochondrial","GLYM","P34897"
"X21326.28",144,0.5788430775167,0.837734543181801,TRUE,1584,"TBCC","Tubulin-specific chaperone C","TBCC","Q15814"
"X6571.75",144,0.578732862534516,0.863396606734964,TRUE,1585,"C17orf78","Uncharacterized protein C17orf78:N-term","CQ078:N-term","Q8N4C9"
"X8858.21",144,0.578700707805962,0.747339992579689,TRUE,1586,"BATF3","Basic leucine zipper transcriptional factor ATF-like 3","BATF3","Q9NR55"
"X21849.2",146,0.578618559324975,0.769888288468828,TRUE,1587,"UBQLN3","Ubiquilin-3","UBQL3","Q9H347"
"X4194.26",143,0.578228472574221,0.889365965567152,TRUE,1588,"ANP32B","Acidic leucine-rich nuclear phosphoprotein 32 family member B","AN32B","Q92688"
"X6398.12",146,0.57722639784967,0.706243723424274,TRUE,1589,"LONP1","Lon protease homolog, mitochondrial","LONM","P36776"
"X6123.69",143,0.577108873830798,0.745514357760552,TRUE,1590,"TP53","Cellular tumor antigen p53","p53","P04637"
"X17756.69",145,0.576492911891724,0.781571313016022,TRUE,1591,"DCTD","Deoxycytidylate deaminase","DCTD","P32321"
"X13124.20",144,0.57581396844409,0.757091090878251,TRUE,1592,"ISLR2","Immunoglobulin superfamily containing leucine-rich repeat protein 2","ISLR2","Q6UXK2"
"X9950.229",145,0.575255938098509,0.749827379741593,TRUE,1593,"LAG3","Lymphocyte activation gene 3 protein","LAG-3","P18627"
"X17812.2",144,0.575096212783489,0.913921353456975,TRUE,1594,"PTP4A1","Protein tyrosine phosphatase type IVA 1","TP4A1","Q93096"
"X11284.24",145,0.575055163739363,0.864319792354622,TRUE,1595,"LAIR1","Leukocyte-associated immunoglobulin-like receptor 1","LAIR1","Q6GTX8"
"X17148.7",135,0.57439512195122,0.738881701345035,TRUE,1596,"BLVRB","Flavin reductase (NADPH)","BLVRB","P30043"
"X8890.9",145,0.573161585959967,0.694866698290786,TRUE,1597,"TMEM132B","Transmembrane protein 132B","T132B","Q14DG7"
"X25082.3",146,0.572494591394822,0.790461288592211,TRUE,1598,"WASL","Neural Wiskott-Aldrich syndrome protein","WASL","O00401"
"X5349.69",145,0.571827026984468,0.666521387392147,TRUE,1599,"DLL1","Delta-like protein 1","DLL1","O00548"
"X3072.4",144,0.571819595895449,0.687621332573332,TRUE,1600,"IL13","Interleukin-13","IL-13","P35225"
"X11573.3",146,0.570874902143774,0.837840301261947,TRUE,1601,"SRSF6","Serine/arginine-rich splicing factor 6","SRSF6","Q13247"
"X20430.8",146,0.570844050919945,0.841018172530038,TRUE,1602,"NPPC","C-type natriuretic peptide","Natriuretic Peptide C-Type","P23582"
"X20387.277",146,0.570705220412712,0.723772202121151,TRUE,1603,"CHCHD7","Coiled-coil-helix-coiled-coil-helix domain-containing protein 7","CHCH7","Q9BUK0"
"X12507.16",145,0.569299632110513,0.652571285932783,TRUE,1604,"ITPKC","Inositol-trisphosphate 3-kinase C","IP3KC","Q96DU7"
"X21236.12",146,0.56895055705741,0.737583871067887,TRUE,1605,"TMED9","Transmembrane emp24 domain-containing protein 9","TMED9","Q9BVK6"
"X2878.66",144,0.568350904552708,0.632669304128838,TRUE,1606,"YES1","Tyrosine-protein kinase Yes","YES","P07947"
"X9585.80",146,0.567346293418277,0.545920573583651,TRUE,1607,"CLMP","CXADR-like membrane protein:Cytoplasmic domain","ACAM:CD","Q9H6B4"
"X13381.49",139,0.567245686399814,0.829104847663093,TRUE,1608,"B4GALT1","Beta-1,4-galactosyltransferase 1","B4GT1","P15291"
"X3009.3",146,0.56701464276211,0.693876535262387,TRUE,1609,"TGFBR3","Transforming growth factor beta receptor type 3","TGF-b R III","Q03167"
"X17172.19",142,0.56684774407726,0.861207995412625,TRUE,1610,"STATH","Statherin","STAT","P02808"
"X8859.51",145,0.566827351766519,0.728520885407191,TRUE,1611,"CA11","Carbonic anhydrase-related protein 11","CAH11","O75493"
"X20435.41",143,0.566643888044096,0.67378533206936,TRUE,1612,"EMC2","ER membrane protein complex subunit 2","EMC2","Q15006"
"X18291.8",141,0.566345064980381,0.597809583935966,TRUE,1613,"CDKN1A","Cyclin-dependent kinase inhibitor 1","p21","P38936"
"X10588.39",144,0.566040655553211,0.864862899276311,TRUE,1614,"ST3GAL5","Lactosylceramide alpha-2,3-sialyltransferase","SIAT9","Q9UNP4"
"X21395.23",145,0.566036064586356,0.681518107386647,TRUE,1615,"PCDH17","Protocadherin-17","PCD17","O14917"
"X7717.95",145,0.565883721525316,0.688736052795491,TRUE,1616,"CFTR","Cystic fibrosis transmembrane conductance regulator","CFTR","P13569"
"X9234.8",145,0.565840081569344,0.836390851874279,TRUE,1617,"TWSG1","Twisted gastrulation protein homolog 1","TWSG1","Q9GZX9"
"X21547.6",146,0.565830727047654,0.672147512374904,TRUE,1618,"FAM20C","Dentin matrix protein 4","DMP4","Q8IXL6"
"X15381.45",146,0.565661045316591,0.850251521783513,TRUE,1619,"DDR2","Discoidin domain-containing receptor 2","Discoidin domain receptor 2","Q16832"
"X8985.13",145,0.565118801337709,0.725501446525438,TRUE,1620,"SERAC1","Protein SERAC1","SRAC1","Q96JX3"
"X11816.84",145,0.56450860475599,0.525442636212409,TRUE,1621,"JAK2","Tyrosine-protein kinase JAK2","JAK2","O60674"
"X20943.14",146,0.563335634320444,0.673685811349782,TRUE,1622,"NAA50","N-alpha-acetyltransferase 50","NAA50","Q9GZZ1"
"X12077.32",145,0.563271106771961,0.83885577909259,TRUE,1623,"MSTN","Growth/differentiation factor 8","Myostatin","O14793"
"X15368.3",146,0.562606774157472,0.650187211955964,TRUE,1624,"BMPER","BMP-binding endothelial regulator protein","BMPER","Q8N8U9"
"X21589.80",145,0.562442671159804,0.880838350457707,TRUE,1625,"DPPA4","Developmental pluripotency-associated protein 4","DPPA4","Q7L190"
"X12357.41",144,0.561514005393956,0.717494076204982,TRUE,1626,"SNAP29","Synaptosomal-associated protein 29","SNP29","O95721"
"X11486.26",146,0.561488417293654,0.672560195355293,TRUE,1627,"ZNF174","Zinc finger protein 174","ZN174","Q15697"
"X22043.174",146,0.561372725204293,0.73103562082588,TRUE,1628,"HSPA2","Heat shock-related 70 kDa protein 2","HSP70 protein 2","P54652"
"X16915.153",145,0.561319835522496,0.685662006701688,TRUE,1629,"SEMA4A","Semaphorin-4A","SEM4A","Q9H3S1"
"X6471.53",146,0.561318735562591,0.727694799009685,TRUE,1630,"CFHR4","Complement factor H-related protein 4","FHR4","Q92496"
"X5424.55",145,0.561060009881248,0.761590934742694,TRUE,1631,"TNFRSF11A","Tumor necrosis factor receptor superfamily member 11A","RANK","Q9Y6Q6"
"X8959.61",146,0.56097165929451,0.652925657949411,TRUE,1632,"ADAM17","Disintegrin and metalloproteinase domain-containing protein 17:Extracellular domain","ADAM 17:ECD","P78536"
"X2620.4",145,0.560969464582025,0.615638603486565,TRUE,1633,"IL6ST","Interleukin-6 receptor subunit beta","gp130, soluble","P40189"
"X12444.39",146,0.560663147056215,0.636126431672273,TRUE,1634,"NR5A2","Nuclear receptor subfamily 5 group A member 2","NR5A2","O00482"
"X10980.11",123,0.560379883584063,0.650680648062545,TRUE,1635,"ACHE","Acetylcholinesterase","ACES","P22303"
"X13388.57",144,0.55987322972791,0.818020112488591,TRUE,1636,"PCSK1","Neuroendocrine convertase 1","NEC1","P29120"
"X9018.38",145,0.559840483117272,0.688604536445646,TRUE,1637,"PCDH10","Protocadherin-10:Extracellular domain","PCD10:ECD","Q9P2E7"
"X21911.17",142,0.559782540354525,0.7584726110757,TRUE,1638,"NDP","Norrin","NDP","Q00604"
"X7927.16",146,0.559729897535373,0.832444839975892,TRUE,1639,"ST6GALNAC5","Alpha-N-acetylgalactosaminide alpha-2,6-sialyltransferase 5","SIA7E","Q9BVH7"
"X3026.5",145,0.559407441234248,0.710643535903485,TRUE,1640,"CAST","Calpastatin","Calpastatin","P20810"
"X20957.57",146,0.559039601402188,0.720072609760351,TRUE,1641,"NUDT10","Diphosphoinositol polyphosphate phosphohydrolase 3-alpha","NUD10","Q8NFP7"
"X24201.86",142,0.558999637428298,0.616758081137059,TRUE,1642,"PAGE4","G antigen family C member 1","GAGC1","O60829"
"X18874.66",146,0.558187336343899,0.571337303736879,TRUE,1643,"CEBPA","CCAAT/enhancer-binding protein alpha","CEBPA","P49715"
"X7193.98",144,0.557363344051447,0.634185332470895,TRUE,1644,"PCDHAC1","Protocadherin alpha-C1","PCDC1","Q9H158"
"X24945.16",144,0.557342818959194,0.735811723961237,TRUE,1645,"SNX27","Sorting nexin-27","SNX27","Q96L92"
"X5486.73",146,0.55627456046647,0.692926741763303,TRUE,1646,"ICAM2","Intercellular adhesion molecule 2","sICAM-2","P13598"
"X22050.19",144,0.555335384541181,0.884873872109701,TRUE,1647,"KXD1","KxDL motif-containing protein 1","KXDL1","Q9BQD3"
"X7015.8",146,0.555028942304355,0.680260780435847,TRUE,1648,"LILRB5","Leukocyte immunoglobulin-like receptor subfamily B member 5","LIRB5","O75023"
"X6217.23",144,0.554861995924388,0.709296681085007,TRUE,1649,"QSOX1","Sulfhydryl oxidase 1","QSCN6","O00391"
"X14205.6",146,0.55475128128989,0.69210531546178,TRUE,1650,"HEXIM2","Protein HEXIM2","HEXI2","Q96MH2"
"X2994.71",143,0.554499393596129,0.68471200323873,TRUE,1651,"IL1RL2","Interleukin-1 receptor-like 2","IL-1Rrp2","Q9HB29"
"X8545.14",144,0.554443984453189,0.787098792857685,TRUE,1652,"C17orf78","Uncharacterized protein C17orf78:C-term","CQ078:C-term","Q8N4C9"
"X2841.13",145,0.553864505131546,0.949345624349883,TRUE,1653,"FRZB","Secreted frizzled-related protein 3","sFRP-3","Q92765"
"X7861.9",146,0.553825744575005,0.813201956449264,TRUE,1654,"ROR2","Tyrosine-protein kinase transmembrane receptor ROR2","ROR2","Q01974"
"X21341.19",146,0.553744760112453,0.749659055012117,TRUE,1655,"CHMP4A","Charged multivesicular body protein 4a","CHM4A","Q9BY43"
"X7097.8",145,0.553627421840707,0.79164201217586,TRUE,1656,"CDY1","Testis-specific chromodomain protein Y 1","CDY1","Q9Y6F8"
"X8916.32",145,0.552774491722092,0.696471628156464,TRUE,1657,"STIM1","Stromal interaction molecule 1:Cytoplasmic domain","STIM1:CD","Q13586"
"X21697.57",145,0.552273179104507,0.835225622588827,TRUE,1658,"ADGRF2","Adhesion G-protein coupled receptor F2","AGRF2","Q8IZF7"
"X3505.6",145,0.552139329531743,0.71707566094429,TRUE,1659,"LTA|LTB","Lymphotoxin alpha1:beta2","Lymphotoxin a1/b2","P01374|Q06643"
"X5737.61",145,0.551733844061311,0.682082120099161,TRUE,1660,"SEMA4D","Semaphorin-4D","SEM4D","Q92854"
"X16818.200",146,0.551407779907369,0.718256415534766,TRUE,1661,"CDCP1","CUB domain-containing protein 1","CDCP1","Q9H5V8"
"X12671.35",144,0.550998506811792,0.68714892794364,TRUE,1662,"SULT1B1","Sulfotransferase family cytosolic 1B member 1","ST1B1","O43704"
"X9297.12",146,0.550663494132483,0.708396089901106,TRUE,1663,"B3GNT8","UDP-GlcNAc:betaGal beta-1,3-N-acetylglucosaminyltransferase 8","B3GN8","Q7Z7M8"
"X11465.4",146,0.55055551484908,0.746492503156648,TRUE,1664,"GPR135","Probable G-protein coupled receptor 135","GP135","Q8IZ08"
"X6544.33",144,0.54997447718421,0.661498921675249,TRUE,1665,"NELL1","Protein kinase C-binding protein NELL1","NELL1","Q92832"
"X19208.8",145,0.549308804742999,0.737816003900652,TRUE,1666,"ACVR2A","Activin receptor type-2A","Activin RIIA","P27037"
"X12696.166",146,0.549178778985689,0.705935749604558,TRUE,1667,"PRMT3","Protein arginine N-methyltransferase 3","ANM3","O60678"
"X7866.11",142,0.549147533768561,0.530350663869459,TRUE,1668,"DNAJC30","DnaJ homolog subfamily C member 30","DJC30","Q96LL9"
"X14106.46",145,0.548872713243602,0.595494590591136,TRUE,1669,"RAP1GDS1","Rap1 GTPase-GDP dissociation stimulator 1","GDP/GTP exchange protein","P52306"
"X6590.54",146,0.547790473913362,0.794106927914622,TRUE,1670,"NRP2","Neuropilin-2","Neuropilin-2","O60462"
"X7890.68",145,0.547353129908628,0.707287561416898,TRUE,1671,"DPP10","Inactive dipeptidyl peptidase 10","DPP10","Q8N608"
"X22027.13",145,0.546425843837838,0.627819464492344,TRUE,1672,"TACC3","Transforming acidic coiled-coil-containing protein 3","TACC3","Q9Y6A5"
"X4397.26",145,0.546400437765976,0.749883719101446,TRUE,1673,"IFNL2","Interferon lambda-2","IFN-lambda 2","Q8IZJ0"
"X14107.1",144,0.546181131241271,0.836531462406884,TRUE,1674,"MTHFS","5-formyltetrahydrofolate cyclo-ligase","MTHFS","P49914"
"X20516.11",144,0.545733159429494,0.828744040542736,TRUE,1675,"SCN3B","Sodium channel subunit beta-3","SCN3B","Q9NY72"
"X8785.1",142,0.545548856012927,0.641174410529266,TRUE,1676,"ARMC5","Armadillo repeat-containing protein 5:Armadillo Repeat Domain 5","ARMC5:ARM 5","Q96C12"
"X18235.16",146,0.544311998426588,0.569929180372867,TRUE,1677,"PGP","Glycerol-3-phosphate phosphatase","PGP","A6NDG6"
"X12554.10",142,0.544147912798179,0.579101837787453,TRUE,1678,"RAD51D","DNA repair protein RAD51 homolog 4","RA51D","O75771"
"X23176.17",146,0.544130747486589,0.829990098702105,TRUE,1679,"DAG1","Beta-dystroglycan","Beta-dystroglycan","Q14118"
"X4541.49",144,0.543522517398758,0.685155858726954,TRUE,1680,"CDON","Cell adhesion molecule-related/down-regulated by oncogenes","CDON","Q4KMG0"
"X25259.7",146,0.542541909459371,0.83715308563071,TRUE,1681,"CYBC1","Uncharacterized protein C17orf62","CQ062","Q9BQA9"
"X8042.88",141,0.54215242604969,0.57774577752624,TRUE,1682,"SPINK9","Serine protease inhibitor Kazal-type 9","ISK9","Q5DT21"
"X17699.43",145,0.541845624505446,0.857543656763173,TRUE,1683,"TIMELESS","Protein timeless homolog","TIMELESS","Q9UNS1"
"X13969.24",146,0.541759059654698,0.669288482347344,TRUE,1684,"KPNA6","Importin subunit alpha-7","IMA7","O60684"
"X6227.1",145,0.541273893625021,0.848165477976928,TRUE,1685,"KLK10","Kallikrein-10","kallikrein 10","O43240"
"X21572.91",142,0.541006488607213,0.762772203996776,TRUE,1686,"XYLT2","Xylosyltransferase 2","XYLT2","Q9H1B5"
"X9759.13",140,0.540999022452965,0.688296207824146,TRUE,1687,"IDO1","Indoleamine 2,3-dioxygenase 1","INDO","P14902"
"X15615.8",128,0.540348357078883,0.78654811657543,TRUE,1688,"LILRB3","Leukocyte immunoglobulin-like receptor subfamily B member 3","LIRB3","O75022"
"X9526.3",144,0.539865834395109,0.884732739974143,TRUE,1689,"CLPSL1","Colipase-like protein 1","COLL1","A2RUU4"
"X5713.9",146,0.539711309673016,0.661996096265402,TRUE,1690,"IFNL3","Interferon lambda-3","IFN-lambda 3","Q8IZI9"
"X22584.2",145,0.539333074819943,0.677498843191598,TRUE,1691,"LRP6","Low-density lipoprotein receptor-related protein 6","LRP6","O75581"
"X20948.16",146,0.538754921734302,0.831735909506421,TRUE,1692,"NUDT16","U8 snoRNA-decapping enzyme","NUD16","Q96DE0"
"X7939.1",144,0.538696206143965,0.86594559228688,TRUE,1693,"SLC66A1L","Putative uncharacterized protein PQLC2L","CC055","A1A4F0"
"X6580.29",146,0.538211168914307,0.648016953060539,TRUE,1694,"PZP","Pregnancy zone protein","Pregnancy zone protein","P20742"
"X8828.21",144,0.537618093502119,0.713876873588404,TRUE,1695,"ESRP1","Epithelial splicing regulatory protein 1","ESRP1","Q6NXG1"
"X6625.31",145,0.537144240630038,0.657915906379785,TRUE,1696,"ATAD1","ATPase family AAA domain-containing protein 1","ATAD1","Q8NBU5"
"X24462.4",145,0.536167926099289,0.695329650655472,TRUE,1697,"CNGB1","Cyclic nucleotide-gated cation channel beta-1","CNGB1","Q14028"
"X12709.63",143,0.53557371464689,0.81653950327842,TRUE,1698,"H1-10","Histone H1x","H1X","Q92522"
"X18918.86",145,0.535472035336218,0.754629464226582,TRUE,1699,"PDE4A","cAMP-specific 3',5'-cyclic phosphodiesterase 4A","PDE4A","P27815"
"X3635.76",143,0.534265409943382,0.736972735896132,TRUE,1700,"OCIAD1","OCIA domain-containing protein 1","OCAD1","Q9NX40"
"X10011.65",146,0.53406553571222,0.503787269781657,TRUE,1701,"OCRL","Inositol polyphosphate 5-phosphatase OCRL-1","OCRL","Q01968"
"X6280.11",144,0.533892156843042,0.711144769949234,TRUE,1702,"PCDH8","Protocadherin-8","PCDH8","O95206"
"X20463.315",145,0.533416136353347,0.750590937225413,TRUE,1703,"IMPACT","Protein IMPACT","IMPCT","Q9P2X3"
"X25065.22",146,0.533367526773078,0.689604011465519,TRUE,1704,"MYBPH","Myosin-binding protein H","MYBPH","Q13203"
"X23596.17",146,0.533336675549248,0.781681165160214,TRUE,1705,"CCDC89","Coiled-coil domain-containing protein 89","CCD89","Q8N998"
"X21761.213",146,0.532657948625,0.779117234410366,TRUE,1706,"USP46","Ubiquitin carboxyl-terminal hydrolase 46","UBP46","P62068"
"X25093.96",146,0.532264595521174,0.623896904254442,TRUE,1707,"VANGL1","Vang-like protein 1","VANG1","Q8TAA9"
"X14083.25",145,0.532022526095746,0.825981745765728,TRUE,1708,"SEPHS1","Selenide, water dikinase 1","SPS1","P49903"
"X15604.18",146,0.531936801267985,0.787348921485142,TRUE,1709,"MAPK9","Mitogen-activated protein kinase 9","JNK2","P45984"
"X19748.3",144,0.531103670864199,0.74939783093788,TRUE,1710,"MVD","Diphosphomevalonate decarboxylase","ERG19","P53602"
"X8889.5",145,0.530794259428029,0.685106120288999,TRUE,1711,"CCPG1","Cell cycle progression protein 1","CCPG1","Q9ULG6"
"X3723.1",145,0.530263722506761,0.81310070453239,TRUE,1712,"NPPB","Brain natriuretic peptide 32","BNP-32","P16860"
"X14081.5",142,0.529888126485394,0.666110396153471,TRUE,1713,"ULBP1","NKG2D ligand 1","ULBP-1","Q9BZM6"
"X12873.11",146,0.529769502793964,0.730529944777474,TRUE,1714,"SPN","Leukosialin","LEUK","P16150"
"X6551.94",143,0.529151506569888,0.836880099610075,TRUE,1715,"SERPINA12","Serpin A12","Vaspin","Q8IW75"
"X19558.10",146,0.52828478764717,0.690812765731757,TRUE,1716,"LRP4","Low-density lipoprotein receptor-related protein 4","LRP4","O75096"
"X20975.2",146,0.527741034827175,0.803788311354177,TRUE,1717,"RCAN2","Calcipressin-2","RCAN2","Q14206"
"X3893.64",145,0.527454747301372,0.831247911648513,TRUE,1718,"MSLN","Mesothelin","Mesothelin","Q13421"
"X5621.64",145,0.527385032074688,0.654942362464441,TRUE,1719,"THSD1","Thrombospondin type-1 domain-containing protein 1","THSD1","Q9NS62"
"X15299.102",146,0.52658411393357,0.707038212286833,TRUE,1720,"MESD","LDLR chaperone MESD","MESD2","Q14696"
"X9543.131",144,0.526577892820251,0.875016256451701,TRUE,1721,"COG8","Conserved oligomeric Golgi complex subunit 8","COG8","Q96MW5"
"X9829.91",144,0.526103610574082,0.724852293415309,TRUE,1722,"SULT2A1","Bile salt sulfotransferase","SULT 2A1","Q06520"
"X23363.41",146,0.525488895487623,0.740721118021555,TRUE,1723,"PCBP2","Poly(rC)-binding protein 2","PCBP2","Q15366"
"X15440.57",146,0.525388629010177,0.673475174346089,TRUE,1724,"PCSK2","Neuroendocrine convertase 2","NEC2","P16519"
"X5475.10",145,0.525164703867662,0.704683689772126,TRUE,1725,"PRKCB","Protein kinase C beta type (splice variant beta-II)","PKC-B-II","P05771"
"X23666.35",143,0.522998247478955,0.758774183222036,TRUE,1726,"ATIC","Bifunctional purine biosynthesis protein PURH","PUR9","P31939"
"X18306.1",145,0.522495585916663,0.694953050014132,TRUE,1727,"PALM","Paralemmin-1","PALM","O75781"
"X21827.7",146,0.522018132806806,0.929530275908935,TRUE,1728,"RHOQ","Rho-related GTP-binding protein RhoQ","RHOQ","P17081"
"X18386.36",144,0.521774780242527,0.504499602924438,TRUE,1729,"GLRX","Glutaredoxin-1","GLRX1","P35754"
"X8359.149",143,0.521328794025845,0.650711989960323,TRUE,1730,"STK17B","Serine/threonine-protein kinase 17B","DRAK2","O94768"
"X5132.71",146,0.521073314077028,0.688577599418294,TRUE,1731,"IL27RA","Interleukin-27 receptor subunit alpha","TCCR","Q6UWB1"
"X15634.139",146,0.520834217092349,0.677158642974143,TRUE,1732,"SLIT1","Slit homolog 1 protein","SLIT1","O75093"
"X7136.107",146,0.520517992048097,0.659673983603694,TRUE,1733,"HBE1","Hemoglobin subunit epsilon","Hemoglobin epsilon chain","P02100"
"X23410.46",146,0.520502566436182,0.637389082546048,TRUE,1734,"EIF3M","Eukaryotic translation initiation factor 3 subunit M","EIF3M","Q7L2H7"
"X25089.21",146,0.51901399488641,0.716626625050256,TRUE,1735,"TRIM28","Transcription intermediary factor 1-beta","KRIP-1","Q13263"
"X9897.9",137,0.518445740956826,0.82793273493469,TRUE,1736,"MCM6","DNA replication licensing factor MCM6","MCM6","Q14566"
"X13687.5",145,0.516795168817774,0.716204946604094,TRUE,1737,"CCL1","C-C motif chemokine 1","I-309","P22362"
"X14146.92",145,0.516771548304933,0.87664059447928,TRUE,1738,"H3C1","Histone H3.1","H31","P68431"
"X10558.26",146,0.515616503862188,0.70733370013822,TRUE,1739,"PCDH9","Protocadherin-9","PCDH9","Q9HC56"
"X11163.7",144,0.515302667039126,0.730744570334012,TRUE,1740,"FAM162B","Protein FAM162B","F162B","Q5T6X4"
"X11190.129",144,0.515230318754484,0.688603213032315,TRUE,1741,"YME1L1","ATP-dependent zinc metalloprotease YME1L1","YMEL1","Q96TA2"
"X22969.12",145,0.514815937515993,0.809198416757121,TRUE,1742,"CCL7","C-C motif chemokine 7","MCP-3","P80098"
"X10565.19",145,0.514503979072226,0.642505903538748,TRUE,1743,"SLITRK3","SLIT and NTRK-like protein 3","SLIK3","O94933"
"X9578.263",145,0.514461630520792,0.711770003399278,TRUE,1744,"MANSC4","MANSC domain-containing protein 4","MANS4","A6NHS7"
"X18921.30",144,0.514422429575979,0.74603707311688,TRUE,1745,"PHEX","Phosphate-regulating neutral endopeptidase","PHEX","P78562"
"X21979.8",143,0.514096097254657,0.755850248185224,TRUE,1746,"ITGA6","Integrin alpha-6","Integrin a6","P23229"
"X6966.144",141,0.514007727958727,0.659769754135596,TRUE,1747,"STX1B","Syntaxin-1B","STX1B","P61266"
"X13958.5",146,0.513923542954545,0.705060099664216,TRUE,1748,"RBM46","Probable RNA-binding protein 46","RBM46","Q8TBY0"
"X19635.69",144,0.513909906650991,0.590824263539606,TRUE,1749,"FGL2","Fibroleukin","FGL2","Q14314"
"X8924.55",146,0.513784712447312,0.875379807053159,TRUE,1750,"CALY","Neuron-specific vesicular protein calcyon","CALY","Q9NYX4"
"X7813.6",144,0.513615517872,0.753911910910823,TRUE,1751,"ALPP","Alkaline phosphatase, placental type","Alkaline phosphatase, placental","P05187"
"X13393.46",146,0.513221677612424,0.891212442993102,TRUE,1752,"DERL1","Derlin-1","DERL1","Q9BUN8"
"X22421.79",144,0.513027715422042,0.801729205298357,TRUE,1753,"PELI1","E3 ubiquitin-protein ligase pellino homolog 1","PELI1","Q96FA3"
"X8363.18",144,0.512811649658155,0.589553861653778,TRUE,1754,"ELAPOR2","UPF0577 protein KIAA1324-like","K132L","A8MWY0"
"X25083.26",146,0.512488961046473,0.720190852337671,TRUE,1755,"DIAPH1","Protein diaphanous homolog 1","Diaphanous-related formin-1","O60610"
"X25286.33",145,0.512098623514614,0.751539811619434,TRUE,1756,"RABGAP1L","Rab GTPase-activating protein 1-like","RBG1L","Q5R372"
"X20083.1",146,0.51164826519712,0.645098116394187,TRUE,1757,"RAB6A","Ras-related protein Rab-6A","RAB6A","P20340"
"X5105.2",144,0.511411937065031,0.71392156335946,TRUE,1758,"RTN4R","Reticulon-4 receptor","Nogo Receptor","Q9BZR6"
"X9511.61",145,0.510804394981438,0.683612790094663,TRUE,1759,"NXPH2","Neurexophilin-2","NXPH2","O95156"
"X15641.20",146,0.509866607020967,0.814211733446516,TRUE,1760,"TMEFF1","Tomoregulin-1","TEFF1","Q8IYR6"
"X19228.11",146,0.509265008156292,0.706521082454854,TRUE,1761,"BAG2","BAG family molecular chaperone regulator 2","BAG-2","O95816"
"X10933.107",145,0.509021049772259,0.628461514696074,TRUE,1762,"CALN1","Calcium-binding protein 8","CABP8","Q9BXU9"
"X23329.52",144,0.508052749832193,0.616440575746435,TRUE,1763,"RAB4B","Ras-related protein Rab-4B","RAB4B","P61018"
"X12516.13",145,0.507811500434027,0.76448449586747,TRUE,1764,"TEAD4","Transcriptional enhancer factor TEF-3","TEAD4","Q15561"
"X21562.3",145,0.507319406416512,0.691198321972503,TRUE,1765,"SCGB1D1","Secretoglobin family 1D member 1","SG1D1","O95968"
"X22088.3",146,0.507309811846099,0.682579316071221,TRUE,1766,"BTG1","Protein BTG1","BTG1","P62324"
"X5360.9",145,0.507193430348029,0.721487104688603,TRUE,1767,"AKT2","RAC-beta serine/threonine-protein kinase","PKB beta","P31751"
"X6597.24",146,0.50595621440058,0.611817912770049,TRUE,1768,"FAM174A","Membrane protein FAM174A","TM157","Q8TBP5"
"X13663.2",145,0.50548780007716,0.774805250670896,TRUE,1769,"IL4","Interleukin-4","IL-4","P05112"
"X5846.24",146,0.505061528909525,0.947480977575941,TRUE,1770,"NOG","Noggin","Noggin","Q13253"
"X22591.4",146,0.504972831641015,0.915707328612486,TRUE,1771,"FZD9","Frizzled-9","FZD9","O00144"
"X4162.54",141,0.504961050137111,0.752976888844409,TRUE,1772,"TF","Serotransferrin","Transferrin","P02787"
"X21765.10",146,0.504826288327825,0.739258764201292,TRUE,1773,"CYLD","Ubiquitin carboxyl-terminal hydrolase CYLD","CYLD","Q9NQC7"
"X20247.17",145,0.504051902140215,0.739394218503854,TRUE,1774,"DPYSL4","Dihydropyrimidinase-related protein 4","DPYL4","O14531"
"X19579.5",146,0.503885326001026,0.67161438713595,TRUE,1775,"DEFA1","Neutrophil defensin 1","HNP-1","P59665"
"X9883.29",146,0.503588382971667,0.813169966543344,TRUE,1776,"GLO1","Lactoylglutathione lyase","Glyoxalase I","Q04760"
"X23319.6",144,0.503169250433084,0.84211001094222,TRUE,1777,"ZFAND2B","AN1-type zinc finger protein 2B","ZFN2B","Q8WV99"
"X21667.57",146,0.502909656047418,0.805146428240298,TRUE,1778,"PDE1B","Calcium/calmodulin-dependent 3',5'-cyclic nucleotide phosphodiesterase 1B","PDE1B","Q01064"
"X23559.10",146,0.502743830719335,0.884452499399498,TRUE,1779,"DDRGK1","DDRGK domain-containing protein 1","DDRGK","Q96HY6"
"X9525.1",145,0.502737026925416,0.82922505626659,TRUE,1780,"PTK7","Inactive tyrosine-protein kinase 7","PTK7","Q13308"
"X12595.11",131,0.502606578775268,0.710944428371652,TRUE,1781,"TMOD1","Tropomodulin-1","TMOD1","P28289"
"X13511.29",146,0.50225792394402,0.71513427309868,TRUE,1782,"SATB1","DNA-binding protein SATB1","SATB1","Q01826"
"X12454.105",145,0.501927036379455,0.577755488168508,TRUE,1783,"NTMT1","N-terminal Xaa-Pro-Lys N-methyltransferase 1","NTM1A","Q9BV86"
"X15576.158",145,0.501252871368592,0.765194137774699,TRUE,1784,"RNASE3","Eosinophil cationic protein","ECP","P12724"
"X18301.10",146,0.501070151826585,0.851250999079086,TRUE,1785,"NAIF1","Nuclear apoptosis-inducing factor 1","NAIF1","Q69YI7"
"X20520.14",137,0.500521597886537,0.619600506840272,TRUE,1786,"FAM3C","Protein FAM3C","FAM3C","Q92520"
"X2652.15",146,0.500476265767868,0.766400103236079,TRUE,1787,"PLAUR","Urokinase plasminogen activator surface receptor","suPAR","Q03405"
"X16746.12",146,0.500345148066592,0.732670115444142,TRUE,1788,"INHBB","Activin B","Activin B","P09529"
"X19369.17",145,0.500044288461576,0.708091461666011,TRUE,1789,"KAT2A","Histone acetyltransferase KAT2A","GCNL2","Q92830"
"X13027.20",146,0.499392616530857,0.959818811382979,TRUE,1790,"CBX7","Chromobox protein homolog 7","CBX7","O95931"
"X14203.3",144,0.498594232635909,0.743587575224913,TRUE,1791,"ANXA7","Annexin A7","ANXA7","P20073"
"X2975.19",145,0.498315080033698,0.528859461488502,TRUE,1792,"CCN2","Connective tissue growth factor","CTGF","P29279"
"X19143.38",141,0.497949222931027,0.822406804485124,TRUE,1793,"CYB5R2","NADH-cytochrome b5 reductase 2","NB5R2","Q6BCY4"
"X2906.55",146,0.497071061937688,0.805497653914345,TRUE,1794,"IL4","Interleukin-4","IL-4","P05112"
"X3858.5",146,0.495910284641104,0.554727198716264,TRUE,1795,"ACP1","Low molecular weight phosphotyrosine protein phosphatase","PPAC","P24666"
"X4394.71",145,0.495564264526123,0.819266062824827,TRUE,1796,"FGF8","Fibroblast growth factor 8 isoform A","FGF-8A","P55075"
"X3312.64",145,0.495379237175538,0.831327169791798,TRUE,1797,"FCGR1A","High affinity immunoglobulin gamma Fc receptor I","FCGR1","P12314"
"X5228.25",146,0.495034881164942,0.62742389709564,TRUE,1798,"KIF23","Kinesin-like protein KIF23","KIF23","Q02241"
"X10917.40",145,0.494887143158023,0.959734445939441,TRUE,1799,"GNGT2","Guanine nucleotide-binding protein G(I)/G(S)/G(O) subunit gamma-T2","GBGT2","O14610"
"X9831.12",145,0.494698179055298,0.729753554525891,TRUE,1800,"G3BP2","Ras GTPase-activating protein-binding protein 2","G3BP2","Q9UN86"
"X13701.2",146,0.493627294077722,0.787194489378944,TRUE,1801,"CXCL13","C-X-C motif chemokine 13","BLC","O43927"
"X23398.1",146,0.493434473928788,0.849785296969837,TRUE,1802,"POLR2M","DNA-directed RNA polymerase II subunit GRINL1A","GRL1A","P0CAP2"
"X18189.12",143,0.493353143251152,0.743548121863923,TRUE,1803,"VPS25","Vacuolar protein-sorting-associated protein 25","VPS25","Q9BRG1"
"X20189.4",141,0.493208659521042,0.815781495598535,TRUE,1804,"ITGAV|ITGB6","Integrin alpha V beta 6","Integrin aVb6","P06756|P18564"
"X25300.39",145,0.492950261105086,0.745149097139944,TRUE,1805,"MALT1","Mucosa-associated lymphoid tissue lymphoma translocation protein 1","MALT1","Q9UDY8"
"X6049.64",146,0.492316117064969,0.712903644371126,TRUE,1806,"PTPRS","Receptor-type tyrosine-protein phosphatase S","PTPRS","Q13332"
"X21504.41",133,0.491629958194428,0.657298030660564,TRUE,1807,"AGO2","Eukaryotic translation initiation factor 2C 2","I2C2","Q9UKV8"
"X6267.51",136,0.491556072971561,0.935676251231471,TRUE,1808,"STMN4","Stathmin-4","STMN4","Q9H169"
"X7870.8",145,0.490081372506565,0.91393266162788,TRUE,1809,"CNDP1","Beta-Ala-His dipeptidase","CNDP1","Q96KN2"
"X24414.3",146,0.490033126501587,0.682708777294023,TRUE,1810,"PYGB","Glycogen phosphorylase, brain form","Glycogen phosphorylase","P11216"
"X16883.57",146,0.489539506920315,0.59459068527126,TRUE,1811,"RAB4A","Ras-related protein Rab-4A","RAB4A","P20338"
"X8098.37",144,0.486943170536622,0.905193136993764,TRUE,1812,"TBXAS1","Thromboxane-A synthase","THAS","P24557"
"X7161.25",145,0.486537291868835,0.762128239926642,TRUE,1813,"H6PD","GDH/6PGL endoplasmic bifunctional protein","G6PE","O95479"
"X12796.44",143,0.485800240920835,0.821129762831542,TRUE,1814,"NUDT3","Diphosphoinositol polyphosphate phosphohydrolase 1","NUDT3","O95989"
"X13943.38",146,0.485390017315249,0.88987470503102,TRUE,1815,"DPY30","Protein dpy-30 homolog","DPY30","Q9C005"
"X18244.1",144,0.485302245007466,0.645917570063811,TRUE,1816,"ANXA7","Annexin A7","ANXA7","P20073"
"X8556.5",145,0.485206669645476,0.860362162418392,TRUE,1817,"RETREG1","Protein FAM134B","F134B","Q9H6L5"
"X7105.7",145,0.484923223491387,0.907823837565916,TRUE,1818,"CABLES2","CDK5 and ABL1 enzyme substrate 2","CABL2","Q9BTV7"
"X20106.80",135,0.484197483890165,0.73971180499894,TRUE,1819,"DCPS","Scavenger mRNA-decapping enzyme DcpS","DCPS","Q96C86"
"X9834.62",146,0.48415596836207,0.728940238057117,TRUE,1820,"ADH1B","Alcohol dehydrogenase 1B","ADH1B","P00325"
"X17728.61",145,0.483943988000803,0.97618879811805,TRUE,1821,"CHMP2A","Charged multivesicular body protein 2a","CHM2A","O43633"
"X11241.8",146,0.481483481097841,0.896762604538981,TRUE,1822,"ASL","Argininosuccinate lyase","ARLY","P04424"
"X21497.32",146,0.481375501814438,0.756099266506173,TRUE,1823,"HYOU1","Hypoxia up-regulated protein 1","HYOU1","Q9Y4L1"
"X21995.20",143,0.481127603381086,0.651144597976831,TRUE,1824,"NOS3","NOS","NOS","P29474"
"X11160.56",145,0.480700110622517,0.687909709259876,TRUE,1825,"RNF122","RING finger protein 122","RN122","Q9H9V4"
"X21797.4",146,0.480091319622535,0.70422774138759,TRUE,1826,"HLA-C","HLA-C","HLA-C","P10321"
"X15494.11",146,0.479593843638285,0.714816128585881,TRUE,1827,"FGFBP1","Fibroblast growth factor-binding protein 1","FGFP1","Q14512"
"X6927.7",145,0.479588924341529,0.855865038497007,TRUE,1828,"NDST1","Bifunctional heparan sulfate N-deacetylase/N-sulfotransferase 1","NDST1","P52848"
"X21008.113",144,0.478990988673542,0.915509617276959,TRUE,1829,"MAGOH","Protein mago nashi homolog","MGN","P61326"
"X8833.20",143,0.478176643087714,0.608943843281176,TRUE,1830,"TNFSF10","Tumor necrosis factor ligand superfamily member 10","TRAIL","P50591"
"X24278.4",143,0.477218205734901,1.00880245769806,TRUE,1831,"USP3","Ubiquitin carboxyl-terminal hydrolase 3","UBP3","Q9Y6I4"
"X22033.32",145,0.475824547866687,0.711461460333452,TRUE,1832,"WAS","Wiskott-Aldrich syndrome protein","WASP","P42768"
"X13665.35",145,0.475006544850433,0.86688561752547,TRUE,1833,"PPP2R3A","Serine/threonine-protein phosphatase 2A regulatory subunit B'' subunit alpha","PP2A, subunit B","Q06190"
"X3397.7",146,0.474117751408551,0.746580322070667,TRUE,1834,"PTPN11","Tyrosine-protein phosphatase non-receptor type 11","SHP-2","Q06124"
"X4139.71",146,0.474021341334084,0.706044380295651,TRUE,1835,"IL6R","Interleukin-6 receptor subunit alpha","IL-6 sRa","P08887"
"X24698.12",146,0.473990490110255,0.891835631859622,TRUE,1836,"PRPF18","Pre-mRNA-splicing factor 18","PRP18","Q99633"
"X19511.8",144,0.473963661064364,0.888920234488162,TRUE,1837,"DCUN1D2","DCN1-like protein 2","DCNL2","Q6PH85"
"X9115.78",146,0.473735967513661,0.770474483824319,TRUE,1838,"ADAMDEC1","ADAM DEC1","ADEC1","O15204"
"X25962.51",145,0.473036518849931,0.702888476651194,TRUE,1839,"WNK1","Serine/threonine-protein kinase WNK1","WNK1","Q9H4A3"
"X11281.6",146,0.472983968932818,0.618548591708648,TRUE,1840,"GRB7","Growth factor receptor-bound protein 7","GRB7","Q14451"
"X6380.23",144,0.47225566070535,0.845524095481068,TRUE,1841,"MRPL58","Peptidyl-tRNA hydrolase ICT1, mitochondrial","ICT1","Q14197"
"X18389.11",145,0.4721928059933,0.928457234144225,TRUE,1842,"IFNA1","Interferon alpha-1/13","IFNA1","P01562"
"X12729.12",145,0.472188869248909,0.813518185813877,TRUE,1843,"PSMG3","Proteasome assembly chaperone 3","PSMG3","Q9BT73"
"X6364.7",146,0.471807766024318,0.684743993603455,TRUE,1844,"TAPBPL","Tapasin-related protein","TPSNR","Q9BX59"
"X12869.68",146,0.47165736630815,0.802365885922257,TRUE,1845,"DDX6","Probable ATP-dependent RNA helicase DDX6","DDX6","P26196"
"X15347.12",145,0.470994994419654,0.833478386012616,TRUE,1846,"HPX","Hemopexin","Hemopexin","P02790"
"X22985.160",145,0.470613129462063,0.882500883685509,TRUE,1847,"IGFBP2","Insulin-like growth factor-binding protein 2","IGFBP-2","P18065"
"X12387.7",146,0.468938602208176,0.731123401607085,TRUE,1848,"PDLIM4","PDZ and LIM domain protein 4","PDLI4","P50479"
"X22376.95",144,0.468598897896679,0.697063443100331,TRUE,1849,"HOXA5","Homeobox protein Hox-A5","HXA5","P20719"
"X13666.222",144,0.468585771905955,0.779138202161909,TRUE,1850,"CA10","Carbonic anhydrase-related protein 10","Carbonic Anhydrase X","Q9NS85"
"X10073.22",145,0.46763799273277,0.570938674820598,TRUE,1851,"TDP1","Tyrosyl-DNA phosphodiesterase 1","TYDP1","Q9NUW8"
"X5493.17",145,0.467125167065919,0.807438776887394,TRUE,1852,"WNK3","Serine/threonine-protein kinase WNK3","WNK3","Q9BYP7"
"X23322.2",146,0.466262258540968,0.746158065902209,TRUE,1853,"MSC","Musculin","MUSC","O60682"
"X20396.70",144,0.466084136021174,0.795260513597822,TRUE,1854,"COMMD6","COMM domain-containing protein 6","COMD6","Q7Z4G1"
"X2968.61",146,0.465132332468214,0.706107863101105,TRUE,1855,"TNFSF15","Tumor necrosis factor ligand superfamily member 15","TNFSF15","O95150"
"X9847.21",143,0.464948624971527,0.644785629808844,TRUE,1856,"TGIF2","Homeobox protein TGIF2","TGIF2","Q9GZN2"
"X9719.145",146,0.464183657335457,0.712261326484429,TRUE,1857,"MMP16","Matrix metalloproteinase-16","MMP-16","P51512"
"X5095.21",144,0.464061061829524,0.734456876936817,TRUE,1858,"KIR2DL4","Killer cell immunoglobulin-like receptor 2DL4","KI2L4","Q99706"
"X14157.21",146,0.463913709126949,0.854770664357275,TRUE,1859,"YWHAE","14-3-3 protein epsilon","14-3-3E","P62258"
"X24960.48",145,0.463681564619691,0.754491404512426,TRUE,1860,"HIP1R","Huntingtin-interacting protein 1-related protein","HIP1R","O75146"
"X11205.10",145,0.463417802745486,0.732332029863041,TRUE,1861,"ITGB7","Integrin beta-7","Integrin beta-7","P26010"
"X23576.46",143,0.462750151855926,0.728378759501,TRUE,1862,"BEX4","Protein BEX4","BEX4","Q9NWD9"
"X4883.56",145,0.462665884566781,0.603557004940239,TRUE,1863,"INS","Insulin","Insulin","P01308"
"X11616.9",146,0.462598675711217,0.919583078190049,TRUE,1864,"HSF1","Heat shock factor protein 1","HSF1","Q00613"
"X24683.11",146,0.462448275995048,0.813197694116077,TRUE,1865,"GIMAP7","GTPase IMAP family member 7","GIMA7","Q8NHV1"
"X8942.2",145,0.462405001249919,0.667804192097671,TRUE,1866,"MRPL21","39S ribosomal protein L21, mitochondrial","RM21","Q7Z2W9"
"X19602.36",145,0.462327324549144,0.878800186511805,TRUE,1867,"JUND","Transcription factor jun-D","jun-D","P17535"
"X24915.123",146,0.46232487109973,0.724154329018319,TRUE,1868,"CAPN13","Calpain-13","CAN13","Q6MZZ7"
"X17357.33",145,0.461756496612431,0.821293193113008,TRUE,1869,"SEPSECS","O-phosphoseryl-tRNA(Sec) selenium transferase","SPCS","Q9HD40"
"X13659.36",144,0.461140396182468,0.832118533012333,TRUE,1870,"ATP13A1","Manganese-transporting ATPase 13A1","AT131","Q9HD20"
"X10040.63",144,0.46102243998119,0.612009241496138,TRUE,1871,"TP63","Tumor protein 63","P73L","Q9H3D4"
"X23426.1",146,0.46077074069932,0.855634702983811,TRUE,1872,"VCX","Variable charge X-linked protein 1","VCX1","Q9H320"
"X7009.8",145,0.460449497474578,0.962055243399992,TRUE,1873,"CD72","B-cell differentiation antigen CD72","CD72","P21854"
"X7268.12",145,0.460440561932001,0.948503586150342,TRUE,1874,"IFNA4","Interferon alpha-4","IFNA4","P05014"
"X5852.6",140,0.460314127881802,0.938973161805208,TRUE,1875,"S100A12","Protein S100-A12","S100A12","P80511"
"X8245.27",144,0.460165235443425,0.750224327169179,TRUE,1876,"ICAM5","Intercellular adhesion molecule 5","sICAM-5","Q9UMF0"
"X8933.84",146,0.459795070745713,0.853318310239993,TRUE,1877,"MEF2C","Myocyte-specific enhancer factor 2C","MEF2C","Q06413"
"X9269.7",145,0.459520425798273,0.782235007912029,TRUE,1878,"BTD","Biotinidase","Biotinidase","P43251"
"X16060.99",146,0.459459563686567,0.77642055784031,TRUE,1879,"NID2","Nidogen-2","NID2","Q14112"
"X22824.53",145,0.459149307230042,0.924031808624578,TRUE,1880,"ATP6V1C2","V-type proton ATPase subunit C 2","VATC2","Q8NEY4"
"X12415.122",146,0.458931236478487,0.805349672574406,TRUE,1881,"EDF1","Endothelial differentiation-related factor 1","EDF1","O60869"
"X15619.49",144,0.458850908272423,0.722364459147603,TRUE,1882,"MOG","Myelin-oligodendrocyte glycoprotein","MOG","Q16653"
"X18175.65",145,0.458292161548243,0.758119194077414,TRUE,1883,"VAT1","Synaptic vesicle membrane protein VAT-1 homolog","VAT1","Q99536"
"X21483.155",145,0.457161247399283,0.692346777279865,TRUE,1884,"PRKAR1A","cAMP-dependent protein kinase type I-alpha regulatory subunit","KAP0","P10644"
"X21599.6",142,0.456618009200557,0.792387914017233,TRUE,1885,"CTH","Cystathionine gamma-lyase","CGL","P32929"
"X22583.47",146,0.456497846198936,0.683319614862054,TRUE,1886,"ULBP2","NKG2D ligand 2","ULBP-2","Q9BZM5"
"X12703.6",146,0.456393723318512,0.851264274228298,TRUE,1887,"NEK7","Serine/threonine-protein kinase Nek7","NEK7","Q8TDX7"
"X3866.7",144,0.456010321667866,0.907740358445154,TRUE,1888,"SBDS","Ribosome maturation protein SBDS","SBDS","Q9Y3A5"
"X21111.49",145,0.455921170475146,0.781393676682905,TRUE,1889,"HSPBP1","Hsp70-binding protein 1","HPBP1","Q9NZL4"
"X12442.4",146,0.455795980856816,0.914531228404707,TRUE,1890,"RHOD","Rho-related GTP-binding protein RhoD","RHOD","O00212"
"X7903.18",143,0.454504412066489,0.873831558809653,TRUE,1891,"VAMP3","Vesicle-associated membrane protein 3","VAMP3","Q15836"
"X21366.7",144,0.452948683166029,0.967657495133632,TRUE,1892,"MSI2","RNA-binding protein Musashi homolog 2","MSI2H","Q96DH6"
"X7257.18",145,0.452074963634252,0.706307269991426,TRUE,1893,"PTH2","Tuberoinfundibular peptide of 39 residues","TIP39","Q96A98"
"X21249.115",146,0.45199742392281,0.942451995129665,TRUE,1894,"DFFA","DNA fragmentation factor subunit alpha","DFFA","O00273"
"X3079.62",143,0.451304950974558,0.942466907819845,TRUE,1895,"RARRES2","Retinoic acid receptor responder protein 2","TIG2","Q99969"
"X20066.19",146,0.451137446058563,0.958188806041815,TRUE,1896,"FZD5","Frizzled-5","Frizzled-5","Q13467"
"X19119.10",140,0.450962896869656,0.746992972202326,TRUE,1897,"DDIT3","DNA damage-inducible transcript 3 protein","DDIT3","P35638"
"X21929.53",143,0.450703878514262,0.856242724057791,TRUE,1898,"UBE2D3|UBB","UB2D3/PolyUbiquitin K48","UB2D3/ PolyUbiquitin K48","P61077|P0CG47"
"X11709.29",146,0.450666964895164,0.902632169226955,TRUE,1899,"CPT1B","Carnitine O-palmitoyltransferase 1, muscle isoform","CPT1B","Q92523"
"X10666.7",146,0.450636113671334,0.876718585407468,TRUE,1900,"GNPTG","N-acetylglucosamine-1-phosphotransferase subunit gamma","GNPTG","Q9UJJ9"
"X2835.1",144,0.449848671808744,0.958300912052549,TRUE,1901,"XRCC6","X-ray repair cross-complementing protein 6","Ku70","P12956"
"X22037.47",146,0.44929794183773,0.828644997638114,TRUE,1902,"EFHD2","EF-hand domain-containing protein D2","EFHD2","Q96C19"
"X12569.25",143,0.4492222450236,0.699855550961171,TRUE,1903,"CCT5","T-complex protein 1 subunit epsilon","TCP-1-epsilon","P48643"
"X4474.19",146,0.448962434778585,0.757108877460677,TRUE,1904,"RPS27A","Ubiquitin","Ubiquitin","P62979"
"X3817.18",146,0.448927727151776,0.533521972879231,TRUE,1905,"PRKCQ","Protein kinase C theta type","KPCT","Q04759"
"X13711.10",146,0.448877593913054,0.532019234741736,TRUE,1906,"CLTC","Clathrin heavy chain 1","CLH1","Q00610"
"X21281.13",146,0.448650066137311,0.973822623387932,TRUE,1907,"CAMK2N2","Calcium/calmodulin-dependent protein kinase II inhibitor 2","CK2N2","Q96S95"
"X22103.25",142,0.448528225172641,0.751888859511916,TRUE,1908,"CDK20","Cyclin-dependent kinase 20","CDK20","Q8IZL9"
"X14614.41",146,0.447786231870085,0.992489694749998,TRUE,1909,"NCMAP","Noncompact myelin-associated protein","CA130","Q5T1S8"
"X4840.73",145,0.447457153373895,0.833115391785806,TRUE,1910,"CSF3","Granulocyte colony-stimulating factor","G-CSF","P09919"
"X4719.58",146,0.446490480469247,0.948460029910921,TRUE,1911,"PDIA3","Protein disulfide-isomerase A3","Protein disulfide isomerase A3","P30101"
"X11243.90",137,0.446077802178312,0.748504102358762,TRUE,1912,"ADGRF1","Adhesion G-protein coupled receptor F1","GPR110","Q5T601"
"X20215.45",145,0.445993772070373,0.92800122918291,TRUE,1913,"ITGAV|ITGB1","Integrin alpha-V: beta-1 complex","Integrin aVb1","P06756|P05556"
"X13963.7",144,0.445956836209513,0.757876782575141,TRUE,1914,"TOLLIP","Toll-interacting protein","tollip","Q9H0E2"
"X9015.1",144,0.445645992053843,0.679312981731499,TRUE,1915,"PRG3","Proteoglycan 3","PRG3","Q9Y2Y8"
"X21909.10",145,0.445462311577572,0.78905008489312,TRUE,1916,"ITGA5|ITGB1","Integrin a5b1","Integrin a5b1","P08648|P05556"
"X5121.3",145,0.445295876448971,0.660108930874409,TRUE,1917,"SEMA6B","Semaphorin-6B","SEM6B","Q9H3T3"
"X23564.83",146,0.445252575113089,0.768822996715268,TRUE,1918,"METTL21C","Protein-lysine methyltransferase METTL21C","MT21C","Q5VZV1"
"X24471.2",146,0.444901642442029,0.732006897822369,TRUE,1919,"SETBP1","SET-binding protein","SETBP","Q9Y6X0"
"X9604.14",145,0.444174996161674,0.788602967277586,TRUE,1920,"CDH11","Cadherin-11:Extracellular domain","Cadherin-11:ECD","P55287"
"X25484.120",146,0.443814136802039,0.956906210195527,TRUE,1921,"ARID3C","AT-rich interactive domain-containing protein 3C","ARI3C","A6NKF2"
"X9014.18",145,0.443095232002646,0.595480787029558,TRUE,1922,"TMEM25","Transmembrane protein 25","TMM25","Q86YD3"
"X13599.15",146,0.443038999803323,0.716865767704234,TRUE,1923,"RABEPK","Rab9 effector protein with kelch motifs","RABEK","Q7Z6M1"
"X3351.1",143,0.442898067735951,0.889354657794604,TRUE,1924,"CAMK2B","Calcium/calmodulin-dependent protein kinase type II subunit beta","CAMK2B","Q13554"
"X14273.19",146,0.441650694730997,0.785798580736378,TRUE,1925,"PREP","Prolyl endopeptidase","PPCE","P48147"
"X22784.4",144,0.44156882920614,0.636962141697682,TRUE,1926,"SPATA22","Spermatogenesis-associated protein 22","SPT22","Q8NHS9"
"X13518.5",143,0.441335027016156,0.827593773237805,TRUE,1927,"ASAP2","Arf-GAP with SH3 domain, ANK repeat and PH domain-containing protein 2","ASAP2","O43150"
"X24982.33",144,0.441149694629949,0.992011532516825,TRUE,1928,"MPP5","MAGUK p55 subfamily member 5","MPP5","Q8N3R9"
"X6965.19",144,0.440980881965783,0.726872453844313,TRUE,1929,"CNTNAP2","Contactin-associated protein-like 2","CNTP2","Q9UHC6"
"X2979.8",144,0.440563993938834,0.73266380165144,TRUE,1930,"CXCL5","C-X-C motif chemokine 5","ENA-78","P42830"
"X23016.24",141,0.44055881181845,0.964840604169717,TRUE,1931,"TAF15","TATA-binding protein-associated factor 2N","RBP56","Q92804"
"X17393.13",146,0.440304810091435,0.973356378218246,TRUE,1932,"ACADS","Short-chain specific acyl-CoA dehydrogenase, mitochondrial","SCAD","P16219"
"X19188.21",141,0.440270071242636,0.79272622894677,TRUE,1933,"NAP1L4","nucleosome assembly protein 1-like 4","NAP2L","Q99733"
"X17744.31",144,0.440041479599834,0.779257070513796,TRUE,1934,"RAB11A","Ras-related protein Rab-11A","RB11A","P62491"
"X12701.1",146,0.439772626480377,0.783856967989573,TRUE,1935,"EIF1B","Eukaryotic translation initiation factor 1b","EIF1B","O60739"
"X8465.52",145,0.439587585845801,0.552201007309633,TRUE,1936,"CTSH","Cathepsin H","Cathepsin H","P09668"
"X23521.29",143,0.439253678967857,0.815973103514378,TRUE,1937,"NME7","Nucleoside diphosphate kinase 7","NDK7","Q9Y5B8"
"X5096.51",146,0.439232730063361,0.814938418748699,TRUE,1938,"KIR3DL2","Killer cell immunoglobulin-like receptor 3DL2","KI3L2","P43630"
"X13689.2",145,0.43920572088821,0.87666971319688,TRUE,1939,"ODC1","Ornithine decarboxylase","Ornithine decarboxylase","P11926"
"X17823.40",146,0.439074617541235,0.949041594993955,TRUE,1940,"SNRPD2","Small nuclear ribonucleoprotein Sm D2","SMD2","P62316"
"X8970.9",145,0.43736049162064,0.735870064146332,TRUE,1941,"RIPK2","Receptor-interacting serine/threonine-protein kinase 2","RIPK2","O43353"
"X5741.55",145,0.437320016613094,0.794061044365092,TRUE,1942,"RNASE3","Eosinophil cationic protein","ECP","P12724"
"X9927.96",146,0.436151464083391,0.726812105522911,TRUE,1943,"TNS4","Tensin-4","TENS4","Q8IZW8"
"X11440.58",146,0.435179650532762,0.88041436488275,TRUE,1944,"SOCS3","Suppressor of cytokine signaling 3","SOCS-3","O14543"
"X8263.64",144,0.434956400460614,0.891831315453984,TRUE,1945,"TYMSOS","TYMS opposite strand protein","CR056","Q8TAI1"
"X24222.10",146,0.434955979159998,0.96414490143769,TRUE,1946,"NELFA","Negative elongation factor A","NELFA","Q9H3P2"
"X11458.30",146,0.4345394876383,0.916398375739223,TRUE,1947,"PCBP1","Poly(rC)-binding protein 1","PCBP1","Q15365"
"X9748.31",143,0.433146520499818,0.885582868447887,TRUE,1948,"GSTM3","Glutathione S-transferase Mu 3","GSTM3-3","P21266"
"X24981.8",144,0.432110178398812,1.0233475920967,TRUE,1949,"DYNC1LI1","Cytoplasmic dynein 1 light intermediate chain 1","DC1L1","Q9Y6G9"
"X5481.16",144,0.432087203623838,0.626092482244038,TRUE,1950,"RASA1","Ras GTPase-activating protein 1","RASA1","P20936"
"X4278.14",145,0.432057696925796,0.764313702977771,TRUE,1951,"P4HB","Protein disulfide-isomerase","Protein disulfide-isomerase","P07237"
"X14615.46",146,0.43187085677705,0.804452952061648,TRUE,1952,"KRTAP2-4","Keratin-associated protein 2-4","KRA24","Q9BYR9"
"X9243.10",140,0.431763061843518,0.882922865857437,TRUE,1953,"LYG1","Lysozyme g-like protein 1","LYG1","Q8N1E2"
"X13744.37",144,0.431436070370623,0.749920351204975,TRUE,1954,"IL3RA","Interleukin-3 receptor subunit alpha","IL-3 Ra","P26951"
"X21685.29",145,0.430794001976246,0.739619775861502,TRUE,1955,"DCC","DCC","DCC","P43146"
"X5443.62",145,0.430686589256997,0.528805910281746,TRUE,1956,"NPPA","Atrial natriuretic factor","ANP","P01160"
"X7741.111",145,0.430506619635694,0.868796797544505,TRUE,1957,"RTF1","RNA polymerase-associated protein RTF1 homolog","RTF1","Q92541"
"X10870.32",146,0.430359146809405,0.952504087472986,TRUE,1958,"SPAST","Spastin:Microtubule interacting and trafficking domain","Spastin:MIT","Q9UBP0"
"X20081.14",144,0.430289413235315,0.997612963455386,TRUE,1959,"PIM2","Serine/threonine-protein kinase Pim-2","PIM2","Q9P1W9"
"X21752.10",144,0.429999437294512,0.69829008354265,TRUE,1960,"RHOT1","Mitochondrial Rho GTPase 1","MIRO1","Q8IXI2"
"X21767.129",146,0.429664994273242,0.748080069104351,TRUE,1961,"GALNT14","Polypeptide N-acetylgalactosaminyltransferase 14","GLT14","Q96FL9"
"X23242.2",146,0.42952230736303,0.812788996996202,TRUE,1962,"SSNA1","Sjoegren syndrome nuclear autoantigen 1","SSNA1","O43805"
"X5108.72",146,0.429391189661755,0.815013419893306,TRUE,1963,"NOTCH3","Neurogenic locus notch homolog protein 3","Notch-3","Q9UM47"
"X2875.15",137,0.428320715439261,0.728059668267429,TRUE,1964,"TBP","TATA-box-binding protein","TBP","P20226"
"X19124.9",144,0.426516396901892,0.803986637448007,TRUE,1965,"UBLCP1","Ubiquitin-like domain-containing CTD phosphatase 1","UBCP1","Q8WVY7"
"X4956.2",146,0.426248221234126,0.704921877957408,TRUE,1966,"EREG","Epiregulin","EPI","O14944"
"X2730.58",146,0.425704468414131,0.95931861579511,TRUE,1967,"MICA","MHC class I polypeptide-related sequence A","MICA","Q29983"
"X4889.82",144,0.424632482239572,0.727512150332554,TRUE,1968,"WNT7A","Protein Wnt-7a","WNT7A","O00755"
"X20526.3",145,0.424194884977944,0.72333125966891,TRUE,1969,"RAET1L","Retinoic acid early transcript 1L protein","RET1L","Q5VY80"
"X7782.34",145,0.423739356027353,0.643270146037182,TRUE,1970,"EDDM3B","Epididymal secretory protein E3-beta","EP3B","P56851"
"X3025.50",128,0.423591657104595,0.803266006441184,TRUE,1971,"FGF2","Fibroblast growth factor 2","bFGF","P09038"
"X13658.31",146,0.423409908641813,0.763348137216241,TRUE,1972,"PDGFC","Platelet-derived growth factor C","PDGF-CC","Q9NRA1"
"X11690.47",146,0.421304312615451,0.87503134012082,TRUE,1973,"ANAPC7","Anaphase-promoting complex subunit 7","APC7","Q9UJX3"
"X12016.60",146,0.421134630884389,0.725274291786052,TRUE,1974,"CBL","E3 ubiquitin-protein ligase CBL","CBL","P22681"
"X11109.56",146,0.420587021661416,0.891578601088765,TRUE,1975,"SVEP1","Sushi, von Willebrand factor type A, EGF and pentraxin domain-containing protein 1:Sushi 15-18","SVEP1:Sushi 15-18","Q4LDE5"
"X21957.12",146,0.420305504243972,0.746765610780339,TRUE,1976,"PIK3AP1","Phosphoinositide 3-kinase adapter protein 1","BCAP","Q6ZUJ8"
"X17377.1",140,0.418171798219429,0.909342871000189,TRUE,1977,"AKR1C3","Aldo-keto reductase family 1 member C3","Aldose reductase-like C3","P42330"
"X6230.56",141,0.418155351236794,0.988758050060176,TRUE,1978,"CER1","Cerberus","CER1","O95813"
"X3414.40",145,0.417687433690331,0.725651097240132,TRUE,1979,"BMX","Cytoplasmic tyrosine-protein kinase BMX","BMX","P51813"
"X23678.132",146,0.417062269338897,1.01932228707627,TRUE,1980,"SOX10","Transcription factor SOX-10","SOX10","P56693"
"X19388.2",146,0.416811603145282,0.702552598811574,TRUE,1981,"CDH12","Cadherin-12:Extracellular domain","Cadherin-12:ECD","P55289"
"X7246.4",146,0.416761469906559,0.90156666049852,TRUE,1982,"FREM2","FRAS1-related extracellular matrix protein 2","FREM2","Q5SZK8"
"X3077.66",146,0.416094312191247,0.996109138367451,TRUE,1983,"F10","Coagulation factor Xa","Coagulation Factor Xa","P00742"
"X12795.2",145,0.416007590043186,0.842921345007848,TRUE,1984,"ZNF566","Zinc finger protein 566","ZN566","Q969W8"
"X15521.4",146,0.415862928012526,0.679429465160772,TRUE,1985,"CLSTN1","Calsyntenin-1","Alcadein alpha-1","O94985"
"X14587.16",146,0.415604549012954,0.580215871407018,TRUE,1986,"GDF11","Growth/differentiation factor 11","GDF-11","O95390"
"X17411.55",145,0.414994695226491,0.978973030984586,TRUE,1987,"UFD1","Ubiquitin recognition factor in ER-associated degradation protein 1","UFD1","Q92890"
"X6896.3",145,0.41497107471365,0.800996401965541,TRUE,1988,"C1orf162","Transmembrane protein C1orf162","CA162","Q8NEQ5"
"X21823.5",146,0.414486192149135,0.904572749116854,TRUE,1989,"PPM1G","Protein phosphatase 1G","PPM1G","O15355"
"X7916.10",135,0.4143709741541,0.901187915794926,TRUE,1990,"S100A7","Protein S100-A7","S100A7","P31151"
"X11318.20",146,0.414262520776371,0.607984162109341,TRUE,1991,"APOA5","Apolipoprotein A-V","Apo A-V","Q6Q788"
"X12351.25",144,0.414245348617548,1.02059723237761,TRUE,1992,"STAT1","Signal transducer and activator of transcription 1-alpha/beta","STAT1","P42224"
"X13472.35",139,0.413665045940438,0.84234833528976,TRUE,1993,"HDHD2","Haloacid dehalogenase-like hydrolase domain-containing protein 2","HDHD2","Q9H0R4"
"X17789.1",145,0.413204628036706,0.860491234491558,TRUE,1994,"QPRT","Nicotinate-nucleotide pyrophosphorylase [carboxylating]","NADC","Q15274"
"X6912.6",145,0.412825544797287,0.84099089501586,TRUE,1995,"MICU3","Calcium uptake protein 3, mitochondrial","EFHA2","Q86XE3"
"X5116.62",145,0.412523571257042,0.833429478123428,TRUE,1996,"ROBO2","Roundabout homolog 2","ROBO2","Q9HCK4"
"X23280.9",144,0.4119491230785,0.796743385025488,TRUE,1997,"AKIRIN2","Akirin-2","AKIR2","Q53H80"
"X22404.4",144,0.411576506147582,0.766729464931564,TRUE,1998,"IP6K1","Inositol hexakisphosphate kinase 1","IP6K1","Q92551"
"X21742.43",144,0.409433010512608,0.752700364741262,TRUE,1999,"OTUD7B","OTU domain-containing protein 7B","OTU7B","Q6GQQ9"
"X21512.6",144,0.409215965658681,0.836331858254117,TRUE,2000,"EDEM2","ER degradation-enhancing alpha-mannosidase-like 2","EDEM2","Q9BV94"
"X9787.23",145,0.409042325990635,0.68822391848874,TRUE,2001,"COLEC12","Collectin-12","COLEC12","Q5KU26"
"X21231.3",143,0.408851649603221,0.714565442636849,TRUE,2002,"CHRNA5","Neuronal acetylcholine receptor subunit alpha-5","ACHA5","P30532"
"X20577.5",146,0.408296665368344,0.905474827508455,TRUE,2003,"FZD8","Frizzled-8","FZD8","Q9H461"
"X3331.8",144,0.407141981498936,0.853096683039226,TRUE,2004,"RGMB","RGM domain family member B","RGMB","Q6NW40"
"X21537.33",146,0.40669625813219,0.764314114834056,TRUE,2005,"SCLY","Selenocysteine lyase","SCLY","Q96I15"
"X4280.47",146,0.40587484429773,0.814758849929286,TRUE,2006,"PSMA2","Proteasome subunit alpha type-2","PSA2","P25787"
"X14090.23",146,0.405523911626669,0.625633787294658,TRUE,2007,"DEF6","Differentially expressed in FDCP 6 homolog","DEFI6","Q9H4E7"
"X8233.2",145,0.404268218268856,0.863350002778873,TRUE,2008,"ITIH5","Inter-alpha-trypsin inhibitor heavy chain H5","ITIH5","Q86UX2"
"X12670.15",141,0.404265157321026,1.00458573440796,TRUE,2009,"RAD1","Cell cycle checkpoint protein RAD1","RAD1","O60671"
"X12533.135",146,0.404093186121577,0.787947218922978,TRUE,2010,"CYTH2","Cytohesin-2","CYH2","Q99418"
"X7926.13",141,0.403094602000274,0.855871985252938,TRUE,2011,"SPINT3","Kunitz-type protease inhibitor 3","SPIT3","P49223"
"X25926.29",145,0.402916739660613,0.573514738441412,TRUE,2012,"LDB1","LIM domain-binding protein 1","LDB1","Q86U70"
"X7815.49",144,0.402565143470379,0.728459148598719,TRUE,2013,"IGFBPL1","Insulin-like growth factor-binding protein-like 1","IBPL1","Q8WX77"
"X16885.49",146,0.401520965334794,1.02400617437246,TRUE,2014,"MAPRE3","Microtubule-associated protein RP/EB family member 3","MARE3","Q9UPY8"
"X8887.21",146,0.401293437559051,0.744844209730172,TRUE,2015,"NUDC","Nuclear migration protein nudC:CS domain","NUDC:CS","Q9Y266"
"X9060.27",140,0.40122379534013,0.779090934421999,TRUE,2016,"IGSF9B","Protein turtle homolog B","TUTLB","Q9UPX0"
"X9377.25",143,0.400849994972265,0.753029315403369,TRUE,2017,"KITLG","Kit ligand","SCF","P21583"
"X13056.18",144,0.400491163478659,0.87458379852589,TRUE,2018,"SLC6A16","Orphan sodium- and chloride-dependent neurotransmitter transporter NTT5","S6A16","Q9GZN6"
"X3806.55",146,0.400367900844167,0.758099376990981,TRUE,2019,"EPHA5","Ephrin type-A receptor 5","EphA5","P54756"
"X21105.23",142,0.400345806830209,0.879655485091812,TRUE,2020,"UNC119B","Protein unc-119 homolog B","U119B","A6NIH7"
"X11128.29",142,0.400314366551399,0.994704727799333,TRUE,2021,"TMEM132C","Transmembrane protein 132C:Cytoplasmic domain","T132C:CD","Q8N3T6"
"X15333.11",135,0.399389760562728,0.896391897420493,TRUE,2022,"SDF2","Stromal cell-derived factor 2","SDF2","Q99470"
"X21182.8",144,0.398678440656439,0.723373358530606,TRUE,2023,"TSEN15","tRNA-splicing endonuclease subunit Sen15","SEN15","Q8WW01"
"X20531.5",146,0.398578529862056,1.01257487595146,TRUE,2024,"SLAMF9","SLAM family member 9","SLAF9","Q96A28"
"X6240.70",144,0.398433260851216,0.921405445832092,TRUE,2025,"RSPO1","R-spondin-1","RSPO1","Q2MKA7"
"X13133.73",145,0.398020604920143,0.782959192759686,TRUE,2026,"LTBP4","Latent-transforming growth factor beta-binding protein 4","LTBP4","Q8N2S1"
"X12811.55",146,0.397961505385467,0.850842142149322,TRUE,2027,"ZNF415","Zinc finger protein 415","ZN415","Q09FC8"
"X24488.8",143,0.397169699034267,0.730992449537862,TRUE,2028,"HID1","Protein HID1","HID1","Q8IV36"
"X9111.40",144,0.396946104655603,0.732156845219257,TRUE,2029,"JPH4","Junctophilin-4","JPH4","Q96JJ6"
"X6624.94",146,0.396766020462074,0.982569568291215,TRUE,2030,"WNT11","Protein Wnt-11","WNT11","O96014"
"X22953.85",145,0.396646681127641,0.670362068279583,TRUE,2031,"CEBPB","CCAAT/enhancer-binding protein beta","CEBPB","P17676"
"X11081.1",141,0.396180127414714,0.845626005006683,TRUE,2032,"GPD1","Glycerol-3-phosphate dehydrogenase [NAD(+)], cytoplasmic","GPDA","P21695"
"X21123.1",145,0.396141589227472,0.663236420732554,TRUE,2033,"MRPL28","39S ribosomal protein L28, mitochondrial","RM28","Q13084"
"X13403.5",144,0.395944074775972,0.8826706425912,TRUE,2034,"ETV5","ETS translocation variant 5","ETV5","P41161"
"X6361.49",146,0.395531971508895,0.751459788544768,TRUE,2035,"PTPRR","Receptor-type tyrosine-protein phosphatase R","PTPRR","Q15256"
"X21117.18",146,0.395454843449321,0.881490821085013,TRUE,2036,"ZC4H2","Zinc finger C4H2 domain-containing protein","ZC4H2","Q9NQZ6"
"X9594.30",144,0.39521741489599,0.909651578973885,TRUE,2037,"SLC30A5","Zinc transporter 5","ZNT5","Q8TAD4"
"X8778.3",146,0.395003644300815,0.977071382047176,TRUE,2038,"NOG","Noggin","Noggin","Q13253"
"X7919.278",145,0.394064176807064,0.961604541275402,TRUE,2039,"FAM3D","Protein FAM3D","FAM3D","Q96BQ1"
"X13988.67",127,0.393296282515901,0.841244394731056,TRUE,2040,"NMRAL1","NmrA-like family domain-containing protein 1","NMRL1","Q9HBL8"
"X9223.11",145,0.392918584189247,0.950044550106405,TRUE,2041,"MANF","Mesencephalic astrocyte-derived neurotrophic factor","ARMET","P55145"
"X9361.7",146,0.392496982364669,0.825535670159231,TRUE,2042,"PCDHAC2","Protocadherin alpha-C2","PCDC2","Q9Y5I4"
"X22955.28",145,0.392206033454454,0.823695405615649,TRUE,2043,"RBP1","Retinol-binding protein 1","CRBP","P09455"
"X7199.3",144,0.392038489210079,1.02286168517555,TRUE,2044,"SYN3","Synapsin-3","SYN3","O14994"
"X8372.29",145,0.391484411445713,0.751463745763213,TRUE,2045,"CDHR1","Cadherin-related family member 1","CDHR1","Q96JP9"
"X8348.4",146,0.391355487082978,0.824935339418214,TRUE,2046,"EPHB2","Ephrin type-B receptor 2","EPHB2","P29323"
"X14112.40",145,0.391157661018084,0.780369446476557,TRUE,2047,"RELT","Tumor necrosis factor receptor superfamily member 19L","RELT","Q969Z4"
"X7886.26",145,0.391122230248822,0.838638217817903,TRUE,2048,"SPTLC1","Serine palmitoyltransferase 1","SPTC1","O15269"
"X21604.2",146,0.391108677292342,0.88971025555972,TRUE,2049,"CUTA","Protein CutA","CUTA","O60888"
"X23575.58",145,0.390198293814981,0.99814326903959,TRUE,2050,"COX19","Cytochrome c oxidase assembly protein COX19","COX19","Q49B96"
"X6576.1",134,0.389496734096334,0.673750721791849,TRUE,2051,"ART4","Ecto-ADP-ribosyltransferase 4","ART4","Q93070"
"X8941.4",146,0.389485131638316,0.724386675819943,TRUE,2052,"NLGN3","Neuroligin-3","NLGN3","Q9NZ94"
"X20087.3",146,0.389427285593635,1.01150822912679,TRUE,2053,"SELENOF","15 kDa selenoprotein","selenoprotein15","O60613"
"X23923.26",146,0.388609728162154,0.82005991898996,TRUE,2054,"PPM1F","Protein phosphatase 1F","PPM1F","P49593"
"X5947.90",138,0.388606383877501,1.00361679062339,TRUE,2055,"THPO","Thrombopoietin","Tpo","P40225"
"X24651.1",145,0.388496416571365,0.747084327488942,TRUE,2056,"RTN1","Reticulon-1","RTN1","Q16799"
"X6587.6",146,0.388382200386412,1.03615131171313,TRUE,2057,"LRFN5","Leucine-rich repeat and fibronectin type-III domain-containing protein 5","LRFN5","Q96NI6"
"X25486.38",146,0.388116108580882,0.944047486687767,TRUE,2058,"MRPL38","39S ribosomal protein L38, mitochondrial","RM38","Q96DV4"
"X22086.2",146,0.388089113760031,0.882282619695368,TRUE,2059,"BRMS1L","Breast cancer metastasis-suppressor 1-like protein","BRM1L","Q5PSV4"
"X6119.14",144,0.387157453034188,0.565878250269269,TRUE,2060,"MAMDC2","MAM domain-containing protein 2","MAMC2","Q7Z304"
"X3797.1",145,0.385906033663168,0.79100796833985,TRUE,2061,"CDH2","Cadherin-2","Cadherin-2","P19022"
"X19279.42",146,0.385675005495374,0.847525754101845,TRUE,2062,"RBP1","Retinol-binding protein 1","CRBP","P09455"
"X14041.13",145,0.385032074688062,0.850495821941677,TRUE,2063,"GZMB","Granzyme B","Granzyme B","P10144"
"X24489.34",145,0.384612053523977,0.857574721385839,TRUE,2064,"HES3","Transcription factor HES-3","HES3","Q5TGS1"
"X4842.62",145,0.384492739644866,1.06474475724563,TRUE,2065,"GPC3","Glypican-3","Glypican 3","P51654"
"X4272.46",146,0.384329120855813,0.887307806868963,TRUE,2066,"GPI","Glucose-6-phosphate isomerase","PHI","P06744"
"X3889.64",145,0.384197483234357,0.707495113139385,TRUE,2067,"LMNB1","Lamin-B1","Lamin-B1","P20700"
"X15644.1",145,0.383789273946232,0.854381486105623,TRUE,2068,"BTD","Biotinidase","Biotinidase","P43251"
"X13690.26",145,0.383742033013538,0.911201419654931,TRUE,2069,"BGN","Biglycan","BGN","P21810"
"X15499.11",146,0.38360411709582,0.9243641167104,TRUE,2070,"ATRN","Attractin","Attractin","O75882"
"X16867.76",145,0.383194825543172,0.749742288823748,TRUE,2071,"CDK16","Cyclin-dependent kinase 16","PCTK1","Q00536"
"X21981.2",144,0.383166563838318,0.901454834125572,TRUE,2072,"ITGAM","Integrin alpha-M","Integrin alpha-M","P11215"
"X12430.78",144,0.383071339284638,0.771517670200265,TRUE,2073,"PAIP1","Polyadenylate-binding protein-interacting protein 1","PAIP1","Q9H074"
"X23413.38",144,0.381982097854878,1.0105912045247,TRUE,2074,"ANKRD45","Ankyrin repeat domain-containing protein 45","ANR45","Q5TZF3"
"X16845.15",145,0.381935067338013,0.73799220263643,TRUE,2075,"MPZL1","Myelin protein zero-like protein 1","MPZL1","O95297"
"X14069.61",146,0.381741474457115,0.990613074724452,TRUE,2076,"CA4","Carbonic anhydrase 4","Carbonic Anhydrase IV","P22748"
"X8033.1",146,0.38137511617414,1.05178079170657,TRUE,2077,"DNAJC18","DnaJ homolog subfamily C member 18","DJC18","Q9H819"
"X6464.40",145,0.3806989295992,0.875090686995881,TRUE,2078,"PVRIG","Transmembrane protein PVRIG","PVRIG","Q6DKI7"
"X19437.61",145,0.380638659299691,0.939693289720007,TRUE,2079,"VEGFA","Isoform L-VEGF165","L-VEGF165","P15692"
"X5605.77",144,0.379658918716866,0.746217240949735,TRUE,2080,"MFNG","Beta-1,3-N-acetylglucosaminyltransferase manic fringe","MFNG","O00587"
"X21595.8",141,0.379475696481095,0.869259336425695,TRUE,2081,"CCDC43","Coiled-coil domain-containing protein 43","CCD43","Q96MW1"
"X20918.28",145,0.378493129383328,0.955635655434653,TRUE,2082,"SNRPC","U1 small nuclear ribonucleoprotein C","RU1C","P09234"
"X5745.64",144,0.378167743180183,0.822125280166392,TRUE,2083,"PI15","Peptidase inhibitor 15","PI15","O43692"
"X12460.18",146,0.377549564419284,0.826626706735416,TRUE,2084,"PSMA7","Proteasome subunit alpha type-7","PSA7","O14818"
"X21887.2",145,0.377182190920669,0.657409166273069,TRUE,2085,"CBLN2","Cerebellin-2","CBLN2","Q8IUK8"
"X4468.21",145,0.376942049040121,0.858481351726224,TRUE,2086,"SPHK2","Sphingosine kinase 2","SPHK2","Q9NRA0"
"X25060.18",144,0.376361805732798,0.682013822031902,TRUE,2087,"ME1","NADP-dependent malic enzyme","MAOX","P48163"
"X10966.1",146,0.375914449556321,0.961173947149426,TRUE,2088,"AHSG","Alpha-2-HS-glycoprotein","a2-HS-Glycoprotein","P02765"
"X3082.9",145,0.375438209722597,0.769635358897658,TRUE,2089,"ULBP2","NKG2D ligand 2","ULBP-2","Q9BZM5"
"X18273.14",146,0.374013242887829,0.785442527550711,TRUE,2090,"GAGE2D","G antigen 2D","GGE2D","Q9UEU5"
"X24722.13",144,0.373924577216411,0.547936361399158,TRUE,2091,"SPIN3","Spindlin-3","SPIN3","Q5JUX0"
"X2358.19",146,0.372887173218053,1.0053038092789,TRUE,2092,"FLT4","Vascular endothelial growth factor receptor 3","VEGF sR3","P35916"
"X21681.10",146,0.372038764562742,0.71277743204046,TRUE,2093,"ADAM28","ADAM 28","ADAM 28","Q9UKQ2"
"X3419.49",144,0.371402733118971,0.690478544988142,TRUE,2094,"CAMK2D","Calcium/calmodulin-dependent protein kinase type II subunit delta","CAMK2D","Q13557"
"X3489.9",144,0.371371037432123,1.00285970394605,TRUE,2095,"CNTF","Ciliary neurotrophic factor","CNTF","P26441"
"X6599.5",146,0.370029578610847,0.874057109342359,TRUE,2096,"APCDD1","Protein APCDD1","APCD1","Q8J025"
"X21384.2",142,0.370029299208209,0.771879494134236,TRUE,2097,"FUCA1","Alpha-L-fucoside fucohydrolase","Alpha-L-fucosidase I","P04066"
"X3204.2",145,0.369340180657556,1.00618154204302,TRUE,2098,"LTA4H","Leukotriene A-4 hydrolase","LKHA4","P09960"
"X2447.7",144,0.369015703565557,0.83982933405179,TRUE,2099,"PLA2G2E","Group IIE secretory phospholipase A2","GIIE","Q9NZK7"
"X6407.63",146,0.368132228345333,0.899762102053093,TRUE,2100,"LAD1","Ladinin-1","LAD1","O00515"
"X14326.4",146,0.367997254241079,0.815336248768573,TRUE,2101,"UBE2E1","Ubiquitin-conjugating enzyme E2 E1","UB2E1","P51965"
"X7753.21",143,0.367368632746287,0.918994443725872,TRUE,2102,"HTATIP2","Oxidoreductase HTATIP2","HTAI2","Q9BUP3"
"X9339.204",144,0.3664634219866,0.687654357626291,TRUE,2103,"FKBP2","Peptidyl-prolyl cis-trans isomerase FKBP2","FKBP2","P26885"
"X11300.32",145,0.366324628518226,0.857288764539918,TRUE,2104,"SORT1","Sortilin","SORT","Q99523"
"X3003.29",145,0.366140848840826,1.00695066789662,TRUE,2105,"NCR3","Natural cytotoxicity triggering receptor 3","NKp30","O14931"
"X10809.14",143,0.366137151370508,1.01504060752822,TRUE,2106,"KLRB1","Killer cell lectin-like receptor subfamily B member 1","KLRB1","Q12918"
"X6620.82",144,0.36591953664943,0.704069081710771,TRUE,2107,"LINGO1","Leucine-rich repeat and immunoglobulin-like domain-containing nogo receptor-interacting protein 1","LIGO1","Q96FE5"
"X5617.41",145,0.365881023711011,0.85795606246477,TRUE,2108,"NPFF","Pro-FMRFamide-related neuropeptide FF","NPFF","O15130"
"X15331.47",143,0.365766667966353,0.749329855237237,TRUE,2109,"RBBP4","Histone-binding protein RBBP4","RBBP4","Q09028"
"X8852.10",143,0.365534026406839,0.763505968650663,TRUE,2110,"SUN3","SUN domain-containing protein 3","SUN3","Q8TAQ9"
"X8018.43",146,0.364919844664088,0.737270314801806,TRUE,2111,"VSIG2","V-set and immunoglobulin domain-containing protein 2","VSIG2","Q96IQ7"
"X6086.15",146,0.364761732141962,0.938286608662999,TRUE,2112,"CHRDL2","Chordin-like protein 2","CRDL2","Q6WN34"
"X15511.37",145,0.364533406294473,0.752770911680649,TRUE,2113,"NPTXR","Neuronal pentraxin receptor","NPTXR","O95502"
"X8664.36",145,0.364348378943888,0.763985321317702,TRUE,2114,"PKDCC","Extracellular tyrosine-protein kinase PKDCC","PKDCC","Q504Y2"
"X19237.17",146,0.364183271695159,0.938025466658594,TRUE,2115,"DDT","D-dopachrome decarboxylase","D-dopachrome decarboxylase","P30046"
"X8978.30",145,0.364135612436914,0.84787833604622,TRUE,2116,"MAP4K3","Mitogen-activated protein kinase kinase kinase kinase 3","M4K3","Q8IVH8"
"X18259.15",146,0.363948031113459,0.927601934461717,TRUE,2117,"MEOX2","Homeobox protein MOX-2","MEOX2","P50222"
"X19161.1",132,0.363682853773339,0.782677156077388,TRUE,2118,"USP15","Ubiquitin carboxyl-terminal hydrolase 15","UBP15","Q9Y4E8"
"X9000.177",145,0.362946895182006,0.96947575238306,TRUE,2119,"SLC3A1","Neutral and basic amino acid transport protein rBAT","SLC31","Q07837"
"X21340.38",146,0.362744833384109,0.774590855679988,TRUE,2120,"HLF","Hepatic leukemia factor","HLF","Q16534"
"X9038.12",145,0.36241149689095,0.745224019335166,TRUE,2121,"JTB","Protein JTB","JTB","O76095"
"X10088.37",145,0.362320951591727,0.848629595865841,TRUE,2122,"APRT","Adenine phosphoribosyltransferase","APT","P07741"
"X8330.1",146,0.361900281131777,0.871206311543301,TRUE,2123,"LRP11","Low-density lipoprotein receptor-related protein 11","LRP11","Q86VZ4"
"X15310.61",146,0.361692035370928,0.577123176933081,TRUE,2124,"PRC1","Protein regulator of cytokinesis 1","PRC1","O43663"
"X20550.38",145,0.361318336961699,0.839307530330387,TRUE,2125,"NTM","Neurotrimin","NTRI","Q9P121"
"X3890.8",141,0.361116938608622,0.728497185149445,TRUE,2126,"LDHB","L-lactate dehydrogenase B chain","LDH-H 1","P07195"
"X12408.333",145,0.361010013129068,0.729158500328406,TRUE,2127,"RAB22A","Ras-related protein Rab-22A","RB22A","Q9UL26"
"X7839.99",146,0.360438704402855,0.951216176553554,TRUE,2128,"TAFA3","Protein FAM19A3","F19A3","Q7Z5A8"
"X8107.12",145,0.36005338235902,0.80392558013158,TRUE,2129,"TMEM234","Transmembrane protein 234","TM234","Q8WY98"
"X3336.50",146,0.358842153569679,0.766256488743206,TRUE,2130,"TFPI","Tissue factor pathway inhibitor","TFPI","P10646"
"X9923.6",145,0.358805431930603,0.716144265210178,TRUE,2131,"SOS1","Son of sevenless homolog 1","SOS1","Q07889"
"X8095.213",146,0.358718748674361,0.978957512362821,TRUE,2132,"PPIF","Peptidyl-prolyl cis-trans isomerase F, mitochondrial","Cyclophilin F","P30405"
"X15693.9",145,0.357640153297128,1.04340806910199,TRUE,2133,"PGR","Progesterone receptor","PgR","P06401"
"X2785.15",146,0.357087490214377,0.798500342358009,TRUE,2134,"CCL8","C-C motif chemokine 8","MCP-2","P80075"
"X12576.21",146,0.356894670065443,0.743886751742177,TRUE,2135,"MAGEA3","Melanoma-associated antigen 3","MAGE-3","P43357"
"X9039.47",134,0.35592932890392,0.903009382713956,TRUE,2136,"TOR1AIP1","Torsin-1A-interacting protein 1:Nuclear domain","TOIP1:Nuclear","Q5JTV8"
"X11168.3",143,0.355906743087919,1.08752250619997,TRUE,2137,"MEGF10","Multiple epidermal growth factor-like domains protein 10","MEG10","Q96KG7"
"X22508.2",145,0.355380457568701,0.673701586313036,TRUE,2138,"NDUFB10","NADH dehydrogenase","NDUBA","O96000"
"X10916.44",145,0.354814835227564,0.788984150299736,TRUE,2139,"PLA2R1","Secretory phospholipase A2 receptor","PLA2R","Q13018"
"X8225.86",146,0.354492131009722,0.893591015140962,TRUE,2140,"EPHB2","Ephrin type-B receptor 2","EPHB2","P29323"
"X18265.18",145,0.353990662079065,1.04088476984807,TRUE,2141,"ZNF34","Zinc finger protein 34","ZNF34","Q8IZ26"
"X18280.29",146,0.353223374429734,0.962457352095512,TRUE,2142,"DTD2","Putative D-tyrosyl-tRNA(Tyr) deacylase 2","DTD2","Q96FN9"
"X3676.15",146,0.352467519445912,1.0143932669188,TRUE,2143,"IGF2R","Cation-independent mannose-6-phosphate receptor","IGF-II receptor","P11717"
"X21217.20",146,0.352043315118257,0.866244238960064,TRUE,2144,"PHB2","Prohibitin-2","PHB2","Q99623"
"X7873.32",145,0.351313792607961,0.771413174343585,TRUE,2145,"TSSK2","Testis-specific serine/threonine-protein kinase 2","TSSK2","Q96PF2"
"X20434.23",146,0.350863255806779,0.869472000560561,TRUE,2146,"PCP4L1","Purkinje cell protein 4-like protein 1","PC4L1","A6NKN8"
"X12786.61",142,0.35052583485977,0.845676304144336,TRUE,2147,"GPCPD1","Glycerophosphocholine phosphodiesterase GPCPD1","GDE5","Q9NPB8"
"X18863.176",145,0.349823043339619,0.952775659096181,TRUE,2148,"CHST2","Carbohydrate sulfotransferase 2","CHST2","Q9Y4C5"
"X11481.25",143,0.348854294497412,1.01959057960092,TRUE,2149,"HAVCR2","Hepatitis A virus cellular receptor 2","TIMD3","Q8TDQ0"
"X9964.10",143,0.348539602995286,0.775802019735562,TRUE,2150,"MYZAP","Myocardial zonula adherens protein","MYZAP","P0CAP1"
"X7180.114",146,0.348372019482548,0.634615611739725,TRUE,2151,"IFNA14","Interferon alpha-14","IFN14","P01570"
"X6377.54",144,0.348186168213781,0.703659880375844,TRUE,2152,"LYZL2","Lysozyme-like protein 2","LYZL2","Q7Z4W2"
"X8997.4",143,0.348056729263673,0.836378099572192,TRUE,2153,"NPTXR","Neuronal pentraxin receptor","NPTXR","O95502"
"X12686.15",146,0.348055794438296,0.899386605449957,TRUE,2154,"MPST","3-mercaptopyruvate sulfurtransferase","THTM","P25325"
"X6334.9",146,0.347245949812772,0.779644199545008,TRUE,2155,"GGT2","Inactive gamma-glutamyltranspeptidase 2","GGT2","P36268"
"X8923.94",146,0.345633973367681,0.838949204261946,TRUE,2156,"GALNT16","Polypeptide N-acetylgalactosaminyltransferase 16","GLTL1","Q8N428"
"X21926.24",141,0.345221326460275,0.854014737704908,TRUE,2157,"UBE2D1|UBB","UB2D1/PolyUbiquitin K48","UB2D1/ PolyUbiquitin K48","P51668|P0CG47"
"X11638.42",145,0.345046483200894,0.827216378374777,TRUE,2158,"B3GALT2","Beta-1,3-galactosyltransferase 2","B3GT2","O43825"
"X12437.18",146,0.344573462548542,0.718411384819689,TRUE,2159,"ULK3","Serine/threonine-protein kinase ULK3","ULK3","Q6PHR2"
"X7850.1",146,0.343798325549827,1.01324562238929,TRUE,2160,"COX4I2","Cytochrome c oxidase subunit 4 isoform 2, mitochondrial","COX42","Q96KJ9"
"X20568.3",145,0.343721089533378,1.07461414348081,TRUE,2161,"FREM1","FRAS1-related extracellular matrix protein 1","FREM1","Q5H8C1"
"X3299.29",146,0.343312418774512,0.77297056667377,TRUE,2162,"CNTN5","Contactin-5","Contactin-5","O94779"
"X24954.83",146,0.342197918313672,0.988752349361742,TRUE,2163,"AP1B1","AP-1 complex subunit beta-1","AP1B1","Q10567"
"X8758.2",145,0.34204797316715,0.843168708832203,TRUE,2164,"PCDHA7","Protocadherin alpha-7","PCDA7","Q9UN72"
"X5340.24",146,0.3417042987324,0.665610166737097,TRUE,2165,"CASP10","Caspase-10:region 1","Caspase-10:region 1","Q92851"
"X5491.12",146,0.341627170672827,0.693230983824313,TRUE,2166,"SPOCK2","Testican-2","Testican-2","Q92563"
"X13435.31",139,0.34050297742076,0.734698023686275,TRUE,2167,"IL20RB","Interleukin-20 receptor subunit beta","IL-20 Rb","Q6UXL0"
"X12532.28",146,0.33883127851328,0.832166413823381,TRUE,2168,"CDC34","Ubiquitin-conjugating enzyme E2 R1","UB2R1","P49427"
"X22393.130",145,0.338098115673588,0.90960075447712,TRUE,2169,"CCDC59","Thyroid transcription factor 1-associated protein 26","TAP26","Q9P031"
"X21183.1",145,0.337283207980584,0.911919404877442,TRUE,2170,"DUSP10","Dual specificity protein phosphatase 10","DUS10","Q9Y6W6"
"X8009.121",145,0.336741241727916,1.03961566147388,TRUE,2171,"SURF1","Surfeit locus protein 1","SURF1","Q15526"
"X13993.20",133,0.336385688450619,0.970205864800681,TRUE,2172,"EPB41L1","Band 4.1-like protein 1","E41L1","Q9H4G0"
"X7134.14",144,0.336142847094525,1.07115591323465,TRUE,2173,"BCL2L2","Bcl-2-like protein 2","Apoptosis regulator Bcl-W","Q92843"
"X11313.100",144,0.336103971270039,0.8964000850703,TRUE,2174,"PCBD1","Pterin-4-alpha-carbinolamine dehydratase","PHS","P61457"
"X11614.29",145,0.33444480968756,1.01831861552282,TRUE,2175,"ERH","Enhancer of rudimentary homolog","ERH","P84090"
"X8671.378",145,0.332961967112437,0.747473933519129,TRUE,2176,"TRAPPC5","Trafficking protein particle complex subunit 5","TPPC5","Q8IUR0"
"X21476.43",143,0.332916068130515,0.920405387256677,TRUE,2177,"NEIL2","Endonuclease 8-like 2","NEIL2","Q969S2"
"X14688.6",144,0.332868431418259,0.920532520748899,TRUE,2178,"PTPN7","Tyrosine-protein phosphatase non-receptor type 7","PTN7","P35236"
"X14268.4",146,0.332834571881423,0.775828733429703,TRUE,2179,"SRXN1","Sulfiredoxin-1","SRXN1","Q9BYN0"
"X18315.38",146,0.332607044105681,0.832437053787447,TRUE,2180,"RTP4","Receptor-transporting protein 4","RTP4","Q96DX8"
"X20960.47",146,0.331866614733773,1.0873348616008,TRUE,2181,"FUBP1","Far upstream element-binding protein 1","FUBP1","Q96AE4"
"X18342.2",146,0.331596666525265,0.860512057974185,TRUE,2182,"PSAT1","Phosphoserine aminotransferase","SERC","Q9Y617"
"X9426.73",145,0.331315091736167,0.948887745861112,TRUE,2183,"ID2","DNA-binding protein inhibitor ID-2","ID2","Q02363"
"X3605.77",146,0.330883231974208,0.761198155118932,TRUE,2184,"MASP1","Mannan-binding lectin serine protease 1:Mannan-binding lectin serine protease 1 light chain","MASP3:Light","P48740"
"X22523.4",146,0.330150515408258,0.940028530529996,TRUE,2185,"PABPC5","Polyadenylate-binding protein 5","PABP5","Q96DU9"
"X25043.74",146,0.329934556841452,0.779267289391124,TRUE,2186,"OXCT1","Succinyl-CoA:3-ketoacid-coenzyme A transferase 1, mitochondrial","SCOT","P55809"
"X13610.9",142,0.329382053673412,0.79180708831079,TRUE,2187,"MAGEA10","Melanoma-associated antigen 10","MAGE-10","P43363"
"X5870.23",145,0.329029159465705,0.817081089335314,TRUE,2188,"BAD","Bcl2-associated agonist of cell death","BAD","Q92934"
"X5927.4",145,0.328812638524193,0.822327810368536,TRUE,2189,"CCN6","WNT1-inducible-signaling pathway protein 3","WISP-3","O95389"
"X18396.10",146,0.328700507888272,0.967661486861897,TRUE,2190,"TLE5","Amino-terminal enhancer of split","AES","Q08117"
"X8969.49",146,0.328322580396361,0.785535778118189,TRUE,2191,"CD14","Monocyte differentiation antigen CD14","CD14","P08571"
"X3399.31",146,0.32826859075466,0.905194480488909,TRUE,2192,"STAB2","Stabilin-2","STAB2","Q8WWQ8"
"X21762.32",144,0.328073345083231,0.733367339902769,TRUE,2193,"USP11","Ubiquitin carboxyl-terminal hydrolase 11","UBP11","P51784"
"X6957.14",146,0.326988264965736,1.04889377380964,TRUE,2194,"PNLIPRP2","Pancreatic lipase-related protein 2","LIPR2","P54317"
"X7628.40",146,0.32694584453297,1.04188088476758,TRUE,2195,"CRELD1","Cysteine-rich with EGF-like domain protein 1","CREL1","Q96HD1"
"X21780.15",142,0.326625393485432,0.914695226954231,TRUE,2196,"ABHD4","Protein ABHD4","ABHD4","Q8TB40"
"X20576.71",146,0.326209271564041,0.830620741864079,TRUE,2197,"FZD7","Frizzled-7","FZD7","O75084"
"X24970.117",145,0.326155336060185,0.775977859059414,TRUE,2198,"SRRT","Serrate RNA effector molecule homolog","SRRT","Q9BXP5"
"X18241.18",146,0.325893046519789,0.584039947640449,TRUE,2199,"CPOX","Oxygen-dependent coproporphyrinogen-III oxidase, mitochondrial","HEM6","P36551"
"X4294.16",146,0.325842913281066,0.803249896372462,TRUE,2200,"SPHK1","Sphingosine kinase 1","Sphingosine kinase 1","Q9NYA1"
"X7243.8",144,0.325766238672972,0.897720191304278,TRUE,2201,"IFNB1","Interferon beta","IFN-b","P01574"
"X22578.17",146,0.32548041140107,0.830696377177247,TRUE,2202,"ROBO2","Roundabout homolog 2","ROBO2","Q9HCK4"
"X22500.9",146,0.325414852550432,0.946907983291483,TRUE,2203,"MED11","Mediator of RNA polymerase II transcription subunit 11","MED11","Q9P086"
"X12585.39",145,0.325387670903916,0.896394932007252,TRUE,2204,"ERCC1","DNA excision repair protein ERCC-1","ERCC1","P07992"
"X18316.75",143,0.325241124563924,0.774553996949756,TRUE,2205,"SEPTIN3","Neuronal-specific septin-3","SEPT3","Q9UH03"
"X9569.14",145,0.325169821645444,0.848312772958758,TRUE,2206,"SCARA3","Scavenger receptor class A member 3:region 1","SCAR3:region 1","Q6AZY7"
"X17682.1",146,0.324979079013841,0.81475365603054,TRUE,2207,"CD46","Membrane cofactor protein","CD46","P15529"
"X11833.83",145,0.324608195514473,0.824360464812976,TRUE,2208,"FXN","Frataxin, mitochondrial","FRDA","Q16595"
"X15588.17",143,0.324595371630149,0.879837576326308,TRUE,2209,"GLA","Alpha-galactosidase A","galactosidase, alpha","P06280"
"X17706.4",145,0.324579308824427,0.989319250776018,TRUE,2210,"PPP1R1A","Protein phosphatase 1 regulatory subunit 1A","PPR1A","Q13522"
"X8601.167",146,0.3245703002981,0.607927720272708,TRUE,2211,"LRP1","Low-density lipoprotein receptor-related protein 1, soluble:Cytoplasmic domain","sLRP1:CD","Q07954"
"X9738.7",146,0.324045829492999,0.987209389965873,TRUE,2212,"FAF2","FAS-associated factor 2","FAF2","Q96CS3"
"X17675.17",145,0.32399666950769,0.70261816049328,TRUE,2213,"ACOT13","Acyl-coenzyme A thioesterase 13","ACO13","Q9NPJ3"
"X5111.15",144,0.323853028479098,0.963530576232874,TRUE,2214,"NRXN3","Neurexin-3-beta","NRX3B","Q9HDB5"
"X9580.5",146,0.323683327613002,0.572758606865154,TRUE,2215,"LAMC2","Laminin subunit gamma-2","Laminin gamma-2","Q13753"
"X16749.79",142,0.322716193757558,0.735828395838934,TRUE,2216,"GDF10","Growth/differentiation factor 10","BMP-3b","P55107"
"X23405.33",145,0.322171350736368,0.800646995870251,TRUE,2217,"HORMAD2","HORMA domain-containing protein 2","HORM2","Q8N7B1"
"X11989.35",145,0.321906254121287,0.946630801452389,TRUE,2218,"EMC1","ER membrane protein complex subunit 1","EMC1","Q8N766"
"X2715.25",143,0.32154862117226,0.99196700613529,TRUE,2219,"EPOR","Erythropoietin receptor","EPO-R","P19235"
"X8334.65",143,0.321207967198716,0.669559209552633,TRUE,2220,"TCP11","T-complex protein 11 homolog","TCP11","Q8WWU5"
"X19614.8",137,0.320447804037891,0.84340125272588,TRUE,2221,"TCN1","Transcobalamin-1","Holo-TC I","P20061"
"X7956.11",142,0.320167496604798,0.942820096729148,TRUE,2222,"MICOS10","MICOS complex subunit MIC10","MOS1","Q5TGZ0"
"X13743.56",144,0.319998472647324,0.92142340226286,TRUE,2223,"CUL4B","Cullin-4B","CUL4B","Q13620"
"X23699.61",145,0.319213515657447,1.0416410048131,TRUE,2224,"DLST","Dihydrolipoyllysine-residue succinyltransferase component of 2-oxoglutarate dehydrogenase complex, mitochondrial","ODO2","P36957"
"X13673.21",143,0.318846706341063,1.01757988200603,TRUE,2225,"CCT7","T-complex protein 1 subunit eta","TCPH","Q99832"
"X3508.78",146,0.317690477384125,0.794961255195713,TRUE,2226,"CCL22","C-C motif chemokine 22","MDC","O00626"
"X16616.137",139,0.317230453658787,0.932416286258453,TRUE,2227,"ENO3","Beta-enolase","ENOB","P13929"
"X5236.2",145,0.317211052803553,0.931206657416574,TRUE,2228,"NR1D1","Nuclear receptor subfamily 1 group D member 1","NR1D1","P20393"
"X8268.98",145,0.316341032293114,0.964324713611428,TRUE,2229,"HS3ST3A1","Heparan sulfate glucosamine 3-O-sulfotransferase 3A1","HS3SA","Q9Y663"
"X11572.4",146,0.315712142656059,0.747950177131396,TRUE,2230,"DNM2","Dynamin-2","DYN2","P50570"
"X7258.5",145,0.315091736166745,0.923546984012569,TRUE,2231,"PRG2","Bone marrow proteoglycan","EMBP","P13727"
"X13411.21",146,0.314817457165004,0.843292991628059,TRUE,2232,"RNF41","E3 ubiquitin-protein ligase NRDP1","RNF41","Q9H4P4"
"X22845.3",142,0.312935919790758,1.00088143416873,TRUE,2233,"MRPS14","28S ribosomal protein S14, mitochondrial","RT14","O60783"
"X5657.28",146,0.311948293348862,0.851228761947629,TRUE,2234,"ST3GAL1","CMP-N-acetylneuraminate-beta-galactosamide-alpha-2,3-sialyltransferase 1","SIA4A","Q11201"
"X19504.22",143,0.311386596785149,0.826905181244668,TRUE,2235,"DTYMK","Thymidylate kinase","KTHY","P23919"
"X12622.96",145,0.311270505517347,0.670456752546661,TRUE,2236,"ASH1L","Histone-lysine N-methyltransferase ASH1L","ASH1L","Q9NR48"
"X20461.58",146,0.311107597499508,0.828786014294729,TRUE,2237,"FAM50A","Protein FAM50A","FA50A","Q14320"
"X5061.27",146,0.308936442622508,1.0223426917012,TRUE,2238,"ICOSLG","ICOS ligand","B7-H2","O75144"
"X5930.54",146,0.30851995110081,1.03148276259286,TRUE,2239,"TNNI3","Troponin I, cardiac muscle","Troponin I","P19429"
"X23290.3",145,0.308383657851018,0.984145338201296,TRUE,2240,"SMN1","Survival motor neuron protein","SMN","Q16637"
"X13660.76",146,0.307667686042521,0.8127589045842,TRUE,2241,"ANGPT2","Angiopoietin-2","Angiopoietin-2","O15123"
"X6228.58",144,0.307563997958175,0.975662594426771,TRUE,2242,"SPACA1","Sperm acrosome membrane-associated protein 1","sperm acrosome associated 1","Q9HBV2"
"X23561.4",146,0.307166353655292,0.8584660808633,TRUE,2243,"CCDC97","Coiled-coil domain-containing protein 97","CCD97","Q96F63"
"X12524.18",145,0.306974308907243,1.02418182405958,TRUE,2244,"SAT2","Diamine acetyltransferase 2","SAT2","Q96F10"
"X9288.7",146,0.306711298103807,0.809449862809828,TRUE,2245,"FKBP7","Peptidyl-prolyl cis-trans isomerase FKBP7","FKBP7","Q9Y680"
"X8654.13",146,0.306545472775723,1.01283597794081,TRUE,2246,"ADAM10","Disintegrin and metalloproteinase domain-containing protein 10:Cytoplasmic domain","ADAM 10:CD","O14672"
"X5634.39",144,0.306539065985522,1.03367240610944,TRUE,2247,"POFUT1","GDP-fucose protein O-fucosyltransferase 1","OFUT1","Q9H488"
"X22847.18",146,0.306387360253597,0.778189131009344,TRUE,2248,"STK4","Serine/threonine-protein kinase 4","STK4","Q13043"
"X15303.63",145,0.306379862844365,0.975659094057789,TRUE,2249,"S100A5","Protein S100-A5","S100A5","P33763"
"X3521.16",144,0.306295280298235,0.890392370569614,TRUE,2250,"CGA|TSHB","Thyroid Stimulating Hormone","TSH","P01215|P01222"
"X3875.62",146,0.306229247731471,0.814505093690737,TRUE,2251,"ARID3A","AT-rich interactive domain-containing protein 3A","ARI3A","Q99856"
"X12667.2",146,0.306051853194451,0.81107083534934,TRUE,2252,"GDA","Guanine deaminase","GUAD","Q9Y2T3"
"X17836.17",141,0.305335716655785,1.01582217293393,TRUE,2253,"S100A16","Protein S100-A16","S100A16","Q96FQ6"
"X13681.173",145,0.30500714519107,1.05358715057274,TRUE,2254,"CSNK2A2","Casein kinase II subunit alpha'","CSK22","P19784"
"X9850.38",145,0.304849675415425,1.12284347525584,TRUE,2255,"EIF1AX","Eukaryotic translation initiation factor 1A, X-chromosomal","IF1AX","P47813"
"X6497.10",145,0.304675090003996,0.581300764141231,TRUE,2256,"RS1","Retinoschisin","XLRS1","O15537"
"X25080.16",144,0.304349923130257,0.796363109080852,TRUE,2257,"UGT2B15","UDP-glucuronosyltransferase 2B15","UDB15","P54855"
"X3053.49",146,0.30411979530213,0.760956265640203,TRUE,2258,"FLT3LG","Fms-related tyrosine kinase 3 ligand","Flt3 ligand","P49771"
"X25938.13",144,0.303938552313734,0.916661786080752,TRUE,2259,"NEUROG3","Neurogenin-3","NGN3","Q9Y4Z2"
"X18842.24",136,0.303770501580486,0.981434572625974,TRUE,2260,"UBE2D2","Ubiquitin-conjugating enzyme E2 D2","UB2D2","P62837"
"X3520.58",145,0.303019089273553,0.613314571273268,TRUE,2261,"TGFB3","Transforming growth factor beta-3","TGF-b3","P10600"
"X10948.14",146,0.302989869229375,0.668245076396919,TRUE,2262,"PLD3","Phospholipase D3","PLD3","Q8IV08"
"X8073.3",144,0.302928296820896,0.903402647850626,TRUE,2263,"CD84","SLAM family member 5","SLAF5","Q9UIB8"
"X14675.20",146,0.300602755785569,0.869958137278479,TRUE,2264,"EIF4B","Eukaryotic translation initiation factor 4B","IF4B","P23588"
"X3196.6",143,0.300443056288054,0.767198028611382,TRUE,2265,"HAPLN1","Hyaluronan and proteoglycan link protein 1","HPLN1","P10915"
"X22809.32",144,0.300428460035852,0.655945743902684,TRUE,2266,"TIMM23","Mitochondrial import inner membrane translocase subunit Tim23","TIM23","O14925"
"X21220.11",146,0.299669506264727,0.846634588622196,TRUE,2267,"SAR1B","GTP-binding protein SAR1b","SAR1B","Q9Y6B6"
"X4693.72",143,0.299653805979491,0.824440464390142,TRUE,2268,"HIBADH","3-hydroxyisobutyrate dehydrogenase, mitochondrial","3HIDH","P31937"
"X4556.10",145,0.29942346264908,0.828272492633371,TRUE,2269,"IL34","Interleukin-34","IL-34","Q6ZMJ4"
"X17348.5",146,0.299214450713242,0.758825746882044,TRUE,2270,"SYNJ2BP","Synaptojanin-2-binding protein","SYJ2B","P57105"
"X24260.4",141,0.299083566491201,0.938540064889696,TRUE,2271,"SETD3","Histone-lysine N-methyltransferase setd3","SETD3","Q86TU7"
"X9100.32",145,0.298582378344756,0.815350360386534,TRUE,2272,"C5orf46","Uncharacterized protein C5orf46","CE046","Q6UWT4"
"X13228.75",141,0.298555452801754,0.929470570157803,TRUE,2273,"MDM2","E3 ubiquitin-protein ligase Mdm2","MDM2","Q00987"
"X19274.80",145,0.298250310511325,0.999965474907311,TRUE,2274,"SNTA1","Alpha-1-syntrophin","Alpha-1-syntrophin","Q13424"
"X6921.24",146,0.29813465787921,0.67095454907374,TRUE,2275,"B4GALT3","Beta-1,4-galactosyltransferase 3","B4GT3","O60512"
"X13399.33",146,0.297745161178362,0.925482199452603,TRUE,2276,"RELL1","RELT-like protein 1","RELL1","Q8IUW5"
"X18408.26",144,0.297618736597983,0.945469900815274,TRUE,2277,"ARF4","ADP-ribosylation factor 4","ARF4","P18085"
"X25092.32",145,0.296447278031152,0.659169621405047,TRUE,2278,"DDX1","ATP-dependent RNA helicase DDX1","DDX1","Q92499"
"X5691.2",145,0.296360669484069,1.07726859873921,TRUE,2279,"CRISPLD2","Cysteine-rich secretory protein LCCL domain-containing 2","CRLD2","Q9H0B8"
"X10507.166",145,0.29610616612274,0.83929601723793,TRUE,2280,"ACRV1","Acrosomal protein SP-10","sperm protein 10","P26436"
"X20977.2",145,0.295436919576249,0.96114014587557,TRUE,2281,"PDCL","Phosducin-like protein","PHLP","Q13371"
"X5384.67",141,0.295277158160185,0.839650451391238,TRUE,2282,"BRF1","Transcription factor IIIB 90 kDa subunit","BRF-1","Q92994"
"X12655.30",145,0.295208588401564,0.857094087114935,TRUE,2283,"NAPB","Beta-soluble NSF attachment protein","SNAB","Q9H115"
"X19289.29",146,0.295041822690304,0.850797631992122,TRUE,2284,"UROD","Uroporphyrinogen decarboxylase","DCUP","P06132"
"X23361.20",143,0.294952985647386,1.10891124367172,TRUE,2285,"RBM4","RNA-binding protein 4","RBM4","Q9BWF3"
"X21706.29",143,0.294748247500534,0.775925156654384,TRUE,2286,"LILRA1","Leukocyte immunoglobulin-like receptor subfamily A member 1","LIRA1","O75019"
"X8989.40",145,0.294242696832686,0.989802339061225,TRUE,2287,"SCUBE1","Signal peptide, CUB and EGF-like domain-containing protein 1","SCUB1","Q8IWY4"
"X23625.44",144,0.293484246192679,0.748997542296085,TRUE,2288,"KIAA1143","Uncharacterized protein KIAA1143","K1143","Q96AT1"
"X6117.4",145,0.293475265532364,0.873623171693548,TRUE,2289,"PCSK2","Neuroendocrine convertase 2","NEC2","P16519"
"X7132.55",144,0.293001925264372,1.14797513409692,TRUE,2290,"C1QL4","Complement C1q-like protein 4","C1QL4","Q86Z23"
"X18208.3",146,0.292978647096707,0.784375429293414,TRUE,2291,"CCNB2","G2/mitotic-specific cyclin-B2","CCNB2","O95067"
"X4551.72",144,0.29270449402525,0.560851959606491,TRUE,2292,"ADGRG5","Adhesion G-protein coupled receptor G5","GP114","Q8IZF4"
"X7768.10",146,0.29235390981416,0.939583609835951,TRUE,2293,"CPM","Carboxypeptidase M","CBPM","P14384"
"X22779.75",146,0.291524783173742,0.974603066586886,TRUE,2294,"SMCO1","Single-pass membrane and coiled-coil domain-containing protein 1","SMCO1","Q147U7"
"X21369.15",140,0.291338995949859,1.02286913956626,TRUE,2295,"RTCA","RNA 3'-terminal phosphate cyclase","RTCA","O00442"
"X4880.21",146,0.290726507757155,0.974482389524706,TRUE,2296,"GDF2","Growth/differentiation factor 2","GDF2","Q9UK05"
"X19347.37",146,0.290672518115453,0.832955722615595,TRUE,2297,"CA12","Carbonic anhydrase 12","Carbonic Anhydrase XII","O43570"
"X3892.21",146,0.29062238487673,0.984587244528535,TRUE,2298,"MED1","Mediator of RNA polymerase II transcription subunit 1","MED-1","Q15648"
"X4905.63",143,0.290022573363431,0.946230084426936,TRUE,2299,"COTL1","Coactosin-like protein","Coactosin-like protein","Q14019"
"X14332.3",145,0.28932569340968,0.890626448862613,TRUE,2300,"RALA","Ras-related protein Ral-A","RALA","P11233"
"X25111.24",146,0.28921479778951,0.779963577480932,TRUE,2301,"RAD18","E3 ubiquitin-protein ligase RAD18","RAD18","Q9NS91"
"X13678.169",146,0.288046307686968,0.825408441543947,TRUE,2302,"CFD","Complement factor D","Factor D","P00746"
"X8296.117",143,0.287729479702359,1.0558843225428,TRUE,2303,"POGLUT3","KDEL motif-containing protein 2","KDEL2","Q7Z4H8"
"X21722.21",146,0.287645241777185,0.837722471775388,TRUE,2304,"GALNT4","Polypeptide N-acetylgalactosaminyltransferase 4","GALT4","Q8N4A0"
"X5703.26",146,0.287490985658037,0.761310211113882,TRUE,2305,"OLFM1","Noelin","NOE1","Q99784"
"X24642.21",146,0.287456278031229,0.746797744705416,TRUE,2306,"FAM92A","Protein FAM92A","FA92A","A1XBS5"
"X9886.28",145,0.287384874604602,0.869989999702505,TRUE,2307,"XRCC4","DNA repair protein XRCC4","XRCC4","Q13426"
"X2877.3",146,0.287344442344847,0.92585169795222,TRUE,2308,"UBE2I","SUMO-conjugating enzyme UBC9","UBC9","P63279"
"X2523.31",145,0.287110705189023,0.600841080802371,TRUE,2309,"CCL5","C-C motif chemokine 5","RANTES","P13501"
"X15417.3",146,0.286557736137195,0.875069532638787,TRUE,2310,"SERPINB5","Serpin B5","Maspin","P36952"
"X20376.64",140,0.286214151063057,1.02325244000511,TRUE,2311,"TATDN1","Putative deoxyribonuclease TATDN1","TATD1","Q6P1N9"
"X3007.7",146,0.285709327481885,0.897727211292295,TRUE,2312,"SIGLEC9","Sialic acid-binding Ig-like lectin 9","Siglec-9","Q9Y336"
"X12804.5",146,0.285558927765716,0.692320089668369,TRUE,2313,"GMEB2","Glucocorticoid modulatory element-binding protein 2","GMEB2","Q9UKD1"
"X5954.62",144,0.28471463022508,1.01636381339391,TRUE,2314,"PTH","Parathyroid hormone","PTH","P01270"
"X2989.17",145,0.284522855798738,1.05646034301344,TRUE,2315,"IFNG","Interferon gamma","IFN-g","P01579"
"X8299.66",143,0.284495319086062,0.988030204824858,TRUE,2316,"LILRA4","Leukocyte immunoglobulin-like receptor subfamily A member 4","LIRA4","P59901"
"X11228.37",143,0.28446248496813,0.786600382401509,TRUE,2317,"RIC3","Protein RIC-3","RIC3","Q7Z5B4"
"X7253.6",146,0.283896818081902,0.920160717226651,TRUE,2318,"QKI","Protein quaking","QKI","Q96PU8"
"X17726.3",146,0.283584449440629,0.819757206404932,TRUE,2319,"SAR1A","GTP-binding protein SAR1a","SAR1A","Q9NR31"
"X2816.50",146,0.282863302083615,0.802561859327178,TRUE,2320,"BCAM","Basal Cell Adhesion Molecule","BCAM","P50895"
"X16583.8",145,0.281652963488592,0.959130834456683,TRUE,2321,"NUDT2","Bis(5'-nucleosyl)-tetraphosphatase [asymmetrical]","AP4A","P50583"
"X10064.12",133,0.281023545526197,0.900987962769699,TRUE,2322,"RBBP9","Putative hydrolase RBBP9","RBBP9","O75884"
"X14705.1",144,0.280970592431967,1.08169244171517,TRUE,2323,"VEGFD","Vascular endothelial growth factor D","VEGF-D","O43915"
"X6451.64",146,0.280622731952998,0.892830527357822,TRUE,2324,"ASPN","Asporin","ASPN","Q9BXN1"
"X8357.43",146,0.280333501729597,0.714421669312887,TRUE,2325,"SULT4A1","Sulfotransferase 4A1","ST4A1","Q9BR01"
"X6374.7",144,0.280133441855324,1.01059843345892,TRUE,2326,"MMP20","Matrix metalloproteinase-20","MMP20","O60882"
"X11150.3",146,0.280024989491302,0.720470212328587,TRUE,2327,"COL6A1","Collagen alpha-1(VI) chain","Collagen a1(VI)","P12109"
"X7775.15",145,0.280011337846164,0.948859048720281,TRUE,2328,"KLK11","Kallikrein-11","Kallikrein 11","Q9UBX7"
"X10089.7",146,0.279604641566625,0.785635391635406,TRUE,2329,"ASMTL","N-acetylserotonin O-methyltransferase-like protein","ASML","O95671"
"X16323.8",145,0.279487749811528,0.921830933425703,TRUE,2330,"NRXN3","Neurexin-3","NRX3A","Q9Y4C0"
"X19774.8",146,0.279396395805776,0.894560572422718,TRUE,2331,"HBG2","Hemoglobin subunit gamma-2","HBG2","P69892"
"X8565.160",145,0.279378939204856,0.803816097637451,TRUE,2332,"PLVAP","Plasmalemma vesicle-associated protein","PLVAP","Q9BX97"
"X4985.11",143,0.279303424188074,0.891432204180055,TRUE,2333,"FABP5","Fatty acid-binding protein, epidermal","FABPE","Q01469"
"X7242.14",144,0.278979893286709,0.891649292885429,TRUE,2334,"VSTM4","V-set and transmembrane domain-containing protein 4","CJ072","Q8IW00"
"X25075.2",145,0.278721502891539,0.86613646909093,TRUE,2335,"ZBTB10","Zinc finger and BTB domain-containing protein 10","ZBT10","Q96DT7"
"X21955.36",146,0.278617402404082,0.818899190728881,TRUE,2336,"BAG6","Large proline-rich protein BAT3","BAT3","P46379"
"X17794.6",146,0.278524848732593,0.982814696967721,TRUE,2337,"PMM2","Phosphomannomutase 2","Phosphomannomutase 2","O15305"
"X7882.31",144,0.278355446408116,1.01109397352674,TRUE,2338,"SLAMF7","SLAM family member 7","SLAF7","Q9NQ25"
"X6493.9",144,0.278325860693378,1.1141274214286,TRUE,2339,"CPZ","Carboxypeptidase Z","CBPZ","Q66K79"
"X24011.27",143,0.277741181492267,0.79276422305727,TRUE,2340,"VSIG10L","V-set and immunoglobulin domain-containing protein 10-like","VS10L","Q86VR7"
"X24434.16",144,0.277467172031817,1.07249347322219,TRUE,2341,"PHYHIP","Phytanoyl-CoA hydroxylase-interacting protein","PHYIP","Q92561"
"X19503.2",145,0.276972165193993,1.09839841647605,TRUE,2342,"SNX3","Sorting nexin-3","SNX3","O60493"
"X12665.16",146,0.27653880119857,0.791314574393158,TRUE,2343,"ILF2","Interleukin enhancer-binding factor 2","ILF2","Q12905"
"X7981.230",146,0.276446247527082,0.76820844050321,TRUE,2344,"B3GALT6","Beta-1,3-galactosyltransferase 6","B3GT6","Q96L58"
"X13723.6",144,0.276341756532434,1.03075025762656,TRUE,2345,"IL10","Interleukin-10","IL-10","P22301"
"X23660.112",129,0.276329877194797,0.985312029504651,TRUE,2346,"KLHL41","Kelch-like protein 41","KLH41","O60662"
"X24236.46",144,0.276189021571803,1.02261095141661,TRUE,2347,"VAT1L","Synaptic vesicle membrane protein VAT-1 homolog-like","VAT1L","Q9HCJ6"
"X22397.2",144,0.276069896200725,0.799101460131907,TRUE,2348,"XBP1","X-box-binding protein 1","XBP1","P17861"
"X9987.30",141,0.275581044370661,0.815695485863698,TRUE,2349,"LRRC25","Leucine-rich repeat-containing protein 25:Cytoplasmic domain","LRC25:CD","Q8N386"
"X5624.66",143,0.274780884915073,0.977595131592692,TRUE,2350,"FOLR3","Folate receptor gamma","FOLR3","P41439"
"X12785.49",144,0.273112764849988,0.694371176167874,TRUE,2351,"ZBTB33","Transcriptional regulator Kaiso","KAISO","Q86T24"
"X9177.6",146,0.272670829010948,0.769710133240075,TRUE,2352,"FAM3B","Protein FAM3B","FAM3B","P58499"
"X23620.16",146,0.272119363384996,0.920823593982612,TRUE,2353,"RCSD1","CapZ-interacting protein","CPZIP","Q6JBY9"
"X11836.144",146,0.272022953310529,0.78174856747701,TRUE,2354,"DDR1","Epithelial discoidin domain-containing receptor 1","discoidin domain receptor 1","Q08345"
"X20952.15",146,0.271926543236062,0.68019441357433,TRUE,2355,"ECHDC1","Ethylmalonyl-CoA decarboxylase","ECHD1","Q9NTX5"
"X12372.50",141,0.271890841211125,1.04514191009955,TRUE,2356,"TPM3","Tropomyosin alpha-3 chain","Tropomyosin alpha-3 chain","P06753"
"X21166.1",145,0.271858324163982,0.969139235301487,TRUE,2357,"CTDSP1","Carboxy-terminal domain RNA polymerase II polypeptide A small phosphatase 1","CTDS1","Q9GZU7"
"X23425.19",144,0.271651185504648,0.858917350230356,TRUE,2358,"ERMN","Ermin","ERMIN","Q8TAM6"
"X15391.114",146,0.270569089387565,0.824207935583761,TRUE,2359,"GAS6","Growth arrest-specific protein 6","GAS-6","Q14393"
"X24279.30",144,0.270499100674243,0.744334007872451,TRUE,2360,"UTP6","U3 small nucleolar RNA-associated protein 6 homolog","UTP6","Q9NYH9"
"X2774.10",146,0.270430258880332,0.869512143271135,TRUE,2361,"IL16","Interleukin-16","IL-16","Q14005"
"X6402.8",146,0.270387838447566,0.989487199152045,TRUE,2362,"PILRA","Paired immunoglobulin-like type 2 receptor alpha isoform FDF03-deltaTM","PILRA isoform FDF03-deltaTM","Q9UKJ1"
"X21946.79",145,0.269875638244684,0.705415191783818,TRUE,2363,"IL6|IL6R","IL-6/IL-6 sRa Complex","IL-6/ IL-6 sRa Complex","P05231|P08887"
"X23291.18",143,0.269847198223674,1.01759507391347,TRUE,2364,"PID1","PTB-containing, cubilin and LRP1-interacting protein","PCLI1","Q7Z2X4"
"X13429.3",145,0.268523895101302,1.14666472699519,TRUE,2365,"WFDC10A","WAP four-disulfide core domain protein 10A","WF10A","Q9H1F0"
"X13463.1",145,0.267986000936945,0.875205642088091,TRUE,2366,"PXDN","Peroxidasin homolog","PXDN","Q92626"
"X5602.62",145,0.267579074587674,0.663926487927648,TRUE,2367,"RNASE10","Inactive ribonuclease-like protein 10","RNS10","Q5GAN6"
"X5992.50",146,0.267013485841216,0.739279032063326,TRUE,2368,"CD8A","T-cell surface glycoprotein CD8 alpha chain","CD8A","P01732"
"X18922.27",146,0.266955639796536,0.951842352382318,TRUE,2369,"CD68","Macrosialin","CD68","P34810"
"X17383.4",145,0.266614570313346,0.844713055472108,TRUE,2370,"STARD5","StAR-related lipid transfer protein 5","STAR5","Q9NSY2"
"X22991.9",146,0.266454307409307,0.859391740162151,TRUE,2371,"MAGEA6","Melanoma-associated antigen 6","MAGE-6","P43360"
"X24907.3",146,0.266041672290588,1.08118861982565,TRUE,2372,"PMPCA","Mitochondrial-processing peptidase subunit alpha","MPPA","Q10713"
"X9027.10",145,0.265966451064299,0.966147118066407,TRUE,2373,"NLGN2","Neuroligin-2:Cytoplasmic domain","NLGN2:CD","Q8NFZ4"
"X6283.60",145,0.265614635269756,0.865441485546272,TRUE,2374,"MCEMP1","Mast cell-expressed membrane protein 1","MCEM1","Q8IX19"
"X18905.5",141,0.265434477325661,0.978450491305655,TRUE,2375,"KRT16","Keratin, type I cytoskeletal 16","Keratin-16","P08779"
"X5740.17",146,0.264344854979966,0.890260494530348,TRUE,2376,"ROBO1","Roundabout homolog 1","ROBO1","Q9Y6N7"
"X5098.79",146,0.264109614398266,0.906233766879131,TRUE,2377,"KLRF1","Killer cell lectin-like receptor subfamily F member 1","KLRF1","Q9NZS2"
"X2685.21",146,0.263936076264225,0.895185296293706,TRUE,2378,"IGFBP5","Insulin-like growth factor-binding protein 5","IGFBP-5","P24593"
"X17782.23",146,0.26362756402593,1.04582463488687,TRUE,2379,"ACAA1","3-ketoacyl-CoA thiolase, peroxisomal","THIK","P09110"
"X6414.8",145,0.26334064255542,0.879383945813173,TRUE,2380,"OAF","Out at first protein homolog","OAF","Q86UD1"
"X23276.14",145,0.263135931847081,0.963815626463868,TRUE,2381,"C2orf68","UPF0561 protein C2orf68","CB068","Q2NKX9"
"X2602.2",146,0.262975831922533,0.860276830637448,TRUE,2382,"ANGPT2","Angiopoietin-2","Angiopoietin-2","O15123"
"X7203.125",146,0.262509207162112,0.9377340183829,TRUE,2383,"RFNG","Beta-1,3-N-acetylglucosaminyltransferase radical fringe","RFNG","Q9Y644"
"X17792.158",144,0.26232081239085,0.680259369179632,TRUE,2384,"ALDH5A1","Succinate-semialdehyde dehydrogenase, mitochondrial","SSDH","P51649"
"X24427.33",144,0.262256502804501,0.754145654394019,TRUE,2385,"INPP4B","Type II inositol-3,4-bisphosphate 4-phosphatase","INP4B","O15327"
"X13423.94",146,0.26181119822297,0.848412271382278,TRUE,2386,"PRXL2A","Redox-regulatory protein FAM213A","CJ058","Q9BRX8"
"X10754.113",145,0.261600601534543,0.805634286381698,TRUE,2387,"PROK2","Prokineticin-2","Prokineticin-2","Q9HC23"
"X9028.5",144,0.261524981259785,0.901026450947547,TRUE,2388,"MTPAP","Poly(A) RNA polymerase, mitochondrial","PAPD1","Q9NVV4"
"X23638.3",144,0.261401865778124,0.882380233863334,TRUE,2389,"CARNMT1","Carnosine N-methyltransferase","CARME","Q8N4J0"
"X22795.17",145,0.261051939539361,0.788998557154953,TRUE,2390,"TADA2A","Transcriptional adapter 2-alpha","TAD2A","O75478"
"X12754.14",144,0.260376933805472,0.854241851371121,TRUE,2391,"CSDC2","Cold shock domain-containing protein C2","CSDC2","Q9Y534"
"X9070.1",146,0.260368903508941,0.862466236070732,TRUE,2392,"C17orf67","Uncharacterized protein C17orf67","CQ067","Q0P5P2"
"X14122.132",145,0.260127235077829,1.04329891811477,TRUE,2393,"ZNRF3","E3 ubiquitin-protein ligase ZNRF3","ZNRF3","Q9ULT6"
"X5011.11",141,0.259831698195604,0.635900014464705,TRUE,2394,"NAMPT","Nicotinamide phosphoribosyltransferase","PBEF","P43490"
"X13496.19",146,0.259821294285968,0.92419858137648,TRUE,2395,"HMGCS1","Hydroxymethylglutaryl-CoA synthase, cytoplasmic","HMCS1","Q01581"
"X24718.8",144,0.259586611601805,0.905433181553136,TRUE,2396,"LRRC75A","Leucine-rich repeat-containing protein 75A","LR75A","Q8NAA5"
"X9451.20",145,0.259028448939341,0.787833905335086,TRUE,2397,"UMOD","Uromodulin","Uromodulin","P07911"
"X16828.8",137,0.258994938050041,0.956947535073104,TRUE,2398,"COL6A1","Collagen alpha-1(VI) chain","Collagen a1(VI)","P12109"
"X23162.36",143,0.258043332827141,0.833912124385656,TRUE,2399,"MAP3K10","Mitogen-activated protein kinase kinase kinase 10","M3K10","Q02779"
"X23281.29",146,0.25743803724514,0.620204170477208,TRUE,2400,"ARL8A","ADP-ribosylation factor-like protein 8A","ARL8A","Q96BM9"
"X8239.223",146,0.257175801842589,0.774806687602261,TRUE,2401,"BCHE","Cholinesterase","Pseudocholinesterase","P06276"
"X11262.39",140,0.256509901260757,1.07885987755783,TRUE,2402,"TRABD","TraB domain-containing protein","TRABD","Q9H4I3"
"X5252.33",145,0.256467086848518,0.761718803723246,TRUE,2403,"PDE11A","Dual 3',5'-cyclic-AMP and -GMP phosphodiesterase 11A","PDE11","Q9HCR9"
"X15544.25",142,0.256062622473252,1.12498304753091,TRUE,2404,"KLK14","Kallikrein-14","kallikrein 14","Q9P0G3"
"X8314.71",146,0.256015024546005,0.710031950380109,TRUE,2405,"GNS","N-acetylglucosamine-6-sulfatase","GNS","P15586"
"X7842.52",145,0.255837207745938,1.13820686337935,TRUE,2406,"SERF1A","Small EDRK-rich factor 1","SERF1","O75920"
"X2831.29",143,0.25523601574396,0.901199416765159,TRUE,2407,"KLK11","Kallikrein-11","Kallikrein 11","Q9UBX7"
"X6284.7",145,0.255191581665794,1.10631628051727,TRUE,2408,"ALKAL2","ALK and LTK ligand 2","F150B","Q6UX46"
"X19197.95",140,0.254891583654992,1.03646404571778,TRUE,2409,"ACAT1","Acetyl-CoA acetyltransferase, mitochondrial","THIL","P24752"
"X6444.15",144,0.253978142823266,0.807383309965431,TRUE,2410,"PSG3","Pregnancy-specific beta-1-glycoprotein 3","PSG3","Q16557"
"X12758.47",145,0.253938697257675,0.85372625540405,TRUE,2411,"GRID2","Glutamate receptor ionotropic, delta-2","GRID2","O43424"
"X5063.12",146,0.253238414401351,1.1104263704923,TRUE,2412,"CD244","Natural killer cell receptor 2B4","CD244","Q9BZW8"
"X11105.171",146,0.253080301879225,0.813415111414522,TRUE,2413,"ENO1","Alpha-enolase","Alpha enolase","P06733"
"X21536.65",146,0.253014743028588,1.09719653876716,TRUE,2414,"CPLX3","Complexin-3","CPLX3","Q8WVH0"
"X21367.63",144,0.252149342636768,0.944423429034836,TRUE,2415,"NRBF2","Nuclear receptor-binding factor 2","NRBF2","Q96F24"
"X13570.43",146,0.25180383249328,1.10673274883495,TRUE,2416,"HDLBP","Vigilin","VIGLN","Q00341"
"X5005.4",145,0.251762677301126,0.994878277360107,TRUE,2417,"MAPK12","Mitogen-activated protein kinase 12","MK12","P53778"
"X2761.49",145,0.251151493201269,0.897292573118397,TRUE,2418,"FGF18","Fibroblast growth factor 18","FGF-18","O76093"
"X12439.67",146,0.250743321674142,0.749095471054488,TRUE,2419,"IRF9","Interferon regulatory factor 9","ISGF3","Q00978"
"X2599.51",146,0.250203425257126,1.1438706503677,TRUE,2420,"TNFSF9","Tumor necrosis factor ligand superfamily member 9","4-1BB ligand","P41273"
"X4543.65",145,0.250190440384778,0.926523295826545,TRUE,2421,"COL23A1","Collagen alpha-1(XXIII) chain","CONA1","Q86Y22"
"X3202.28",146,0.249948902660532,0.872640139550507,TRUE,2422,"KREMEN2","Kremen protein 2","KREM2","Q8NCW0"
"X23520.60",141,0.249848544853201,1.02120545858826,TRUE,2423,"MBLAC2","Beta-lactamase-like protein FLJ75971","YE006","Q68D91"
"X15497.9",144,0.249038372649188,1.06326047812081,TRUE,2424,"HS3ST1","Heparan sulfate glucosamine 3-O-sulfotransferase 1","HS3S1","O14792"
"X18829.4",146,0.249007940333733,1.01488387685663,TRUE,2425,"EIF4A1","Eukaryotic initiation factor 4A-I","IF4A1","P60842"
"X12396.19",146,0.248016844768211,0.824411109965332,TRUE,2426,"HIBCH","3-hydroxyisobutyryl-CoA hydrolase, mitochondrial","HIBCH","Q6NVY1"
"X2747.3",146,0.246967903158008,1.04666253337737,TRUE,2427,"ULBP3","NKG2D ligand 3","ULBP-3","Q9BZM4"
"X2993.1",144,0.246859889789668,0.800822186155867,TRUE,2428,"IL18RAP","Interleukin-18 receptor accessory protein","IL-18 Rb","O95256"
"X12676.1",146,0.246721093367372,0.733091734361944,TRUE,2429,"PACSIN1","Protein kinase C and casein kinase substrate in neurons protein 1","PACN1","Q9BY11"
"X23570.87",145,0.246710863009708,0.991187944244563,TRUE,2430,"ZKSCAN7","Zinc finger protein with KRAB and SCAN domains 7","ZKSC7","Q9P0L1"
"X6526.77",142,0.246602185918327,0.956994319376235,TRUE,2431,"OBP2A","Odorant-binding protein 2a","OBP2A","Q9NY56"
"X25086.83",145,0.246274855619899,0.906777568386239,TRUE,2432,"GRAMD2B","GRAM domain-containing protein 2B","GRM2B","Q96HH9"
"X20988.63",146,0.246050079249081,0.885120046196898,TRUE,2433,"RP9","Retinitis pigmentosa 9 protein","RP9","Q8TA86"
"X3074.6",143,0.245896256713024,0.854199970073251,TRUE,2434,"LBP","Lipopolysaccharide-binding protein","LBP","P18428"
"X14132.21",144,0.245770648359908,1.03938032528394,TRUE,2435,"HHLA2","HERV-H LTR-associating protein 2","HHLA2","Q9UM44"
"X5202.4",145,0.245503253719239,0.836048973188988,TRUE,2436,"PPID","Peptidyl-prolyl cis-trans isomerase D","PPID","Q08752"
"X23301.2",145,0.24540089836507,0.963364822196839,TRUE,2437,"MSX2","MSX-2","MSX-2","P35548"
"X15515.2",140,0.244872787392896,0.932590656563709,TRUE,2438,"SAA1","Serum amyloid A-1 protein","SAA","P0DJI8"
"X12718.43",146,0.24385192955123,1.05294032996078,TRUE,2439,"PIN4","Peptidyl-prolyl cis-trans isomerase NIMA-interacting 4","PIN4","Q9Y237"
"X20564.53",144,0.24358010747718,1.08994116556426,TRUE,2440,"THY1","Thy-1 membrane glycoprotein","THY1","P04216"
"X23557.110",142,0.243297167132279,1.00631139181784,TRUE,2441,"CAPZB","F-actin-capping protein subunit beta","CAPZB","P47756"
"X8633.18",145,0.242897128932316,1.06493619865514,TRUE,2442,"RNF128","E3 ubiquitin-protein ligase RNF128:region 2","RN128:region 2","Q8TEB7"
"X3480.7",145,0.242324809608825,0.997722763906323,TRUE,2443,"DUSP3","Dual specificity protein phosphatase 3","DUS3","P51452"
"X19615.213",146,0.242178250658481,0.84373656918713,TRUE,2444,"NT5C3A","Cytosolic 5'-nucleotidase 3A","5NT3","Q9H0P0"
"X17384.110",146,0.242016281733376,0.727329155429787,TRUE,2445,"PFKM","ATP-dependent 6-phosphofructokinase, muscle type","K6PF","P08237"
"X17403.14",146,0.241865882017207,0.913076985550203,TRUE,2446,"ACADSB","Short/branched chain specific acyl-CoA dehydrogenase, mitochondrial","acyl-Coenzyme A dehydrogenase","P45954"
"X24899.13",144,0.24176738465496,0.85047728234253,TRUE,2447,"EPS8L1","Epidermal growth factor receptor kinase substrate 8-like protein 1","ES8L1","Q8TE68"
"X9204.33",144,0.241707094538921,1.08859383619675,TRUE,2448,"POMC","Pro-opiomelanocortin","Corticotropin-lipotropin","P01189"
"X21739.7",145,0.241624067727884,0.947624127549205,TRUE,2449,"GNE","Bifunctional UDP-N-acetylglucosamine 2-epimerase/N-acetylmannosamine kinase","GLCNE","Q9Y223"
"X13502.2",143,0.241564709890047,0.885122502541877,TRUE,2450,"SLC26A11","Sodium-independent sulfate anion transporter","S2611","Q86WA9"
"X20528.23",146,0.240882499257642,0.951340321750587,TRUE,2451,"CD68","Macrosialin","CD68","P34810"
"X21600.10",146,0.240022521393395,0.952548706863988,TRUE,2452,"CTNNBIP1","Beta-catenin-interacting protein 1","CNBP1","Q9NSA3"
"X6986.17",145,0.23947853781152,1.12805656046187,TRUE,2453,"HS3ST3B1","Heparan sulfate glucosamine 3-O-sulfotransferase 3B1","HS3SB","Q9Y662"
"X19601.15",146,0.239285948424467,0.845230184771674,TRUE,2454,"ASB9","Ankyrin repeat and SOCS box protein 9","ASB9","Q96DX5"
"X24445.38",145,0.237838412389722,0.881403438769025,TRUE,2455,"AFAP1L2","Actin filament-associated protein 1-like 2","AF1L2","Q8N4X5"
"X23382.30",144,0.237794743897121,0.698230725779513,TRUE,2456,"VCX3A","Variable charge X-linked protein 3","VCX3","Q9NNX9"
"X22154.37",146,0.237716392412142,1.06640582161878,TRUE,2457,"GATAD1","GATA zinc finger domain-containing protein 1","GATD1","Q8WUU5"
"X21674.132",146,0.237442587800655,0.849351859697904,TRUE,2458,"BTN1A1","Butyrophilin subfamily 1 member A1","Butyrophilin 1A1","Q13410"
"X3316.58",142,0.237137557765459,1.12335054537206,TRUE,2459,"SERPIND1","Heparin cofactor 2","Heparin cofactor II","P05546"
"X5032.64",146,0.236582609936408,0.80153043194833,TRUE,2460,"SSRP1","FACT complex subunit SSRP1","SSRP1","Q08945"
"X2981.9",146,0.236432210220239,0.794235146401344,TRUE,2461,"ESAM","Endothelial cell-selective adhesion molecule","ESAM","Q96AP7"
"X21942.14",146,0.236177687623646,0.777460215191604,TRUE,2462,"WNT16","Protein Wnt-16","WNT16","Q9UBV4"
"X6391.52",138,0.236041721848256,1.01561111040495,TRUE,2463,"LILRA3","Leukocyte immunoglobulin-like receptor subfamily A member 3","LIRA3","Q8N6C8"
"X10589.7",146,0.235707206460246,0.827117456692454,TRUE,2464,"RAET1L","Retinoic acid early transcript 1L protein","RET1L","Q5VY80"
"X21129.95",146,0.23540255062493,0.890508436474908,TRUE,2465,"MAD2L1BP","MAD2L1-binding protein","MD2BP","Q15013"
"X2333.72",146,0.23540255062493,1.0711890110882,TRUE,2466,"TGFB1","Transforming growth factor beta-1","TGF-b1","P01137"
"X3216.2",146,0.235209730475996,0.829148303777211,TRUE,2467,"PIGR","Polymeric immunoglobulin receptor","PIGR","P01833"
"X2649.77",146,0.234712254491745,0.621815843202925,TRUE,2468,"ICAM3","Intercellular adhesion molecule 3","sICAM-3","P32942"
"X3091.70",144,0.234645112280293,1.07724068321303,TRUE,2469,"AURKA","Aurora kinase A","Aurora kinase A","O14965"
"X8040.9",137,0.234401656044118,0.883228397255114,TRUE,2470,"LEMD1","LEM domain-containing protein 1","LEMD1","Q68G75"
"X24721.17",145,0.233860792507573,1.10069125670618,TRUE,2471,"GOLPH3","Golgi phosphoprotein 3","GOLP3","Q9H4A6"
"X11387.3",146,0.233798286985797,1.10808274369063,TRUE,2472,"ATF6B","Cyclic AMP-dependent transcription factor ATF-6 beta","ATF6B","Q99941"
"X24321.67",145,0.233242722421575,1.07000685914027,TRUE,2473,"NARF","Nuclear prelamin A recognition factor","NARF","Q9UHQ1"
"X2618.10",143,0.233215678226965,0.713617877108805,TRUE,2474,"ERBB4","Receptor tyrosine-protein kinase erbB-4","ERBB4","Q15303"
"X11487.4",146,0.232745488972616,0.969804128487751,TRUE,2475,"SPOCK1","Testican-1","Testican-1","Q08629"
"X5751.14",144,0.23268769317958,1.04119582073149,TRUE,2476,"LETMD1","LETM1 domain-containing protein 1","HCCR-1","Q6P1Q0"
"X23606.18",145,0.232669145478989,1.0574884535459,TRUE,2477,"SAMD4B","Sterile alpha motif domain-containing protein 4B","SAM4B","Q5PRF9"
"X20950.159",145,0.232200994421633,1.05168904355808,TRUE,2478,"PRTFDC1","Phosphoribosyltransferase domain-containing protein 1","PRDC1","Q9NRG1"
"X22142.4",146,0.232089900466239,1.06712046073567,TRUE,2479,"FAM86B1","Putative protein N-methyltransferase FAM86B1","F86B1","Q8N7N1"
"X6442.6",146,0.231723542183264,0.94573451487415,TRUE,2480,"BAGE3","B melanoma antigen 3","BAGE3","Q86Y29"
"X3073.51",146,0.231596280884967,0.7618182940782,TRUE,2481,"IL18BP","Interleukin-18-binding protein","IL-18 BPa","O95998"
"X7020.13",146,0.230998538423271,0.820712381391787,TRUE,2482,"CHST5","Carbohydrate sulfotransferase 5","CHST5","Q9GZS9"
"X15559.5",146,0.230462498409234,0.844361152711583,TRUE,2483,"ANTXR2","Anthrax toxin receptor 2","ANTR2","P58335"
"X20932.10",146,0.230439359991362,0.718424066211343,TRUE,2484,"CCDC69","Coiled-coil domain-containing protein 69","CCD69","A6NI79"
"X11130.158",146,0.230435503588383,1.13384105112055,TRUE,2485,"CACNB4","Voltage-dependent L-type calcium channel subunit beta-4","CACB4","O00305"
"X13591.31",145,0.230197191526551,1.04339609328232,TRUE,2486,"PRIM1","DNA primase small subunit","PRI1","P49642"
"X18925.24",144,0.229780161698416,0.804273322139299,TRUE,2487,"PSMA5","Proteasome subunit alpha type-5","Proteasome subunit alpha type 5","P28066"
"X13623.4",146,0.229606376947966,0.677211800136856,TRUE,2488,"KMT2D","Histone-lysine N-methyltransferase 2D","MLL2","O14686"
"X22572.19",142,0.229074539029982,0.879870167471699,TRUE,2489,"PGA4","Pepsin A-4","PEPA4","P0DJD7"
"X12462.20",142,0.228419034046254,1.1056008334217,TRUE,2490,"SETMAR","Histone-lysine N-methyltransferase SETMAR","SETMR","Q53H47"
"X23323.25",145,0.228394162595417,0.934221618721214,TRUE,2491,"DUPD1","Dual specificity phosphatase DUPD1","DUPD1","Q68J44"
"X5532.53",146,0.227038012564161,0.801377740164635,TRUE,2492,"FGFR1","Fibroblast growth factor receptor 1","bFGF-R","P11362"
"X2654.19",146,0.226829766803312,0.830394626383197,TRUE,2493,"TNFRSF1A","Tumor necrosis factor receptor superfamily member 1A","TNF sR-I","P19438"
"X9783.75",145,0.226713172740407,0.84467659363736,TRUE,2494,"DNAJC11","DnaJ homolog subfamily C member 11","DJC11","Q9NVH1"
"X16074.12",145,0.226500588543286,1.11002807147785,TRUE,2495,"GRAP2","GRB2-related adapter protein 2","GRB2-related adapter protein 2","O75791"
"X6415.90",146,0.225507020581623,0.913656989658404,TRUE,2496,"CPN2","Carboxypeptidase N subunit 2","CPN2","P22792"
"X20373.141",144,0.225374955033531,1.13737421049457,TRUE,2497,"GID8","Glucose-induced degradation protein 8 homolog","GID8","Q9NWU2"
"X9523.34",146,0.224943985746735,0.841884852462861,TRUE,2498,"ITM2C","Integral membrane protein 2C:C-term","ITM2C:C-term","Q9NQX7"
"X15545.13",144,0.224333943604512,0.750255849488206,TRUE,2499,"PPP3R1","Calcineurin subunit B type 1","Calcineurin B a","P63098"
"X14178.18",146,0.224319248464187,1.00332526245916,TRUE,2500,"CDKN3","Cyclin-dependent kinase inhibitor 3","CDKN3","Q16667"
"X7891.45",146,0.224022305434829,0.629298582755514,TRUE,2501,"UGT1A6","UDP-glucuronosyltransferase 1-6","UGT 1A6","P19224"
"X15480.2",146,0.223821772479937,0.906208638360924,TRUE,2502,"VNN2","Vascular non-inflammatory molecule 2","VNN2","O95498"
"X16918.198",144,0.223057351977717,0.838645461221156,TRUE,2503,"TLR3","Toll-like receptor 3","TLR3","O15455"
"X10087.10",146,0.223054348287179,1.07580313271228,TRUE,2504,"CRYAA","Alpha-crystallin A chain","Alpha crystallin A chain","P02489"
"X7174.15",145,0.222918151147364,0.834915854536926,TRUE,2505,"CD38","ADP-ribosyl cyclase/cyclic ADP-ribose hydrolase 1","CD38","P28907"
"X13549.15",146,0.222564585108886,0.621545264515563,TRUE,2506,"ADAM29","Disintegrin and metalloproteinase domain-containing protein 29","ADA29","Q9UKF5"
"X13097.11",143,0.222310008064897,0.990640150223187,TRUE,2507,"BCL2L2","Bcl-2-like protein 2","Apoptosis regulator Bcl-W","Q92843"
"X11543.84",146,0.222117242363358,0.848251021773002,TRUE,2508,"LIMA1","LIM domain and actin-binding protein 1","LIMA1","Q9UHB6"
"X5680.54",146,0.222070965527614,1.00072574678679,TRUE,2509,"OBP2B","Odorant-binding protein 2b","OBP2B","Q9NPH6"
"X9303.9",146,0.221797160916127,0.793282794587643,TRUE,2510,"ICOSLG","ICOS ligand","B7-H2","O75144"
"X22959.32",146,0.221534925513576,0.918699103720647,TRUE,2511,"DKK4","Dickkopf-related protein 4","Dkk-4","Q9UBT3"
"X12864.9",144,0.221003468691343,0.82002528611722,TRUE,2512,"NIPAL4","Magnesium transporter NIPA4","NIPA4","Q0D2K0"
"X2962.50",146,0.220709655276138,0.978036623129929,TRUE,2513,"PTHLH","Parathyroid hormone-related protein","PTHrP","P12272"
"X11278.4",142,0.220483414964361,0.951506177154676,TRUE,2514,"COL11A2","Collagen alpha-2(XI) chain","COL11A2","P13942"
"X19271.64",145,0.219066477965014,0.64449045869276,TRUE,2515,"GNAI1","Guanine nucleotide-binding protein G(i) subunit alpha-1","GNAI1","P63096"
"X2813.11",146,0.218172142116163,1.06661366912798,TRUE,2516,"AGRP","Agouti-related protein","ART","O00253"
"X2794.60",144,0.217723686378855,0.821424314544369,TRUE,2517,"SOD1","Superoxide dismutase [Cu-Zn]","SOD","P00441"
"X7007.24",145,0.217692551468113,1.11218369380522,TRUE,2518,"TRAPPC4","Trafficking protein particle complex subunit 4","TRAPPC4","Q9Y296"
"X20408.11",144,0.217680170901352,0.933467730313439,TRUE,2519,"TOMM20","Mitochondrial import receptor subunit TOM20 homolog","TOM20","Q15388"
"X6647.55",145,0.217503587365388,0.908596346492726,TRUE,2520,"UBC","PolyUbiquitin K63-linked","PolyUbiquitin K63","P0CG48"
"X23317.10",131,0.217401981720338,0.912059324212056,TRUE,2521,"DHRS11","Dehydrogenase/reductase SDR family member 11","DHR11","Q6UWP2"
"X12636.113",144,0.216966476618441,0.645394061587674,TRUE,2522,"SMYD2","N-lysine methyltransferase SMYD2","SMYD2","Q9NRG4"
"X3045.72",146,0.216776124237878,0.829936275556461,TRUE,2523,"PTN","Pleiotrophin","PTN","P21246"
"X23258.56",145,0.216700489928804,1.17317221359606,TRUE,2524,"COA7","Cytochrome c oxidase assembly factor 7","COA7","Q96BR5"
"X8243.55",146,0.216679714163411,0.794316423913651,TRUE,2525,"SPINK1","Serine protease inhibitor Kazal-type 1","TATI","P00995"
"X24416.20",146,0.215734895433633,1.08571296820336,TRUE,2526,"SND1","Staphylococcal nuclease domain-containing protein 1","SND1","Q7KZF4"
"X20915.68",146,0.215707900612782,0.917076941418182,TRUE,2527,"NECAP2","Adaptin ear-binding coat-associated protein 2","NECP2","Q9NVZ3"
"X11292.13",146,0.215360824344701,0.799876291470092,TRUE,2528,"SCARA3","Scavenger receptor class A member 3:region 2","SCAR3:region 2","Q6AZY7"
"X9443.137",145,0.215328107961278,1.13577269064904,TRUE,2529,"CTSK","Cathepsin K","cathepsin K","P43235"
"X5612.16",146,0.214882630375344,0.678158106257802,TRUE,2530,"HINT2","Histidine triad nucleotide-binding protein 2, mitochondrial","HINT2","Q9BX68"
"X8005.1",144,0.214562905828659,0.846878952721792,TRUE,2531,"MXRA7","Matrix-remodeling-associated protein 7","MXRA7","P84157"
"X2839.2",145,0.214292744186413,1.00104140098167,TRUE,2532,"TNFSF4","Tumor necrosis factor ligand superfamily member 4","OX40 Ligand","P23510"
"X15402.2",146,0.213972519272374,0.735174325428322,TRUE,2533,"ID1","DNA-binding protein inhibitor ID-1","ID-1","P41134"
"X9264.11",145,0.213362124113985,0.802661906530705,TRUE,2534,"CTSO","Cathepsin O","CATO","P43234"
"X4697.59",143,0.212971038434151,0.989445707778908,TRUE,2535,"CSF2","Granulocyte-macrophage colony-stimulating factor","GM-CSF","P04141"
"X8252.2",146,0.21225256354388,1.04915682614455,TRUE,2536,"NOTUM","Palmitoleoyl-protein carboxylesterase NOTUM","NOTUM","Q6P988"
"X15603.20",143,0.211413913400369,1.00978365534303,TRUE,2537,"ITGA2","Integrin alpha-2","Integrin alpha-2","P17301"
"X17704.74",146,0.210906678904319,1.14472341269047,TRUE,2538,"HSPH1","Heat shock protein 105 kDa","HS105","Q92598"
"X12001.7",145,0.210899270521264,1.08615062067224,TRUE,2539,"TJP1","Tight junction protein ZO-1","ZO1","Q07157"
"X16558.2",146,0.210686863934534,1.04202244074065,TRUE,2540,"MYOC","Myocilin","MYOC","Q99972"
"X25105.70",146,0.210636730695811,0.853087449360419,TRUE,2541,"EIF2A","Eukaryotic translation initiation factor 2A","EIF2A","Q9BY44"
"X5087.5",146,0.210548033427301,0.826601417241608,TRUE,2542,"IL22RA2","Interleukin-22 receptor subunit alpha-2","IL-22BP","Q969J5"
"X7202.107",146,0.210104547084752,1.00856567616672,TRUE,2543,"SEMA6C","Semaphorin-6C","SEMA6C","Q9H3T2"
"X24675.2",146,0.208920631370296,1.07900245417693,TRUE,2544,"MAST4","Microtubule-associated serine/threonine-protein kinase 4","MAST4","O15021"
"X8925.25",145,0.208690756917844,0.966316200043619,TRUE,2545,"RRM2B","Ribonucleoside-diphosphate reductase subunit M2 B","RIR2B","Q7LG56"
"X19278.19",144,0.208133538587684,0.852174082574901,TRUE,2546,"RAB1B","Ras-related protein Rab-1B","RAB1B","Q9H0U4"
"X13930.3",144,0.207066819669891,0.890144452607731,TRUE,2547,"APOBEC3G","DNA dC->dU-editing enzyme APOBEC-3G","ABC3G","Q9HC16"
"X7840.64",146,0.206938440239251,0.795734086333086,TRUE,2548,"LGMN","Legumain","LGMN","Q99538"
"X12774.12",143,0.206629208410459,1.08869903745223,TRUE,2549,"HCN1","Potassium/sodium hyperpolarization-activated cyclic nucleotide-gated channel 1","HCN1","O60741"
"X23245.5",142,0.206628579093192,1.02668607549502,TRUE,2550,"SPATC1L","Speriolin-like protein","SPC1L","Q9H0A9"
"X4771.10",141,0.206167823365458,0.677999530373064,TRUE,2551,"SMPDL3A","Acid sphingomyelinase-like phosphodiesterase 3a","ASM3A","Q92484"
"X10056.5",146,0.205951201076708,0.772052118807296,TRUE,2552,"FOXM1","Forkhead box protein M1","FOXM1","Q08050"
"X8903.1",146,0.205322607391182,1.0144603152192,TRUE,2553,"COX6C","Cytochrome c oxidase subunit 6C","COX6C","P09669"
"X22805.18",145,0.204986280445797,0.965028531201783,TRUE,2554,"THAP11","THAP domain-containing protein 11","THA11","Q96EK4"
"X9294.45",146,0.203718343752049,1.17217330358967,TRUE,2555,"MFAP2","Microfibrillar-associated protein 2","MFAP2","P55001"
"X3827.22",146,0.20324400618567,0.862930753247433,TRUE,2556,"PAK6","Serine/threonine-protein kinase PAK 6","PAK6","Q9NQU5"
"X12712.9",144,0.202992801360145,1.07977751638327,TRUE,2557,"HMG20A","High mobility group protein 20A","HM20A","Q9NP66"
"X23700.42",146,0.202642407320995,0.998549851423405,TRUE,2558,"ABCF3","ATP-binding cassette sub-family F member 3","ABCF3","Q9NUQ8"
"X4460.8",144,0.202623021981776,0.716800149517796,TRUE,2559,"PDPK1","3-phosphoinositide-dependent protein kinase 1","PDPK1","O15530"
"X6450.8",141,0.202583401835868,0.768653308226941,TRUE,2560,"FABP6","Gastrotropin","FABP6","P51161"
"X5632.6",146,0.202360889903551,0.734984729675835,TRUE,2561,"CRTAC1","Cartilage acidic protein 1","CRAC1","Q9NQ79"
"X2783.18",146,0.201793998665685,0.872435770911393,TRUE,2562,"CCL3L1","C-C motif chemokine 3-like 1","LD78-beta","P16619"
"X7808.5",146,0.201547188875049,0.866910981860855,TRUE,2563,"GLCE","D-glucuronyl C5-epimerase","GLCE","O94923"
"X8367.142",146,0.201531763263134,1.0492880415558,TRUE,2564,"VSIG1","V-set and immunoglobulin domain-containing protein 1","VSIG1","Q86XK7"
"X11155.16",145,0.201529818870391,1.12944085818535,TRUE,2565,"COL6A5","Collagen alpha-5(VI) chain","CO6A5","A8TX70"
"X14076.74",145,0.201221180513864,0.803404737748738,TRUE,2566,"CST4","Cystatin-S","Cystatin-S","P01036"
"X4867.15",146,0.20121939462186,0.894012765203621,TRUE,2567,"VEGFA","Vascular endothelial growth factor A, isoform 121","VEGF121","P15692"
"X8794.13",130,0.201150477043722,0.78086583724165,TRUE,2568,"DPEP1","Dipeptidase 1","DPEP1","P16444"
"X6245.4",145,0.200803884787012,0.952409968527903,TRUE,2569,"NECTIN2","Nectin-2","Nectin-2","Q92692"
"X12702.13",146,0.200313139921869,0.933366701309599,TRUE,2570,"PELI2","E3 ubiquitin-protein ligase pellino homolog 2","PELI2","Q9HAT8"
"X12882.7",146,0.200266863086125,0.855471544885401,TRUE,2571,"PARP11","Poly [ADP-ribose] polymerase 11","PAR11","Q9NR21"
"X25236.11",144,0.200118972495649,1.06717154660795,TRUE,2572,"METTL26","Methyltransferase-like 26","MTL26","Q96S19"
"X5264.65",146,0.199946781638894,0.917880985365928,TRUE,2573,"CALR","Calreticulin","calreticulin","P27797"
"X5900.11",145,0.199437831794391,0.944311723288307,TRUE,2574,"HINT1","Histidine triad nucleotide-binding protein 1","HINT1","P49773"
"X22511.28",145,0.199411850387966,0.944077362243281,TRUE,2575,"NFYA","Nuclear transcription factor Y subunit alpha","NFYA","P23511"
"X9872.23",145,0.19938665401657,1.11272136586305,TRUE,2576,"CTNNA2","Catenin alpha-2","CTNA2","P26232"
"X6069.71",146,0.199248772699752,0.858946600083508,TRUE,2577,"SUMF2","Sulfatase-modifying factor 2","SUMF2","Q8NBJ7"
"X10816.150",146,0.199082947371669,1.05039030996854,TRUE,2578,"PILRA","Paired immunoglobulin-like type 2 receptor alpha isoform FDF03-M14","PILRA isoform FDF03-M14","Q9UKJ1"
"X23225.26",143,0.199037962318823,0.852798123022856,TRUE,2579,"TRIM62","E3 ubiquitin-protein ligase TRIM62","TRI62","Q9BVG3"
"X14684.17",146,0.198238395119336,1.05321802633605,TRUE,2580,"CAPN2","Calpain-2 catalytic subunit","CAN2","P17655"
"X7211.2",146,0.198222969507422,0.833860561256617,TRUE,2581,"RNASE1","Ribonuclease pancreatic","RNase 1","P07998"
"X25116.11",145,0.197685977092039,1.17480586542682,TRUE,2582,"CCDC9","Coiled-coil domain-containing protein 9","CCDC9","Q9Y3X0"
"X22554.101",143,0.19759407507126,1.04539901124075,TRUE,2583,"MRPL10","39S ribosomal protein L10, mitochondrial","RM10","Q7Z7H8"
"X12422.143",136,0.197226947089177,0.98360969582452,TRUE,2584,"ALOX15B","Arachidonate 15-lipoxygenase B","LX15B","O15296"
"X21819.9",140,0.197188519642748,0.909334458535409,TRUE,2585,"NELFE","Negative elongation factor E","NELFE","P18615"
"X23203.3",143,0.197138500750056,0.639856499572122,TRUE,2586,"SCPEP1","Retinoid-inducible serine carboxypeptidase","RISC","Q9HB40"
"X25886.11",143,0.196774868766135,0.789374994738391,TRUE,2587,"ABCD4","ATP-binding cassette sub-family D member 4","ABCD4","O14678"
"X9333.59",143,0.196698536216984,0.974378741432864,TRUE,2588,"ERP27","Endoplasmic reticulum resident protein 27","ERP27","Q96DN0"
"X24637.3",145,0.196156162776507,0.886769668482568,TRUE,2589,"TCEAL5","Transcription elongation factor A protein-like 5","TCAL5","Q5H9L2"
"X5066.134",146,0.196024819809571,0.843994167323397,TRUE,2590,"CD300C","CMRF35-like molecule 6","CLM6","Q08708"
"X17153.46",133,0.195523088538372,0.845888035752485,TRUE,2591,"KIR2DL3","Killer cell immunoglobulin-like receptor 2DL3","KI2L3","P43628"
"X24255.38",146,0.195508061810427,1.14172319762016,TRUE,2592,"EPN1","Epsin-1","EPN1","Q9Y6I3"
"X10351.51",144,0.195492710924971,0.882040420468313,TRUE,2593,"IRF1","Interferon regulatory factor 1","IRF1","P10914"
"X4309.59",146,0.195303672452557,0.72194482272821,TRUE,2594,"TPI1","Triosephosphate isomerase","Triosephosphate isomerase","P60174"
"X10582.36",145,0.19514835621238,1.21309262160819,TRUE,2595,"POMK","Protein O-mannose kinase","SG196","Q9H5K3"
"X17356.34",144,0.195018428678802,0.986929509548205,TRUE,2596,"IL1F10","Interleukin-1 family member 10","IL1FA","Q8WWZ1"
"X23395.5",145,0.19448304641028,1.16622809292443,TRUE,2597,"KHDRBS2","KH domain-containing, RNA-binding, signal transduction-associated protein 2","KHDR2","Q5VWX1"
"X8982.65",146,0.193853664932571,0.971322214784587,TRUE,2598,"THBS3","Thrombospondin-3","TSP3","P49746"
"X6042.52",145,0.193191794249991,0.893089290527094,TRUE,2599,"TNC","Tenascin","Tenascin","P24821"
"X3143.3",145,0.192863455720396,0.917812562857462,TRUE,2600,"CD4","T-cell surface glycoprotein CD4","sCD4","P01730"
"X25058.23",146,0.192002591502802,0.822606284381892,TRUE,2601,"PITPNM3","Membrane-associated phosphatidylinositol transfer protein 3","PITM3","Q9BZ71"
"X19446.1",145,0.19130450187291,0.916998721756104,TRUE,2602,"GMPR2","GMP reductase 2","GMPR2","Q9P2T1"
"X14086.11",144,0.191292499507631,0.637153655960422,TRUE,2603,"SMPDL3A","Acid sphingomyelinase-like phosphodiesterase 3a","ASM3A","Q92484"
"X10572.65",146,0.191277587742809,0.897948829540293,TRUE,2604,"CST8","Cystatin-8","CST8","O60676"
"X19229.92",144,0.191123687182723,0.605575378441247,TRUE,2605,"HOMER1","Homer protein homolog 1","HOME1","Q86YM7"
"X5807.77",145,0.190872300388161,1.05092276143402,TRUE,2606,"CD70","CD70 antigen","CD70","P32970"
"X23702.98",142,0.190577287826552,0.955815706920237,TRUE,2607,"SHKBP1","SH3KBP1-binding protein 1","SHKB1","Q8TBC3"
"X7060.2",146,0.189476647551763,0.881814982942963,TRUE,2608,"ERO1A","ERO1-like protein alpha","ERO1A","Q96HE7"
"X21115.48",146,0.189291540208786,0.946842876241955,TRUE,2609,"BCDIN3D","Pre-miRNA 5'-monophosphate methyltransferase","BN3D2","Q7Z5W3"
"X23915.18",145,0.189113327060787,0.834430981654338,TRUE,2610,"RAB7A","Ras-related protein Rab-7","Rab-7","P51149"
"X18435.40",145,0.188900742863667,1.19923202693339,TRUE,2611,"UBXN2B","UBX domain-containing protein 2B","UBX2B","Q14CS0"
"X12374.8",142,0.187758959989437,1.10402229531282,TRUE,2612,"PAFAH1B3","Platelet-activating factor acetylhydrolase IB subunit gamma","PA1B3","Q15102"
"X5763.67",145,0.186995358578363,0.832706682876717,TRUE,2613,"DEFB104A","Beta-defensin 104","HBD-4","Q8WTQ1"
"X11586.2",145,0.186759153914895,1.10830575313836,TRUE,2614,"LRRN1","Leucine-rich repeat neuronal protein 1:Extracellular domain","LRRN1:ECD","Q6UXK5"
"X19572.10",143,0.186748150002668,0.854812130557864,TRUE,2615,"CEBPG","CCAAT/enhancer-binding protein gamma","CEBPG","P53567"
"X25444.29",145,0.186541031783368,0.718991564469542,TRUE,2616,"INPP5A","Type I inositol 1,4,5-trisphosphate 5-phosphatase","I5P1","Q14642"
"X11333.82",145,0.186505601014107,1.14036929423074,TRUE,2617,"ARHGAP25","Rho GTPase-activating protein 25","RHG25","P42331"
"X6925.26",144,0.186274726533532,0.949252587133741,TRUE,2618,"SNX8","Sorting nexin-8","SNX8","Q9Y5X2"
"X9889.42",144,0.185515960739234,1.02538954797402,TRUE,2619,"AFAP1L1","Actin filament-associated protein 1-like 1","AF1L1","Q8TED9"
"X17337.1",144,0.185285966643421,1.02299302064463,TRUE,2620,"YY1","Transcriptional repressor protein YY1","TYY1","P25490"
"X3684.78",145,0.185285207850671,1.12720275929947,TRUE,2621,"MSR1","Macrophage scavenger receptor types I and II:Extracellular domain","Macrophage scavenger receptor:ECD","P21757"
"X21255.2",143,0.184332572685634,0.970910599585481,TRUE,2622,"RGS16","Regulator of G-protein signaling 16","RGS16","O15492"
"X15387.44",146,0.18417409345607,1.10857627105994,TRUE,2623,"NRP2","Neuropilin-2","Neuropilin-2","O60462"
"X3032.11",146,0.183032598174379,0.809683171231089,TRUE,2624,"CGA|FSHB","Follicle stimulating hormone","FSH","P01215|P01225"
"X24426.15",143,0.182559373197975,0.660260055196646,TRUE,2625,"CTNNA1","Catenin alpha-1","CTNA1","P35221"
"X3446.7",146,0.182350014847151,1.02295702290171,TRUE,2626,"IL18R1","Interleukin-18 receptor 1","IL-18 Ra","Q13478"
"X3169.70",140,0.181975440936875,0.965522823255291,TRUE,2627,"IDUA","Alpha-L-iduronidase","IDUA","P35475"
"X15527.90",141,0.181475083113375,0.762874909309423,TRUE,2628,"DLD","Dihydrolipoyl dehydrogenase, mitochondrial","DLDH","P09622"
"X5754.76",145,0.181376012975535,0.81402321663158,TRUE,2629,"INSL6","Insulin-like peptide INSL6","INSL6","Q9Y581"
"X6256.9",146,0.181266365610141,1.0805210641804,TRUE,2630,"LY6G6C","Lymphocyte antigen 6 complex locus protein G6c","LY66C","O95867"
"X2775.54",145,0.181216217812194,1.1555284074624,TRUE,2631,"IL17F","Interleukin-17F","IL-17F","Q96PD4"
"X21149.27",145,0.181188660601456,0.672453509570363,TRUE,2632,"CUEDC1","CUE domain-containing protein 1","CUED1","Q9NWM3"
"X20544.103",145,0.181165040135109,0.939483565808671,TRUE,2633,"GRIK2","Glutamate receptor ionotropic, kainate 2","GRIK2","Q13002"
"X3535.84",144,0.180969185659766,1.10728643882617,TRUE,2634,"DKK1","Dickkopf-related protein 1","DKK1","O94907"
"X19361.78",146,0.180923145745038,0.970653426683389,TRUE,2635,"MATN3","Matrilin-3","MATN3","O15232"
"X20937.43",142,0.180749707636656,0.911384747392108,TRUE,2636,"EMG1","Ribosomal RNA small subunit methyltransferase NEP1","NEP1","Q92979"
"X21540.73",145,0.180621769409134,1.04256254405377,TRUE,2637,"BIN2","Bridging integrator 2","BIN2","Q9UBW5"
"X2953.31",145,0.180513864256849,0.772461052839508,TRUE,2638,"CGA|LHB","Luteinizing hormone","Luteinizing hormone","P01215|P01229"
"X9873.17",146,0.180279126447597,1.05589374357604,TRUE,2639,"ESRRA","Steroid hormone receptor ERR1","ERRalpha","P11474"
"X7200.4",144,0.179614664997297,0.88794508361906,TRUE,2640,"LRFN2","Leucine-rich repeat and fibronectin type-III domain-containing protein 2","LRFN2","Q9ULH4"
"X22586.24",144,0.179550355410948,0.983474020299912,TRUE,2641,"BTN2A2","Butyrophilin subfamily 2 member A2","BT2A2","Q8WVV5"
"X23228.2",145,0.17952573946968,0.956785866542823,TRUE,2642,"C12orf76","Uncharacterized protein C12orf76","CL076","Q8N812"
"X9864.38",144,0.179391230601655,0.860430120446475,TRUE,2643,"TTC1","Tetratricopeptide repeat protein 1","TTC1","Q99614"
"X21118.48",146,0.179183908001651,0.935747311505892,TRUE,2644,"GCHFR","GTP cyclohydrolase I feedback regulatory protein","GFRP","P30047"
"X9772.153",143,0.178985300545663,0.896748661565861,TRUE,2645,"NLGN2","Neuroligin-2:Extracellular domain","NLGN2:ECD","Q8NFZ4"
"X8606.39",146,0.178397201793999,1.11815518607827,TRUE,2646,"GPNMB","Transmembrane glycoprotein NMB:Cytoplasmic domain","GPNMB:CD","Q14956"
"X6259.60",145,0.178161519095975,0.92680276554276,TRUE,2647,"TNC","Tenascin","Tenascin","P24821"
"X19258.24",146,0.178050125525917,0.68825786681997,TRUE,2648,"GCDH","Glutaryl-CoA dehydrogenase, mitochondrial","GCDH","Q92947"
"X11596.47",146,0.177949859048471,1.17743922684668,TRUE,2649,"ZNF75D","Zinc finger protein 75D","ZN75D","P51815"
"X19381.7",146,0.177645203213155,0.86381942416884,TRUE,2650,"RGS21","Regulator of G-protein signaling 21","RGS21","Q2M5E4"
"X7910.41",139,0.177516842258147,0.873389788130309,TRUE,2651,"LRFN1","Leucine-rich repeat and fibronectin type III domain-containing protein 1","LRFN1","Q9P244"
"X10833.64",146,0.177355972989754,1.16047185544877,TRUE,2652,"HHIP","Hedgehog-interacting protein","HHIP","Q96QV1"
"X11372.2",145,0.177055078990776,0.624869363890914,TRUE,2653,"ZNF18","Zinc finger protein 18","ZNF18","P17022"
"X9096.80",146,0.177024322333587,1.08652916124157,TRUE,2654,"IRAG2","Lymphoid-restricted membrane protein","LRMP","Q12912"
"X9235.3",142,0.176873229046158,0.85856229127548,TRUE,2655,"PLXDC1","Plexin domain-containing protein 1","PXDC1","Q8IUK5"
"X21378.7",143,0.176668075797561,1.02051719451631,TRUE,2656,"PNPT1","Polyribonucleotide nucleotidyltransferase 1, mitochondrial","PNPT1","Q8TCS8"
"X3029.52",146,0.176654107647633,0.896715502988161,TRUE,2657,"CD209","CD209 antigen","DC-SIGN","Q9NNX6"
"X16914.104",146,0.176627112826782,0.855921927333173,TRUE,2658,"CD14","Monocyte differentiation antigen CD14, soluble","sCD14","P08571"
"X10366.11",146,0.17622219051402,1.02451543723187,TRUE,2659,"PDGFRA","Platelet-derived growth factor receptor alpha","PDGFRA","P16234"
"X18227.3",146,0.176199052096148,0.823645801963799,TRUE,2660,"CDK2AP2","Cyclin-dependent kinase 2-associated protein 2","CDKA2","O75956"
"X7115.5",146,0.175855832231045,1.10213292386406,TRUE,2661,"SEMG1","Semenogelin-1","Semenogelin","P04279"
"X12534.10",146,0.175740140141684,0.934453136268039,TRUE,2662,"CALCOCO2","Calcium-binding and coiled-coil domain-containing protein 2","CACO2","Q13137"
"X21857.26",145,0.175518125791041,0.934505555948434,TRUE,2663,"RACK1","Guanine nucleotide-binding protein subunit beta-2-like 1","RACK1","P63244"
"X22150.2",145,0.175396086474698,1.01557458501102,TRUE,2664,"GABPB1","GA-binding protein subunit beta-1","GABP1","Q06547"
"X8274.64",146,0.175358356246794,0.822300222078697,TRUE,2665,"STX7","Syntaxin-7","Syntaxin-7","O15400"
"X17727.1",145,0.175262236901934,1.13920810035276,TRUE,2666,"PTTG1","Securin","Securin","O95997"
"X13561.5",145,0.175014221517106,1.05717853645873,TRUE,2667,"HTR6","5-hydroxytryptamine receptor 6","5HT6R","P50406"
"X13597.20",144,0.174995026095415,0.888841832858165,TRUE,2668,"RAB31","Ras-related protein Rab-31","RAB31","Q13636"
"X7748.11",146,0.174876305874459,1.10418787720476,TRUE,2669,"NDUFV2","NADH dehydrogenase [ubiquinone] flavoprotein 2, mitochondrial","NDUV2","P19404"
"X12683.156",145,0.174848877927221,0.889661740708109,TRUE,2670,"DPYSL5","Dihydropyrimidinase-related protein 5","DPYL5","Q9BPU6"
"X23624.34",142,0.174722467311187,0.785745589253253,TRUE,2671,"PSENEN","Gamma-secretase subunit PEN-2","PEN2","Q9NZ42"
"X8686.342",146,0.174687342128503,0.833152913622533,TRUE,2672,"HIKESHI","Protein Hikeshi","HIKES","Q53FT3"
"X13130.150",146,0.174347978666379,0.866512109304832,TRUE,2673,"HK2","Hexokinase-2","HXK2","P52789"
"X23294.19",146,0.174340265860421,1.23619830866268,TRUE,2674,"MLX","Max-like protein X","MLX","Q9UH92"
"X22793.110",132,0.174177590381565,0.967992865808216,TRUE,2675,"GTF2A2","Transcription initiation factor IIA subunit 2","T2AG","P52657"
"X4801.13",142,0.174133649100378,1.16652319460643,TRUE,2676,"LPO","Lactoperoxidase","PERL","P22079"
"X22492.108",145,0.174086773719869,0.796688408393541,TRUE,2677,"LMO3","LIM domain only protein 3","LMO3","Q8TAP4"
"X2742.68",146,0.17358055447362,0.890771512680976,TRUE,2678,"SIGLEC7","Sialic acid-binding Ig-like lectin 7","Siglec-7","Q9Y286"
"X21110.5",146,0.173175632160858,0.791365799483696,TRUE,2679,"UBE2Z","Ubiquitin-conjugating enzyme E2 Z","UBE2Z","Q9H832"
"X23308.31",143,0.17314661664936,1.23748971847553,TRUE,2680,"KCTD1","BTB/POZ domain-containing protein KCTD1","KCTD1","Q719H9"
"X12677.164",143,0.172975934693073,0.884361881598167,TRUE,2681,"FLII","Protein flightless-1 homolog","FLII","Q13045"
"X3873.51",146,0.17293653517618,0.828500162864699,TRUE,2682,"TPO","Thyroid peroxidase","TMA","P07202"
"X20958.13",144,0.172347681739896,0.884607766582834,TRUE,2683,"RAB23","Ras-related protein Rab-23","RAB23","Q9ULC3"
"X21985.61",144,0.172211023868905,1.01381333185375,TRUE,2684,"ITGB1BP2","Integrin beta-1-binding protein 2","ITBP2","Q9UKP3"
"X15617.8",146,0.172018711267253,0.929884836790195,TRUE,2685,"XCL2","Cytokine SCM-1 beta","lymphotactin beta","Q9UBD3"
"X12448.246",144,0.171957804872657,1.0330109191614,TRUE,2686,"NMT1","Glycylpeptide N-tetradecanoyltransferase 1","NMT1","P30419"
"X19295.32",144,0.171957804872657,0.83001653093281,TRUE,2687,"PPP1CC","Serine/threonine-protein phosphatase PP1-gamma catalytic subunit","PP1G","P36873"
"X9173.21",145,0.171771968017889,1.09160027690615,TRUE,2688,"PGM1","Phosphoglucomutase-1","PGM1","P36871"
"X17821.20",145,0.171597120659485,0.803365248413507,TRUE,2689,"NMT2","Glycylpeptide N-tetradecanoyltransferase 2","NMT2","O60551"
"X4712.28",144,0.171350883151491,1.25412806882612,TRUE,2690,"APOD","Apolipoprotein D","Apo D","P05090"
"X21247.16",143,0.171217612220859,0.967600629736777,TRUE,2691,"MAT1A","S-adenosylmethionine synthase isoform type-1","METK1","Q00266"
"X24896.5",145,0.171063354027486,0.87209102849478,TRUE,2692,"MEN1","Menin","MEN1","O00255"
"X4978.54",144,0.170852483857289,0.921332596434601,TRUE,2693,"DBNL","Drebrin-like protein","DBNL","Q9UJU6"
"X19261.12",145,0.170610628422507,1.03435183783084,TRUE,2694,"SDCBP2","Syntenin-2","SDCB2","Q9H190"
"X9197.4",146,0.17058798576216,0.940525054227307,TRUE,2695,"LGALS9","Galectin-9","LEG9","O00182"
"X18878.15",144,0.170178900870991,0.941774297322291,TRUE,2696,"GREM1","Gremlin-1","GREM1","O60565"
"X8854.59",146,0.170152212225569,0.918899677573125,TRUE,2697,"RRM2B","Ribonucleoside-diphosphate reductase subunit M2 B","RIR2B","Q7LG56"
"X25292.6",145,0.169994862538457,0.90090055158876,TRUE,2698,"CES3","Carboxylesterase 3","EST3","Q6UWW8"
"X9202.309",145,0.169947621512776,0.987803275284826,TRUE,2699,"ATP5PO","ATP synthase subunit O, mitochondrial","ATPO","P48047"
"X18868.7",143,0.169772911031853,1.24539457094573,TRUE,2700,"CBX3","Chromobox protein homolog 3","CBX3","Q13185"
"X16613.3",145,0.16976653091433,1.10354104116135,TRUE,2701,"CDH17","Cadherin-17","CAD17","Q12864"
"X3591.51",144,0.16976020707562,0.869007507656444,TRUE,2702,"CDH6","Cadherin-6","Cadherin-6","P55285"
"X9576.58",145,0.169723226640789,1.18046172317108,TRUE,2703,"MNX1","Motor neuron and pancreas homeobox protein 1","MNX1","P50219"
"X10882.12",146,0.169141834645153,0.890467598481324,TRUE,2704,"DSC1","Desmocollin-1","Desmocollin-1","Q08554"
"X13636.20",142,0.16897727534701,1.04826881422337,TRUE,2705,"NAP1L1","Nucleosome assembly protein 1-like 1","NP1L1","P55209"
"X12801.33",146,0.168767763556221,0.972929546237583,TRUE,2706,"IRF2","Interferon regulatory factor 2","IRF2","P14316"
"X22839.23",145,0.168736738092332,0.876249490958622,TRUE,2707,"ZNF263","Zinc finger protein 263","ZN263","O14978"
"X6572.10",145,0.168447718947391,0.867108280048001,TRUE,2708,"LRRTM4","Leucine-rich repeat transmembrane neuronal protein 4:Isoform 2, Extracellular domain","LRRT4:ECD","Q86VH4"
"X19765.17",143,0.168386685026298,0.921467310183166,TRUE,2709,"CLEC4G","C-type lectin domain family 4 member G","CLC4G","Q6UXB4"
"X4359.87",145,0.168274501853226,0.912985677520155,TRUE,2710,"DYRK3","Dual specificity tyrosine-phosphorylation-regulated kinase 3","DYRK3","O43781"
"X5280.68",145,0.168274501853226,1.18259815413699,TRUE,2711,"SLC25A18","Mitochondrial glutamate carrier 2","GHC2","Q9H1K4"
"X9416.77",145,0.168274501853226,1.0853378373495,TRUE,2712,"CPM","Carboxypeptidase M","CBPM","P14384"
"X3758.68",142,0.167956273525196,1.23655106590118,TRUE,2713,"PROC","Activated Protein C","Activated Protein C","P04070"
"X3391.10",144,0.167854049393782,0.880920019375821,TRUE,2714,"PIK3CG","Phosphatidylinositol 4,5-bisphosphate 3-kinase catalytic subunit gamma isoform","PK3CG","P48736"
"X21713.11",145,0.167821775357113,0.922788453757218,TRUE,2715,"RELN","Reelin","RELN","P78509"
"X8011.96",145,0.167762724075011,0.843261087535217,TRUE,2716,"ACP7","Iron/zinc purple acid phosphatase-like protein","PAPL","Q6ZNF0"
"X19638.9",145,0.167573759972285,1.08087435070529,TRUE,2717,"PDYN","Dynorphin A (1-17)","Dynorphin A (1-17)","P01213"
"X5262.57",144,0.166730306233596,1.15847846952093,TRUE,2718,"BCAR3","Breast cancer anti-estrogen resistance protein 3:Src Homology domain","BCAR3:SH2","O75815"
"X11342.59",146,0.16668530594773,1.10661910855777,TRUE,2719,"PLXDC2","Plexin domain-containing protein 2:Cytoplasmic domain","PXDC2:CD","Q6UX71"
"X25219.17",146,0.16571734880008,0.9790670223726,TRUE,2720,"ATP6V1F","V-type proton ATPase subunit F","VATF","Q16864"
"X20561.15",146,0.165674928367315,0.80427557958245,TRUE,2721,"CNTN6","Contactin-6","CNTN6","Q9UQ52"
"X4534.10",146,0.165555379874975,0.820968926337619,TRUE,2722,"PRSS22","Brain-specific serine protease 4","BSSP4","Q9GZN4"
"X15414.316",145,0.165496797458438,0.832746352377302,TRUE,2723,"LDHA","L-lactate dehydrogenase A chain","LDHA","P00338"
"X19353.25",145,0.165492860714047,0.894154281571784,TRUE,2724,"OSTM1","Osteopetrosis-associated transmembrane protein 1","OSTM1","Q86WC4"
"X10827.67",144,0.165414304461679,0.789979726336065,TRUE,2725,"LINGO3","Leucine-rich repeat and immunoglobulin-like domain-containing nogo receptor-interacting protein 3","LIGO3","P0C6S8"
"X9582.93",145,0.165345558260979,1.15489247793959,TRUE,2726,"SUSD1","Sushi domain-containing protein 1","SUSD1","Q6UWL2"
"X10081.17",145,0.165341621508839,1.17625401838491,TRUE,2727,"SATB2","DNA-binding protein SATB2","SATB2","Q9UPW6"
"X8780.2",145,0.165073922363311,0.828503298267976,TRUE,2728,"PCDH10","Protocadherin-10:Cytoplasmic domain","PCD10:CD","Q9P2E7"
"X17514.48",145,0.164963693303388,1.06107382270436,TRUE,2729,"RAB21","Ras-related protein Rab-21","RAB21","Q9UL25"
"X8825.4",141,0.164264796547472,1.0966648836194,TRUE,2730,"PILRA","Paired immunoglobulin-like type 2 receptor alpha","PILRA","Q9UKJ1"
"X12459.13",145,0.163792187137081,1.04908606904353,TRUE,2731,"PLEKHA1","Pleckstrin homology domain-containing family A member 1","PKHA1","Q9HB21"
"X7795.14",144,0.163518852719285,0.975742233204464,TRUE,2732,"KLRC3","NKG2-E type II integral membrane protein:Isoform H, Cytoplasmic domain","NKG2E:CD","Q07444"
"X10753.31",142,0.163405596633301,0.912594273291521,TRUE,2733,"ADAM7","Disintegrin and metalloproteinase domain-containing protein 7","ADAM7","Q9H2U9"
"X15448.47",146,0.163349517371167,0.885721302814863,TRUE,2734,"SQSTM1","Sequestosome-1","SQSTM","Q13501"
"X16043.30",144,0.163293769619409,1.16809356502601,TRUE,2735,"SHC1","SHC-transforming protein 1:Phosphotyrosine Interaction Domain","SHC1:PID","P29353"
"X17691.1",145,0.163184281336055,0.902812661411093,TRUE,2736,"TPP1","Tripeptidyl-peptidase 1","TPP1","O14773"
"X23037.37",145,0.162995317233329,1.03573578554264,TRUE,2737,"UBE2D3","Ubiquitin-conjugating enzyme E2 D3","UB2D3","P61077"
"X5268.49",141,0.162762719048496,1.15260488882418,TRUE,2738,"MMP16","Matrix metalloproteinase-16","MMP-16","P51512"
"X8897.3",143,0.162756336458725,0.703825448743381,TRUE,2739,"LRRC37A2","Leucine-rich repeat-containing protein 37A2","L37A2","A6NM11"
"X7827.20",145,0.1626882505664,0.787656467098804,TRUE,2740,"ADAM32","Disintegrin and metalloproteinase domain-containing protein 32","ADA32","Q8TC27"
"X19809.47",136,0.162529611454772,1.15336628241718,TRUE,2741,"POLR2I","DNA-directed RNA polymerase II subunit RPB9","RPB9","P36954"
"X25252.29",143,0.162467319791996,0.94187400899358,TRUE,2742,"MTSS2","MTSS1-like protein","MTSSL","Q765P7"
"X4389.2",134,0.16221602033156,0.957889410358559,TRUE,2743,"DHH","Desert hedgehog protein N-product","DHH","O43323"
"X18458.4",143,0.162210470368295,0.945163275075137,TRUE,2744,"PTGES2","Prostaglandin E synthase 2","PGES2","Q9H7Z7"
"X15562.24",144,0.162086283368134,0.654990140393224,TRUE,2745,"GUSB","Beta-glucuronidase","BGLR","P08236"
"X20936.8",143,0.161896826992928,0.760189162135636,TRUE,2746,"TATDN3","Putative deoxyribonuclease TATDN3","TATD3","Q17R31"
"X11432.11",142,0.161891748018426,0.869544179991793,TRUE,2747,"PQBP1","Polyglutamine-binding protein 1","PQBP1","O60828"
"X7099.33",145,0.161459983898684,0.89987016400058,TRUE,2748,"FSTL5","Follistatin-related protein 5","FSTL5","Q8N475"
"X23629.4",143,0.161426557411363,1.20707756073496,TRUE,2749,"VMAC","Vimentin-type intermediate filament-associated coiled-coil protein","VMAC","Q2NL98"
"X7018.10",144,0.161246239396455,1.2012961328107,TRUE,2750,"TSR3","Ribosome biogenesis protein TSR3 homolog","TSR3","Q9UJK0"
"X22041.26",138,0.161220789777735,0.988792082881797,TRUE,2751,"MAP2K5","Dual specificity mitogen-activated protein kinase kinase 5","MP2K5","Q13163"
"X7969.163",144,0.161125658922051,1.00911884267882,TRUE,2752,"WFDC11","Protein WFDC11","WFD11","Q8NEX6"
"X3037.62",144,0.160452095483466,0.775899585380256,TRUE,2753,"IL1B","Interleukin-1 beta","IL-1b","P01584"
"X7754.11",146,0.16011399527205,1.15695088980323,TRUE,2754,"JAG1","Protein jagged-1:Cytoplasmic domain","JAG1:CD","P78504"
"X20120.101",145,0.160019132615401,0.809499468749328,TRUE,2755,"AMIGO1","Amphoterin-induced protein 1:Extracellular domain","AMGO1:ECD","Q86WK6"
"X22367.17",143,0.159961994430501,1.22860535271258,TRUE,2756,"C11orf49","UPF0705 protein C11orf49","CK049","Q9H6J7"
"X13083.18",145,0.159960081333299,1.23301946736428,TRUE,2757,"VARS1","Valine--tRNA ligase","SYVC","P26640"
"X11219.95",143,0.159936712367561,1.23897533668842,TRUE,2758,"FGFBP3","Fibroblast growth factor-binding protein 3","FGFP3","Q8TAT2"
"X21770.18",145,0.159794737743414,0.873371229987363,TRUE,2759,"B3GAT1","Galactosylgalactosylxylosylprotein 3-beta-glucuronosyltransferase 1","B3GA1","Q9P2W7"
"X13412.5",144,0.159768807501698,0.860506122369729,TRUE,2760,"WFDC6","WAP four-disulfide core domain protein 6","WFDC6","Q9BQY6"
"X21740.26",145,0.159499481332906,0.96671518809844,TRUE,2761,"USP1","Ubiquitin carboxyl-terminal hydrolase 1","UBP1","O94782"
"X8352.26",146,0.159435268347801,1.16673120409114,TRUE,2762,"SIGLEC12","Sialic acid-binding Ig-like lectin 12:Ig-like C2-type 2 domain, Isoform short","SIG12:Ig-like C2-type 2","Q96PQ1"
"X6917.49",144,0.159417435534664,0.968820950464756,TRUE,2763,"LRRC3","Leucine-rich repeat-containing protein 3","LRRC3","Q9BY71"
"X17783.9",146,0.159361996691206,1.0292918539826,TRUE,2764,"MMAB","Cob(I)yrinic acid a,c-diamide adenosyltransferase, mitochondrial","MMAB","Q96EY8"
"X23272.8",142,0.159142732592257,1.17399965025526,TRUE,2765,"DPCD","Protein DPCD","DPCD","Q9BVM2"
"X12537.88",144,0.159041306768168,1.18518191156871,TRUE,2766,"PURA","Transcriptional activator protein Pur-alpha","PURA","Q00577"
"X11592.1",145,0.158977548746737,0.971617467741838,TRUE,2767,"ELAVL1","ELAV-like protein 1","ELAV1","Q15717"
"X9522.3",144,0.158968958628922,0.99796697001796,TRUE,2768,"AIFM1","Apoptosis-inducing factor 1, mitochondrial","AIF","O95831"
"X25428.103",146,0.158918510348657,0.96303278812928,TRUE,2769,"IFRD1","Interferon-related developmental regulator 1","IFRD1","O00458"
"X11837.7",145,0.158712130904882,0.985441023996012,TRUE,2770,"TNFRSF18","Tumor necrosis factor receptor superfamily member 18","GITR","Q9Y5U5"
"X12451.62",146,0.158424890767386,1.12197167203669,TRUE,2771,"BACH1","Transcription regulator protein BACH1","BACH1","O14867"
"X4336.2",140,0.158244180655546,1.12163127300172,TRUE,2772,"SAA1","Serum amyloid A-1 protein","SAA","P0DJI8"
"X12980.31",143,0.15783295711061,1.06687743394388,TRUE,2773,"RBM22","Pre-mRNA-splicing factor RBM22","RBM22","Q9NW64"
"X17370.186",146,0.157692174201435,0.973090330715722,TRUE,2774,"ABHD10","Mycophenolic acid acyl-glucuronide esterase, mitochondrial","ABHDA","Q9NUJ1"
"X7240.2",145,0.157550789023548,1.03809285893149,TRUE,2775,"MBTPS1","Membrane-bound transcription factor site-1 protease","MBTP1","Q14703"
"X25218.10",146,0.157526348873352,0.995717119909746,TRUE,2776,"SPCS1","Signal peptidase complex subunit 1","SPCS1","Q9Y6A9"
"X20591.48",146,0.157106000948675,0.952966642222935,TRUE,2777,"GLDN","Gliomedin","GLDN","Q6ZMI3"
"X22481.15",143,0.157045586068484,0.860375876579281,TRUE,2778,"IQCD","IQ domain-containing protein D","IQCD","Q96DY2"
"X13477.65",144,0.156967326776448,0.924457253112169,TRUE,2779,"LTB4R","Leukotriene B4 receptor 1","LT4R1","Q15722"
"X8841.65",145,0.156906821197007,0.958207826152575,TRUE,2780,"CILP2","Cartilage intermediate layer protein 2","CILP2","Q8IUL8"
"X8843.34",145,0.156850047142607,1.17704005552572,TRUE,2781,"MYRF","Myelin regulatory factor","MRF","Q9Y2G1"
"X23524.2",141,0.156839491373036,1.09856869548693,TRUE,2782,"NTAN1","Protein N-terminal asparagine amidohydrolase","NTAN1","Q96AB6"
"X24487.95",138,0.156738144113329,1.05349211357707,TRUE,2783,"BLOC1S3","Biogenesis of lysosome-related organelles complex 1 subunit 3","BL1S3","Q6QNY0"
"X3314.74",146,0.156585386546553,1.1242506182449,TRUE,2784,"GFRA1","GDNF family receptor alpha-1","GFRa-1","P56159"
"X12395.86",144,0.156495368704946,0.886825088516807,TRUE,2785,"DARS2","Aspartate--tRNA ligase, mitochondrial","SYDM","Q6PI48"
"X6273.58",145,0.156479992441436,1.14822887926772,TRUE,2786,"P3H1","Prolyl 3-hydroxylase 1","P3H1","Q32P28"
"X12438.127",146,0.156465838054213,1.06827408980693,TRUE,2787,"MPG","DNA-3-methyladenine glycosylase","3MG","P29372"
"X4240.31",146,0.156195889845705,0.931461299932889,TRUE,2788,"PKM","Pyruvate kinase PKM","M2-PK","P14618"
"X8813.160",145,0.155913100133259,0.976736621395468,TRUE,2789,"TXN","Thioredoxin","Thioredoxin","P10599"
"X23403.64",142,0.155812174496222,1.17371672186183,TRUE,2790,"CDC42EP4","Cdc42 effector protein 4","BORG4","Q9H3Q1"
"X10025.1",141,0.155790749101434,0.765556804780802,TRUE,2791,"DLD","Dihydrolipoyl dehydrogenase, mitochondrial","DLDH","P09622"
"X7923.41",146,0.155779398324007,0.933416275189848,TRUE,2792,"SEMA4C","Semaphorin-4C","SEM4C","Q9C0C4"
"X2973.15",144,0.155693195657504,1.13747347617225,TRUE,2793,"CD36","Platelet glycoprotein 4","CD36 ANTIGEN","P16671"
"X3736.60",146,0.155686844652519,0.98594492197634,TRUE,2794,"BMP6","Bone morphogenetic protein 6","BMP-6","P22004"
"X8403.18",141,0.155603507329771,0.984835759176331,TRUE,2795,"FASN","Fatty acid synthase","Fatty acid synthase","P49327"
"X13479.8",145,0.155590286457769,1.14529407795868,TRUE,2796,"FAM171A2","Protein FAM171A2","F1712","A8MVW0"
"X8870.38",144,0.155458376625073,0.81022126571666,TRUE,2797,"NPM1","Nucleophosmin","NPM1","P06748"
"X25491.54",144,0.155333776801523,1.11724419340337,TRUE,2798,"LNPK","Endoplasmic reticulum junction formation protein lunapark","LNP","Q9C0E8"
"X3773.15",144,0.155329757452376,1.0794116146069,TRUE,2799,"TEK","Angiopoietin-1 receptor, soluble","sTie-2","Q02763"
"X24661.4",144,0.155221235025412,1.11361308264321,TRUE,2800,"MAP6D1","MAP6 domain-containing protein 1","MA6D1","Q9H9H5"
"X2683.1",145,0.155194337386868,1.04201652474354,TRUE,2801,"C3","Complement C3b, inactivated","iC3b","P01024"
"X23389.28",146,0.155123809817631,0.932512731223139,TRUE,2802,"FAHD2A","Fumarylacetoacetate hydrolase domain-containing protein 2A","FAH2A","Q96GK7"
"X5031.10",146,0.155035112549121,0.862599638818117,TRUE,2803,"SPTAN1","Spectrin alpha chain, non-erythrocytic 1","SPTA2","Q13813"
"X19335.2",143,0.154848070068151,1.19219860824874,TRUE,2804,"JPT1","Hematological and neurological expressed 1 protein","HN1","Q9UK76"
"X6035.2",146,0.154742025922741,0.685058776474075,TRUE,2805,"ST6GAL1","Beta-galactoside alpha-2,6-sialyltransferase 1","SIAT1","P15907"
"X19370.30",146,0.154684179878061,0.956900589083255,TRUE,2806,"HS3ST4","Heparan sulfate glucosamine 3-O-sulfotransferase 4","HS3S4","Q9Y661"
"X2826.53",146,0.154668754266146,0.883124750300111,TRUE,2807,"EDA","Ectodysplasin-A, secreted form","EDA","Q92838"
"X13740.51",144,0.154611992909882,1.02929338047332,TRUE,2808,"FRZB","Secreted frizzled-related protein 3","sFRP-3","Q92765"
"X12471.47",145,0.154472248849976,0.929461262600753,TRUE,2809,"STAU1","Double-stranded RNA-binding protein Staufen homolog 1","STAU1","O95793"
"X19195.85",143,0.154462268390735,1.19739829166054,TRUE,2810,"RPS5","40S ribosomal protein S5","RS5","P46782"
"X11310.8",146,0.154456652102318,0.623539932433798,TRUE,2811,"DSG3","Desmoglein-3","Desmoglein-3","P32926"
"X3854.24",143,0.15434087560384,1.30387663267165,TRUE,2812,"NACA","Nascent polypeptide-associated complex subunit alpha","NACA","Q13765"
"X2970.60",145,0.15426360098655,0.802946918335798,TRUE,2813,"AREG","Amphiregulin","AREG","P15514"
"X8469.41",145,0.15425572748227,0.93495372948349,TRUE,2814,"IGFBP2","Insulin-like growth factor-binding protein 2","IGFBP-2","P18065"
"X11646.4",145,0.15422196152226,1.18180410767398,TRUE,2815,"CHST9","Carbohydrate sulfotransferase 9","Carbohydrate sulfotransferase 9","Q7L1S5"
"X10074.128",145,0.153867654527059,1.22217837436716,TRUE,2816,"BRD2","Bromodomain-containing protein 2","BRD2","P25440"
"X25472.12",144,0.153836260083522,0.854593637729422,TRUE,2817,"BEGAIN","Brain-enriched guanylate kinase-associated protein","BEGIN","Q9BUH8"
"X19286.30",145,0.153791190729736,1.17866222052397,TRUE,2818,"MYL5","Myosin light chain 5","MLR5","Q02045"
"X3646.7",146,0.153639094670837,0.868801688081774,TRUE,2819,"TEC","Tyrosine-protein kinase Tec","TEC","P42680"
"X8756.41",146,0.153639094670837,1.0043348283242,TRUE,2820,"KCNE5","Potassium voltage-gated channel subfamily E regulatory beta subunit 5:N-term, opposite side of membrane","KCE1L:N-term","Q9UJ90"
"X20927.43",146,0.153612099849986,1.14658446494907,TRUE,2821,"GTF2F2","General transcription factor IIF subunit 2","T2FB","P13984"
"X8459.10",146,0.153531115387434,0.992029461313863,TRUE,2822,"BMP6","Bone morphogenetic protein 6","BMP-6","P22004"
"X12621.55",145,0.153342400985763,0.958144835747585,TRUE,2823,"PPP2R1A","Serine/threonine-protein phosphatase 2A 65 kDa regulatory subunit A alpha isoform","PP2AAA","P30153"
"X6935.123",145,0.15325579243868,0.93541083698256,TRUE,2824,"BAMBI","BMP and activin membrane-bound inhibitor homolog:Cytoplasmic domain","BAMBI:CD","Q13145"
"X12571.14",146,0.153168613507437,0.920234194876144,TRUE,2825,"ARL3","ADP-ribosylation factor-like protein 3","ARL3","P36405"
"X12707.26",146,0.153168613507437,1.0728091343819,TRUE,2826,"DPYSL3","Dihydropyrimidinase-related protein 3","DPYL3","Q14195"
"X13492.44",146,0.153168613507437,0.974712411032212,TRUE,2827,"HSPA9","Stress-70 protein, mitochondrial","HSPA9B","P38646"
"X13960.15",146,0.153168613507437,0.992324026986034,TRUE,2828,"AGAP3","Arf-GAP with GTPase, ANK repeat and PH domain-containing protein 3","AGAP3","Q96P47"
"X14061.48",146,0.153168613507437,1.13110197220382,TRUE,2829,"TNFSF11","Tumor necrosis factor ligand superfamily member 11","sRANKL","O14788"
"X15384.15",146,0.153168613507437,0.918490734934058,TRUE,2830,"KL","Klotho","KLOTHO","Q9UEF7"
"X15426.5",146,0.153168613507437,1.04122174661745,TRUE,2831,"NEU1","Sialidase-1","NEUR1","Q99519"
"X15579.26",146,0.153168613507437,0.984598983027921,TRUE,2832,"ENPP6","Ectonucleotide pyrophosphatase/phosphodiesterase family member 6","ENPP6","Q6UWR7"
"X15602.43",146,0.153168613507437,0.932631224793055,TRUE,2833,"IL6R","Interleukin-6 receptor subunit alpha","IL-6 sRa","P08887"
"X16609.106",146,0.153168613507437,0.962382497000461,TRUE,2834,"KIRREL2","Kin of IRRE-like protein 2","KIRR2","Q6UWL6"
"X17427.26",146,0.153168613507437,0.763775763371611,TRUE,2835,"NLGN3","Neuroligin-3","NLGN3","Q9NZ94"
"X17795.176",146,0.153168613507437,1.19028488926491,TRUE,2836,"LSM1","U6 snRNA-associated Sm-like protein LSm1","LSM1","O15116"
"X18309.18",146,0.153168613507437,1.21090548613548,TRUE,2837,"CS","Citrate synthase, mitochondrial","CISY","O75390"
"X19166.15",146,0.153168613507437,1.11599589701891,TRUE,2838,"RPS19","40S ribosomal protein S19","RS19","P39019"
"X19219.71",146,0.153168613507437,0.816785162425061,TRUE,2839,"NUTF2","Nuclear transport factor 2","NTF-2","P61970"
"X19360.22",146,0.153168613507437,0.832617107519705,TRUE,2840,"LRRTM1","Leucine-rich repeat transmembrane neuronal protein 1","LRRT1","Q86UE6"
"X19496.1",146,0.153168613507437,0.898930630107433,TRUE,2841,"NPL","N-acetylneuraminate lyase","NPL","Q9BXD5"
"X20167.6",146,0.153168613507437,1.01834802909302,TRUE,2842,"RAB8B","Ras-related protein Rab-8B","RAB8B","Q92930"
"X20453.9",146,0.153168613507437,0.91646155523729,TRUE,2843,"NSMCE1","Non-structural maintenance of chromosomes element 1 homolog","NSE1","Q8WV22"
"X21361.8",146,0.153168613507437,1.03673277300974,TRUE,2844,"TXNRD3NB","Protein TXNRD3NB","TR3N","Q6F5E7"
"X21737.20",146,0.153168613507437,0.763451734704127,TRUE,2845,"ST6GAL2","Beta-galactoside alpha-2,6-sialyltransferase 2","SIAT2","Q96JF0"
"X21810.50",146,0.153168613507437,1.08431845778855,TRUE,2846,"MLANA","MART-1","MART-1","Q16655"
"X21811.20",146,0.153168613507437,0.979017476045087,TRUE,2847,"ZCCHC17","Nucleolar protein of 40 kDa","NO40","Q9NP64"
"X21829.8",146,0.153168613507437,1.20290097192146,TRUE,2848,"RPS12","40S ribosomal protein S12","RS12","P25398"
"X21856.59",146,0.153168613507437,0.971387027921974,TRUE,2849,"KHK","Ketohexokinase","KHK","P50053"
"X21883.17",146,0.153168613507437,1.0292567411225,TRUE,2850,"BMP5","Bone morphogenetic protein 5","BMP-5","P22003"
"X22001.23",146,0.153168613507437,1.11885601465868,TRUE,2851,"PADI2","Protein-arginine deiminase type-2","PADI2","Q9Y2J8"
"X22777.46",146,0.153168613507437,1.08983972940116,TRUE,2852,"SKP2","S-phase kinase-associated protein 2","SKP2","Q13309"
"X23287.109",146,0.153168613507437,1.08483815158665,TRUE,2853,"NDUFB6","NADH dehydrogenase","NDUB6","O95139"
"X23407.9",146,0.153168613507437,1.16544479621418,TRUE,2854,"OLAH","S-acyl fatty acid synthase thioesterase, medium chain","SAST","Q9NV23"
"X23523.14",146,0.153168613507437,0.975177015537311,TRUE,2855,"CYRIA","Protein FAM49A","FA49A","Q9H0Q0"
"X23553.1",146,0.153168613507437,0.981661696018745,TRUE,2856,"ABI3","ABI gene family member 3","ABI3","Q9P2A4"
"X24223.5",146,0.153168613507437,0.868897270955756,TRUE,2857,"GSTT2","Glutathione S-transferase theta-2","GST2","P0CG29"
"X24417.22",146,0.153168613507437,1.04988738220662,TRUE,2858,"RABEP1","Rab GTPase-binding effector protein 1","RABE1","Q15276"
"X25057.2",146,0.153168613507437,1.18070561399465,TRUE,2859,"ACTN4","Alpha-actinin-4","ACTN4","O43707"
"X25102.23",146,0.153168613507437,0.959396008903062,TRUE,2860,"ELP1","Elongator complex protein 1","ELP1","O95163"
"X2838.53",146,0.153168613507437,0.764698343207947,TRUE,2861,"MMP17","Matrix metalloproteinase-17","MMP-17","Q9ULZ9"
"X2948.58",146,0.153168613507437,1.20120787983248,TRUE,2862,"GHR","Growth hormone receptor","Growth hormone receptor","P10912"
"X4437.56",146,0.153168613507437,1.25766982541359,TRUE,2863,"ENTPD5","Ectonucleoside triphosphate diphosphohydrolase 5","ENTP5","O75356"
"X4906.35",146,0.153168613507437,1.12508694306919,TRUE,2864,"F5","Coagulation Factor V","Coagulation Factor V","P12259"
"X5246.64",146,0.153168613507437,1.05069495103706,TRUE,2865,"PDE2A","cGMP-dependent 3',5'-cyclic phosphodiesterase","cGMP-stimulated PDE","O00408"
"X5451.1",146,0.153168613507437,0.837969567541516,TRUE,2866,"ALCAM","CD166 antigen","ALCAM","Q13740"
"X6379.62",146,0.153168613507437,0.91003135015191,TRUE,2867,"ADAMTSL2","ADAMTS-like protein 2","ATL2","Q86TH1"
"X6578.29",146,0.153168613507437,1.21667167171653,TRUE,2868,"TNMD","Tenomodulin","TNMD","Q9H2S6"
"X6629.3",146,0.153168613507437,0.96914799969097,TRUE,2869,"DEFB1","Beta-defensin 1","HBD-1","P60022"
"X6932.42",146,0.153168613507437,0.924617340767909,TRUE,2870,"ITGA5","Integrin alpha-5","ITA5","P08648"
"X6994.19",146,0.153168613507437,1.12621895089389,TRUE,2871,"C3orf18","Uncharacterized protein C3orf18","CC018","Q9UK00"
"X7147.35",146,0.153168613507437,1.06638128747513,TRUE,2872,"WFDC8","WAP four-disulfide core domain protein 8","WFDC8","Q8IUA0"
"X7245.2",146,0.153168613507437,1.10771823003209,TRUE,2873,"CELF2","CUGBP Elav-like family member 2","CELF2","O95319"
"X8235.48",146,0.153168613507437,0.889764965368661,TRUE,2874,"CHGB","Secretogranin-1","SCG1","P05060"
"X9075.121",146,0.153168613507437,0.942462989988116,TRUE,2875,"MINAR1","UPF0258 protein KIAA1024","K1024","Q9UPX6"
"X9906.21",146,0.153168613507437,0.890628279575456,TRUE,2876,"SPOCK3","Testican-3","TICN3","Q9BQ16"
"X10970.3",145,0.153166914025439,0.86292502375233,TRUE,2877,"ART3","Ecto-ADP-ribosyltransferase 3","NAR3","Q13508"
"X18938.3",146,0.153157044298501,0.868110677352743,TRUE,2878,"VLDLR","Very low-density lipoprotein receptor","VLDLR","P98155"
"X9840.2",146,0.15313004947765,0.930566005934007,TRUE,2879,"CDC42","Cell division control protein 42 homolog","Cdc42Hs","P60953"
"X19365.11",146,0.153114623865735,1.13093519895154,TRUE,2880,"BCAT2","Branched-chain-amino-acid aminotransferase, mitochondrial","BCAT2","O15382"
"X24226.30",146,0.153076059835949,1.20606368335631,TRUE,2881,"FSCN1","Fascin","Fascin","Q16658"
"X8092.29",146,0.15307220343297,0.901194892828299,TRUE,2882,"IL6R","Interleukin-6 receptor subunit alpha","IL-6 sRa","P08887"
"X25033.194",146,0.153052921418076,0.89818360294913,TRUE,2883,"VCP","Transitional endoplasmic reticulum ATPase","TER ATPase","P55072"
"X23375.4",146,0.15301435738829,0.996839096017303,TRUE,2884,"RFPL3","Ret finger protein-like 3","RFPL3","O75679"
"X12641.3",146,0.153006644582332,0.813730781097075,TRUE,2885,"INPP5B","Type II inositol 1,4,5-trisphosphate 5-phosphatase","I5P2","P32019"
"X3481.87",146,0.152998931776375,0.824328444547441,TRUE,2886,"XPNPEP1","Xaa-Pro aminopeptidase 1","XPNPEP1","Q9NQW7"
"X14645.253",146,0.152960367746588,1.04737199686699,TRUE,2887,"GSTA4","Glutathione S-transferase A4","GSTA4","O15217"
"X21321.2",145,0.152954329828319,1.11566808097138,TRUE,2888,"SNRPA1","U2 small nuclear ribonucleoprotein AAE","RU2A","P09661"
"X18198.51",146,0.1528678140751,0.965459640771441,TRUE,2889,"HBQ1","Hemoglobin subunit theta-1","HBAT","P09105"
"X2575.5",146,0.152825393642334,1.10585391950947,TRUE,2890,"LEP","Leptin","Leptin","P41159"
"X7142.5",146,0.152705845149995,1.09431837396933,TRUE,2891,"CPN1","Carboxypeptidase N catalytic chain","CBPN","P15169"
"X12957.62",146,0.152655711911272,1.24419359923674,TRUE,2892,"UQCRB","Cytochrome b-c1 complex subunit 7","UCR6","P14927"
"X18166.4",144,0.15265457380917,1.02098102995441,TRUE,2893,"RHOB","Rho-related GTP-binding protein RhoB","RHOB","P62745"
"X11353.143",145,0.152637722352682,1.17842319083239,TRUE,2894,"SMAD2","Mothers against decapentaplegic homolog 2","SMAD2","Q15796"
"X3634.5",145,0.152637722352682,1.2301246443904,TRUE,2895,"OPCML","Opioid-binding protein/cell adhesion molecule","OBCAM","Q14982"
"X8269.327",146,0.152613291478506,1.04209039975365,TRUE,2896,"ARSK","Arylsulfatase K","ARSK","Q6UWY0"
"X20425.12",145,0.152519619788478,1.12188463405924,TRUE,2897,"HHEX","Hematopoietically-expressed homeobox protein HHEX","HHEX","Q03014"
"X22496.21",144,0.15244556807357,1.18777787383436,TRUE,2898,"LYRM1","LYR motif-containing protein 1","LYRM1","O43325"
"X19260.4",145,0.152261462815481,1.28897813103319,TRUE,2899,"GIPC1","PDZ domain-containing protein GIPC1","GIPC1","O14908"
"X14026.24",145,0.152241779093525,0.873539843842102,TRUE,2900,"IL17F","Interleukin-17F","IL-17F","Q96PD4"
"X21781.9",145,0.152241779093525,1.16540181831614,TRUE,2901,"ACY3","Aspartoacylase-2","ACY3","Q96HD9"
"X11328.9",145,0.152225432843342,0.811812188949443,TRUE,2902,"USB1","U6 snRNA phosphodiesterase","USB1","Q9BQ65"
"X19752.197",145,0.152209685927769,1.16875326081325,TRUE,2903,"METAP1D","Methionine aminopeptidase 1D, mitochondrial","AMP1D","Q6UB28"
"X19821.10",145,0.152209685927769,1.09438320526409,TRUE,2904,"PGLYRP4","Peptidoglycan recognition protein I-beta","PGRP-I-beta","Q96LB8"
"X21815.7",145,0.152209685927769,1.07742959388027,TRUE,2905,"MOB3B","MOB kinase activator 3B","MOB3B","Q86TA1"
"X24221.3",145,0.152209685927769,0.879369692536153,TRUE,2906,"PPARG","Peroxisome proliferator activated receptor gamma","PPAR gamma","P37231"
"X3148.49",145,0.152209685927769,1.07723552072048,TRUE,2907,"CXCL2","Gro-beta","Gro-b","P19875"
"X3620.67",145,0.152209685927769,1.0215302948184,TRUE,2908,"IL22RA1","Interleukin-22 receptor subunit alpha-1","IL22RA1","Q8N6P7"
"X3644.5",145,0.152209685927769,1.1432219398828,TRUE,2909,"DKKL1","Dickkopf-like protein 1","Soggy-1","Q9UK85"
"X3741.4",145,0.152209685927769,0.990611293883762,TRUE,2910,"IL5","Interleukin-5","IL-5","P05113"
"X5249.31",145,0.152209685927769,1.23633876484687,TRUE,2911,"STK17B","Serine/threonine-protein kinase 17B","DRAK2","O94768"
"X5410.53",145,0.152209685927769,1.07032609106681,TRUE,2912,"CDH15","Cadherin-15:Extracellular domain","CAD15:ECD","P55291"
"X15525.294",145,0.152204679617269,0.914569342900538,TRUE,2913,"ADH1C","Alcohol dehydrogenase 1C","ADH1G","P00326"
"X12713.365",145,0.152092182806663,1.22585535419596,TRUE,2914,"RGS19","Regulator of G-protein signaling 19","RGS19","P49795"
"X8340.9",145,0.15201344791884,1.11516090314657,TRUE,2915,"DEFB110","Beta-defensin 110","DB110","Q30KQ9"
"X20181.17",145,0.151962270241755,1.14071232278014,TRUE,2916,"ITGA11","Integrin alpha-11","ITA11","Q9UKX5"
"X22083.60",145,0.151960600984582,0.885525287676743,TRUE,2917,"BEX5","Protein BEX5","BEX5","Q5H9J7"
"X9565.6",146,0.151934564554258,1.20000783877196,TRUE,2918,"PAWR","PRKC apoptosis WT1 regulator protein","PAWR","Q96IZ0"
"X18381.16",139,0.151824996927615,0.955013067078596,TRUE,2919,"ALDH2","Aldehyde dehydrogenase, mitochondrial","ALDH-E2","P05091"
"X21909.2",146,0.151556637062346,0.932869468598868,TRUE,2920,"ITGA5|ITGB1","Integrin a5b1","Integrin a5b1","P08648|P05556"
"X25105.87",145,0.151218225551833,1.07982708141969,TRUE,2921,"EIF2A","Eukaryotic translation initiation factor 2A","EIF2A","Q9BY44"
"X20441.35",145,0.1512165548301,1.13061071408465,TRUE,2922,"POLR2E","DNA-directed RNA polymerases I, II, and III subunit RPABC1","RPAB1","P19388"
"X9078.207",145,0.1512165548301,1.16167660792374,TRUE,2923,"SNTB1","Beta-1-syntrophin","SNTB1","Q13884"
"X24962.7",146,0.151170996764478,1.14926492875726,TRUE,2924,"SH3KBP1","SH3 domain-containing kinase-binding protein 1","SH3K1","Q96B97"
"X4708.3",144,0.151161692387152,1.07396236970149,TRUE,2925,"HSD17B1","Estradiol 17-beta-dehydrogenase 1","17-beta-HSD 1","P14061"
"X24928.20",145,0.151123743686446,0.919192832686807,TRUE,2926,"MZT2A","Mitotic-spindle organizing protein 2A","MZT2A","Q6P582"
"X19786.26",143,0.150939563021623,1.07226652170083,TRUE,2927,"MEP1A","Meprin A subunit alpha","MEP1A","Q16819"
"X17329.2",139,0.150858360947314,0.943535040804796,TRUE,2928,"BDH2","3-hydroxybutyrate dehydrogenase type 2","BDH2","Q9BUT1"
"X22534.14",146,0.150831633302354,1.16594589458317,TRUE,2929,"PPP4C","Serine/threonine-protein phosphatase 4 catalytic subunit","PP4C","P60510"
"X21577.35",145,0.150822879616088,1.23937058281559,TRUE,2930,"FKBP5","FK506-binding protein 5","FKBP5","Q13451"
"X11536.9",143,0.150802999396673,0.818650763251799,TRUE,2931,"MYSM1","Histone H2A deubiquitinase MYSM1","MYSM1","Q5VVJ2"
"X22987.69",146,0.150789212869588,0.780514790721014,TRUE,2932,"MAPK9","Mitogen-activated protein kinase 9","JNK2","P45984"
"X6424.2",145,0.150769436691245,1.11646877991671,TRUE,2933,"RNASE13","Probable inactive ribonuclease-like protein 13","RNS13","Q5GAN3"
"X14287.6",145,0.150767765086126,1.16684265426192,TRUE,2934,"RAB5C","Ras-related protein Rab-5C","RAB5C","P51148"
"X19760.26",145,0.150767765086126,1.2403674801492,TRUE,2935,"CPA1","Carboxypeptidase A1","CBPA1","P15085"
"X25275.30",142,0.150673792308498,0.840334366402393,TRUE,2936,"HDAC4","Histone deacetylase 4","HDAC4","P56524"
"X17410.5",146,0.150588679914696,0.914083870770637,TRUE,2937,"CETN3","Centrin-3","CETN3","O15182"
"X3471.49",146,0.150503839049165,0.81297982074129,TRUE,2938,"STK16","Serine/threonine-protein kinase 16","STK16","O75716"
"X16070.7",144,0.15036184190694,1.03831959558899,TRUE,2939,"WIF1","Wnt inhibitory factor 1","WIF-1","Q9Y5W5"
"X9256.78",144,0.15036184190694,0.967793960207898,TRUE,2940,"NPTX1","Neuronal pentraxin-1","NPTX1","Q15818"
"X11312.40",145,0.15026159666479,0.711514122385791,TRUE,2941,"PMS2","Mismatch repair endonuclease PMS2","PMS2","P54278"
"X14144.3",146,0.150241603646615,1.13012021262381,TRUE,2942,"H2AW","Histone H2A type 3","H2A3","Q7L7L0"
"X8960.3",146,0.150149049975126,1.0409626230206,TRUE,2943,"ERAP2","Endoplasmic reticulum aminopeptidase 2","LRAP","Q6P179"
"X19222.124",145,0.150110327478727,1.1589245172618,TRUE,2944,"RAB5B","Ras-related protein Rab-5B","RAB5B","P61020"
"X9767.22",146,0.149863676154703,0.852574818220779,TRUE,2945,"RIPPLY1","Protein ripply1","RIPP1","Q0D2K3"
"X16802.31",146,0.14978654809513,1.16173842665501,TRUE,2946,"OCIAD1","OCIA domain-containing protein 1","OCAD1","Q9NX40"
"X3220.40",145,0.149665474486894,0.843764028777886,TRUE,2947,"RET","Proto-oncogene tyrosine-protein kinase receptor Ret","RET","P07949"
"X15471.29",143,0.149616866886382,0.956944295326897,TRUE,2948,"PNLIPRP2","Pancreatic lipase-related protein 2","LIPR2","P54317"
"X12963.1",145,0.149549045929997,0.910316107374882,TRUE,2949,"GPR107","Protein GPR107","GP107","Q5VW38"
"X6352.8",146,0.149443328230027,1.1406473461446,TRUE,2950,"INSRR","Insulin receptor-related protein","INSRR","P14616"
"X13436.54",145,0.149438817087045,0.985360097082448,TRUE,2951,"MAZ","Myc-associated zinc finger protein","MAZ","P56270"
"X12348.46",146,0.149431759021091,1.16276399949845,TRUE,2952,"SARS2","Serine--tRNA ligase, mitochondrial","SYSM","Q9NP81"
"X13566.2",145,0.149225645426702,1.18847732153279,TRUE,2953,"SSU72","RNA polymerase II subunit A C-terminal domain phosphatase SSU72","SSU72","Q9NP77"
"X25465.42",145,0.14921274799078,1.09154700426968,TRUE,2954,"MLIP","Muscular LMNA-interacting protein","MLIP","Q5VWP3"
"X19488.1",146,0.149107821170881,1.15832881824939,TRUE,2955,"PDCD6","Programmed cell death protein 6","PDCD6","O75340"
"X2778.10",145,0.149068176270973,0.918784260181555,TRUE,2956,"IL22","Interleukin-22","IL-22","Q9GZX6"
"X6226.69",145,0.149068176270973,1.05865201459512,TRUE,2957,"MICU2","Calcium uptake protein 2, mitochondrial","EFHA1","Q8IYU8"
"X21799.15",145,0.149064826369889,1.18097509300142,TRUE,2958,"HOMER3","Homer protein homolog 3","HOME3","Q9NSC5"
"X11540.37",146,0.148726037275991,1.02730877052951,TRUE,2959,"FOXO3","Forkhead box protein O3","FOXO3A","O43524"
"X6219.14",143,0.148678737284501,1.02114453336842,TRUE,2960,"PDZD11","PDZ domain-containing protein 11","PDZ11","Q5EBL8"
"X9082.25",146,0.148668191231311,0.886111083303847,TRUE,2961,"SEL1L2","Protein sel-1 homolog 2","SE1L2","Q5TEA6"
"X18817.50",144,0.148641560472113,0.990711934655865,TRUE,2962,"CBX1","Chromobox protein homolog 1","CBX1","P83916"
"X7799.3",145,0.148445081323457,1.11533373793036,TRUE,2963,"KIR2DL5A","Killer cell immunoglobulin-like receptor 2DL5A","KI2LA","Q8N109"
"X8484.24",146,0.148432950649611,1.19088339002296,TRUE,2964,"LEP","Leptin","Leptin","P41159"
"X8635.283",143,0.148406108787641,1.07868676180387,TRUE,2965,"ZPBP","Zona pellucida-binding protein 1","ZPBP1","Q9BS86"
"X21135.16",146,0.148386673813867,0.948523974734338,TRUE,2966,"SF3B6","Splicing factor 3B subunit 6","SF3B6","Q9Y3B4"
"X22013.6",144,0.14834985952403,1.19060139190649,TRUE,2967,"RASSF2","Ras association domain-containing protein 2","RASF2","P50749"
"X22468.54",146,0.148309545754293,1.16154372830067,TRUE,2968,"H2AC11","Histone H2A type 1","Histone H2A type 1","P0C0S8"
"X9867.23",145,0.148305034702402,0.98966117626509,TRUE,2969,"FBP2","Fructose-1,6-bisphosphatase isozyme 2","F16P2","O00757"
"X16081.38",143,0.148139331579444,1.0503277185266,TRUE,2970,"AKR1B10","Aldo-keto reductase family 1 member B10","Aldose reductase-like","O60218"
"X24946.9",144,0.147929541092656,1.05500007691011,TRUE,2971,"ARHGAP22","Rho GTPase-activating protein 22","RHG22","Q7Z5H3"
"X17350.13",145,0.147734206765689,1.01166795206262,TRUE,2972,"CHMP2B","Charged multivesicular body protein 2b","CHM2B","Q9UQN3"
"X20579.50",146,0.147511270337705,1.12629521766109,TRUE,2973,"MAG","Myelin-associated glycoprotein","MAG","P20916"
"X19236.24",144,0.147433449760246,0.963548716195756,TRUE,2974,"SUB1","Activated RNA polymerase II transcriptional coactivator p15","TCP4","P53999"
"X7945.10",146,0.147403291054302,0.711883517684874,TRUE,2975,"SEMA6A","Semaphorin-6A","Semaphorin-6A","Q9H2E6"
"X12389.4",146,0.14732230659175,1.05003627041229,TRUE,2976,"ORC6","Origin recognition complex subunit 6","ORC6","Q9Y5N6"
"X24935.62",146,0.147310737382814,1.21478909670095,TRUE,2977,"FOXP1","Forkhead box protein P1","FOXP1","Q9H334"
"X3466.8",146,0.147198901696432,0.955761406366697,TRUE,2978,"PRKACA","cAMP-dependent protein kinase catalytic subunit alpha","PRKACA","P17612"
"X9360.33",144,0.147107883133639,0.880596918312472,TRUE,2979,"EDIL3","EGF-like repeat and discoidin I-like domain-containing protein 3","EDIL3","O43854"
"X4455.89",141,0.147056619849165,0.960352634399023,TRUE,2980,"MFGE8","Lactadherin","MFGM","Q08431"
"X13116.25",135,0.147034792258631,1.00220494248735,TRUE,2981,"CD177","CD177 antigen","CD177","Q8N6Q3"
"X24699.20",141,0.146964822033699,0.811966861648302,TRUE,2982,"ARL6IP1","ADP-ribosylation factor-like protein 6-interacting protein 1","AR6P1","Q15041"
"X4859.6",146,0.146936666293881,0.978152109173773,TRUE,2983,"BMPR1A","Bone morphogenetic protein receptor type-1A","BMPR1A","P36894"
"X22963.3",144,0.146848930752643,0.945704187359503,TRUE,2984,"VAMP2","Vesicle-associated membrane protein 2","VAMP2","P63027"
"X25265.8",146,0.146689856503245,1.29547917753367,TRUE,2985,"FNBP1","Formin-binding protein 1","FNBP1","Q96RU3"
"X12527.50",145,0.146627404357172,0.704681968820393,TRUE,2986,"THRA","Thyroid hormone receptor alpha","THA","P10827"
"X21429.50",146,0.14652788757814,1.27722758119697,TRUE,2987,"THOP1","Thimet oligopeptidase","THOP1","P52888"
"X24681.2",145,0.146445211236278,0.80895300514649,TRUE,2988,"PSPH","Phosphoserine phosphatase","SERB","P78330"
"X6940.18",143,0.146369192000033,1.14856919345673,TRUE,2989,"JPH1","Junctophilin-1","JPH1","Q9HDC5"
"X22402.12",146,0.146346636638142,1.16700435372602,TRUE,2990,"H2AC1","Histone H2A type 1-A","H2A1A","Q96QV6"
"X10356.21",145,0.146248373629272,0.857437851629053,TRUE,2991,"JUN","Transcription factor AP-1","c-Jun","P05412"
"X21260.74",145,0.146248373629272,1.2866710507333,TRUE,2992,"SNRPE","Small nuclear ribonucleoprotein E","RUXE","P62304"
"X23540.3",144,0.14620181554001,0.938119772807082,TRUE,2993,"MNAT1","CDK-activating kinase assembly factor MAT1","MAT1","P51948"
"X15509.2",143,0.146160476092756,0.867765359336161,TRUE,2994,"NAGLU","Alpha-N-acetylglucosaminidase","NAG","P54802"
"X3654.27",146,0.1461191088624,0.858842146389238,TRUE,2995,"BMPER","BMP-binding endothelial regulator protein","BMPER","Q8N8U9"
"X23354.12",143,0.146105368572478,1.15671323630353,TRUE,2996,"CRYBA2","Beta-crystallin A2","CRBA2","P53672"
"X16807.35",144,0.145942274223564,1.10936695056228,TRUE,2997,"TNNT3","Troponin T, fast skeletal muscle","TNNT3","P45378"
"X13926.1",145,0.145891810390643,0.810390851514518,TRUE,2998,"RMI1","RecQ-mediated genome instability protein 1","RMI1","Q9H9A7"
"X24955.116",146,0.145868442668785,0.908944459124601,TRUE,2999,"ZHX2","Zinc fingers and homeoboxes protein 2","ZHX2","Q9Y6X8"
"X24318.13",144,0.14569939689666,1.10567595082477,TRUE,3000,"FGD2","FYVE, RhoGEF and PH domain-containing protein 2","FGD2","Q7Z6J4"
"X10761.5",146,0.145691048131766,0.864711373434275,TRUE,3001,"TMED2","Transmembrane emp24 domain-containing protein 2","TMED2","Q15363"
"X5275.28",146,0.145039316028368,1.18544610310617,TRUE,3002,"VAV1","Proto-oncogene vav","VAV","P15498"
"X9979.13",141,0.144989275117845,1.07800413991412,TRUE,3003,"AMIGO1","Amphoterin-induced protein 1:Cytoplasmic domain","AMGO1:CD","Q86WK6"
"X12484.67",146,0.144672957745393,0.913292120145994,TRUE,3004,"PITPNB","Phosphatidylinositol transfer protein beta isoform","PIPNB","P48739"
"X2876.74",145,0.144646115508245,0.853934454212045,TRUE,3005,"TOP1","DNA topoisomerase 1","Topoisomerase I","P11387"
"X8853.2",144,0.144374731206566,1.01862663714611,TRUE,3006,"CLEC4A","C-type lectin domain family 4 member A","CLC4A","Q9UMR7"
"X9993.11",145,0.144230504257589,0.91546843407184,TRUE,3007,"ZNF264","Zinc finger protein 264","ZN264","O43296"
"X5006.71",146,0.144187050970078,1.05395038680518,TRUE,3008,"MAPK13","Mitogen-activated protein kinase 13","MK13","O15264"
"X18290.6",143,0.144137673456489,1.06637415174241,TRUE,3009,"ANXA8","Annexin A8","Annexin A8","P13928"
"X21381.73",146,0.14391710276157,1.05529302499333,TRUE,3010,"TBC1D22B","TBC1 domain family member 22B","TB22B","Q9NU19"
"X23352.9",143,0.143412387826005,1.03889571247178,TRUE,3011,"DTNBP1","Dysbindin","DTBP1","Q96EV8"
"X5060.62",143,0.143390697273537,1.01050311150758,TRUE,3012,"CD274","Programmed cell death 1 ligand 1","B7-H1","Q9NZQ7"
"X6448.36",144,0.143277451094668,1.14608167257295,TRUE,3013,"SEMA3C","Semaphorin-3C","Sema E","Q99985"
"X23364.3",144,0.143205102955421,1.23761367279193,TRUE,3014,"UCK1","Uridine-cytidine kinase 1","UCK1","Q9HA47"
"X22815.4",144,0.143192469392841,0.980029724463729,TRUE,3015,"TRIM40","Tripartite motif-containing protein 40","TRI40","Q6P9F5"
"X12338.27",146,0.143188242598599,0.916737013493175,TRUE,3016,"EGFLAM","Pikachurin","EGFLA","Q63HQ2"
"X19467.3",146,0.143188242598599,0.957635800138058,TRUE,3017,"RBKS","Ribokinase","RBSK","Q9H477"
"X21555.17",143,0.143092844434321,0.818049365633292,TRUE,3018,"FAM3A","Protein FAM3A","FAM3A","P98173"
"X13450.49",146,0.142999278852643,1.21328465373473,TRUE,3019,"USP8","Ubiquitin carboxyl-terminal hydrolase 8","UBP8","P40818"
"X12583.77",145,0.142992679609395,1.05881925275389,TRUE,3020,"ARAF","Serine/threonine-protein kinase A-Raf","ARAF","P10398"
"X2638.12",145,0.142677739438186,0.849164677492536,TRUE,3021,"CSF1R","Macrophage colony-stimulating factor 1 receptor","M-CSF R","P07333"
"X11320.29",146,0.142316695525416,0.841985697299709,TRUE,3022,"CHFR","E3 ubiquitin-protein ligase CHFR","CHFR","Q96EP1"
"X11288.26",146,0.142154726600311,1.15939998853254,TRUE,3023,"NT5C2","Cytosolic purine 5'-nucleotidase","5NTC","P49902"
"X3888.8",140,0.142079848840057,1.32258905420237,TRUE,3024,"ING1","Inhibitor of growth protein 1","ING1","Q9UK53"
"X23259.23",144,0.142033750474786,1.18332761512483,TRUE,3025,"EEF1AKMT1","EEF1A lysine methyltransferase 1","EFMT1","Q8WVE0"
"X3633.70",145,0.141933693283704,0.951922812413641,TRUE,3026,"NID2","Nidogen-2","NID2","Q14112"
"X21521.17",139,0.141880372436816,0.971470319088429,TRUE,3027,"TPH1","Tryptophan 5-hydroxylase 1","TPH1","P17752"
"X21229.5",144,0.14185287976318,1.11366788799786,TRUE,3028,"TMIGD2","Transmembrane and immunoglobulin domain-containing protein 2","TMIG2","Q96BF3"
"X21796.43",144,0.141735748952461,1.24665115942329,TRUE,3029,"GPX3","Glutathione peroxidase 3","Glutathione peroxidase 3","P22352"
"X10710.23",145,0.141669930890316,0.916807034474732,TRUE,3030,"ZPBP2","Zona pellucida-binding protein 2","ZPBP2","Q6X784"
"X21834.8",144,0.141643873607547,1.06635778864539,TRUE,3031,"SNF8","Vacuolar-sorting protein SNF8","SNF8","Q96H20"
"X18483.36",144,0.141446376823244,1.31937255309481,TRUE,3032,"RABIF","Guanine nucleotide exchange factor MSS4","MSS4","P47224"
"X23705.42",145,0.141297629686202,1.17914360175305,TRUE,3033,"CTPS1","CTP synthase 1","PYRG1","P17812"
"X20175.17",143,0.141272896666927,1.04068942674803,TRUE,3034,"COL9A3","Collagen alpha-3(IX) chain","CO9A3","Q14050"
"X21244.57",144,0.140922117228102,1.0833945342075,TRUE,3035,"NPM1","Nucleophosmin","NPM1","P06748"
"X12689.56",146,0.140496473319476,0.939765416073431,TRUE,3036,"ARPC1B","Actin-related protein 2/3 complex subunit 1B","ARC1B","O15143"
"X6237.11",141,0.140397183707633,0.840609312297236,TRUE,3037,"FGFRL1","Fibroblast growth factor receptor-like 1","FGRL1","Q8N441"
"X8097.77",143,0.140168849451465,0.735802594617626,TRUE,3038,"LIPN","Lipase member N","LIPN","Q5VXI9"
"X15514.26",145,0.140150344564231,0.838843011995638,TRUE,3039,"BCHE","Cholinesterase","Pseudocholinesterase","P06276"
"X19357.11",146,0.140141684245437,1.20768272904523,TRUE,3040,"VAMP7","Vesicle-associated membrane protein 7","VAMP7","P51809"
"X9251.28",146,0.140049130573948,1.07130264468556,TRUE,3041,"MAN2B2","Epididymis-specific alpha-mannosidase","MA2B2","Q9Y2E5"
"X21949.4",146,0.139918012872673,1.12357029661403,TRUE,3042,"APBB1IP","Amyloid beta A4 precursor protein-binding family B member 1-interacting protein","AB1IP","Q7Z5R6"
"X11178.21",146,0.139717479917781,0.978847551969017,TRUE,3043,"SVEP1","Sushi, von Willebrand factor type A, EGF and pentraxin domain-containing protein 1:EGF-like domains 4-6","SVEP1:EGF-like domains 4-6","Q4LDE5"
"X17391.10",146,0.139698197902888,1.15257910788739,TRUE,3044,"RBM17","Splicing factor 45","SPF45","Q96I25"
"X23543.92",144,0.139619850721673,0.985905278464349,TRUE,3045,"TRUB1","Probable tRNA pseudouridine synthase 1","TRUB1","Q8WWH5"
"X11424.4",144,0.139601483133874,1.13165609383119,TRUE,3046,"FAH","Fumarylacetoacetase","FAAA","P16930"
"X9952.57",144,0.139589986193536,1.07726025437751,TRUE,3047,"TFAM","Transcription factor A, mitochondrial","TFAM","Q00059"
"X8104.21",145,0.139331500119087,1.19754785729708,TRUE,3048,"IL10RA","Interleukin-10 receptor subunit alpha:Extracellular domain","IL-10 Ra:ECD","Q13651"
"X15439.21",145,0.139146472768501,1.01107007867161,TRUE,3049,"RND3","Rho-related GTP-binding protein RhoE","RND3","P61587"
"X3629.60",145,0.13907675833996,1.09742538416734,TRUE,3050,"CDC42BPB","Serine/threonine-protein kinase MRCK beta","MRCKB","Q9Y5S2"
"X9090.9",143,0.139019655323847,1.02996829951366,TRUE,3051,"SYTL4","Synaptotagmin-like protein 4:Ca2+-dependent membrane-targeting module 1","SYTL4:C2 1","Q96C24"
"X19767.20",145,0.139005897219882,1.01490322067577,TRUE,3052,"CCNE1","G1/S-specific cyclin-E1","Cyclin E","P24864"
"X24179.48",144,0.138999141868957,1.29394558539257,TRUE,3053,"PTER","Phosphotriesterase-related protein","PTER","Q96BW5"
"X13947.371",144,0.138991103170664,0.803919846219545,TRUE,3054,"NUDT12","Peroxisomal NADH pyrophosphatase NUDT12","NUD12","Q9BQG2"
"X5363.51",146,0.138892209680343,0.718720043363392,TRUE,3055,"SEMA3E","Semaphorin-3E","Semaphorin 3E","O15041"
"X9127.4",145,0.138533489752695,0.951593882570848,TRUE,3056,"SLC26A5","Prestin","S26A5","P58743"
"X13950.9",146,0.138306036427583,1.02292048159941,TRUE,3057,"CERT1","Collagen type IV alpha-3-binding protein:StAR-related lipid-transfer domain, isoform 2","C43BP:START domain","Q9Y5P4"
"X15474.7",146,0.137993667786309,1.19781989381335,TRUE,3058,"PIN1","Peptidyl-prolyl cis-trans isomerase NIMA-interacting 1","PIN1","Q13526"
"X6951.26",145,0.137931713231792,1.00589608702987,TRUE,3059,"ASIC4","Acid-sensing ion channel 4","ASIC4","Q96FT7"
"X5225.50",142,0.137821258438175,1.1231747100203,TRUE,3060,"CSNK2A1|CSNK2B","Casein kinase II 2-alpha:2-beta heterotetramer","CK2-A1:B","P68400|P67870"
"X12446.49",143,0.137753206963281,1.15276597404787,TRUE,3061,"GSTA1","Glutathione S-transferase A1","GST A1-1","P08263"
"X23022.5",143,0.137744998450643,0.775921276919405,TRUE,3062,"GDI1","Rab GDP dissociation inhibitor alpha","RhoGDI","P31150"
"X3060.43",141,0.137420954158764,0.988555115095561,TRUE,3063,"C9","Complement component C9","C9","P02748"
"X18205.123",145,0.13741430182685,0.988304333472735,TRUE,3064,"MAGEA6","Melanoma-associated antigen 6","MAGE-6","P43360"
"X18257.64",137,0.137306152930606,1.10041093588729,TRUE,3065,"SRP19","Signal recognition particle 19 kDa protein","SRP19","P09132"
"X10890.135",145,0.136912096434491,1.09771721785432,TRUE,3066,"LCTL","Lactase-like protein","LCTL","Q6UWM7"
"X3868.8",143,0.136572953006362,0.951982841006784,TRUE,3067,"SGTA","Small glutamine-rich tetratricopeptide repeat-containing protein alpha","SGTA","O43765"
"X6393.63",146,0.136570655087174,1.08728258123827,TRUE,3068,"HSP90B1","Endoplasmin","Endoplasmin","P14625"
"X21833.6",146,0.136385547744197,1.07581270108187,TRUE,3069,"SIRT6","silent mating type information regulation 2 homolog","sirtuin","Q8N6T7"
"X10818.36",145,0.136148368022613,0.965545917763797,TRUE,3070,"SMPD1","Sphingomyelin phosphodiesterase","ASM","P17405"
"X6469.62",145,0.135957703535007,1.1730447399889,TRUE,3071,"LY6G6D","Lymphocyte antigen 6 complex locus protein G6d","LY66D","O95868"
"X13609.11",145,0.135894715500765,1.17242216817317,TRUE,3072,"GTF2I","General transcription factor II-I","GTF2I","P78347"
"X10012.5",142,0.135759569942051,0.908795757502909,TRUE,3073,"SPDEF","SAM pointed domain-containing Ets transcription factor","SPDEF","O95238"
"X12426.19",145,0.135654573620218,1.11245178473562,TRUE,3074,"MOB1A","MOB kinase activator 1A","MOL1B","Q9H8S9"
"X13544.9",145,0.135524660799594,1.16445200421353,TRUE,3075,"ARHGAP45","Rho GTPase-activating protein 45","HMHA1","Q92619"
"X18831.6",145,0.135524660799594,0.880554248138051,TRUE,3076,"LRIG1","Leucine-rich repeats and immunoglobulin-like domains protein 1","LRIG1","Q96JA1"
"X21134.9",145,0.135524660799594,0.967334295712496,TRUE,3077,"CREBZF","CREB/ATF bZIP transcription factor","ZHANG","Q9NS37"
"X25225.14",145,0.135524660799594,1.10730150813286,TRUE,3078,"FTHL17","Ferritin heavy polypeptide-like 17","FHL17","Q9BXU8"
"X2848.2",145,0.135524660799594,1.02333854465998,TRUE,3079,"WIF1","Wnt inhibitory factor 1","WIF-1","Q9Y5W5"
"X9316.67",145,0.135524660799594,1.1752670106452,TRUE,3080,"WFDC1","WAP four-disulfide core domain protein 1","WFDC1","Q9HC57"
"X24211.25",144,0.135522404856981,0.875804996357254,TRUE,3081,"HMGCL","Hydroxymethylglutaryl-CoA lyase, mitochondrial","HMGCL","P35914"
"X5656.53",145,0.135493166782473,0.955432827594731,TRUE,3082,"ENDOU","Poly(U)-specific endoribonuclease","PP11","P21128"
"X12647.52",146,0.135390595775696,1.08889623106421,TRUE,3083,"SETD2","Histone-lysine N-methyltransferase SETD2","SETD2","Q9BYW2"
"X25081.6",141,0.134958674324564,0.898551713708688,TRUE,3084,"FAM160B1","Protein FAM160B1","F16B1","Q5W0V3"
"X24968.10",145,0.134742950274982,0.808307214011091,TRUE,3085,"TIAM2","T-lymphoma invasion and metastasis-inducing protein 2","TIAM2","Q8IVF5"
"X17774.38",145,0.134716035579946,1.0551035599805,TRUE,3086,"SNRPD3","Small nuclear ribonucleoprotein Sm D3","SMD3","P62318"
"X8074.32",135,0.134630581761773,0.999951477472608,TRUE,3087,"TMEM70","Transmembrane protein 70, mitochondrial","TMM70","Q9BUB7"
"X13487.24",144,0.134605993251513,0.970917052911242,TRUE,3088,"UNC93B1","Protein unc-93 homolog B1","UN93B","Q9H1C4"
"X15570.99",142,0.13452192082557,1.06940412902936,TRUE,3089,"CR2","Complement receptor type 2","Complement receptor type 2","P20023"
"X14077.6",144,0.134436640239552,1.27759831017188,TRUE,3090,"FCN3","Ficolin-3","Ficolin-3","O75636"
"X23542.8",144,0.134167884194512,1.07579529232079,TRUE,3091,"GOLPH3L","Golgi phosphoprotein 3-like","GLP3L","Q9H4A5"
"X6923.1",143,0.13413380340942,1.24215835858519,TRUE,3092,"PLOD2","Procollagen-lysine,2-oxoglutarate 5-dioxygenase 2","PLOD2","O00469"
"X20982.29",145,0.134103493277012,0.938494875095187,TRUE,3093,"SNRNP25","U11/U12 small nuclear ribonucleoprotein 25 kDa protein","SNR25","Q9BV90"
"X12411.60",145,0.133794194876721,1.13063988245845,TRUE,3094,"MAX","Protein max","MAX","P61244"
"X21679.16",137,0.13377348054694,1.23334203558682,TRUE,3095,"CDH20","Cadherin-20","CAD20","Q9HBT6"
"X20527.47",144,0.133717717090072,0.920672976269708,TRUE,3096,"SEMA5B","Semaphorin-5B","SEM5B","Q9P283"
"X3714.49",146,0.133682209256138,0.935810912370683,TRUE,3097,"CKB|CKM","Creatine kinase M-type:Creatine kinase B-type heterodimer","CK-MB","P12277|P06732"
"X14206.28",146,0.133250292122526,1.01580214184923,TRUE,3098,"APBB1","Amyloid beta A4 precursor protein-binding family B member 1:Phosphotyrosine Interaction Domain 2","APBB1:PID 2","O00213"
"X3845.51",145,0.133111431737702,1.14330875486358,TRUE,3099,"DYNLRB1","Dynein light chain roadblock-type 1","DLRB1","Q9NP97"
"X5725.1",145,0.132817882267722,1.17019930397601,TRUE,3100,"OMD","Osteomodulin","OMD","Q99983"
"X25298.53",144,0.132511912346034,1.16080025042004,TRUE,3101,"KDM4C","Lysine-specific demethylase 4C","KDM4C","Q9H3R0"
"X7121.2",146,0.132506006347639,0.620720933709902,TRUE,3102,"SYT7","Synaptotagmin-7","SYT7","O43581"
"X13983.27",144,0.132212205131091,1.03206363047073,TRUE,3103,"CRYZ","Quinone oxidoreductase","QOR","Q08257"
"X6214.84",144,0.132186495176849,1.22068920384867,TRUE,3104,"IFNA8","Interferon alpha-8","IFNA8","P32881"
"X20547.5",146,0.131973822736581,0.873772259194648,TRUE,3105,"CHRNB3","Neuronal acetylcholine receptor subunit beta-3","ACHB3","Q05901"
"X25048.30",146,0.131942971512751,1.13689930620199,TRUE,3106,"PACSIN2","Protein kinase C and casein kinase substrate in neurons protein 2","PACN2","Q9UNF0"
"X8815.1",146,0.131923689497858,0.863306453190424,TRUE,3107,"OLFML1","Olfactomedin-like protein 1","OLFL1","Q6UWY5"
"X10854.15",146,0.131746294960838,1.04162225784231,TRUE,3108,"GCNT4","Beta-1,3-galactosyl-O-glycosyl-glycoprotein beta-1,6-N-acetylglucosaminyltransferase 4","GCNT4","Q9P109"
"X24453.75",146,0.131630602871478,0.758473201282806,TRUE,3109,"HCCS","Cytochrome c-type heme lyase","CCHL","P53701"
"X8986.2",146,0.131584326035733,0.776293329320823,TRUE,3110,"PHGDH","D-3-phosphoglycerate dehydrogenase","SERA","O43175"
"X7251.64",146,0.131352941857012,1.20766731831512,TRUE,3111,"C1QTNF3","Complement C1q tumor necrosis factor-related protein 3","C1QT3","Q9BXJ4"
"X22045.8",145,0.131225727462586,0.875914496968944,TRUE,3112,"SUMO4","Small ubiquitin-related modifier 4","SUMO4","Q6EEV6"
"X18181.2",146,0.130813045439996,1.03230493695941,TRUE,3113,"TSSC4","Protein TSSC4","TSSC4","Q9Y5U2"
"X24944.12",146,0.130728204574465,1.03998854671191,TRUE,3114,"REPS2","RalBP1-associated Eps domain-containing protein 2","REPS2","Q8NFH8"
"X8329.166",140,0.130374310032629,0.946858279641375,TRUE,3115,"CDH12","Cadherin-12:Cytoplasmic domain","Cadherin-12:CD","P55289"
"X18928.10",143,0.130360906298161,1.09781946507461,TRUE,3116,"S100Z","Protein S100-Z","S100Z","Q8WXG8"
"X5936.53",144,0.130323114828555,0.927614516493689,TRUE,3117,"TNF","Tumor necrosis factor","TNF-a","P01375"
"X3519.3",146,0.130292431037874,1.11505634226667,TRUE,3118,"CCL17","C-C motif chemokine 17","TARC","Q92583"
"X13460.4",144,0.130230669983963,0.903958659128656,TRUE,3119,"CHAD","Chondroadherin","CHAD","O15335"
"X21839.3",145,0.130143120624054,1.33587671331831,TRUE,3120,"POU2AF1","POU domain class 2-associating factor 1","OBF1","Q16633"
"X19578.19",146,0.130130462112769,1.11868968013876,TRUE,3121,"DOK2","Docking protein 2","DOK2","O60496"
"X23685.132",141,0.130101576632023,1.04393232210407,TRUE,3122,"M1AP","Meiosis 1 arrest protein","M1AP","Q8TC57"
"X13589.10",141,0.129943164181661,1.18837966240996,TRUE,3123,"APBB3","Amyloid beta A4 precursor protein-binding family B member 3:Phosphotyrosine Interaction Domain 2, Isoform IV","APBB3:PID 2","O95704"
"X12668.7",144,0.129800600489556,1.2585475669243,TRUE,3124,"VPS4B","Vacuolar protein sorting-associated protein 4B","VPS4B","O75351"
"X19755.38",146,0.129771816635751,1.11674130649066,TRUE,3125,"ATP5IF1","ATPase inhibitor, mitochondrial","ATIF1","Q9UII2"
"X10008.43",145,0.129424408602574,1.04979368521763,TRUE,3126,"GUCA1A","Guanylyl cyclase-activating protein 1","GUC1A","P43080"
"X16781.2",142,0.129327833945308,1.14037575098263,TRUE,3127,"ENGASE","Cytosolic endo-beta-N-acetylglucosaminidase","ENASE","Q8NFI3"
"X15674.3",137,0.129197501044343,1.24990103266069,TRUE,3128,"CD79A","B-cell antigen receptor complex-associated protein alpha chain","CD79A","P11912"
"X17786.5",146,0.128919551577462,0.908534599546988,TRUE,3129,"GGPS1","Geranylgeranyl pyrophosphate synthase","GGPPS","O95749"
"X17200.50",142,0.128874060040071,1.1181210841749,TRUE,3130,"KIR2DL1","Killer cell immunoglobulin-like receptor 2DL1","KI2L1","P43626"
"X25299.11",146,0.128753726249378,1.21747595858149,TRUE,3131,"NCOA7","Nuclear receptor coactivator 7","NCOA7","Q8NI08"
"X11239.49",145,0.128611724041548,0.75690253640794,TRUE,3132,"TMPRSS6","Transmembrane protease serine 6","TMPS6","Q8IU80"
"X11682.7",146,0.128506916458742,1.21988691429115,TRUE,3133,"TXNIP","Thioredoxin-interacting protein","TXNIP","Q9H3M7"
"X9065.28",146,0.128433644802147,1.21410886653199,TRUE,3134,"TXLNA","Alpha-taxilin","TXLNA","P40222"
"X13098.93",146,0.127616087370666,1.21555851529701,TRUE,3135,"VEGFD","Vascular endothelial growth factor D","VEGF-D","O43915"
"X8000.17",142,0.127545866464353,1.19793761891591,TRUE,3136,"KIR2DL5A","Killer cell immunoglobulin-like receptor 2DL5A","KI2LA","Q8N109"
"X6494.60",144,0.127455571119369,1.03701627725655,TRUE,3137,"SPACA5","Sperm acrosome-associated protein 5","sperm acrosome associated 5","Q96QH8"
"X12434.25",146,0.12742712362471,0.973609791753869,TRUE,3138,"IST1","IST1 homolog","K0174","P53990"
"X24111.10",146,0.127380846788966,0.908461230853979,TRUE,3139,"EEF1G","Elongation factor 1-gamma","EF1G","P26641"
"X21976.4",146,0.127130180595351,1.13841184098668,TRUE,3140,"IKBKG","I-kappa-B kinase gamma","IKK-gamma","Q9Y6K9"
"X4916.2",145,0.127107884724024,1.22766859761151,TRUE,3141,"IGHD","Immunoglobulin D","IgD","P01880"
"X18171.25",144,0.126787849556366,0.863195458258769,TRUE,3142,"CXCL11","C-X-C motif chemokine 11","I-TAC","O14625"
"X13517.3",144,0.126649437091283,0.988409952616023,TRUE,3143,"PTCHD3","Patched domain-containing protein 3","PTHD3","Q3KNS1"
"X9332.6",144,0.126249766375331,1.35393687786553,TRUE,3144,"DEFB136","Beta-defensin 136","DB136","Q30KP8"
"X7995.16",146,0.126173792656637,0.842395178233439,TRUE,3145,"None","von Willebrand factor C domain-containing protein 2-like","VWC2L","B2RUY7"
"X17781.191",145,0.125529247115837,0.914002727271448,TRUE,3146,"MAP1LC3A","Microtubule-associated proteins 1A/1B light chain 3A","MLP3A","Q9H492"
"X8388.24",145,0.125168787915769,1.01298603429066,TRUE,3147,"SPAST","Spastin:Cytoplasmic domain","Spastin:CD","Q9UBP0"
"X9957.9",146,0.124746923554524,1.17435864646988,TRUE,3148,"RNF114","E3 ubiquitin-protein ligase RNF114","RN114","Q9Y508"
"X9839.148",146,0.124446124122186,1.2159299218452,TRUE,3149,"TIRAP","Toll/interleukin-1 receptor domain-containing adapter protein","Tirap","P58753"
"X25104.10",146,0.124342001241762,0.806381716417298,TRUE,3150,"TFCP2L1","Transcription factor CP2-like protein 1","TF2L1","Q9NZI6"
"X3034.1",146,0.124280298794103,1.02156823727556,TRUE,3151,"GFAP","Glial fibrillary acidic protein","GFAP","P14136"
"X23298.148",146,0.124145324689849,1.24908749512855,TRUE,3152,"THEM4","Acyl-coenzyme A thioesterase THEM4","THEM4","Q5T1C6"
"X12678.66",146,0.124099047854105,1.09142663216087,TRUE,3153,"SNRPA","U1 small nuclear ribonucleoprotein A","SNRPA","P09012"
"X4250.23",146,0.123763540794959,0.808456275610425,TRUE,3154,"NSFL1C","NSFL1 cofactor p47","NSF1C","Q9UNZ2"
"X18324.61",146,0.123709551153257,0.826247443689496,TRUE,3155,"SUOX","Sulfite oxidase, mitochondrial","SUOX","P51687"
"X11174.8",138,0.123661082277079,1.24414416848971,TRUE,3156,"THSD7A","Thrombospondin type-1 domain-containing protein 7A:Thrombospondin type-1 domain 6","THS7A:TSP type-1 domain 6","Q9UPZ6"
"X8535.102",144,0.123400047830255,1.19575324284129,TRUE,3157,"DMKN","Dermokine","Dermokine","Q6E0U4"
"X9545.156",146,0.122533348244758,0.947523424913367,TRUE,3158,"GZMK","Granzyme K","Granzyme K","P49863"
"X8950.4",144,0.12240324924185,0.915151676395739,TRUE,3159,"CLCA2","Calcium-activated chloride channel regulator 2","CLCA2","Q9UQC9"
"X8007.19",142,0.122233283383458,1.26981176704776,TRUE,3160,"CTSB","Cathepsin B","Cathepsin B","P07858"
"X5133.17",143,0.122204482677951,1.16111300221689,TRUE,3161,"TGFBR2","TGF-beta receptor type-2","TGF-b R II","P37173"
"X14074.2",146,0.122163133558804,1.03562069435921,TRUE,3162,"SHC2","SHC-transforming protein 2","SHC2","P98077"
"X24725.4",142,0.12181545348613,0.951125235925009,TRUE,3163,"COPS5","COP9 signalosome complex subunit 5","CSN5","Q92905"
"X23243.120",143,0.121812775371078,1.0701283022036,TRUE,3164,"RPS25","40S ribosomal protein S25","RS25","P62851"
"X12455.48",145,0.121757838565605,0.948529090107447,TRUE,3165,"MYNN","Myoneurin","MYNN","Q9NPC7"
"X20926.31",144,0.120984418993032,0.841722744665061,TRUE,3166,"ATF1","Cyclic AMP-dependent transcription factor ATF-1","ATF1","P18846"
"X5226.36",146,0.120859669352009,1.20220738391366,TRUE,3167,"CSNK2A2|CSNK2B","Casein kinase II 2-alpha':2-beta heterotetramer","CK2-A2:B","P19784|P67870"
"X11405.150",145,0.120783254664058,1.24759118081766,TRUE,3168,"CARD9","Caspase recruitment domain-containing protein 9","CARD9","Q9H257"
"X9794.17",145,0.11991150181189,0.99670271556858,TRUE,3169,"COQ8B","AarF domain-containing protein kinase 4","ADCK4","Q96D53"
"X20923.10",145,0.119718600957024,0.874310581098861,TRUE,3170,"MDP1","Magnesium-dependent phosphatase 1","MGDP1","Q86V88"
"X9962.1",143,0.119671660168274,1.09358300679599,TRUE,3171,"CDHR5","Cadherin-related family member 5","MUCDL","Q9HBB8"
"X25913.17",145,0.119592624888541,1.03547399652594,TRUE,3172,"FTH1","Ferritin heavy chain","FRIH","P02794"
"X21837.3",145,0.119328862495153,1.18816380317888,TRUE,3173,"SSR2","Translocon-associated protein subunit beta","SSRB","P43308"
"X25422.58",145,0.119314849006169,1.24515270953519,TRUE,3174,"RPP40","Ribonuclease P protein subunit p40","RPP40","O75818"
"X3285.23",138,0.119247033894435,0.746016356700118,TRUE,3175,"C1R","Complement C1r subcomponent","C1r","P00736"
"X13109.82",146,0.119205272474152,0.712243080104218,TRUE,3176,"NEGR1","Neuronal growth regulator 1","NEGR1","Q7Z3B1"
"X16863.47",146,0.118981601101389,1.03754434106733,TRUE,3177,"NANP","N-acylneuraminate-9-phosphatase","NANP","Q8TBE9"
"X18399.1",145,0.118192876854699,1.09290898514509,TRUE,3178,"AKAP7","A-kinase anchor protein 7 isoforms alpha and beta","AKA7A","O43687"
"X21153.5",145,0.117933051724885,1.28850063422844,TRUE,3179,"BAP18","Chromatin complexes subunit BAP18","BAP18","Q8IXM2"
"X13946.8",146,0.117138240477577,0.770491015175733,TRUE,3180,"DDX23","Probable ATP-dependent RNA helicase DDX23","DDX23","Q9BUQ8"
"X22365.52",144,0.117127618098289,1.11532952385628,TRUE,3181,"ATF5","Cyclic AMP-dependent transcription factor ATF-5","ATF5","Q9Y2D1"
"X24235.2",145,0.117057356510305,1.04242783379646,TRUE,3182,"EHD1","EH domain-containing protein 1","EHD1","Q9H4M9"
"X24903.7",145,0.116734542834816,1.28080029252375,TRUE,3183,"KLHL14","Kelch-like protein 14","KLH14","Q9P2G3"
"X9357.4",146,0.116432518732477,1.24371036518269,TRUE,3184,"CREG1","Protein CREG1","CREG1","O75629"
"X5752.63",146,0.116266693404394,1.15563981346321,TRUE,3185,"SUSD3","Sushi domain-containing protein 3","SUSD3","Q96L08"
"X11670.18",145,0.116169390237661,1.14235413475633,TRUE,3186,"GPR101","Probable G-protein coupled receptor 101","GP101","Q96P66"
"X6461.54",146,0.115919617136312,1.03776424812831,TRUE,3187,"APOC3","Apolipoprotein C-III","Apo C-III","P02656"
"X13733.5",145,0.115271812516485,1.05108915702043,TRUE,3188,"IL12B","Interleukin-12 subunit beta","IL-12 p40","P29460"
"X4891.50",141,0.115189399210078,1.15675085669497,TRUE,3189,"GCG","Glucagon","Glucagon","P01275"
"X12923.51",139,0.115079524684158,1.22462747208128,TRUE,3190,"KRT17","Keratin, type I cytoskeletal 17","Keratin 17","Q04695"
"X2762.30",146,0.114974798406534,1.23898719465635,TRUE,3191,"FGF19","Fibroblast growth factor 19","FGF-19","O95750"
"X6421.52",146,0.114654716959303,1.01248038315988,TRUE,3192,"IFNA16","Interferon alpha-16","IFN16","P05015"
"X23148.100",146,0.114176522989946,0.998209514773406,TRUE,3193,"LIPG","Endothelial cell-derived lipase","Endothelial lipase","Q9Y5X9"
"X6382.17",145,0.113931575311053,1.24420688725638,TRUE,3194,"MANBA","Beta-mannosidase","MANBA","O00462"
"X9384.17",146,0.113551785707399,1.00218942988455,TRUE,3195,"CAMP","Cathelicidin antimicrobial peptide","Cathelicidin peptide","P49913"
"X19250.50",146,0.113547929304421,1.05926151627833,TRUE,3196,"MYCBP","C-Myc-binding protein","MYCBP","Q99417"
"X20535.68",140,0.113424381922955,0.874403483897101,TRUE,3197,"IL17RE","Interleukin-17 receptor E","I17RE","Q8NFR9"
"X9178.30",144,0.113274852038304,1.01614392293045,TRUE,3198,"NRG1","Neuregulin-1","NEUREGULIN-1","Q02297"
"X25049.8",145,0.113142033800887,1.16368789235287,TRUE,3199,"SCP2","Nonspecific lipid-transfer protein:isoform SCPx","NLTP:isoform SCPx","P22307"
"X6390.18",146,0.113000320081447,1.15784867392011,TRUE,3200,"NPS","Neuropeptide S","NPS","P0C0P6"
"X12384.92",143,0.112727735389844,1.22925865688162,TRUE,3201,"COPS7B","COP9 signalosome complex subunit 7b","CSN7B","Q9H9Q2"
"X21196.29",146,0.111858824799756,1.10839401345175,TRUE,3202,"SAMSN1","SAM domain-containing protein SAMSN-1","SAMN1","Q9NSI8"
"X18950.13",145,0.111671879582626,1.09594278549377,TRUE,3203,"RAC2","Ras-related C3 botulinum toxin substrate 2","RAC2","P15153"
"X14047.78",142,0.111608976669713,1.20120153830874,TRUE,3204,"BDNF","Brain-derived neurotrophic factor","BDNF","P23560"
"X10842.7",146,0.111099113412955,1.24002940940656,TRUE,3205,"GCNT4","Beta-1,3-galactosyl-O-glycosyl-glycoprotein beta-1,6-N-acetylglucosaminyltransferase 4","GCNT4","Q9P109"
"X2769.3",146,0.111010416144445,0.950018628389586,TRUE,3206,"rev","Protein Rev_HV2BE","HIV-2 Rev","P18093"
"X15346.31",146,0.110593924622747,1.26337514832662,TRUE,3207,"IFNG","Interferon gamma","IFN-g","P01579"
"X3739.72",142,0.110446509970764,1.11517790057537,TRUE,3208,"ITGA2B|ITGB3","Integrin alpha-IIb: beta-3 complex","gpIIbIIIa","P08514|P05106"
"X12652.37",146,0.110231422742751,1.11660127819934,TRUE,3209,"AHCYL1","Adenosylhomocysteinase 2","SAHH2","O43865"
"X6384.19",146,0.109737803161479,1.21116392271663,TRUE,3210,"WFDC3","WAP four-disulfide core domain protein 3","WFDC3","Q8IUB2"
"X12517.52",146,0.109494849773822,0.950610279032524,TRUE,3211,"PDCD5","Programmed cell death protein 5","TFAR19","O14737"
"X18264.12",145,0.10946729838416,1.20617075129119,TRUE,3212,"CCDC25","Coiled-coil domain-containing protein 25","CCD25","Q86WR0"
"X3040.59",144,0.108942448949242,1.15379762092728,TRUE,3213,"CCL3","C-C motif chemokine 3","MIP-1a","P10147"
"X20221.26",145,0.10877836675964,1.14991236542618,TRUE,3214,"PDE4C","cAMP-specific 3',5'-cyclic phosphodiesterase 4C","PDE4C","Q08493"
"X20389.36",144,0.108586518326186,1.03949922532012,TRUE,3215,"IMMP2L","Mitochondrial inner membrane protease subunit 2","IMP2L","Q96T52"
"X13515.8",146,0.108573169461916,0.909364886825162,TRUE,3216,"RPRD1A","Regulation of nuclear pre-mRNA domain-containing protein 1A","RPR1A","Q96P16"
"X6577.64",146,0.108299364850429,1.23171534083106,TRUE,3217,"LAMA4","Laminin subunit alpha-4","LAMA4","Q16363"
"X25072.11",146,0.108229949596813,0.871234197077231,TRUE,3218,"CHD1L","Chromodomain-helicase-DNA-binding protein 1-like","CHD1L","Q86WJ1"
"X10643.16",146,0.107585930299373,1.31791359756012,TRUE,3219,"OLFM3","Noelin-3:Isoform 2, C-term","NOE3:C-term","Q96PB7"
"X6715.63",146,0.107339120508737,1.18003289161479,TRUE,3220,"ALPG","Alkaline phosphatase, placental-like","PPBN","P10696"
"X5134.52",144,0.107101587040011,0.735803726091316,TRUE,3221,"HAVCR2","Hepatitis A virus cellular receptor 2","TIMD3","Q8TDQ0"
"X5261.13",145,0.106947777014485,1.03479531650257,TRUE,3222,"ABL2","Abelson tyrosine-protein kinase 2","ABL2","P42684"
"X9750.7",145,0.106492453290712,1.087819679858,TRUE,3223,"S100A4","Protein S100-A4","S100A4","P26447"
"X12427.8",139,0.105740505296745,0.765040828147295,TRUE,3224,"CDC25B","M-phase inducer phosphatase 2","MPIP2","P30305"
"X14022.17",146,0.105534323914712,0.936806820938779,TRUE,3225,"IL17B","Interleukin-17B","IL-17B","Q9UHF5"
"X25247.12",146,0.105457195855138,1.15318329136619,TRUE,3226,"ARMC8","Armadillo repeat-containing protein 8","ARMC8","Q8IUR7"
"X3210.1",146,0.105291370527055,0.697761417139758,TRUE,3227,"METAP1","Methionine aminopeptidase 1","METAP1","P53582"
"X9600.55",143,0.105118428559116,1.03075009604719,TRUE,3228,"THSD7A","Thrombospondin type-1 domain-containing protein 7A:Thrombospondin type-1 domain 17","THS7A:TSP type-1 domain 17","Q9UPZ6"
"X21793.4",145,0.104853424875943,1.10191269798717,TRUE,3229,"CEP43","FGFR1 oncogene partner","FR1OP","O95684"
"X22961.7",146,0.104535515543232,1.35533697383659,TRUE,3230,"FCN1","Ficolin-1","FCN1","O00602"
"X13650.11",144,0.10453322293521,1.07414709658491,TRUE,3231,"KCNIP1","Kv channel-interacting protein 1","KCIP1","Q9NZI2"
"X20378.110",145,0.10441250863625,0.877282766987834,TRUE,3232,"LZTFL1","Leucine zipper transcription factor-like protein 1","LZTL1","Q9NQ48"
"X13692.154",145,0.104318026584887,0.860149185194443,TRUE,3233,"CCN4","WNT1-inducible-signaling pathway protein 1","WISP-1","O95388"
"X17346.61",144,0.104181320514315,1.15339985753947,TRUE,3234,"FDCSP","Follicular dendritic cell secreted peptide","FDSCP","Q8NFU4"
"X4917.62",145,0.104130825889606,0.862949705943707,TRUE,3235,"ITGAV|ITGB5","Integrin alpha-V: beta-5 complex","Integrin aVb5","P06756|P18084"
"X14624.51",145,0.10407788470434,0.928321750413267,TRUE,3236,"CTCF","Transcriptional repressor CTCF","CTCF","P49711"
"X13697.51",143,0.103614002901709,0.871879335517649,TRUE,3237,"GPD1","Glycerol-3-phosphate dehydrogenase [NAD(+)], cytoplasmic","GPDA","P21695"
"X8867.18",146,0.103424871485371,1.05682768607909,TRUE,3238,"PAEP","Glycodelin","Glycodelin","P09466"
"X9337.43",144,0.103335456889466,0.997340160355015,TRUE,3239,"TAC1","Protachykinin-1","TKN1","P20366"
"X19623.26",145,0.102776585819059,1.00533858815955,TRUE,3240,"RPSA","40S ribosomal protein SA","40S ribosomal protein SA","P08865"
"X14687.6",146,0.102024997204108,1.22409474269788,TRUE,3241,"PLIN3","Perilipin-3","M6PBP","O60664"
"X20237.38",144,0.101956820132116,0.833196252321389,TRUE,3242,"OAT","Ornithine aminotransferase, mitochondrial","OAT","P04181"
"X20428.5",138,0.10189840756623,1.09275601206233,TRUE,3243,"PHOSPHO1","Phosphoethanolamine/phosphocholine phosphatase","PHOP1","Q8TCT1"
"X21495.134",146,0.101716484965813,1.22154547477764,TRUE,3244,"GPR37","Prosaposin receptor GPR37","GPR37","O15354"
"X12675.14",146,0.101554516040708,1.07490438654651,TRUE,3245,"DARS1","Aspartate--tRNA ligase, cytoplasmic","SYDC","P14868"
"X8921.139",143,0.101435059111794,1.19494364344248,TRUE,3246,"PABPN1","Polyadenylate-binding protein 2","PABP2","Q86U42"
"X18337.4",146,0.100983768399863,1.10037203155028,TRUE,3247,"GMDS","GDP-mannose 4,6 dehydratase","GMDS","O60547"
"X22973.8",146,0.10066754335561,1.03617210519082,TRUE,3248,"CXCL3","Gro-gamma","Gro-g","P19876"
"X16916.19",146,0.100389882341145,1.13326418276352,TRUE,3249,"SLITRK6","SLIT and NTRK-like protein 6","SLIK6","Q9H5Y7"
"X18204.1",144,0.100137460912065,1.15150194777355,TRUE,3250,"TCEA1","Transcription elongation factor A protein 1","TCEA1","P23193"
"X21889.2",146,0.0998499859241291,0.702924366049097,TRUE,3251,"GGCT","Uncharacterized protein C7orf24","CG024","O75223"
"X6603.18",146,0.0996108889394506,0.829929190236485,TRUE,3252,"ANOS1","Anosmin-1","KALM","P23352"
"X17676.13",145,0.0994994419653842,1.08077352107711,TRUE,3253,"TRIP10","Cdc42-interacting protein 4","CIP4","Q15642"
"X13059.33",145,0.0994522009397028,0.687107662149893,TRUE,3254,"RFK","Riboflavin kinase","RIFK","Q969G6"
"X5020.50",146,0.0994373508054097,1.31680264470893,TRUE,3255,"PGK1","Phosphoglycerate kinase 1","phosphoglycerate kinase 1","P00558"
"X25412.53",146,0.0993062331041344,0.765734665746273,TRUE,3256,"FXYD6","FXYD domain-containing ion transport regulator 6","FXYD6","Q9H0Q3"
"X12014.19",146,0.0988473211496709,1.2072867806118,TRUE,3257,"PTS","6-pyruvoyl tetrahydrobiopterin synthase","PTPS","Q03393"
"X19112.2",142,0.0982843825579592,1.05808133989045,TRUE,3258,"TCEAL3","Transcription elongation factor A protein-like 3","TCAL3","Q969E4"
"X7751.121",145,0.097944424870038,0.833052872107802,TRUE,3259,"SFRP2","Secreted frizzled-related protein 2","SARP-1","Q96HF1"
"X11678.105",145,0.0975761464783853,0.93855944707578,TRUE,3260,"GJD2","Gap junction delta-2 protein","CXD2","Q9UKL4"
"X20984.142",144,0.0974861283885217,1.21611346520926,TRUE,3261,"DUSP19","Dual specificity protein phosphatase 19","DUS19","Q8WTR2"
"X25094.9",146,0.0974165956445785,0.974600558741276,TRUE,3262,"ACSS2","Acetyl-coenzyme A synthetase, cytoplasmic","ACSA","Q9NR19"
"X16610.13",146,0.0973818880177703,0.983911463119366,TRUE,3263,"LRP10","Low-density lipoprotein receptor-related protein 10","LRP10","Q7Z4F1"
"X15503.15",146,0.0972854779433032,0.92696521014913,TRUE,3264,"LEFTY2","Left-right determination factor 2","Lefty-A","O00292"
"X20921.1",145,0.096834260766525,0.922180626709904,TRUE,3265,"GIPC2","PDZ domain-containing protein GIPC2","GIPC2","Q8TF65"
"X19637.9",146,0.0962095415122499,1.22323239821362,TRUE,3266,"CRH","Corticoliberin","CRH","P06850"
"X5825.49",146,0.096170977482463,1.17810999732675,TRUE,3267,"IFNGR1","Interferon gamma receptor 1","IFN-g R1","P15260"
"X9828.86",144,0.0961167058218263,0.749970130759857,TRUE,3268,"LDHC","L-lactate dehydrogenase C chain","LDHC","P07864"
"X12450.42",146,0.0960051521543795,0.907488540558848,TRUE,3269,"PMVK","Phosphomevalonate kinase","PMVK","Q15126"
"X23639.93",145,0.09552510265061,1.2896423810135,TRUE,3270,"NPEPL1","Probable aminopeptidase NPEPL1","PEPL1","Q8NDH3"
"X25270.3",146,0.0951413178871539,1.12891699594497,TRUE,3271,"PML","Probable transcription factor PML","PML","P29590"
"X5727.35",146,0.0951336050811966,1.16688671258187,TRUE,3272,"B3GLCT","Beta-1,3-glucosyltransferase","B3GLT","Q6Y288"
"X5596.75",146,0.0948173800369443,0.801251435211574,TRUE,3273,"CD5","T-cell surface glycoprotein CD5:Extracellular domain","CD5:ECD","P06127"
"X2505.49",146,0.0947363955743919,0.981263608695935,TRUE,3274,"GFRA3","GDNF family receptor alpha-3","GFRa-3","O60609"
"X7045.4",144,0.0945710760177976,0.73818644355302,TRUE,3275,"BNIP3","BCL2/adenovirus E1B 19 kDa protein-interacting protein 3","BNIP3","Q12983"
"X13490.1",146,0.0938802741131237,0.672174701796852,TRUE,3276,"MPP6","MAGUK p55 subfamily member 6","MPP6","Q9NZW5"
"X14038.130",145,0.0938047453516891,0.950297273392846,TRUE,3277,"CST7","Cystatin-F","CYTF","O76096"
"X17468.1",145,0.0936376180287501,1.19250072445334,TRUE,3278,"SUFU","Suppressor of fused homolog","SUFU","Q9UMX1"
"X8393.121",143,0.0935608190470718,0.778219995964241,TRUE,3279,"CTSF","Cathepsin F","CATF","Q9UBX1"
"X12340.17",145,0.0933462983703815,1.07525127564058,TRUE,3280,"AARS1","Alanine--tRNA ligase, cytoplasmic","SYAC","P49588"
"X18286.3",145,0.0931630560159359,1.09777557029125,TRUE,3281,"ZWINT","ZW10 interactor","ZWINT","O95229"
"X21583.14",145,0.0930134597290733,1.10013427259711,TRUE,3282,"RPL26L1","60S ribosomal protein L26-like 1","RL26L","Q9UNX3"
"X20563.48",144,0.0929735747890344,1.0417309963937,TRUE,3283,"TLR10","Toll-like receptor 10","TLR10","Q9BXR5"
"X18203.9",144,0.0926593206952614,0.998707612417626,TRUE,3284,"CRYGC","Gamma-crystallin C","CRGC","P07315"
"X7054.87",146,0.0919443598178235,0.980292341760313,TRUE,3285,"CLEC2D","C-type lectin domain family 2 member D","CLC2D","Q9UHP7"
"X16892.23",145,0.0919133205913789,1.10616703724395,TRUE,3286,"ENPP2","Ectonucleotide pyrophosphatase/phosphodiesterase family member 2","ENPP2","Q13822"
"X10612.18",145,0.0918897000785382,1.09422461612937,TRUE,3287,"PLOD3","Procollagen-lysine,2-oxoglutarate 5-dioxygenase 3","PLOD3","O60568"
"X7231.37",143,0.0915661463827063,0.791319494795005,TRUE,3288,"TMPRSS11A","Transmembrane protease serine 11A","TM11A","Q6ZMR5"
"X11275.94",146,0.0915201554901681,1.15051232322112,TRUE,3289,"LRP1B","Low-density lipoprotein receptor-related protein 1B","LRP1B","Q9NZR2"
"X7932.23",146,0.0914276018186796,1.22630527374008,TRUE,3290,"SYT8","Synaptotagmin-8","SYT8","Q8NBV8"
"X12699.28",145,0.0903779872567333,0.770382798564004,TRUE,3291,"CCT8","T-complex protein 1 subunit theta","TCP-1-theta","P50990"
"X9954.2",146,0.0899698814927365,1.03185047578692,TRUE,3292,"NPIPB3","Nuclear pore complex-interacting protein family member B3","NPPL3","Q92617"
"X21529.6",145,0.0899034316600857,0.891162699302969,TRUE,3293,"UBASH3A","Ubiquitin-associated and SH3 domain-containing protein A","UBS3A","P57075"
"X5581.28",144,0.0898907339934444,0.997871528172302,TRUE,3294,"FGL1","Fibrinogen-like protein 1","FGL1","Q08830"
"X20562.78",144,0.089880143731059,0.668196642811897,TRUE,3295,"KLRB1","Killer cell lectin-like receptor subfamily B member 1","KLRB1","Q12918"
"X14011.17",145,0.0898443804942189,1.26236032486944,TRUE,3296,"S100A11","Protein S100-A11","S100A11","P31949"
"X21724.22",145,0.0891672604589457,0.721511418608852,TRUE,3297,"GALNS","N-acetylgalactosamine-6-sulfatase","GALNS","P34059"
"X17138.8",146,0.0890906216135961,0.926061869423107,TRUE,3298,"GSTA1","Glutathione S-transferase A1","GST A1-1","P08263"
"X23365.7",146,0.0884196074953048,1.15965265752098,TRUE,3299,"FNDC8","Fibronectin type III domain-containing protein 8","FNDC8","Q8TC99"
"X14324.52",146,0.0883116282119016,1.1432879794625,TRUE,3300,"SMC3","Structural maintenance of chromosomes protein 3","CSPG6","Q9UQE7"
"X18926.7",145,0.0881909478499471,1.16990492939824,TRUE,3301,"PSMA3","Proteasome subunit alpha type-3","PSA3","P25788"
"X17734.13",145,0.0881673273836003,0.906154423947357,TRUE,3302,"ENSA","Alpha-endosulfine","a-endosulfine","O43768"
"X21240.6",140,0.0879178075001968,1.0169442161876,TRUE,3303,"AMT","Aminomethyltransferase, mitochondrial","GCST","P48728"
"X17835.28",144,0.0876216353091074,1.05401215386555,TRUE,3304,"ANXA13","Annexin A13","ANX13","P27216"
"X3049.61",143,0.0876055309071656,0.991054053096344,TRUE,3305,"PRSS1","Trypsin-1","Trypsin","P07477"
"X23261.27",145,0.0875789564851102,1.30199084476061,TRUE,3306,"C1orf50","Uncharacterized protein C1orf50","CA050","Q9BV19"
"X12625.138",146,0.0861173349170295,1.02535308949523,TRUE,3307,"KLHL7","Kelch-like protein 7","KLHL7","Q8IXQ5"
"X8305.18",145,0.0860711804154455,0.983395668037595,TRUE,3308,"SULF2","Extracellular sulfatase Sulf-2","SULF2","Q8IWU5"
"X13728.19",144,0.0853064948532338,1.24512328352052,TRUE,3309,"ERP29","Endoplasmic reticulum resident protein 29","ERP29","P30040"
"X7792.58",143,0.0850239483847666,1.36197738925336,TRUE,3310,"CCDC90B","Coiled-coil domain-containing protein 90B, mitochondrial","CC90B","Q9GZT6"
"X11369.23",145,0.0849273867497057,1.05454088711452,TRUE,3311,"ADH5","Alcohol dehydrogenase class-3","ADHX","P11766"
"X20432.6",145,0.0849177120383912,1.06929310588054,TRUE,3312,"PGPEP1","Pyroglutamyl-peptidase 1","PGPI","Q9NXJ5"
"X23161.3",146,0.084798445098319,1.2832678372564,TRUE,3313,"KCTD6","BTB/POZ domain-containing protein KCTD6","KCTD6","Q8NC69"
"X3179.51",146,0.0843009691140685,1.3150113001174,TRUE,3314,"CTSA","Lysosomal protective protein","Cathepsin A","P10619"
"X15431.31",139,0.0832644378801353,0.92296330770676,TRUE,3315,"OTC","Ornithine carbamoyltransferase, mitochondrial","OTCase","P00480"
"X3452.17",146,0.0829358024596138,1.2757778675331,TRUE,3316,"LCK","Tyrosine-protein kinase Lck","LCK","P06239"
"X10432.3",146,0.0826928490719566,1.15710191782306,TRUE,3317,"SHISAL1","Uncharacterized protein KIAA1644","K1644","Q3SXP7"
"X20511.3",145,0.0826755689579831,1.14464230735534,TRUE,3318,"F11R","Junctional adhesion molecule A","JAM-A","Q9Y624"
"X19491.11",146,0.0826002954004682,0.921673245225416,TRUE,3319,"HSD17B8","Estradiol 17-beta-dehydrogenase 8","DHB8","Q92506"
"X9913.4",146,0.0825578749677026,1.17631611280097,TRUE,3320,"RRBP1","Ribosome-binding protein 1","RRBP1","Q9P2E9"
"X11450.110",146,0.0822069422966422,1.02552634368006,TRUE,3321,"P4HB","Protein disulfide-isomerase","Protein disulfide-isomerase","P07237"
"X4203.50",146,0.0815513537902657,1.06944227028554,TRUE,3322,"CFL1","Cofilin-1","Cofilin-1","P23528"
"X3503.4",142,0.0813274790682078,0.934331783779661,TRUE,3323,"ITGA1|ITGB1","Integrin alpha-I: beta-1 complex","Integrin a1b1","P56199|P05556"
"X20454.24",146,0.0808417756421875,0.924737944762211,TRUE,3324,"NABP1","SOSS complex subunit B2","SOSB2","Q96AH0"
"X7773.20",146,0.080799355209422,0.668909474873397,TRUE,3325,"KIR2DL2","Killer cell immunoglobulin-like receptor 2DL2","KI2L2","P43627"
"X20458.22",143,0.0804047634194341,1.07803128684799,TRUE,3326,"NDUFA2","NADH dehydrogenase [ubiquinone] 1 alpha subcomplex subunit 2","NDUA2","O43678"
"X17777.31",145,0.0795440453671317,0.919952998515834,TRUE,3327,"SDSL","Serine dehydratase-like","SDSL","Q96GA7"
"X21663.149",146,0.0795151730175196,1.18005759767437,TRUE,3328,"ST8SIA1","Alpha-N-acetylneuraminide alpha-2,8-sialyltransferase","SIA8A","Q92185"
"X11282.16",146,0.0791950915702887,1.05599468552347,TRUE,3329,"MSR1","Macrophage scavenger receptor types I and II:Extracellular domain","Macrophage scavenger receptor:ECD","P21757"
"X14674.63",143,0.0790708746411326,0.998933166592208,TRUE,3330,"PACSIN3","Protein kinase C and casein kinase substrate in neurons protein 3","PACN3","Q9UKS6"
"X8086.49",144,0.0787290014128012,0.947471148275839,TRUE,3331,"ITM2B","Integral membrane protein 2B","ITM2B","Q9Y287"
"X8347.222",146,0.0780420270796617,1.22147382930661,TRUE,3332,"DEFB129","Beta-defensin 129","DB129","Q9H1M3"
"X20217.26",140,0.0779677474380339,1.20062563803447,TRUE,3333,"LMNB2","Lamin-B2","Lamin-B2","Q03252"
"X21814.13",146,0.0779147657813651,1.17269904146634,TRUE,3334,"MMADHC","Methylmalonic aciduria and homocystinuria type D protein, mitochondrial","MMAD","Q9H3L0"
"X4149.8",144,0.077904721711432,1.1242943453729,TRUE,3335,"PDGFB","Platelet-derived growth factor subunit B","PDGF-BB","P01127"
"X2670.67",145,0.077601105437825,0.892243623118114,TRUE,3336,"CKM","Creatine kinase M-type","CK-MM","P06732"
"X9461.2",142,0.077489908749104,1.07020984977916,TRUE,3337,"ICAM4","Intercellular adhesion molecule 4","ICAM4","Q14773"
"X13602.6",144,0.0771775326421393,1.18712010806031,TRUE,3338,"SNU13","NHP2-like protein 1","NH2L1","P55769"
"X9128.34",144,0.0771633098469837,0.762465495118928,TRUE,3339,"FLRT3","Leucine-rich repeat transmembrane protein FLRT3:Cytoplasmic domain","FLRT3:CD","Q9NZU0"
"X15667.39",144,0.0771524862389193,1.21480978133507,TRUE,3340,"BMP4","Bone morphogenetic protein 4","BMP-4","P12644"
"X15623.1",146,0.0770007982754166,1.03612148771298,TRUE,3341,"PDCD1","Programmed cell death protein 1","PD-1","Q15116"
"X11952.1",146,0.0767269936639299,0.791846031846579,TRUE,3342,"IGDCC3","Immunoglobulin superfamily DCC subclass member 3:Cytoplasmic domain","IGDC3:CD","Q8IVU1"
"X23183.6",144,0.0764435405429304,1.26513562219152,TRUE,3343,"RNF31","E3 ubiquitin-protein ligase RNF31","RNF31","Q96EP0"
"X23318.60",146,0.0762912201273384,0.958105161138445,TRUE,3344,"PCTP","Phosphatidylcholine transfer protein","PPCT","Q9UKL6"
"X5743.82",143,0.075885958665865,1.04970313512452,TRUE,3345,"CARTPT","Cocaine- and amphetamine-regulated transcript protein","CART","Q16568"
"X18403.25",144,0.0755837088067782,0.901867176785328,TRUE,3346,"AMPD2","AMP deaminase 2","AMPD2","Q01433"
"X9282.12",146,0.0754389550690489,1.15327125307619,TRUE,3347,"CRISP2","Cysteine-rich secretory protein 2","CRIS2","P16562"
"X14050.61",146,0.0753348321886244,1.0249208832899,TRUE,3348,"EFNA4","Ephrin-A4","Ephrin-A4","P52798"
"X11582.63",144,0.0752702002033786,1.21079254686482,TRUE,3349,"DNAJA2","DnaJ homolog subfamily A member 2","DNJA2","O60884"
"X7857.22",144,0.0752661808623094,1.2205526910933,TRUE,3350,"NTS","Neurotensin/neuromedin N","NEUT","P30990"
"X6633.43",146,0.0750108943384148,0.854521811121395,TRUE,3351,"None","Uroplakin-3b-like protein","UPK3L","B0FP48"
"X25036.10",145,0.0748671838246728,1.17965131897621,TRUE,3352,"RANGAP1","Ran GTPase-activating protein 1","RAGP1","P46060"
"X12988.49",145,0.0745619387678777,1.03446866120718,TRUE,3353,"EWSR1","RNA-binding protein EWS","EWS","Q01844"
"X5885.55",146,0.0744015826677825,1.0170593489832,TRUE,3354,"EIF4H","Eukaryotic translation initiation factor 4H","eIF-4H","Q15056"
"X9244.27",141,0.0743018613462917,1.16185121268731,TRUE,3355,"PPT1","Palmitoyl-protein thioesterase 1","PPT1","P50897"
"X20056.7",146,0.0742627521605498,0.968019264823333,TRUE,3356,"FZD10","Frizzled-10:Frizzled domain","Frizzled-10:FZ","Q9ULW2"
"X8044.90",146,0.0741432036682105,1.07015678027426,TRUE,3357,"XG","Glycoprotein Xg","XG","P55808"
"X19280.29",146,0.0739580963252336,0.992617229371264,TRUE,3358,"UBE2D3","Ubiquitin-conjugating enzyme E2 D3","UB2D3","P61077"
"X5598.3",145,0.0733436607464476,1.06895561107873,TRUE,3359,"GREM2","Gremlin-2","GREM2","Q9H772"
"X24027.32",146,0.0718717823137647,0.760230712497848,TRUE,3360,"IFNE","Interferon epsilon-1","IFNE1","Q86WN2"
"X5858.6",146,0.0718293618809991,1.15606496261605,TRUE,3361,"YWHAZ","14-3-3 protein zeta/delta","14-3-3 protein zeta/delta","P63104"
"X18945.11",145,0.0715760590355351,1.16290645292814,TRUE,3362,"RGS1","Regulator of G-protein signaling 1","RGS1","Q08116"
"X7887.57",145,0.0706409413543188,1.01140036749084,TRUE,3363,"COX5B","Cytochrome c oxidase subunit 5B, mitochondrial","COX5B","P10606"
"X15470.11",144,0.070553645248225,1.14402512685859,TRUE,3364,"HEXB","Beta-hexosaminidase subunit beta","Hexosaminidase B","P07686"
"X4423.77",144,0.0703585654167856,1.24613384569735,TRUE,3365,"BCL2L1","Bcl-2-like protein 1","BCL2-like 1 protein","Q07817"
"X2436.49",146,0.0702636622716527,0.997506465147281,TRUE,3366,"CXCL16","C-X-C motif chemokine 16","CXCL16, soluble","Q9H2A7"
"X11375.49",144,0.0701356329369585,1.07223233180175,TRUE,3367,"FOXL2","Forkhead box protein L2","FOXL2","P58012"
"X6517.14",146,0.0697623298844236,1.11279599156899,TRUE,3368,"GDF10","Growth/differentiation factor 10","BMP-3b","P55107"
"X13229.20",145,0.069686418008279,1.17339646639642,TRUE,3369,"MDM4","Protein Mdm4","MDM4","O15151"
"X7780.34",145,0.0695132009141139,1.2168027873521,TRUE,3370,"MZB1","Marginal zone B- and B1-cell-specific protein","PACAP","Q8WU39"
"X25053.1",146,0.0692648539001731,1.28051583865706,TRUE,3371,"DYNC1LI2","Cytoplasmic dynein 1 light intermediate chain 2","DC1L2","O43237"
"X2731.29",143,0.0692635717774339,0.774013062984895,TRUE,3372,"POR","NADPH--cytochrome P450 reductase","NADPH-P450 Oxidoreductase","P16435"
"X10830.5",144,0.0692312793789302,1.14352255038798,TRUE,3373,"EFCAB14","EF-hand calcium-binding domain-containing protein 14:N-term","K0494:N-term","O75071"
"X20130.144",144,0.0691750084908751,1.08174302042064,TRUE,3374,"CSNK1G1","Casein kinase I isoform gamma-1","KC1G1","Q9HCP0"
"X22010.36",146,0.0690103313035799,0.851227039005006,TRUE,3375,"PRKRA","Interferon-inducible double-stranded RNA-dependent protein kinase activator A","PRKRA","O75569"
"X19276.124",145,0.0689187513409562,0.843746832110728,TRUE,3376,"SNRPG","Small nuclear ribonucleoprotein G","RUXG","P62308"
"X12656.1",146,0.0685167117223081,1.20164979013412,TRUE,3377,"KLC1","Kinesin light chain 1","KLC1","Q07866"
"X7551.33",146,0.068493573304436,0.971125740051656,TRUE,3378,"LRRC32","Leucine-rich repeat-containing protein 32","LRC32","Q14392"
"X8008.28",146,0.0684781476925213,0.895241020586959,TRUE,3379,"HRK","Activator of apoptosis harakiri","HRK","O00198"
"X6574.11",145,0.0683754795456201,1.16898489034466,TRUE,3380,"FCMR","Fas apoptotic inhibitory molecule 3","FAIM3","O60667"
"X2890.59",145,0.0682416299728561,0.834492413528801,TRUE,3381,"CCL28","C-C motif chemokine 28","CCL28","Q9NRJ3"
"X20999.12",145,0.0681274641607927,1.17933482107164,TRUE,3382,"RPL5","60S ribosomal protein L5","RL5","P46777"
"X23278.13",145,0.0680802231351113,1.2525410124075,TRUE,3383,"MRPL12","39S ribosomal protein L12, mitochondrial","39S ribosomal protein L12","P52815"
"X21310.37",144,0.0680353862787735,1.24219036295778,TRUE,3384,"MRTO4","mRNA turnover protein 4 homolog","MRT4","Q9UKD2"
"X6895.1",145,0.0678182956258833,1.18627262599375,TRUE,3385,"TFRC","Transferrin receptor protein 1:Cytoplasmic domain","TR:CD","P02786"
"X13384.110",146,0.0677917079623152,1.12166478599481,TRUE,3386,"FH","Fumarate hydratase, mitochondrial","FUMH","P07954"
"X13720.95",146,0.0668276072176438,1.05015420083364,TRUE,3387,"PRTN3","Myeloblastin","Proteinase-3","P24158"
"X13573.5",145,0.0666078778347076,1.00259746854744,TRUE,3388,"ARPC3","Actin-related protein 2/3 complex subunit 3","p21-ARC","O15145"
"X18823.52",146,0.0653621740857433,1.22416131597451,TRUE,3389,"H2BU1","Histone H2B type 3-B","H2B3B","Q8N257"
"X13735.1",146,0.0649379697580878,0.972990119316911,TRUE,3390,"RAP1GAP","Rap1 GTPase-activating protein 1","RPGP1","P47736"
"X19506.6",145,0.064635565012509,1.28639416147834,TRUE,3391,"GLYAT","Glycine N-acyltransferase","GLYAT","Q6IB77"
"X13568.30",143,0.0637474399648675,0.816495564760968,TRUE,3392,"PSMD4","26S proteasome non-ATPase regulatory subunit 4","PSMD4","P55036"
"X19110.6",146,0.0636306491483134,1.03513211085705,TRUE,3393,"MEMO1","Protein MEMO1","MEMO1","Q9Y316"
"X21638.5",145,0.0634800033068653,0.878833679898653,TRUE,3394,"PPIL3","Peptidyl-prolyl cis-trans isomerase-like 3","PPIL3","Q9H2H8"
"X25100.11",146,0.063341418924912,0.929951426439755,TRUE,3395,"CMIP","C-Maf-inducing protein","CMIP","Q8IY22"
"X10704.91",144,0.0631036547868342,1.23012046208898,TRUE,3396,"IRAG2","Lymphoid-restricted membrane protein","LRMP","Q12912"
"X23671.11",146,0.0629750606419368,1.05802118778883,TRUE,3397,"SPDL1","Protein Spindly","SPDLY","Q96EA4"
"X24304.3",146,0.0626356971798125,0.888268160054545,TRUE,3398,"CRACR2A","EF-hand calcium-binding domain-containing protein 4B","EFC4B","Q9BSW2"
"X11634.32",145,0.0625902990744714,1.21446683507178,TRUE,3399,"RGS10","Regulator of G-protein signaling 10","RGS10","O43665"
"X12538.19",144,0.0624645795568275,1.19224930456787,TRUE,3400,"RGS7","Regulator of G-protein signaling 7","RGS7","P49802"
"X12521.3",145,0.0623462209222217,1.0424413854518,TRUE,3401,"CDKN2C","Cyclin-dependent kinase 4 inhibitor C","CDN2C","P42773"
"X13525.17",145,0.0622987347353337,0.859195401173404,TRUE,3402,"KCNG4","Potassium voltage-gated channel subfamily G member 4","KCNG4","Q8TDN1"
"X13588.11",145,0.0619604199718917,1.10184880911398,TRUE,3403,"ANXA9","Annexin A9","ANXA9","O76027"
"X9232.1",146,0.0618759857930114,1.00048852200507,TRUE,3404,"ROBO4","Roundabout homolog 4","ROBO4","Q8WZ75"
"X24215.8",146,0.061513483913015,1.28545717269299,TRUE,3405,"PRRX1","Paired mesoderm homeobox protein 1","PRRX1","P54821"
"X13032.1",142,0.0611930101059215,1.16403843867356,TRUE,3406,"BECN1","Beclin-1","BECN1","Q14457"
"X6207.10",145,0.0610274115511954,1.27796770828561,TRUE,3407,"PSAP","Prosaposin","prosaposin","P07602"
"X19596.18",146,0.0609620182870629,1.12433747206807,TRUE,3408,"BRF1","Transcription factor IIIB 90 kDa subunit","BRF-1","Q92994"
"X8289.8",146,0.0608309005857876,0.871220785225314,TRUE,3409,"GPNMB","Transmembrane glycoprotein NMB:Extracellular domain","GPNMB:ECD","Q14956"
"X19115.13",146,0.0606805008696189,1.01834049777391,TRUE,3410,"CMBL","Carboxymethylenebutenolidase homolog","CMBL","Q96DG6"
"X13941.82",146,0.0606342240338746,0.914795761843223,TRUE,3411,"FARS2","Phenylalanine--tRNA ligase, mitochondrial","SYFM","O95363"
"X17802.4",143,0.0606011479557809,1.13861093265015,TRUE,3412,"NANS","Sialic acid synthase","SIAS","Q9NR45"
"X3028.36",146,0.0605493831683436,1.00545376284868,TRUE,3413,"CCL23","Ck-beta-8-1","Ck-b-8-1","P55773"
"X6470.19",146,0.0600017739453702,1.12433632092144,TRUE,3414,"FBLN1","Fibulin-1","fibulin 1","P23142"
"X20590.13",144,0.0599645494117694,1.22817092173611,TRUE,3415,"NPY","Neuropeptide Y","NPY","P01303"
"X22077.46",142,0.0596485345125695,0.983427951139518,TRUE,3416,"ATP23","Mitochondrial inner membrane protease ATP23 homolog","ATP23","Q9Y6H3"
"X16293.1",143,0.059353946361254,0.9702863852706,TRUE,3417,"GHRH","Somatoliberin","Growth hormone-releasing factor","P01286"
"X21113.3",140,0.0593198284590841,0.995436557835151,TRUE,3418,"TIFA","TRAF-interacting protein with FHA domain-containing protein A","TIFA","Q96CG3"
"X25073.13",140,0.05904402004072,1.31458086694735,TRUE,3419,"UBE4A","Ubiquitin conjugation factor E4 A","UBE4A","Q14139"
"X2668.70",146,0.0589836835589972,0.9647986900329,TRUE,3420,"CAPN1|CAPNS1","Calpain I","Calpain I","P07384|P04632"
"X3587.53",146,0.058937406723253,0.650346354578822,TRUE,3421,"BMP10","Bone morphogenetic protein 10","BMP10","O95393"
"X6604.59",146,0.0588294274398498,0.991764693615674,TRUE,3422,"NDNF","Protein NDNF","CD031","Q8TB73"
"X24983.119",143,0.0585577173674371,1.21481781769247,TRUE,3423,"ERC1","ELKS/RAB6-interacting/CAST family member 1","RB6I2","Q8IUD2"
"X9758.17",145,0.0582225957762586,1.18421280653869,TRUE,3424,"RPS4X","40S ribosomal protein S4, X isoform","RS4X","P62701"
"X23002.27",143,0.0580159533097885,0.726379198511259,TRUE,3425,"NXPH1","Neurexophilin-1","NXPH1","P58417"
"X18207.6",146,0.0579038907249652,1.29069550448038,TRUE,3426,"CHMP1B","Charged multivesicular body protein 1b","CHM1B","Q7LBR1"
"X3347.9",145,0.0578761615879284,1.02338698159076,TRUE,3427,"GRK2","beta-adrenergic receptor kinase 1","BARK1","P25098"
"X7065.1",146,0.0574179839496508,1.04056873799742,TRUE,3428,"MPIG6B","Protein G6b:Isoform A, Extracellular domain","G6B:ECD","O95866"
"X21178.8",143,0.0573160571149481,1.27039053233303,TRUE,3429,"CIAO1","Probable cytosolic iron-sulfur protein assembly protein CIAO1","CIAO1","O76071"
"X22978.13",146,0.0572097381888018,1.22441227176016,TRUE,3430,"HMGB2","High mobility group protein B2","HMG-2","P26583"
"X12358.6",146,0.0570824768905051,0.881835045715535,TRUE,3431,"IGBP1","Immunoglobulin-binding protein 1","IGBP1","P78318"
"X11325.8",142,0.0570724387401813,0.968565295818046,TRUE,3432,"BTG2","Protein BTG2","BTG2","P78543"
"X23545.6",145,0.0564976310873771,1.24961598701154,TRUE,3433,"NDEL1","Nuclear distribution protein nudE-like 1","NDEL1","Q9GZM8"
"X12577.100",146,0.0559332688028568,0.820609206541896,TRUE,3434,"FEN1","Flap endonuclease 1","FLAP endonuclease-1","P39748"
"X4436.1",146,0.0558638535492405,0.770385713263894,TRUE,3435,"ENTPD3","Ectonucleoside triphosphate diphosphohydrolase 3","ENTP3","O75355"
"X11672.17",145,0.0553899935831066,1.30875047465058,TRUE,3436,"KIF16B","Kinesin-like protein KIF16B","KI16B","Q96L93"
"X21895.36",144,0.0548337503391312,1.03753723237259,TRUE,3437,"None","Interferon lambda-4","IFNL4","K9M1U5"
"X15491.20",146,0.0547840607152085,1.04918867391806,TRUE,3438,"CD248","Endosialin","CD248","Q9HCU0"
"X3069.52",145,0.0547797982024825,0.899012599705726,TRUE,3439,"IGHM","Immunoglobulin M","IgM","P01871"
"X11247.20",144,0.0545925903596298,1.05413655948539,TRUE,3440,"NAGS","N-acetylglutamate synthase, mitochondrial","NAGS","Q8N159"
"X5023.23",139,0.0542613141230465,0.975974309286344,TRUE,3441,"ADSL","Adenylosuccinate lyase","PUR8","P30566"
"X6225.3",146,0.0540474877462795,1.13311687061913,TRUE,3442,"PRSS8","Prostasin","Prostasin","Q16651"
"X12775.6",146,0.0540320621343648,1.31533094613686,TRUE,3443,"HMGB3","High mobility group protein B3","HMGB3","O15347"
"X16536.3",145,0.0533961376524753,1.0433643402876,TRUE,3444,"HMGA1","High mobility group protein HMG-I/HMG-Y","HMGA1","P17096"
"X5082.51",124,0.0532388683081591,1.18308212663833,TRUE,3445,"IL1RAPL2","X-linked interleukin-1 receptor accessory protein-like 2","IL-1 sR9","Q9NP60"
"X14599.18",146,0.0531797970760753,0.867576208659115,TRUE,3446,"STAB1","Stabilin-1","STAB1","Q9NY15"
"X12862.14",142,0.053098383743545,0.842827611659568,TRUE,3447,"NEDD9","Enhancer of filamentation 1","CASL","Q14511"
"X17462.19",145,0.0527308265407956,1.15696258436808,TRUE,3448,"IRF1","Interferon regulatory factor 1","IRF1","P10914"
"X20947.50",145,0.0522111752583002,1.18123219691908,TRUE,3449,"DR1","Protein Dr1","NC2B","Q01658"
"X7790.21",146,0.0517799227948124,1.3450857422192,TRUE,3450,"LIF","Leukemia inhibitory factor","LIF","P15018"
"X7789.182",146,0.0507464067965246,1.12308950963018,TRUE,3451,"PRDX4","Peroxiredoxin-4","PRDX4","Q13162"
"X5584.21",145,0.0506659003137585,1.14744609032884,TRUE,3452,"TCN2","Holo-Transcobalamin-2","Holo-TC II","P20062"
"X5677.15",145,0.0505656128637313,1.14778810161019,TRUE,3453,"C2orf66","Uncharacterized protein C2orf66","CB066","Q6UXQ4"
"X20979.86",143,0.0503757454370837,1.15970129115346,TRUE,3454,"GTF2B","Transcription initiation factor IIB","TF2B","Q00403"
"X11431.235",145,0.0496719701279248,1.1403817421541,TRUE,3455,"RECQL","ATP-dependent DNA helicase Q1","RECQ1","P46063"
"X14143.8",146,0.0496396191416418,1.22460735327292,TRUE,3456,"H2BC21","Histone H2B type 2-E","H2B2E","Q16778"
"X13712.104",145,0.0495263102987404,0.882098458668049,TRUE,3457,"GZMA","Granzyme A","granzyme A","P12544"
"X7096.30",146,0.0495200706493026,0.921968140185966,TRUE,3458,"RMDN1","Regulator of microtubule dynamics protein 1","RMD1","Q96DB5"
"X9482.110",146,0.0484865546510148,1.05647781218615,TRUE,3459,"NUDT9","ADP-ribose pyrophosphatase, mitochondrial","NUDT9","Q9BW91"
"X2974.61",145,0.0484180192664271,1.22349644903382,TRUE,3460,"CNTN1","Contactin-1","contactin-1","Q12860"
"X9816.37",143,0.0480877165260611,0.967517224550945,TRUE,3461,"ISOC1","Isochorismatase domain-containing protein 1","ISOC1","Q96CN7"
"X9713.67",145,0.0479534834282745,1.17086759850008,TRUE,3462,"PDGFRL","Platelet-derived growth factor receptor-like protein","PGFRL","Q15198"
"X3362.61",146,0.0478502481595317,1.29225736795446,TRUE,3463,"CHRDL1","Chordin-like protein 1","CRDL1","Q9BU40"
"X7130.4",144,0.0475066972405158,1.13764327735427,TRUE,3464,"LAIR2","Leukocyte-associated immunoglobulin-like receptor 2","LAIR2","Q6ISS4"
"X11407.57",144,0.0472915670205027,1.33880082699423,TRUE,3465,"PLSCR3","Phospholipid scramblase 3","PLS3","Q9NRY6"
"X3396.54",139,0.047140447115868,1.14946572892736,TRUE,3466,"REN","Renin","Renin","P00797"
"X25070.18",144,0.0471047623258366,1.20154132132892,TRUE,3467,"MICAL1","Protein-methionine sulfoxide oxidase MICAL1","MICA1","Q8TDZ2"
"X8872.1",146,0.0465236455348638,0.906688194527474,TRUE,3468,"SEC61G","Protein transport protein Sec61 subunit gamma","SC61G","P60059"
"X12477.42",139,0.0464320188766937,1.15327175124927,TRUE,3469,"TSN","Translin","TSN","Q15631"
"X7953.20",146,0.0463423945948656,1.2154923898293,TRUE,3470,"SLAMF1","Signaling lymphocytic activation molecule","SLAF1","Q13291"
"X8468.19",140,0.0459559466741314,1.04936655026167,TRUE,3471,"KLK3","Prostate-specific antigen","PSA","P07288"
"X10748.216",146,0.0455016987455121,0.880013377813727,TRUE,3472,"PCDHB2","Protocadherin beta-2","PCDB2","Q9Y5E7"
"X24440.11",146,0.0452047557161533,0.718941420784552,TRUE,3473,"KCTD3","BTB/POZ domain-containing protein KCTD3","KCTD3","Q9Y597"
"X3043.49",143,0.045017535435123,1.18060684942087,TRUE,3474,"SPARC","SPARC","ON","P09486"
"X8893.29",145,0.0448612590127019,0.885365970703137,TRUE,3475,"PARP1","Poly [ADP-ribose] polymerase 1:region 1","PARP:region 1","P09874"
"X6600.70",144,0.0445819935691318,1.29733418769921,TRUE,3476,"RELL2","RELT-like protein 2","RELL2","Q8NC24"
"X13132.14",146,0.0445183159859473,1.31091981957667,TRUE,3477,"SEMA5A","Semaphorin-5A","SEM5A","Q13591"
"X2644.11",143,0.0439689881756133,0.900082943956366,TRUE,3478,"PRKCA","Protein kinase C alpha type","PKC-A","P17252"
"X2631.50",146,0.0433151182565973,0.890055153588921,TRUE,3479,"IL10RB","Interleukin-10 receptor subunit beta","IL-10 Rb","Q08334"
"X25438.288",146,0.0432187081821302,0.958349347093274,TRUE,3480,"NT5DC1","5'-nucleotidase domain-containing protein 1","NT5D1","Q5TFE4"
"X17164.15",145,0.0428141478998412,1.2547694603857,TRUE,3481,"ANXA4","Annexin A4","annexin IV","P09525"
"X24217.2",143,0.0426126161252788,1.36633000724905,TRUE,3482,"S100A8","Calgranulin A","Calgranulin A","P05109"
"X21133.33",146,0.0424204327655423,0.786976539401446,TRUE,3483,"CMC4","Cx9C motif-containing protein 4","CMC4","P56277"
"X5085.18",146,0.0421736229749064,0.744977399145525,TRUE,3484,"IL20RA","Interleukin-20 receptor subunit alpha","IL-20 Ra","Q9UHF4"
"X5704.74",146,0.0410514097081089,0.785336514932877,TRUE,3485,"GZMM","Granzyme M","Granzyme M","P51124"
"X25907.47",146,0.0407043334400271,0.815946381737911,TRUE,3486,"EML2","Echinoderm microtubule-associated protein-like 2","EMAL2","O95834"
"X12355.223",144,0.040691808984835,1.19028817764372,TRUE,3487,"MRRF","Ribosome-recycling factor, mitochondrial","RRFM","Q96E11"
"X12494.99",146,0.0402801291123717,0.987981070352844,TRUE,3488,"GABARAPL2","Gamma-aminobutyric acid receptor-associated protein-like 2","GBRL2","P60520"
"X2614.28",146,0.0399908988889703,0.991088409753084,TRUE,3489,"EFNA4","Ephrin-A4","Ephrin-A4","P52798"
"X13722.105",143,0.0399571513881678,1.09704516642945,TRUE,3490,"C9","Complement component C9","C9","P02748"
"X17341.89",144,0.0398236313138824,0.734530188742076,TRUE,3491,"ACAT2","Acetyl-CoA acetyltransferase, cytosolic","THIC","Q9BWD1"
"X8318.13",144,0.0395704128265212,1.28075757568509,TRUE,3492,"SPRED1","Sprouty-related, EVH1 domain-containing protein 1","SPRE1","Q7Z699"
"X17154.2",146,0.0394779972928051,0.811152759095419,TRUE,3493,"PTGES3","Prostaglandin E synthase 3","TEBP","Q15185"
"X11531.24",146,0.0393468795915298,1.05603580505033,TRUE,3494,"VSIR","V-type immunoglobulin domain-containing suppressor of T-cell activation:Cytoplasmic domain","GI24:CD","Q9H7M9"
"X4908.6",146,0.0380164205638832,1.00301324980922,TRUE,3495,"ENG","Endoglin","Endoglin","P17813"
"X21191.24",143,0.0375888314977047,1.08114875367886,TRUE,3496,"DUSP21","Dual specificity protein phosphatase 21","DUS21","Q9H596"
"X8079.39",146,0.0367823716107038,0.91861733306966,TRUE,3497,"EID3","EP300-interacting inhibitor of differentiation 3","EID3","Q8N140"
"X11192.168",145,0.0366668372589236,1.0613686500516,TRUE,3498,"TINAGL1","Tubulointerstitial nephritis antigen-like","TINAL","Q9GZM7"
"X3509.1",144,0.0362825918318951,1.09548506692028,TRUE,3499,"CCL15","C-C motif chemokine 15","MIP-5","Q16663"
"X23695.1",145,0.0361846572958843,1.09501897003415,TRUE,3500,"FSD1","Fibronectin type III and SPRY domain-containing protein 1","FSD1","Q9BTV5"
"X11173.29",146,0.0359725269851798,1.13906613551697,TRUE,3501,"MILR1","Allergin-1","MILR1","Q7Z6M3"
"X23289.25",145,0.0357083102869302,0.928937838194738,TRUE,3502,"NEUROG1","Neurogenin-1","NGN1","Q92886"
"X4970.55",144,0.0354444879872185,0.980420227666448,TRUE,3503,"CA2","Carbonic anhydrase 2","carbonic anhydrase II","P00918"
"X23531.79",145,0.0351746726609925,1.01438087159274,TRUE,3504,"HSH2D","Hematopoietic SH2 domain-containing protein","HSH2D","Q96JZ2"
"X23018.4",145,0.0350784299445115,1.1147603384533,TRUE,3505,"REG1B","Lithostathine-1-beta","REG1B","P48304"
"X10977.55",145,0.0349858474039139,1.17761542864828,TRUE,3506,"UCMA","Unique cartilage matrix-associated protein","UCMA","Q8WVF2"
"X24490.16",145,0.0348008204175311,0.952119350995971,TRUE,3507,"THAP4","THAP domain-containing protein 4","THAP4","Q8WY91"
"X24251.44",143,0.0345291792701796,0.765051735173693,TRUE,3508,"RPP25L","Ribonuclease P protein subunit p25-like protein","RP25L","Q8N5L8"
"X5259.2",144,0.0343912845133713,1.20169598665364,TRUE,3509,"MAP3K7|TAB1","Mitogen-activated protein kinase kinase kinase 7:TGF-beta-activated kinase 1 and MAP3K7-binding protein 1 fusion","TAK1-TAB1","O43318|Q15750"
"X9385.4",143,0.0342028200345168,1.24633681354665,TRUE,3510,"GAA","Lysosomal alpha-glucosidase","GAA","P10253"
"X13552.7",144,0.0335031501522322,0.864863193478189,TRUE,3511,"SWAP70","Switch-associated protein 70","SWP70","Q9UH65"
"X13572.43",141,0.0332343616540758,1.27495952751273,TRUE,3512,"PSMD11","26S proteasome non-ATPase regulatory subunit 11","PSD11","O00231"
"X10580.14",146,0.0332306244673343,1.20562340234622,TRUE,3513,"SFTA2","Surfactant-associated protein 2","SFTA2","Q6UW10"
"X21989.12",146,0.0331342143928672,1.03455848712432,TRUE,3514,"MAP4K5","Mitogen-activated protein kinase kinase kinase kinase 5","M4K5","Q9Y4K4"
"X23339.46",143,0.0330434354337592,1.2268903015227,TRUE,3515,"TCF24","Transcription factor 24","TCF24","Q7RTU0"
"X20969.114",141,0.0327741813947116,1.17401804644299,TRUE,3516,"RYBP","RING1 and YY1-binding protein","RYBP","Q8N488"
"X17474.106",146,0.032694584453297,1.22024525863607,TRUE,3517,"YEATS4","YEATS domain-containing protein 4","YETS4","O95619"
"X16853.5",146,0.0324901950954267,0.759992478103192,TRUE,3518,"NMRK1","Nicotinamide riboside kinase 1","NRK1","Q9NWW6"
"X13613.23",145,0.0319132812238575,1.21286897247508,TRUE,3519,"AK5","Adenylate kinase isoenzyme 5","Adenylate kinase isoenzyme 5","Q9Y6K8"
"X7835.2",144,0.0318572973146782,1.17403564393809,TRUE,3520,"BNIP3L","BCL2/adenovirus E1B 19 kDa protein-interacting protein 3-like","BNI3L","O60238"
"X5722.78",142,0.0316297317802098,1.04541465861879,TRUE,3521,"PRCP","Lysosomal Pro-X carboxypeptidase","Prolylcarboxypeptidase","P42785"
"X2190.55",146,0.031614791619265,1.23753037922392,TRUE,3522,"F11","Coagulation Factor XI","Coagulation Factor XI","P03951"
"X13671.40",139,0.0314294524312802,0.995849780179395,TRUE,3523,"ELANE","Neutrophil elastase","Elastase","P08246"
"X19200.16",145,0.0314133137020627,1.16492877579122,TRUE,3524,"NDUFA5","NADH dehydrogenase [ubiquinone] 1 alpha subcomplex subunit 5","NDUA5","Q16718"
"X9541.15",144,0.0305648948848164,0.861393556283881,TRUE,3525,"B3GALT1","Beta-1,3-galactosyltransferase 1","B3GT1","Q9Y5Z6"
"X17757.86",146,0.0304231630988512,0.901766754290254,TRUE,3526,"CAB39","Calcium-binding protein 39","CAB39","Q9Y376"
"X12815.9",146,0.0302727633826824,1.07883183014642,TRUE,3527,"IARS1","Isoleucine--tRNA ligase, cytoplasmic","SYIC","P41252"
"X12399.194",143,0.0302525354095441,1.08332989939981,TRUE,3528,"CCDC50","Coiled-coil domain-containing protein 50","CCD50","Q8IVM0"
"X20381.21",142,0.029848181277088,1.15700663640494,TRUE,3529,"PIH1D2","PIH1 domain-containing protein 2","PIHD2","Q8WWB5"
"X19581.15",146,0.0297058721448156,1.13338595232879,TRUE,3530,"IGFBP5","Insulin-like growth factor-binding protein 5","IGFBP-5","P24593"
"X21503.12",144,0.0287784820556518,1.14688422844252,TRUE,3531,"TSHR","Thyrotropin receptor","TSHR","P16473"
"X24407.31",146,0.0287302021912082,0.903938145080976,TRUE,3532,"KIF3C","Kinesin-like protein KIF3C","KIF3C","O14782"
"X3200.49",146,0.0285836588780181,0.751846925945212,TRUE,3533,"KLK13","Kallikrein-13","kallikrein 13","Q9UKR3"
"X24271.9",143,0.0283974077463893,1.30440515058474,TRUE,3534,"GMPPA","Mannose-1-phosphate guanyltransferase alpha","GMPPA","Q96IJ6"
"X2330.2",146,0.02802062404313,1.15707617898375,TRUE,3535,"CXCL12","Stromal cell-derived factor 1","SDF-1","P48061"
"X25954.3",144,0.0275887570991612,1.29908776859237,TRUE,3536,"PTPRN","Receptor-type tyrosine-protein phosphatase-like N","PTPRN","Q16849"
"X16620.26",146,0.0273573227307961,0.829906904519863,TRUE,3537,"LY75","Lymphocyte antigen 75","LY75","O60449"
"X5015.15",146,0.0271452205669684,1.06449235873461,TRUE,3538,"PLA2G7","Platelet-activating factor acetylhydrolase","PAFAH","Q13093"
"X14663.44",146,0.02667088300059,0.950048133784557,TRUE,3539,"RNF8","E3 ubiquitin-protein ligase RNF8","RNF8","O76064"
"X14051.54",146,0.0261271301805953,1.06322121573661,TRUE,3540,"FOXC2","Forkhead box protein C2","FOXC2","Q99958"
"X10945.11",145,0.0256735290817722,0.893172218952913,TRUE,3541,"STX6","Syntaxin-6","Syntaxin-6","O43752"
"X21760.22",146,0.0256180849874088,0.94470964408612,TRUE,3542,"UBA1","Ubiquitin-activating enzyme E1","UBE1","P22314"
"X6914.15",146,0.025382844405709,0.795329482524766,TRUE,3543,"AMIGO2","Amphoterin-induced protein 2","AMGO2","Q86SJ2"
"X13645.14",142,0.0252103658217104,1.17318018270623,TRUE,3544,"DHX38","Pre-mRNA-splicing factor ATP-dependent RNA helicase PRP16","PRP16","Q92620"
"X11681.8",145,0.0248507478844878,1.07646728006332,TRUE,3545,"AGFG1","Arf-GAP domain and FG repeat-containing protein 1","NUPL","P52594"
"X21498.3",144,0.0246908121882499,1.15075918492102,TRUE,3546,"ALDH7A1","Alpha-aminoadipic semialdehyde dehydrogenase","AL7A1","P49419"
"X9110.2",146,0.0246578406457161,0.931270650524485,TRUE,3547,"SYT17","Synaptotagmin-17","SYT17","Q9BSW7"
"X20541.73",146,0.0246462714367801,1.25439951255681,TRUE,3548,"CD1B","T-cell surface glycoprotein CD1b","CD1B","P29016"
"X11568.2",145,0.0246203994220859,0.9125470510997,TRUE,3549,"FKBP1B","Peptidyl-prolyl cis-trans isomerase FKBP1B","FKB1B","P68106"
"X16322.10",142,0.0245144578085999,1.05718961607031,TRUE,3550,"MZB1","Marginal zone B- and B1-cell-specific protein","PACAP","Q8WU39"
"X11164.7",146,0.0242490619299754,1.0906066876604,TRUE,3551,"TENM2","Teneurin-2","TEN2","Q9NT68"
"X24444.10",143,0.0241002425620462,1.10310729361246,TRUE,3552,"TTC27","Tetratricopeptide repeat protein 27","TTC27","Q6P3X3"
"X12548.75",145,0.0232996675412818,1.20806269726501,TRUE,3553,"RRAGC","Ras-related GTP-binding protein C","RRAGC","Q9HB90"
"X17436.193",146,0.0230265821857321,1.28602423578781,TRUE,3554,"CSNK1G2","Casein kinase I isoform gamma-2","CSNK1G2","P78368"
"X15678.71",144,0.0229163191604384,0.966004954555768,TRUE,3555,"DKK2","Dickkopf-related protein 2","DKK2","Q9UBU2"
"X23572.186",146,0.0222167375602081,1.14340963470628,TRUE,3556,"TYW3","tRNA wybutosine-synthesizing protein 3 homolog","TYW3","Q6IPR3"
"X2870.29",143,0.0219742334259529,1.14808443822011,TRUE,3557,"RAC1","Ras-related C3 botulinum toxin substrate 1","RAC1","P63000"
"X5104.57",145,0.0217328401895153,1.33754535759556,TRUE,3558,"NCR1","Natural cytotoxicity triggering receptor 1","NKp46","O76036"
"X3320.49",145,0.0209218692486512,1.03258449983892,TRUE,3559,"IGFBP7","Insulin-like growth factor-binding protein 7","IGFBP-7","Q16270"
"X22401.26",141,0.0208716872886073,1.00636584489999,TRUE,3560,"GUCA1B","Guanylyl cyclase-activating protein 2","GUC1B","Q9UMX6"
"X7660.21",143,0.0205685649614096,1.05385552636999,TRUE,3561,"TPM4","Tropomyosin alpha-4 chain","Tropomyosin 4","P67936"
"X3403.1",146,0.0204312229810766,1.01577585980109,TRUE,3562,"TPSB2","Tryptase beta-2","TPSB2","P20231"
"X10035.6",145,0.0201382177352526,0.73604093834542,TRUE,3563,"DUSP4","Dual specificity protein phosphatase 4","DUS4","Q13115"
"X18226.148",145,0.0200813331391206,1.16857481383922,TRUE,3564,"COX5A","Cytochrome c oxidase subunit 5A, mitochondrial","COX5A","P20674"
"X12843.6",146,0.0200687211010802,0.662689769441207,TRUE,3565,"ZNF410","Zinc finger protein 410","ZN410","Q86VK4"
"X11158.40",145,0.0198450503507625,1.19221971046974,TRUE,3566,"BICDL1","Bicaudal D-related protein 1","BICR1","Q6ZP65"
"X8597.1",144,0.0197349646498953,1.11352097392573,TRUE,3567,"TMEM9","Transmembrane protein 9:Cytoplasmic domain","TMEM9:CD","Q9P0T7"
"X12860.7",145,0.0195380624131456,1.09324992414264,TRUE,3568,"ARPP21","cAMP-regulated phosphoprotein 21","cAMP-regulated phosphoprotein 21","Q9UBL0"
"X4150.75",146,0.0190583435206645,0.905269170138167,TRUE,3569,"PLG","Plasmin","Plasmin","P00747"
"X4328.2",144,0.0189411828542604,1.06941246862117,TRUE,3570,"BOC","Brother of CDO","BOC","Q9BWV1"
"X21727.15",144,0.0185934717862354,1.19208982665014,TRUE,3571,"UBE2Q1","Ubiquitin-conjugating enzyme E2 Q1","UB2Q1","Q7Z7E8"
"X11593.21",146,0.0180479659402489,0.951015545806487,TRUE,3572,"CXCL9","C-X-C motif chemokine 9","MIG","Q07325"
"X19328.51",144,0.0176992039679015,1.17631247855174,TRUE,3573,"CHEK2","Serine/threonine-protein kinase Chk2","Chk2","O96017"
"X8863.3",146,0.0176314744185508,0.944089972167344,TRUE,3574,"PIK3R1","Phosphatidylinositol 3-kinase regulatory subunit alpha","P85A","P27986"
"X8834.58",146,0.0175080695232329,1.11415640850392,TRUE,3575,"CANX","Calnexin","Calnexin","P27824"
"X9749.190",146,0.0165979584202631,1.14538941196414,TRUE,3576,"LCP1","Plastin-2","L-plastin","P13796"
"X25042.3",145,0.0165284538602807,1.27495508410592,TRUE,3577,"ME2","NAD-dependent malic enzyme, mitochondrial","MAOM","P23368"
"X9392.43",143,0.0161174476398426,1.23778516535271,TRUE,3578,"MGAT4A","Alpha-1,3-mannosyl-glycoprotein 4-beta-N-acetylglucosaminyltransferase A","MGT4A","Q9UM21"
"X15475.4",135,0.0158440570151904,1.22756878851992,TRUE,3579,"PLTP","Phospholipid transfer protein","PLTP","P55058"
"X10938.13",146,0.0154564631385721,1.10819668772619,TRUE,3580,"CD58","Lymphocyte function-associated antigen 3","sLFA-3","P19256"
"X22569.55",144,0.0153337861790938,0.906087688815516,TRUE,3581,"TGFBR1","TGF-beta receptor type-1","TGFR-1","P36897"
"X3290.50",146,0.0149127103185774,0.926127268373906,TRUE,3582,"CD109","CD109 antigen","CD109","Q6YHK3"
"X9848.22",144,0.0144897245545565,1.25009298759651,TRUE,3583,"CCNH","Cyclin-H","Cyclin H","P51946"
"X8795.48",144,0.0140958291297725,1.26808166902695,TRUE,3584,"TFRC","Transferrin receptor protein 1:Extracellular domain","TR:ECD","P02786"
"X9796.4",143,0.013964789440526,1.07443057426556,TRUE,3585,"CEL","Bile salt-activated lipase","CEL","P19835"
"X6281.51",146,0.0135591128730588,1.19576877922527,TRUE,3586,"ST3GAL2","CMP-N-acetylneuraminate-beta-galactosamide-alpha-2,3-sialyltransferase 2","SIA4B","Q16842"
"X8462.18",146,0.0134010003509327,1.12618697063758,TRUE,3587,"GH1","Somatotropin","HGH","P01241"
"X5719.66",146,0.0132313186198705,0.883467897361048,TRUE,3588,"FAM189A2","Protein FAM189A2","CI061","Q15884"
"X14109.15",143,0.0126144317964946,1.13417127988069,TRUE,3589,"CCL15","C-C motif chemokine 15","MIP-5","Q16663"
"X22391.34",144,0.0125724483315782,0.744795153631907,TRUE,3590,"SAP30L","Histone deacetylase complex subunit SAP30L","SP30L","Q9HAJ7"
"X18330.7",145,0.0125700248408571,1.05718126605525,TRUE,3591,"PGM2","Phosphoglucomutase-2","PGM2","Q96G03"
"X8470.213",145,0.0122569330307319,1.18409538427318,TRUE,3592,"RNASEH1","Ribonuclease H1","RNase H1","O60930"
"X22147.19",142,0.012199594674178,0.89189265316322,TRUE,3593,"FOXO4","Forkhead box protein O4","FOXO4","P98177"
"X4179.57",146,0.012120674562009,1.0825106073672,TRUE,3594,"YWHAG","14-3-3 protein gamma","14-3-3 protein gamma","P61981"
"X22403.13",146,0.0119779876517977,1.2751931117258,TRUE,3595,"H2BC12","Histone H2B type 1-K","H2B1K","O60814"
"X16913.8",145,0.0118948965913632,0.947110043124261,TRUE,3596,"RNASET2","Ribonuclease T2","RNT2","O00584"
"X20460.22",146,0.0118121623237142,1.27848866577721,TRUE,3597,"IFT20","Intraflagellar transport protein 20 homolog","IFT20","Q8IY31"
"X18224.11",144,0.0115978319630702,1.15691474352609,TRUE,3598,"CHMP1A","Charged multivesicular body protein 1a","CHM1A","Q9HD42"
"X6404.20",146,0.0112221326679753,1.25521397596411,TRUE,3599,"C1QL1","C1q-related factor","C1QRF","O75973"
"X18172.71",146,0.0110485945339344,1.27831367476028,TRUE,3600,"ASF1A","Histone chaperone ASF1A","ASF1A","Q9Y294"
"X20173.39",145,0.0110327478726776,0.993225626958497,TRUE,3601,"CAPN9","Calpain-9","CAN9","O14815"
"X25039.10",146,0.0107632207135117,1.11788959440396,TRUE,3602,"KLHL3","Kelch-like protein 3","KLHL3","Q9UH77"
"X21289.36",146,0.0105896825794708,1.28455024400745,TRUE,3603,"SPAG7","Sperm-associated antigen 7","Sperm-associated antigen 7","O75391"
"X13699.6",138,0.0105195857927365,1.04032088158135,TRUE,3604,"KLK3","Prostate-specific antigen","PSA","P07288"
"X12414.31",146,0.0103351599828776,1.09526920818307,TRUE,3605,"YWHAB","14-3-3 protein beta/alpha","14-3-3 protein beta/alpha","P31946"
"X13434.172",146,0.0099225248641582,0.961820915668184,TRUE,3606,"PARVA","Alpha-parvin","PARVA","Q9NVD7"
"X5744.12",140,0.00973608474680056,1.25779048885584,TRUE,3607,"MENT","Protein MENT","CA056","Q9BUN1"
"X22806.1",145,0.00965683399142577,0.753063556316941,TRUE,3608,"THAP2","THAP domain-containing protein 2","THAP2","Q9H0W7"
"X7787.25",144,0.00961828317865569,1.10432749792881,TRUE,3609,"LILRA5","Leukocyte immunoglobulin-like receptor subfamily A member 5","LIRA5","A6NI73"
"X17398.55",146,0.00961401262586335,1.09085300533385,TRUE,3610,"HMOX1","Heme oxygenase 1","HO-1","P09601"
"X6948.82",142,0.00951490738683757,0.987516878309294,TRUE,3611,"FIG4","Polyphosphoinositide phosphatase","FIG4","Q92562"
"X21235.11",142,0.00903495149293614,1.05854069235552,TRUE,3612,"KPNA5","Importin subunit alpha-6","IMA6","O15131"
"X15481.45",142,0.00858433861191915,1.09762592070366,TRUE,3613,"CAMP","Antibacterial protein LL-37","LL-37","P49913"
"X9470.15",145,0.00834589810918167,0.977373526827598,TRUE,3614,"METTL24","Methyltransferase-like protein 24","MET24","Q5JXM2"
"X24891.54",146,0.00814086668800543,1.01051514755933,TRUE,3615,"EPS8L2","Epidermal growth factor receptor kinase substrate 8-like protein 2","ES8L2","Q9H6S3"
"X3234.23",146,0.0078786312854548,1.04352977038852,TRUE,3616,"CCDC80","Coiled-coil domain-containing protein 80","URB","Q76M96"
"X10708.3",146,0.00786706207651875,1.07151843004046,TRUE,3617,"GNRH2","Progonadoliberin-2","GON2","O43555"
"X4931.59",144,0.00777742496895059,1.17049985672898,TRUE,3618,"F3","Tissue Factor","TF","P13726"
"X18193.165",146,0.00765110350971235,0.940022277500936,TRUE,3619,"MORF4L1","Mortality factor 4-like protein 1","MO4L1","Q9UBU8"
"X7638.30",143,0.00764624521340124,1.2013084596835,TRUE,3620,"LMAN2","Vesicular integral-membrane protein VIP36","Lectin, mannose-binding 2","Q12907"
"X15574.37",146,0.00755469343524521,0.993652487035261,TRUE,3621,"CCNA2","Cyclin-A2","Cyclin A","P20248"
"X18215.5",141,0.00677106189859462,0.983989086400269,TRUE,3622,"THG1L","Probable tRNA(His) guanylyltransferase","THG1","Q9NWX6"
"X15446.25",146,0.00658673628759511,1.15050187943711,TRUE,3623,"NRG1","Neuregulin-1, sensory and motor neuron-derived factor isoform","SMDF","Q02297"
"X8660.33",146,0.00657131067568037,1.01155856562628,TRUE,3624,"OLFML3","Olfactomedin-like protein 3","OLFL3","Q9NRN5"
"X9841.197",146,0.00634378289993791,1.17524360686832,TRUE,3625,"PAICS","Multifunctional protein ADE2","Multifunctional protein ADE2","P22234"
"X20079.6",144,0.0063063461376142,1.32745207946346,TRUE,3626,"PCK2","Phosphoenolpyruvate carboxykinase [GTP], mitochondrial","PCKGM","Q16822"
"X4128.27",143,0.00625693875833933,1.11794282941471,TRUE,3627,"CCL24","C-C motif chemokine 24","Eotaxin-2","O00175"
"X18177.49",146,0.00587330173653826,1.2876577009574,TRUE,3628,"NAE1","NEDD8-activating enzyme E1 regulatory subunit","ULA1","Q13564"
"X24323.43",143,0.00498461929944449,0.929380602638993,TRUE,3629,"BROX","BRO1 domain-containing protein BROX","BROX","Q5VW32"
"X13557.3",145,0.00463746663622263,0.768425515028037,TRUE,3630,"NECTIN3","Nectin-3","Nectin 3","Q9NQS3"
"X17694.32",143,0.0045680279088857,1.22926444912939,TRUE,3631,"PSME2","Proteasome activator complex subunit 2","PSME2","Q9UL46"
"X20593.10",146,0.00453127349995565,1.25890530469993,TRUE,3632,"B3GALT5","Beta-1,3-galactosyltransferase 5","B3GT5","Q9Y2C3"
"X3292.75",145,0.00443475128584167,0.991250006479149,TRUE,3633,"CD48","CD48 antigen","CD48","P09326"
"X13089.6",144,0.00377012676950779,1.11409240998239,TRUE,3634,"HIF1A","Hypoxia-inducible factor 1-alpha","HIF-1a","Q16665"
"X11439.88",145,0.00330884017376824,1.13160302161072,TRUE,3635,"RHPN2","Rhophilin-2","RHPN2","Q8IUC4"
"X5970.61",144,0.00297029305015736,1.3525616525327,TRUE,3636,"LECT2","Leukocyte cell-derived chemotaxin-2","LECT2","O14960"
"X3441.64",144,0.00294015390087883,1.04875898631818,TRUE,3637,"GSK3A","Glycogen synthase kinase-3 alpha","GSK-3 alpha","P49840"
"X15653.9",146,0.0027149076969947,1.02579739712016,TRUE,3638,"COL10A1","Collagen alpha-1(X) chain","COAA1","Q03692"
"X9870.17",145,0.00258054102784662,1.16895954756133,TRUE,3639,"WARS1","Tryptophan--tRNA ligase, cytoplasmic","SYWC","P23381"
"X15476.6",142,0.00224250019910048,1.06987497210679,TRUE,3640,"REG3G","Regenerating islet-derived protein 3-gamma","REG3G","Q6UW15"
"X4904.7",146,0.00214416005614923,1.15500090545929,TRUE,3641,"CASP2","Caspase-2","Caspase-2","P42575"
"X9764.79",146,0.00192048868338546,1.2228954517731,TRUE,3642,"HNRNPF","Heterogeneous nuclear ribonucleoprotein F","HNRPF","P52597"
"X20991.2",145,0.00186011538620523,1.15761686679531,TRUE,3643,"LIMD2","LIM domain-containing protein 2","LIMD2","Q9BT23"
"X9215.117",144,0.00165396217390518,1.01067665675533,TRUE,3644,"USP25","Ubiquitin carboxyl-terminal hydrolase 25","UBP25","Q9UHP3"
"X14747.9",146,0.0009949519685009,1.02811689527987,TRUE,3645,"CRLF1","Cytokine receptor-like factor 1","CRLF1","O75462"
"X15567.2",145,0.000312971795139292,1.14799802735225,TRUE,3646,"CD247","T-cell surface glycoprotein CD3 zeta chain","CD3-zeta","P20963"
"X9409.11",142,0.000247303760274633,0.967173338634508,TRUE,3647,"TPSAB1","Tryptase beta-1","TRYB1","Q15661"
"X19142.39",145,0.000108260683853214,1.04817173188355,TRUE,3648,"DNMT3L","DNA (cytosine-5)-methyltransferase 3-like","DNM3L","Q9UJW3"
"X8754.5",144,-0.000116560891007528,0.935821834421686,TRUE,3649,"NMU","Neuromedin-U","NMU","P48645"
"X11175.45",145,-0.000202742735216019,0.979732004516485,TRUE,3650,"LPCAT2","Lysophosphatidylcholine acyltransferase 2","PCAT2","Q7L5N7"
"X19617.5",146,-0.000350932671060395,1.153508317927,TRUE,3651,"PTGR1","Prostaglandin reductase 1","LTB4DH","Q14914"
"X12417.46",139,-0.00120436431238395,1.24209154702454,TRUE,3652,"TPRKB","EKC/KEOPS complex subunit TPRKB","TPRKB","Q9Y3C4"
"X14012.17",144,-0.00141078871529801,1.19982712915104,TRUE,3653,"DHX58","Probable ATP-dependent RNA helicase DHX58","LGP2","Q96C10"
"X14260.112",145,-0.00168886334379195,1.07025138501941,TRUE,3654,"NET1","Neuroepithelial cell-transforming gene 1 protein","ARHG8","Q7Z628"
"X20055.40",143,-0.00216089982084848,1.13072928335524,TRUE,3655,"ALDH1A2","Retinal dehydrogenase 2","AL1A2","O94788"
"X2421.7",146,-0.00237554423487037,0.901779520079785,TRUE,3656,"BDNF","Brain-derived neurotrophic factor","BDNF","P23560"
"X18897.31",144,-0.00239552727725817,1.25879297416449,TRUE,3657,"HDAC2","Histone deacetylase 2","HDAC2","Q92769"
"X4546.27",146,-0.00246809790635882,0.922306035618232,TRUE,3658,"ADGRE2","Adhesion G protein-coupled receptor E2","EMR2","Q9UHX3"
"X6491.59",145,-0.00257463083179472,1.02744796997604,TRUE,3659,"KLK15","Kallikrein-15","kallikrein 15","Q9H2R5"
"X15668.19",145,-0.00272226410489082,1.33369139042456,TRUE,3660,"BMP8B","Bone morphogenetic protein 8B","BMP-8","P34820"
"X24450.96",145,-0.00319663644559222,1.29301667356301,TRUE,3661,"C19orf54","UPF0692 protein C19orf54","CS054","Q5BKX5"
"X6557.50",144,-0.00343251727311824,1.14643531680927,TRUE,3662,"LRRC15","Leucine-rich repeat-containing protein 15","LRC15","Q8TF66"
"X6485.59",145,-0.00374384391595838,1.19077779867473,TRUE,3663,"IGLL1","Immunoglobulin lambda-like polypeptide 1","IGLL1","P15814"
"X3640.14",135,-0.00402679980390387,1.20799588681271,TRUE,3664,"LRPAP1","alpha-2-macroglobulin receptor-associated protein","RAP","P30533"
"X20549.1",144,-0.0040494942653936,1.16124251278576,TRUE,3665,"IZUMO4","Izumo sperm-egg fusion protein 4","IZUM4","Q1ZYL8"
"X8275.31",146,-0.00436930457485085,1.13079703614715,TRUE,3666,"PEAR1","Platelet endothelial aggregation receptor 1:Extracellular domain","PEAR1:ECD","Q5VY43"
"X17822.57",146,-0.00482436012633576,1.16080070228661,TRUE,3667,"RERG","Ras-related and estrogen-regulated growth inhibitor","RERG","Q96A58"
"X5245.40",146,-0.00511359034973719,0.853217405701421,TRUE,3668,"PRKAA2|PRKAB2|PRKAG1","AMP Kinase (alpha2beta2gamma1)","AMPK a2b2g1","P54646|O43741|P54619"
"X20225.119",146,-0.0051367287676093,0.948640625312599,TRUE,3669,"STAT5A","Signal transducer and activator of transcription 5A","STA5A","P42229"
"X15583.18",145,-0.00543270725975033,0.9837686594143,TRUE,3670,"FCRLB","Fc receptor-like B","FCRLB","Q6BAA4"
"X3809.1",146,-0.00603912706462174,0.73698455462942,TRUE,3671,"FGFR3","Fibroblast growth factor receptor 3:Cytoplasmic domain","FGFR-3:CD","P22607"
"X3217.74",142,-0.00668761042101976,1.29322622572136,TRUE,3672,"SERPINE2","Glia-derived nexin","Protease nexin I","P07093"
"X25902.27",146,-0.00670628477993436,1.20241270117322,TRUE,3673,"GLUD1","Glutamate dehydrogenase 1, mitochondrial","DHE3","P00367"
"X16865.62",146,-0.00687211010801785,1.32228259613816,TRUE,3674,"TAF15","TATA-binding protein-associated factor 2N","RBP56","Q92804"
"X20953.34",144,-0.00688513125158262,1.24936524279414,TRUE,3675,"MMACHC","Methylmalonic aciduria and homocystinuria type C protein","MMAC","Q9Y4U1"
"X6425.87",146,-0.00794419013609246,1.07830929066237,TRUE,3676,"MMP19","Matrix metalloproteinase-19","MMP19","Q99542"
"X21670.52",145,-0.00804670553545629,1.04192138355749,TRUE,3677,"WWP2","NEDD4-like E3 ubiquitin-protein ligase WWP2","WWP2","O00308"
"X19145.4",144,-0.00823562985084225,0.695526911769392,TRUE,3678,"MREG","Melanoregulin","MREG","Q8N565"
"X15686.49",146,-0.0085535018067248,1.0509414149482,TRUE,3679,"INHBC","Inhibin beta C chain","INHBC","P55103"
"X11330.15",146,-0.00866533749310668,0.790243272420316,TRUE,3680,"CSNK2B","Casein kinase II subunit beta","CSK2B","P67870"
"X15608.5",142,-0.0086765168186105,0.898315440833187,TRUE,3681,"RPS6KB1","Ribosomal protein S6 kinase beta-1","KS6B1","P23443"
"X18289.16",144,-0.00939921020106713,1.16999119350369,TRUE,3682,"CCL15","C-C motif chemokine 15","MIP-5","Q16663"
"X12838.28",145,-0.0094777307773314,0.906818585572348,TRUE,3683,"DUSP15","Dual specificity protein phosphatase 15","DUS15","Q9H1R2"
"X19249.18",146,-0.00948675132756673,1.2212535368513,TRUE,3684,"KARS1","Lysine--tRNA ligase","SYK","Q15046"
"X3405.6",146,-0.00966800226756495,1.04942234045756,TRUE,3685,"UFC1","Ubiquitin-fold modifier-conjugating enzyme 1","UFC1","Q9Y3C8"
"X9035.2",144,-0.00978100752215146,1.23649298361266,TRUE,3686,"MXI1","MAX-interacting protein 1","MXI1","P50539"
"X9170.24",145,-0.00992059586563104,1.26313416742282,TRUE,3687,"IL17A","Interleukin-17A","IL-17","Q16552"
"X17397.8",146,-0.0102580319233039,0.935845930024666,TRUE,3688,"HSD17B11","Estradiol 17-beta-dehydrogenase 11","DHB11","Q8NBQ5"
"X14037.18",146,-0.0103660112067071,0.982346140671211,TRUE,3689,"RANBP3","Ran-binding protein 3","RANB3","Q9H6Z4"
"X12627.97",146,-0.0104392828633021,1.02040206784579,TRUE,3690,"ATG7","Ubiquitin-like modifier-activating enzyme ATG7","ATG7","O95352"
"X9221.6",145,-0.0106075786415449,1.2473852235899,TRUE,3691,"ITPRIPL1","Inositol 1,4,5-trisphosphate receptor-interacting protein-like 1","IPIL1","Q6GPH6"
"X11462.8",145,-0.01100320057319,1.0961732064005,TRUE,3692,"RBFOX2","RNA binding protein fox-1 homolog 2","RBM9","O43251"
"X23537.4",146,-0.0111450046084016,0.948057733376171,TRUE,3693,"SP6","Transcription factor Sp6","SP6","Q3SY56"
"X4393.3",146,-0.0112684095037195,0.751596661896717,TRUE,3694,"FGF16","Fibroblast growth factor 16","FGF-16","O43320"
"X4878.3",146,-0.0115460705181849,1.22511818008134,TRUE,3695,"F10","Coagulation Factor X","Coagulation Factor X","P00742"
"X24320.3",146,-0.0116540498015881,1.28599947494988,TRUE,3696,"TRIM72","Tripartite motif-containing protein 72","TRI72","Q6ZMU5"
"X23181.2",146,-0.011704183040311,1.31737847488556,TRUE,3697,"LTK","Leukocyte tyrosine kinase receptor","LTK","P29376"
"X25227.20",142,-0.011862197314868,1.12669689728697,TRUE,3698,"TCEAL2","Transcription elongation factor A protein-like 2","TCAL2","Q9H3H9"
"X18932.84",146,-0.0119162852041387,1.20096167094935,TRUE,3699,"NMNAT1","Nicotinamide/nicotinic acid mononucleotide adenylyltransferase 1","NMNA1","Q9HAN9"
"X19168.71",141,-0.0122812463206568,1.31385558569765,TRUE,3700,"PSTPIP1","Proline-serine-threonine phosphatase-interacting protein 1","PPIP1","O43586"
"X3847.56",143,-0.0125446594390713,1.08275311641209,TRUE,3701,"ETHE1","Persulfide dioxygenase ETHE1, mitochondrial","ETHE1","O95571"
"X5742.14",141,-0.012979061816983,0.962701041237316,TRUE,3702,"ACP6","Lysophosphatidic acid phosphatase type 6","PPA6","Q9NPH0"
"X13439.6",144,-0.0129924416746886,1.27448028916713,TRUE,3703,"IQCF3","IQ domain-containing protein F3","IQCF3","P0C7M6"
"X15626.223",146,-0.0133817183360392,1.05023240843313,TRUE,3704,"HSPG2","Basement membrane-specific heparan sulfate proteoglycan core protein","Perlecan","P98160"
"X9107.59",145,-0.0134794127952066,1.27155754655389,TRUE,3705,"ARMC10","Armadillo repeat-containing protein 10","ARM10","Q8N2F6"
"X15432.1",142,-0.0139475421517568,1.09138919298575,TRUE,3706,"OTOR","Otoraplin","Otoraplin","Q9NRC9"
"X15315.64",145,-0.0141998370187822,1.33895274271933,TRUE,3707,"CUTC","Copper homeostasis protein cutC homolog","CUTC","Q9NTM9"
"X13628.58",146,-0.0142416962002861,1.18007050671013,TRUE,3708,"GRB14","Growth factor receptor-bound protein 14","GRB14","Q14449"
"X10455.196",143,-0.0145310598582806,1.2238574099767,TRUE,3709,"IL31","Interleukin-31","IL-31","Q6EBC2"
"X15530.33",146,-0.0146389057070908,1.06605120276638,TRUE,3710,"EPHB4","Ephrin type-B receptor 4","EphB4","P54760"
"X10472.53",146,-0.0147276029756005,1.09055692397794,TRUE,3711,"TNFRSF14","Tumor necrosis factor receptor superfamily member 14","HVEM","Q92956"
"X6326.20",146,-0.0149898383781512,0.953939797071443,TRUE,3712,"BMP4","Bone morphogenetic protein 4","BMP-4","P12644"
"X14078.69",146,-0.0155914372428261,1.14659651620162,TRUE,3713,"XCL1","Lymphotactin","Lymphotactin","P47992"
"X6520.87",146,-0.0156569960934638,0.980654581145196,TRUE,3714,"MGP","Matrix Gla protein","MGP","P08493"
"X25297.11",144,-0.0157537756609291,1.2065391558282,TRUE,3715,"SH3PXD2B","SH3 and PX domain-containing protein 2B","SPD2B","A1X283"
"X13117.232",143,-0.0160887177866521,1.23816761843498,TRUE,3716,"CHKB","Choline/ethanolamine kinase","CHKB","Q9Y259"
"X24413.96",146,-0.0163511486296272,0.94590640883111,TRUE,3717,"NUDT7","Peroxisomal coenzyme A diphosphatase NUDT7","NUDT7","P0C024"
"X23646.5",145,-0.0167075431959278,0.836640877233694,TRUE,3718,"AIPL1","Aryl-hydrocarbon-interacting protein-like 1","AIPL1","Q9NZN9"
"X25482.5",146,-0.0167637837483466,1.2018533339306,TRUE,3719,"NFIA","Nuclear factor 1 A-type","NFIA","Q12857"
"X19265.9",142,-0.0176759314759005,1.06904181235615,TRUE,3720,"TCP1","T-complex protein 1 subunit alpha","TCPA","P17987"
"X3896.5",139,-0.0182464952696754,1.18184952538374,TRUE,3721,"PGAM1","Phosphoglycerate mutase 1","Phosphoglycerate mutase 1","P18669"
"X23703.8",146,-0.018267780910034,1.12293253082211,TRUE,3722,"PDLIM5","PDZ and LIM domain protein 5","PDLI5","Q96HC4"
"X9279.7",145,-0.0182861776967683,1.244712791146,TRUE,3723,"IGSF11","Immunoglobulin superfamily member 11:Extracellular domain","IGS11:ECD","Q5DX21"
"X21636.63",143,-0.0182886036880923,1.27011501361111,TRUE,3724,"NCBP2","Nuclear cap-binding protein subunit 2","NCBP2","P52298"
"X12793.4",146,-0.0189118002074745,0.965767701746606,TRUE,3725,"PIWIL1","Piwi-like protein 1","PIWL1","Q96J94"
"X19266.35",145,-0.0190380958754729,1.17252621825537,TRUE,3726,"G3BP1","Ras GTPase-activating protein-binding protein 1","G3BP1","Q13283"
"X6315.58",144,-0.019373223953665,0.980758508372724,TRUE,3727,"PLBD1","Phospholipase B-like 1","PLBL1","Q6P4A8"
"X25493.11",138,-0.0196439295165853,1.21216476548807,TRUE,3728,"FAM221B","Protein FAM221B","F221B","A6H8Z2"
"X2961.1",146,-0.0199298905938475,1.10083798203009,TRUE,3729,"PROC","Vitamin K-dependent protein C","Protein C","P04070"
"X17805.35",145,-0.0202211273677104,1.11679060697664,TRUE,3730,"SMNDC1","Survival of motor neuron-related-splicing factor 30","SPF30","O75940"
"X25037.4",143,-0.0209541946353486,0.814972186807072,TRUE,3731,"DNPEP","Aspartyl aminopeptidase","DNPEP","Q9ULA0"
"X5478.50",143,-0.020983096550974,1.31952882304801,TRUE,3732,"FOLH1","Glutamate carboxypeptidase 2","PSMA","Q04609"
"X13406.161",136,-0.0213797348168576,1.0830661602091,TRUE,3733,"CD300C","CMRF35-like molecule 6","CLM6","Q08708"
"X21875.31",136,-0.0214061296009581,1.03325004678817,TRUE,3734,"ZFAND3","AN1-type zinc finger protein 3","ZFAN3","Q9H8U3"
"X5882.34",145,-0.0214434466984493,0.943068396475487,TRUE,3735,"EEF1B2","Elongation factor 1-beta","EF-1-beta","P24534"
"X7185.29",146,-0.0216305643074479,1.28743329613401,TRUE,3736,"GP5","Platelet glycoprotein V","GPV","P40197"
"X11167.6",145,-0.0216619786509932,1.24026133840315,TRUE,3737,"MTMR1","Myotubularin-related protein 1","MTMR1","Q13613"
"X5610.32",146,-0.022266870798931,1.00921036111628,TRUE,3738,"FAM171A1","Protein FAM171A1","CJ038","Q5VUB5"
"X5854.60",145,-0.0224060248054752,1.28624142011497,TRUE,3739,"MAPT","Microtubule-associated protein tau","tau","P10636"
"X22445.2",145,-0.0224572025832968,1.14143253286839,TRUE,3740,"CABP5","Calcium-binding protein 5","CABP5","Q9NP86"
"X3322.52",146,-0.0227913416040323,1.1763948678787,TRUE,3741,"LRIG3","Leucine-rich repeats and immunoglobulin-like domains protein 3","LRIG3","Q6UXM1"
"X19207.119",141,-0.0234020781867457,1.1581488848775,TRUE,3742,"ADK","Adenosine kinase","ADK","P55263"
"X7778.104",146,-0.023763155154661,1.03651882423527,TRUE,3743,"CARD19","Caspase recruitment domain-containing protein 19","BINCA","Q96LW7"
"X2700.56",145,-0.0239550896199861,1.1164603146337,TRUE,3744,"PROS1","Vitamin K-dependent protein S","Protein S","P07225"
"X12478.15",146,-0.0240176777512543,1.21488491689321,TRUE,3745,"RPL30","60S ribosomal protein L30","RL30","P62888"
"X8832.55",142,-0.0241478463524638,1.14040325038964,TRUE,3746,"BST2","Bone marrow stromal antigen 2","BST-2","Q10589"
"X6546.41",144,-0.024636501572564,1.06864991848368,TRUE,3747,"DKK2","Dickkopf-related protein 2","DKK2","Q9UBU2"
"X3365.7",144,-0.0246566973409996,1.0005335979766,TRUE,3748,"DKK4","Dickkopf-related protein 4","Dkk-4","Q9UBT3"
"X13053.6",145,-0.0248468111323477,1.15960022052786,TRUE,3749,"SLC6A14","Sodium- and chloride-dependent neutral and basic amino acid transporter B(0+)","S6A14","Q9UN76"
"X25466.84",144,-0.0253681221399819,1.21218891172479,TRUE,3750,"KMO","Kynurenine 3-monooxygenase","KMO","O15229"
"X20553.2",144,-0.0253739981832651,1.30202425994807,TRUE,3751,"PIK3IP1","Phosphoinositide-3-kinase-interacting protein 1","P3IP1","Q96FE7"
"X9287.6",145,-0.0254353055110485,0.954148912188266,TRUE,3752,"SPR","Sepiapterin reductase","SPRE","P35270"
"X18184.28",137,-0.0255172767880064,1.0497910700335,TRUE,3753,"GMPS","GMP synthase [glutamine-hydrolyzing]","GUAA","P49915"
"X7986.98",145,-0.0257659920399028,1.08923869325922,TRUE,3754,"NAALAD2","N-acetylated-alpha-linked acidic dipeptidase 2","NALD2","Q9Y3Q0"
"X23253.5",145,-0.0259530384837206,0.979230168638572,TRUE,3755,"COMTD1","Catechol O-methyltransferase domain-containing protein 1","CMTD1","Q86VU5"
"X9893.27",146,-0.0260731405388938,1.21201237761649,TRUE,3756,"OAZ1","Ornithine decarboxylase antizyme 1","Ornithine decarboxylase antizyme","P54368"
"X24922.19",145,-0.0263230931848915,0.955411196506716,TRUE,3757,"NHLRC2","NHL repeat-containing protein 2","NHLC2","Q8NBF2"
"X12743.18",144,-0.0266381294024257,1.21045884346943,TRUE,3758,"BAG5","BAG family molecular chaperone regulator 5","BAG5","Q9UL15"
"X12573.80",144,-0.026728618110347,0.891277645736283,TRUE,3759,"TRIM3","Tripartite motif-containing protein 3","TRIM3","O75382"
"X15372.43",146,-0.0270256720746291,0.93224579209414,TRUE,3760,"BRD2","Bromodomain-containing protein 2","BRD2","P25440"
"X13986.6",144,-0.0276731632616149,0.821347486446968,TRUE,3761,"LANCL1","LanC-like protein 1","LANC1","O43813"
"X7695.106",146,-0.0281980185801495,1.20080416531941,TRUE,3762,"SQSTM1","Sequestosome-1","SQSTM","Q13501"
"X22974.25",146,-0.0283677003112117,1.29979755673963,TRUE,3763,"H2BC21","Histone H2B type 2-E","H2B2E","Q16778"
"X2743.5",146,-0.0288073302507819,1.07816542429015,TRUE,3764,"SHH","Sonic hedgehog protein","Sonic Hedgehog","Q15465"
"X5649.83",146,-0.0290040068026949,1.06308461816359,TRUE,3765,"PSG4","Pregnancy-specific beta-1-glycoprotein 4","PSG4","Q00888"
"X17176.13",143,-0.0291013488693753,1.10333434540452,TRUE,3766,"PSIP1","PC4 and SFRS1-interacting protein","PSIP1","O75475"
"X9487.60",146,-0.0291814013397144,1.33828297351274,TRUE,3767,"GHRH","Somatoliberin","Growth hormone-releasing factor","P01286"
"X3440.7",146,-0.0294783443690732,1.07005507977881,TRUE,3768,"GZMA","Granzyme A","granzyme A","P12544"
"X11336.9",146,-0.0298292770401336,1.02092284672962,TRUE,3769,"FANCF","Fanconi anemia group F protein","FANCF","Q9NPI8"
"X18162.167",146,-0.0301879225171513,1.02504138326062,TRUE,3770,"IRAK4","Interleukin-1 receptor-associated kinase 4","IRAK4","Q9NWZ3"
"X8464.31",144,-0.0302154572110138,1.15201983191219,TRUE,3771,"RSPO4","R-spondin-4","RSPO4","Q2I0M5"
"X7761.125",145,-0.0307007615647015,1.01833474965717,TRUE,3772,"CHKB","Choline/ethanolamine kinase","CHKB","Q9Y259"
"X3651.50",146,-0.0307085369192739,1.26024992054721,TRUE,3773,"KDR","Vascular endothelial growth factor receptor 2","VEGF sR2","P35968"
"X5682.13",146,-0.0308203726056558,0.993645958353445,TRUE,3774,"VASN","Vasorin","VASN","Q6EMK4"
"X6387.61",146,-0.0309090698741656,1.04020386810217,TRUE,3775,"DEFA5","Defensin-5","HD-5","Q01523"
"X15465.79",146,-0.0309553467099098,1.30785444935269,TRUE,3776,"CNPY4","Protein canopy homolog 4","CNPY4","Q8N129"
"X17210.2",145,-0.0309842077187899,1.03236018715209,TRUE,3777,"TCL1A","T-cell leukemia/lymphoma protein 1A","TCL1A","P56279"
"X11246.3",142,-0.0314599064858419,0.919398323525567,TRUE,3778,"BPIFB1","BPI fold-containing family B member 1","LPLC1","Q8TDL5"
"X8807.13",146,-0.0314721047090537,1.07298799158475,TRUE,3779,"SNX1","Sorting nexin-1","SNX1","Q13596"
"X17758.79",137,-0.0321871484781584,1.23630396783545,TRUE,3780,"DCXR","L-xylulose reductase","DCXR","Q7Z4W1"
"X21720.13",145,-0.032214379352563,0.737202849434731,TRUE,3781,"FUT11","Alpha-(1,3)-fucosyltransferase 11","FUT11","Q495W5"
"X4890.10",145,-0.0324742044823772,0.856279322750327,TRUE,3782,"POMC","Corticotropin","ACTH","P01189"
"X21691.27",146,-0.032548041140107,0.829684971451382,TRUE,3783,"LRFN3","Leucine-rich repeat and fibronectin type-III domain-containing protein 3","LRFN3","Q9BTN0"
"X9774.59",145,-0.0326966948997408,1.2011709359911,TRUE,3784,"RNF150","RING finger protein 150","RN150","Q9ULK6"
"X3613.62",146,-0.032829558557551,1.23287959752465,TRUE,3785,"FCN1","Ficolin-1","FCN1","O00602"
"X18898.36",145,-0.0332281564386566,0.939013200599912,TRUE,3786,"HDGFL1","Hepatoma-derived growth factor-like protein 1","HDGL1","Q5TGJ6"
"X3038.9",141,-0.0334828261637428,1.13981585705283,TRUE,3787,"CXCL11","C-X-C motif chemokine 11","I-TAC","O14625"
"X21141.9",145,-0.0337456400727508,0.991735014296843,TRUE,3788,"LRATD2","Protein FAM84B","FA84B","Q96KN1"
"X8620.56",142,-0.0342283735863925,1.23572149165953,TRUE,3789,"KLK14","Kallikrein-14","kallikrein 14","Q9P0G3"
"X11258.41",144,-0.0344135982347054,1.04384996593538,TRUE,3790,"MADCAM1","Mucosal addressin cell adhesion molecule 1","MAdCAM-1","Q13477"
"X21435.143",143,-0.0345455963291456,1.33291302382448,TRUE,3791,"SRPK2","Serine/threonine-protein kinase SRPK2","SRPK2","P78362"
"X4254.6",144,-0.0350004220308123,1.07190833715125,TRUE,3792,"NUDCD3","NudC domain-containing protein 3","NUDC3","Q8IVD9"
"X7944.1",145,-0.0350863034487917,1.01769217972712,TRUE,3793,"KIR3DL3","Killer cell immunoglobulin-like receptor 3DL3:Extracellular domain","KI3L3:ECD","Q8N743"
"X5756.66",146,-0.0352668052400804,0.790819076910182,TRUE,3794,"PAPPA2","Pappalysin-2","PAPP2","Q9BXP8"
"X17202.37",145,-0.0355921060401469,1.12873644482659,TRUE,3795,"PDCD4","Programmed cell death protein 4","PDCD4","Q53EL6"
"X10780.10",145,-0.0357752350733122,1.03228845839397,TRUE,3796,"RAB3D","Ras-related protein Rab-3D","RAB3D","O95716"
"X20946.41",144,-0.0362240929909143,1.24439010313568,TRUE,3797,"GTSF1","Gametocyte-specific factor 1","GTSF1","Q8WW33"
"X23691.2",144,-0.0362825918318951,1.0351240178202,TRUE,3798,"TTLL12","Tubulin--tyrosine ligase-like protein 12","TTL12","Q14166"
"X19148.58",141,-0.0367238592698042,1.31157467088896,TRUE,3799,"TIMM8A","Mitochondrial import inner membrane translocase subunit Tim8 A","TIM8A","O60220"
"X22485.1",146,-0.0369559097447447,1.31802120463245,TRUE,3800,"KCTD7","BTB/POZ domain-containing protein KCTD7","KCTD7","Q96MP8"
"X14208.3",146,-0.038313363593242,1.117213966004,TRUE,3801,"RBP7","Retinoid-binding protein 7","RET7","Q96R05"
"X24463.1",146,-0.0384251992796239,0.90516077219794,TRUE,3802,"NDRG2","Protein NDRG2","NDRG2","Q9UN36"
"X10738.11",146,-0.0384521941004747,1.14131495685691,TRUE,3803,"FBLN5","Fibulin-5","fibulin 5","Q9UBX5"
"X21999.61",146,-0.0390190853383415,1.30567663305357,TRUE,3804,"NUCB2","Nucleobindin-2","NUCB2","P80303"
"X9168.31",142,-0.0391514564693899,1.31077617119163,TRUE,3805,"CCL26","C-C motif chemokine 26","Eotaxin-3","Q9Y258"
"X17513.11",146,-0.0391926234723824,1.19342495919734,TRUE,3806,"ANXA11","Annexin A11","ANX11","P50995"
"X23178.95",146,-0.0391926234723824,1.13895799094583,TRUE,3807,"HNMT","Histamine N-methyltransferase","HNMT","P50135"
"X5099.14",143,-0.0392019651259909,0.967094271748627,TRUE,3808,"LAG3","Lymphocyte activation gene 3 protein","LAG-3","P18627"
"X7809.22",146,-0.0392311875021692,1.06591849890816,TRUE,3809,"SPATA9","Spermatogenesis-associated protein 9","SPAT9","Q9BWV2"
"X8032.23",143,-0.0393451302372446,1.27325715317739,TRUE,3810,"MCCD1","Mitochondrial coiled-coil domain protein 1","MCCD1","P59942"
"X8811.24",145,-0.0396981304400887,1.31950073776137,TRUE,3811,"BAMBI","BMP and activin membrane-bound inhibitor homolog:Extracellular domain","BAMBI:ECD","Q13145"
"X17766.5",146,-0.0402107138587554,1.21349993176892,TRUE,3812,"NCF1","Neutrophil cytosol factor 1","NCF-1","P14598"
"X12861.13",146,-0.0402608470974783,0.988703404826524,TRUE,3813,"TMOD3","Tropomodulin-3","TMOD3","Q9NYL9"
"X14133.93",143,-0.0407553488830244,1.31396584127873,TRUE,3814,"IL1R2","Interleukin-1 receptor type 2","IL-1 sRII","P27930"
"X16612.28",146,-0.0409819944544925,1.33209835104727,TRUE,3815,"SDC3","Syndecan-3","SDC3","O75056"
"X10835.25",141,-0.0410609352756698,1.01652538878499,TRUE,3816,"A4GNT","Alpha-1,4-N-acetylglucosaminyltransferase","A4GCT","Q9UNA3"
"X8962.48",146,-0.0416645777817199,1.23833086776636,TRUE,3817,"RPS6KB1","Ribosomal protein S6 kinase beta-1","KS6B1","P23443"
"X14309.8",143,-0.0420030453644382,1.28156047021902,TRUE,3818,"HNRNPH1","Heterogeneous nuclear ribonucleoprotein H","HNRH1","P31943"
"X15558.63",140,-0.0421680159906925,0.911786948297095,TRUE,3819,"ENPEP","Glutamyl aminopeptidase","AMPE","Q07075"
"X9366.54",145,-0.0422433188395242,1.2832506276526,TRUE,3820,"IL21R","Interleukin-21 receptor","IL-21 sR","Q9HBE5"
"X11542.11",146,-0.0422970278702243,1.0220338799691,TRUE,3821,"TMEM230","Transmembrane protein 230","TM230","Q96A57"
"X23632.22",146,-0.0423201662880964,1.2415506733282,TRUE,3822,"SLFNL1","Schlafen-like protein 1","SLNL1","Q499Z3"
"X12563.2",146,-0.0424628531983078,1.21508523620762,TRUE,3823,"TNFAIP8","Tumor necrosis factor alpha-induced protein 8","TFIP8","O95379"
"X4775.34",146,-0.0426903809740503,1.1764099281963,TRUE,3824,"GSN","Gelsolin","Gelsolin","P06396"
"X6107.3",145,-0.0429615224117976,0.967191795484971,TRUE,3825,"CELA1","Chymotrypsin-like elastase family member 1","ELA1","Q9UNI1"
"X23416.47",146,-0.0433536822863842,1.07840230490493,TRUE,3826,"SNX15","Sorting nexin-15","Sorting nexin-15","Q9NRS6"
"X23275.9",146,-0.0436891893455299,0.920570047373153,TRUE,3827,"SSPN","Sarcospan","SSPN","Q14714"
"X7852.9",145,-0.0437805343736837,1.3283693927223,TRUE,3828,"MTIF3","Translation initiation factor IF-3, mitochondrial","IF3M","Q9H2K0"
"X3431.54",143,-0.0438827986160419,1.12402754847211,TRUE,3829,"EPHA1","Ephrin type-A receptor 1","EphA1","P21709"
"X4718.5",146,-0.0441211064791426,0.93357116865571,TRUE,3830,"PPIB","Peptidyl-prolyl cis-trans isomerase B","PPIB","P23284"
"X18185.118",134,-0.044437904649794,1.13182784025844,TRUE,3831,"ALDOB","Fructose-bisphosphate aldolase B","ALDOB","P05062"
"X13449.25",143,-0.0445168161642031,1.1913574244656,TRUE,3832,"SF3B4","Splicing factor 3B subunit 4","SF3B4","Q15427"
"X20442.12",144,-0.0448558463325522,1.24874173463593,TRUE,3833,"RCAN3","Calcipressin-3","RCAN3","Q9UKA8"
"X21746.13",144,-0.0448698238527316,1.3291076532557,TRUE,3834,"USP10","Ubiquitin carboxyl-terminal hydrolase 10","UBP10","Q14694"
"X9762.14",146,-0.045146909671473,1.08764503531946,TRUE,3835,"VASP","Vasodilator-stimulated phosphoprotein","VASP","P50552"
"X21319.196",146,-0.0453667246412581,1.34177558424812,TRUE,3836,"MRM1","rRNA methyltransferase 1, mitochondrial","MRM1","Q6IN84"
"X12557.18",140,-0.0456649863864499,1.23397219552037,TRUE,3837,"NOVA1","RNA-binding protein Nova-1","NOVA1","P51513"
"X4910.21",145,-0.0457882740131566,0.931183028446721,TRUE,3838,"PLA2G1B","Phospholipase A2","GIB","P04054"
"X13634.209",144,-0.0458547447411841,0.987839382672765,TRUE,3839,"PIR","Pirin","PIR","O00625"
"X16754.40",146,-0.0460763027893363,1.22771737869445,TRUE,3840,"CASK","Peripheral plasma membrane protein CASK","CSKP","O14936"
"X9076.25",145,-0.0473059820917145,1.16005407988523,TRUE,3841,"PENK","Proenkephalin-A","PENK","P01210"
"X14099.20",146,-0.0480045042786791,1.14586025825215,TRUE,3842,"PSMA4","Proteasome subunit alpha type-4","PSA4","P25789"
"X22545.20",146,-0.0480314990995299,1.3747769955069,TRUE,3843,"RALYL","RNA-binding Raly-like protein","RALYL","Q86SE5"
"X13615.60",146,-0.0481741860097413,1.1538606434018,TRUE,3844,"NCK2","Cytoplasmic protein NCK2","NCK2","O43639"
"X6294.11",146,-0.0485058366659082,1.23046317012921,TRUE,3845,"BAGE2","B melanoma antigen 2","BAGE2","Q86Y30"
"X13101.60",145,-0.0487389598707171,1.03803523143083,TRUE,3846,"SOST","Sclerostin","SOST","Q9BQB4"
"X24425.8",143,-0.0491690916030848,1.22356342221399,TRUE,3847,"MARS1","Methionyl-tRNA synthetase, cytoplasmic","SYMC","P56192"
"X3218.8",144,-0.0495686233528205,1.33225926014747,TRUE,3848,"FOLH1","Glutamate carboxypeptidase 2","PSMA","Q04609"
"X21114.18",144,-0.050352396436445,1.09005399118964,TRUE,3849,"DNAJC12","DnaJ homolog subfamily C member 12","DJC12","Q9UKB3"
"X19212.4",143,-0.0508702049460393,1.19581328828653,TRUE,3850,"DMBT1","Deleted in malignant brain tumors 1 protein","DMBT1","Q9UGM3"
"X12603.87",145,-0.0509396043170424,1.32378263081217,TRUE,3851,"PABPC4","Polyadenylate-binding protein 4","PABP4","Q13310"
"X4900.8",146,-0.0515678206309846,1.07936883328552,TRUE,3852,"C3","C3a anaphylatoxin","C3a","P01024"
"X3872.2",146,-0.0516256666756649,1.12946312178087,TRUE,3853,"TPT1","Translationally-controlled tumor protein","TCTP","P13693"
"X22771.6",145,-0.0520064641470141,1.29622984795812,TRUE,3854,"SAMD12","Sterile alpha motif domain-containing protein 12","SAM12","Q8N8I0"
"X12854.3",143,-0.0520954323637692,1.26066531183448,TRUE,3855,"TEAD3","Transcriptional enhancer factor TEF-5","TEAD3","Q99594"
"X12820.1",145,-0.0523332145746438,1.3399046213303,TRUE,3856,"GRAP","GRB2-related adapter protein","GRAP","Q13588"
"X8398.277",144,-0.0527417935103719,1.13761376291614,TRUE,3857,"RARRES1","Retinoic acid receptor responder protein 1","RAR-responsive protein TIG1","P49788"
"X20141.42",146,-0.0527941567782067,1.27941228379559,TRUE,3858,"TCEA2","Transcription elongation factor A protein 2","TCEA2","Q15560"
"X18901.26",146,-0.0534343196726685,0.935659203736598,TRUE,3859,"HSPA1B","Heat shock 70 kDa protein 1B","HS71B","P0DMV9"
"X16596.25",144,-0.0535336037010092,1.20056108012653,TRUE,3860,"GLRX3","Glutaredoxin-3","GLRX3","O76003"
"X5676.54",146,-0.053881662418196,1.22484963886551,TRUE,3861,"ASIP","Agouti-signaling protein","ASIP","P42127"
"X21939.6",142,-0.0542581395592535,0.938602495559919,TRUE,3862,"NAE1|UBA3","ULA1/UBA3","ULA1/ UBA3","Q13564|Q8TBC4"
"X23250.3",143,-0.0545601553056965,1.28173174022982,TRUE,3863,"TCEAL4","Transcription elongation factor A protein-like 4","TCAL4","Q96EI5"
"X13972.4",143,-0.0548699153290184,1.08883938443013,TRUE,3864,"HSD17B14","17-beta-hydroxysteroid dehydrogenase 14","DHB14","Q9BPX1"
"X24710.1",146,-0.0555167772811588,0.968276547957219,TRUE,3865,"MTUS2","Microtubule-associated tumor suppressor candidate 2","MTUS2","Q5JR59"
"X20514.8",144,-0.055601442940544,1.07396547290772,TRUE,3866,"BAMBI","BMP and activin membrane-bound inhibitor homolog:Extracellular domain","BAMBI:ECD","Q13145"
"X12848.9",146,-0.0557751562807307,0.772007330520724,TRUE,3867,"ARHGEF2","Rho guanine nucleotide exchange factor 2","ARHG2","Q92974"
"X20137.49",146,-0.0558214331164749,1.23630807267225,TRUE,3868,"HNRNPA1","Heterogeneous nuclear ribonucleoprotein A1","ROA1","P09651"
"X3514.49",140,-0.0558923354152452,1.06818144208952,TRUE,3869,"PRTN3","Myeloblastin","Proteinase-3","P24158"
"X5354.11",145,-0.0565691598774095,1.14678558441871,TRUE,3870,"KRT18","Keratin, type I cytoskeletal 18","Keratin 18","P05783"
"X12662.82",143,-0.0565830975105735,1.30997279112182,TRUE,3871,"ECH1","Delta(3,5)-Delta(2,4)-dienoyl-CoA isomerase, mitochondrial","ECH1","Q13011"
"X13632.10",142,-0.0570324992821949,1.06725677355701,TRUE,3872,"ZYX","Zyxin","Zyxin","Q15942"
"X13978.122",145,-0.0571045581684654,0.948267403961067,TRUE,3873,"TBX3","T-box transcription factor TBX3","Tbx3","O15119"
"X9851.9",142,-0.0574373462210728,1.34358853238393,TRUE,3874,"FABP4","Fatty acid-binding protein, adipocyte","FABPA","P15090"
"X24437.6",145,-0.0578053000494062,1.21582958008955,TRUE,3875,"YJEFN3","YjeF N-terminal domain-containing protein 3","YJEN3","A6XGL0"
"X19144.9",145,-0.0579273393657499,1.33715775426724,TRUE,3876,"TCF4","Transcription factor 4","ITF2","P15884"
"X22585.5",143,-0.0579604266793625,0.966737606160644,TRUE,3877,"FZD4","Frizzled-4","FZD4","Q9ULV1"
"X4988.49",145,-0.0580139479128324,0.873504111698495,TRUE,3878,"FGFR4","Fibroblast growth factor receptor 4","FGFR4","P22455"
"X3516.60",146,-0.0581661261275158,1.24891594511779,TRUE,3879,"CXCL12","Stromal cell-derived factor 1","SDF-1","P48061"
"X8696.15",145,-0.0582383427848191,1.35135440654916,TRUE,3880,"GAL3ST1","Galactosylceramide sulfotransferase","G3ST1","Q99999"
"X14120.2",145,-0.0583643188533029,1.04959521362019,TRUE,3881,"RNF43","E3 ubiquitin-protein ligase RNF43","RNF43","Q68DV7"
"X24252.85",146,-0.0585787612462352,1.14423527309621,TRUE,3882,"C12orf65","Probable peptide chain release factor C12orf65, mitochondrial","CL065","Q9H3J6"
"X14056.4",145,-0.0587816145801552,1.16710155530495,TRUE,3883,"CGA","Glycoprotein hormones alpha chain","Glycoprotein hormones a-chain","P01215"
"X15419.15",146,-0.058948975932189,0.850385042899361,TRUE,3884,"MMP20","Matrix metalloproteinase-20","MMP20","O60882"
"X18295.102",144,-0.059192598011238,1.05618975045381,TRUE,3885,"GRHPR","Glyoxylate reductase/hydroxypyruvate reductase","GRHPR","Q9UBQ7"
"X24432.3",145,-0.0600177547521519,1.25961778589523,TRUE,3886,"GRIPAP1","GRIP1-associated protein 1","GRAP1","Q4V328"
"X20457.13",146,-0.0602755785568569,0.923255105499522,TRUE,3887,"COA4","Cytochrome c oxidase assembly factor 4 homolog, mitochondrial","COA4","Q9NYJ1"
"X21590.9",146,-0.0605879471981304,1.11066634064062,TRUE,3888,"ANKRA2","Ankyrin repeat family A protein 2","ANRA2","Q9H9E1"
"X4122.12",139,-0.0607459511637053,0.883279851386656,TRUE,3889,"DDR1","Epithelial discoidin domain-containing receptor 1","discoidin domain receptor 1","Q08345"
"X3350.53",144,-0.0614590032154341,1.22604771984355,TRUE,3890,"CAMK2A","Calcium/calmodulin-dependent protein kinase type II subunit alpha","CAMK2A","Q9UQM7"
"X5255.22",145,-0.0615609615910778,0.866935572860228,TRUE,3891,"PDE4D","cAMP-specific 3',5'-cyclic phosphodiesterase 4D","PDE4D","Q08499"
"X4125.52",145,-0.0629703188572396,1.3526624764688,TRUE,3892,"AGER","Advanced glycosylation end product-specific receptor, soluble","sRAGE","Q15109"
"X13041.47",144,-0.0630192486243805,0.859344991716555,TRUE,3893,"TRAF4","TNF receptor-associated factor 4","TRAF4","Q9BUZ4"
"X3379.29",146,-0.0631254603581056,1.11950813878835,TRUE,3894,"PRKCI","Protein kinase C iota type","KPCI","P41743"
"X24245.2",142,-0.0634869737798987,0.780270237607526,TRUE,3895,"KLC3","Kinesin light chain 3","KLC3","Q6P597"
"X11338.49",145,-0.0638658042571954,1.07827795068307,TRUE,3896,"BLK","Tyrosine-protein kinase BLK","BLK","P51451"
"X18297.8",146,-0.0640741354908623,1.09792742452577,TRUE,3897,"MRAS","Ras-related protein M-Ras","RASM","O14807"
"X15482.12",140,-0.0645468163974938,1.0672360799541,TRUE,3898,"A2ML1","Alpha-2-macroglobulin-like protein 1","A2ML1","A8K2U0"
"X22095.29",143,-0.064892529827744,1.22650202689577,TRUE,3899,"CBX2","Chromobox protein homolog 2","CBX2","Q14781"
"X9401.57",146,-0.0650806566682992,0.987224744419815,TRUE,3900,"TRABD2A","Metalloprotease TIKI1","CB089","Q86V40"
"X18400.52",143,-0.0651262056228196,1.11926680339549,TRUE,3901,"ALKBH2","DNA oxidative demethylase ALKBH2","ALKB2","Q6NS38"
"X18881.7",146,-0.0651269335040434,1.0840953933001,TRUE,3902,"ADGRE5","CD97 antigen","CD97","P48960"
"X6232.54",143,-0.0651368672493366,1.07594956379217,TRUE,3903,"CD86","T-lymphocyte activation antigen CD86","B7-2","P42081"
"X11602.12",143,-0.0654137714499136,1.3103952635198,TRUE,3904,"CPNE1","Copine-1:Von Willebrand factor type A domain","CPNE1:VWFA","Q99829"
"X12556.7",138,-0.0655788613208021,0.824496022274149,TRUE,3905,"UBE2C","Ubiquitin-conjugating enzyme E2 C","UBE2C","O00762"
"X4913.78",145,-0.0655921957825574,1.15418229127966,TRUE,3906,"CCL16","C-C motif chemokine 16","HCC-4","O15467"
"X5803.24",146,-0.0661758751142459,1.17154371295471,TRUE,3907,"C3","Complement C3d fragment","C3d","P01024"
"X24659.6",143,-0.0663350427560902,1.29367008201412,TRUE,3908,"DNAJB13","DnaJ homolog subfamily B member 13","DJB13","P59910"
"X4314.12",146,-0.0667427663521127,1.05741099886899,TRUE,3909,"DCTPP1","dCTP pyrophosphatase 1","XTP3A","Q9H773"
"X9884.8",144,-0.0668416419812136,0.907837086407438,TRUE,3910,"PPIL1","Peptidyl-prolyl cis-trans isomerase-like 1","PPIL1","Q9Y3C6"
"X12633.3",146,-0.0669394429040257,0.913772852633853,TRUE,3911,"PTPN9","Tyrosine-protein phosphatase non-receptor type 9","PTN9","P43378"
"X4499.21",146,-0.0674909085299777,1.13031335070467,TRUE,3912,"PDGFA","Platelet-derived growth factor subunit A","PDGF-AA","P04085"
"X18876.77",146,-0.0679228256635905,1.03114725472075,TRUE,3913,"CHST4","Carbohydrate sulfotransferase 4","CHST4","Q8NCG5"
"X24424.25",143,-0.0680098584641399,0.79111191988363,TRUE,3914,"TBC1D25","TBC1 domain family member 25","TBC25","Q3MII6"
"X3056.11",145,-0.0680999068958119,1.04377520693972,TRUE,3915,"KLRK1","NKG2-D type II integral membrane protein","NKG2D","P26718"
"X20574.8",145,-0.0684560482172453,1.19708198731448,TRUE,3916,"CD81","CD81 antigen","CD81","P60033"
"X6583.67",146,-0.0686208346027326,1.2269123457493,TRUE,3917,"SERPINA10","Protein Z-dependent protease inhibitor","protein Z inhibitor","Q9UK55"
"X2573.20",143,-0.0690296286871688,1.12933585717293,TRUE,3918,"IL6","Interleukin-6","IL-6","P05231"
"X19134.66",144,-0.0691709891417283,1.2841135133291,TRUE,3919,"POLR2K","DNA-directed RNA polymerases I, II, and III subunit RPABC4","RPAB4","P53803"
"X3168.8",146,-0.0692147206614502,0.960979339542604,TRUE,3920,"ADAMTS5","A disintegrin and metalloproteinase with thrombospondin motifs 5","ADAMTS-5","Q9UNA0"
"X15367.38",146,-0.0693304127508108,1.05074699130638,TRUE,3921,"BPIFB1","BPI fold-containing family B member 1","LPLC1","Q8TDL5"
"X23310.51",146,-0.0696157865712335,1.0113062836857,TRUE,3922,"RAB38","Ras-related protein Rab-38","RAB38","P57729"
"X2913.1",146,-0.0698548835559121,1.11326591831753,TRUE,3923,"CCL23","C-C motif chemokine 23","MPIF-1","P55773"
"X25256.153",146,-0.069966719242294,1.24888555977182,TRUE,3924,"EEF1A1","Elongation factor 1-alpha 1","EF-1-alpha-1","P68104"
"X12734.112",145,-0.0707217838211297,1.05208348018076,TRUE,3925,"KIF22","Kinesin-like protein KIF22","KIF22","Q14807"
"X4330.4",140,-0.0708081108506246,1.12037715954205,TRUE,3926,"KLK3","Prostate-specific antigen","PSA","P07288"
"X4355.13",145,-0.071032787240199,1.20018596732361,TRUE,3927,"DAPK2","Death-associated protein kinase 2","DAPK2","Q9UIK4"
"X10569.28",145,-0.0711094139368625,1.3266172595617,TRUE,3928,"MFAP2","Microfibrillar-associated protein 2","MFAP2","P55001"
"X2986.49",146,-0.0713048910758979,1.33522844854984,TRUE,3929,"CXCL3","Gro-gamma","Gro-g","P19876"
"X6992.67",146,-0.0714437215831305,1.31357688473912,TRUE,3930,"HBD","Hemoglobin subunit delta","HBD","P02042"
"X25308.8",142,-0.0718013203395159,1.23877274500693,TRUE,3931,"LIMK1","LIM domain kinase 1","LIMK1","P53667"
"X6003.28",143,-0.0721116355427868,1.15697459665224,TRUE,3932,"NEU1","Sialidase-1","NEUR1","Q99519"
"X10363.13",142,-0.0721598494390641,1.28529430918323,TRUE,3933,"SMAD3","Mothers against decapentaplegic homolog 3","SMAD3","P84022"
"X11391.69",145,-0.0722156391107682,1.25428007922312,TRUE,3934,"MVK","Mevalonate kinase","MVK","Q03426"
"X2632.5",146,-0.0722612790146119,1.14073749232668,TRUE,3935,"IL12RB1","Interleukin-12 receptor subunit beta-1","IL-12 Rb1","P42701"
"X4929.55",145,-0.0730995821137603,1.06630493499831,TRUE,3936,"SHBG","Sex hormone-binding globulin","SHBG","P04278"
"X8399.6",145,-0.0737312857013507,1.06220608494905,TRUE,3937,"STK17B","Serine/threonine-protein kinase 17B","DRAK2","O94768"
"X5764.4",144,-0.0752862775676555,1.36015186765263,TRUE,3938,"GALNT2","Polypeptide N-acetylgalactosaminyltransferase 2","GALT2","Q10471"
"X24898.39",146,-0.0753695398154326,1.04921217748227,TRUE,3939,"SCFD1","Sec1 family domain-containing protein 1","SCFD1","Q8WVM8"
"X24472.28",144,-0.0755957668299859,1.19979735818993,TRUE,3940,"SHARPIN","Sharpin","SHRPN","Q9H0F6"
"X25479.8",146,-0.0759132926354272,1.15816704996691,TRUE,3941,"LRRFIP2","Leucine-rich repeat flightless-interacting protein 2","LRRF2","Q9Y608"
"X13554.78",145,-0.0760324624581474,1.26604160625868,TRUE,3942,"REPIN1","Replication initiator 1","REPI1","Q9BWE0"
"X2809.25",146,-0.0762063792618073,1.24091587658396,TRUE,3943,"ADAMTS4","A disintegrin and metalloproteinase with thrombospondin motifs 4","ADAMTS-4","O75173"
"X4467.49",146,-0.0764261942315924,1.22077056322374,TRUE,3944,"SPARCL1","SPARC-like protein 1","SPARCL1","Q14515"
"X22134.1",145,-0.0764397658424436,0.856979232752756,TRUE,3945,"ETV4","ETS translocation variant 4","ETV4","P43268"
"X17170.15",146,-0.0769545214396724,1.30304311694869,TRUE,3946,"CALCB","Calcitonin gene-related peptide 2","CALCB","P10092"
"X10800.15",142,-0.0769701516936116,1.37669341064252,TRUE,3947,"SERPINH1","Serpin H1","Collagen-binding protein","P50454"
"X21958.4",145,-0.0775420542719582,1.01022443971881,TRUE,3948,"ABR","Active breakpoint cluster region-related protein","ABR","Q12979"
"X6441.62",146,-0.0776023971400916,1.36229108341934,TRUE,3949,"ADAMTS6","A disintegrin and metalloproteinase with thrombospondin motifs 6","ATS6","Q9UKP5"
"X19294.26",146,-0.0779070529754077,0.826783132194773,TRUE,3950,"CRIPT","Cysteine-rich PDZ-binding protein","CRIPT","Q9P021"
"X21439.37",145,-0.0784535650243193,1.33358483640013,TRUE,3951,"HCLS1","Hematopoietic lineage cell-specific protein","HCLS1","P14317"
"X25284.47",142,-0.0785274916430016,1.30307492533165,TRUE,3952,"UBA6","Ubiquitin-like modifier-activating enzyme 6","UBA6","A0AVT1"
"X7137.8",146,-0.0786629079592301,1.28487506327182,TRUE,3953,"MSRA","Mitochondrial peptide methionine sulfoxide reductase","MSRA","Q9UJ68"
"X6617.12",146,-0.07919123516731,1.14486659580594,TRUE,3954,"FCRL6","Fc receptor-like protein 6","FCRL6","Q6DN72"
"X10626.116",146,-0.0792220863911395,0.850502716864383,TRUE,3955,"ST6GALNAC3","Alpha-N-acetylgalactosaminide alpha-2,6-sialyltransferase 3","SIA7C","Q8NDV1"
"X14341.8",146,-0.0793030708536919,0.982594891386702,TRUE,3956,"DIPK1C","Protein FAM69C","FA69C","Q0P6D2"
"X18348.89",141,-0.0793690889552034,1.1741623461616,TRUE,3957,"HNRNPD","Heterogeneous nuclear ribonucleoprotein D0","HNRPD","Q14103"
"X18285.6",145,-0.0793826385293869,0.870342574712786,TRUE,3958,"SVIP","Small VCP/p97-interacting protein","SVIP","Q8NHG7"
"X3181.50",145,-0.079959215328108,1.14700638902852,TRUE,3959,"CTSS","Cathepsin S","Cathepsin S","P25774"
"X21345.93",145,-0.0799967718632451,1.37398159907635,TRUE,3960,"RDH12","Retinol dehydrogenase 12","RDH12","Q96NR8"
"X6081.52",145,-0.0800773176598417,1.1830736614543,TRUE,3961,"PCOLCE2","Procollagen C-endopeptidase enhancer 2","PCOC2","Q9UKZ9"
"X12700.9",145,-0.0801442423144908,0.90096440868397,TRUE,3962,"ACLY","ATP-citrate synthase","ACLY","P53396"
"X5721.1",146,-0.0802363203745338,1.33798867182571,TRUE,3963,"CD226","CD226 antigen","CD226","Q15762"
"X3046.31",141,-0.0804219756130977,1.23877159592654,TRUE,3964,"RETN","Resistin","resistin","Q9HD89"
"X10756.34",135,-0.0806296616081054,0.959314936329207,TRUE,3965,"UCN3","Urocortin-3","UCN3","Q969E3"
"X23302.19",145,-0.0806520823409457,1.18056248806913,TRUE,3966,"AKT1S1","Proline-rich AKT1 substrate 1","AKTS1","Q96B36"
"X21232.39",136,-0.0810538721020664,1.25549801334348,TRUE,3967,"KLK3","Benign Prostate specific Antigen","BPSA","P07288"
"X22068.5",144,-0.0815001788606776,1.28127700599777,TRUE,3968,"PPP2R5D","Serine/threonine-protein phosphatase 2A 56 kDa regulatory subunit delta isoform","2A5D","Q14738"
"X8749.194",145,-0.0818685363578028,1.17043295930456,TRUE,3969,"CD1D","Antigen-presenting glycoprotein CD1d","CD1D","P15813"
"X6975.52",146,-0.0819871273268571,1.3037835536248,TRUE,3970,"SNAPIN","SNARE-associated protein Snapin","SNAPN","O95295"
"X18859.7",145,-0.0820556932325262,1.09262137136673,TRUE,3971,"EIF4EBP3","Eukaryotic translation initiation factor 4E-binding protein 3","4EBP3","O60516"
"X24711.21",146,-0.0821799474757914,1.01282261497617,TRUE,3972,"SHOX","Short stature homeobox protein","SHOX","O15266"
"X20401.19",146,-0.082222367908557,0.817388794628138,TRUE,3973,"BUD31","Protein BUD31 homolog","BUD31","P41223"
"X23334.21",145,-0.0825123564807798,0.998795095843713,TRUE,3974,"LCE3C","Late cornified envelope protein 3C","LCE3C","Q5T5A8"
"X14085.28",143,-0.0826882823722553,1.17587613375704,TRUE,3975,"IL13","Interleukin-13","IL-13","P35225"
"X3815.14",146,-0.082908807638763,1.26959381350776,TRUE,3976,"IL12RB2","Interleukin-12 receptor subunit beta-2","IL-12 RB2","Q99665"
"X2950.57",145,-0.082988703489734,1.01342449734046,TRUE,3977,"IGFBP4","Insulin-like growth factor-binding protein 4","IGFBP-4","P22692"
"X2570.72",146,-0.0831980378621644,1.1505845150712,TRUE,3978,"IGFBP2","Insulin-like growth factor-binding protein 2","IGFBP-2","P18065"
"X19808.26",144,-0.0833085474963625,1.33923292092424,TRUE,3979,"RAB3D","Ras-related protein Rab-3D","RAB3D","O95716"
"X8391.12",146,-0.0835952473689691,1.06612178946071,TRUE,3980,"DEFB115","Beta-defensin 115","DB115","Q30KQ5"
"X7920.30",145,-0.0840398163111452,1.26226715480683,TRUE,3981,"ST8SIA2","Alpha-2,8-sialyltransferase 8B","SIA8B","Q92186"
"X12845.18",146,-0.0840850105472621,0.935635942333129,TRUE,3982,"SNX17","Sorting nexin-17","SNX17","Q15036"
"X9877.28",146,-0.084258548681303,0.896109651114124,TRUE,3983,"CRKL","Crk-like protein","CRKL","P46109"
"X7145.1",145,-0.0842856974139526,1.07090495799702,TRUE,3984,"ITIH3","Inter-alpha-trypsin inhibitor heavy chain H3","ITIH3","Q06033"
"X2823.7",145,-0.0843783769951952,1.0292223438603,TRUE,3985,"COMMD7","COMM domain-containing protein 7","COMMD7","Q86VX2"
"X17408.2",145,-0.0844628509115532,1.07368680854261,TRUE,3986,"PMM1","Phosphomannomutase 1","PMM1","Q92871"
"X11677.17",144,-0.0852560817532331,1.06817169612702,TRUE,3987,"ZDHHC14","Probable palmitoyltransferase ZDHHC14","ZDH14","Q8IZN3"
"X20444.12",146,-0.0853267723063989,1.0496159637095,TRUE,3988,"TPPP3","Tubulin polymerization-promoting protein family member 3","TPPP3","Q9BW30"
"X9254.18",146,-0.0858820943353297,0.78481959095197,TRUE,3989,"FCER1A","High affinity immunoglobulin epsilon receptor subunit alpha","FCERA","P12319"
"X8220.15",146,-0.0859437967829886,1.11209272561714,TRUE,3990,"FAM241B","Uncharacterized protein C10orf35","CJ035","Q96D05"
"X4481.34",145,-0.0860081923812036,1.26825335227684,TRUE,3991,"C4A|C4B","Complement C4","C4","P0C0L4|P0C0L5"
"X10506.53",145,-0.0861774727232286,0.99490926832046,TRUE,3992,"PGRMC2","Membrane-associated progesterone receptor component 2","PGRC2","O15173"
"X3381.24",145,-0.0861814094753687,1.28617538027963,TRUE,3993,"LYN","Tyrosine-protein kinase Lyn, isoform B","LYNB","P07948"
"X10042.8",144,-0.0864077943062014,1.21065194538556,TRUE,3994,"SGK3","Serine/threonine-protein kinase Sgk3","SGK3","Q96BR1"
"X13625.19",145,-0.0866634910261912,0.881891825193696,TRUE,3995,"SSB","Lupus La protein:HTH La-type RNA-binding domain","LA:HTH","P05455"
"X25110.19",145,-0.0867404282792653,1.2398472039278,TRUE,3996,"EXOC7","Exocyst complex component 7","EXOC7","Q9UPT5"
"X6342.10",145,-0.0871398370975171,1.03441090704722,TRUE,3997,"NPNT","Nephronectin","Nephronectin","Q6UXI9"
"X22576.1",146,-0.0871932713480828,1.09243459818527,TRUE,3998,"CD209","CD209 antigen","DC-SIGN","Q9NNX6"
"X10637.50",146,-0.0872356917808483,0.950618776717819,TRUE,3999,"ELAPOR1","UPF0577 protein KIAA1324:Extracellular domain","K1324:ECD","Q6UXG2"
"X18397.5",136,-0.0872586651525959,1.15004197142113,TRUE,4000,"AKR1C4","Aldo-keto reductase family 1 member C4","AK1C4","P17516"
"X3504.58",145,-0.0874490436644864,1.00449610654188,TRUE,4001,"HAMP","Hepcidin","LEAP-1","P81172"
"X2938.55",146,-0.0874747887655268,1.25781143411846,TRUE,4002,"APOE","Apolipoprotein E (isoform E4)","Apo E4","P02649"
"X7757.5",142,-0.0876427477140456,1.14199367250795,TRUE,4003,"HLA-DQA2","HLA class II histocompatibility antigen, DQ alpha 2 chain","DQA2","P01906"
"X19230.12",142,-0.0876442171666894,0.935215681681274,TRUE,4004,"GSTT1","Glutathione S-transferase theta-1","GSTT1","P30711"
"X3367.8",144,-0.0877561068740643,1.32149384720971,TRUE,4005,"FETUB","Fetuin-B","FETUB","Q9UGM5"
"X10851.77",143,-0.0879461848807095,1.0489394781532,TRUE,4006,"EBI3","Interleukin-27 subunit beta","IL27B","Q14213"
"X18284.77",145,-0.0880631769983446,1.15622333277455,TRUE,4007,"WWC1","Protein KIBRA","WWC1","Q8IX03"
"X3346.72",145,-0.0880710505026248,1.26040611434485,TRUE,4008,"AURKB","Aurora kinase B","AURKB","Q96GD4"
"X2836.68",144,-0.0880999368963452,1.29464110943277,TRUE,4009,"LCN2","Neutrophil gelatinase-associated lipocalin","Lipocalin 2","P80188"
"X18276.34",145,-0.088208836827529,1.26931494133432,TRUE,4010,"TCL1B","T-cell leukemia/lymphoma protein 1B","TCL1B","O95988"
"X17151.84",144,-0.0884335422050909,1.25055015192787,TRUE,4011,"IRF3","Interferon regulatory factor 3","IRF-3","Q14653"
"X23265.15",146,-0.0888553810318963,1.21259467089353,TRUE,4012,"TPD52L2","Tumor protein D54","TPD54","O43399"
"X14079.14",145,-0.0902774223772425,1.02565862895515,TRUE,4013,"IL18R1","Interleukin-18 receptor 1","IL-18 Ra","Q13478"
"X22490.16",143,-0.090427027348712,0.883866569303493,TRUE,4014,"LCNL1","Lipocalin-like 1 protein","LCNL1","Q6ZST4"
"X20954.27",145,-0.0907637889664648,0.796031057441181,TRUE,4015,"RTL6","Protein LDOC1L","LDOCL","Q6ICC9"
"X10866.60",141,-0.0909394500519122,1.32619861377707,TRUE,4016,"PPP4R3A","Serine/threonine-protein phosphatase 4 regulatory subunit 3A","P4R3A","Q6IN85"
"X18893.26",146,-0.0910149666999603,0.964683784290786,TRUE,4017,"ADGRG1","Adhesion G-protein coupled receptor G1","GPR56","Q9Y653"
"X5834.18",144,-0.0911126161340694,1.15359025291542,TRUE,4018,"IL9","Interleukin-9","IL-9","P15248"
"X7196.21",142,-0.0915465948506219,1.19674380267526,TRUE,4019,"IFNW1","Interferon omega-1","IFN-w","P05000"
"X23326.10",145,-0.0919015103349586,1.30755050562764,TRUE,4020,"GSTA2","Glutathione S-transferase A2","GSTA2","P09210"
"X10041.3",145,-0.0920568308420303,1.29730013406575,TRUE,4021,"HNF4A","Hepatocyte nuclear factor 4-alpha","HNF4A","P41235"
"X22394.8",145,-0.0920707906769836,1.25873283433403,TRUE,4022,"TCF21","Transcription factor 21","TCF21","O43680"
"X5918.5",145,-0.0920918989992835,1.24100655232371,TRUE,4023,"PSME1","Proteasome activator complex subunit 1","PSME1","Q06323"
"X6938.21",146,-0.0925421022795198,0.968507969234301,TRUE,4024,"PCDHGA12","Protocadherin gamma-A12","PCDGC","O60330"
"X21733.11",145,-0.0926355322675254,1.13295715000682,TRUE,4025,"OGT","UDP-N-acetylglucosamine--peptide N-acetylglucosaminyltransferase 110 kDa subunit","OGT1","O15294"
"X21862.145",146,-0.0927773428612196,1.22579240358064,TRUE,4026,"LASP1","LIM and SH3 domain protein 1","LASP-1","Q14847"
"X16882.27",145,-0.0927969387875615,1.16651946206525,TRUE,4027,"PHPT1","14 kDa phosphohistidine phosphatase","PHP14","Q9NRX4"
"X2763.66",146,-0.0929161733684523,1.12362956082264,TRUE,4028,"FGF20","Fibroblast growth factor 20","FGF-20","Q9NP95"
"X13748.4",146,-0.0935370542480207,0.941249811946736,TRUE,4029,"CCL8","C-C motif chemokine 8","MCP-2","P80075"
"X13655.34",145,-0.0943344231575508,1.3860278802154,TRUE,4030,"NCL","Nucleolin","Nucleolin","P19338"
"X18321.38",146,-0.0944703037688626,1.37682685326498,TRUE,4031,"MTHFD2","Bifunctional methylenetetrahydrofolate dehydrogenase/cyclohydrolase, mitochondrial","MTDC","P13995"
"X13707.27",146,-0.0946901187386477,1.28952714830524,TRUE,4032,"SPARCL1","SPARC-like protein 1","SPARCL1","Q14515"
"X15462.28",146,-0.0947363955743919,1.3493347735106,TRUE,4033,"CD8A","T-cell surface glycoprotein CD8 alpha chain","CD8A","P01732"
"X7244.16",145,-0.0948164886602078,0.827341061940411,TRUE,4034,"IGFLR1","IGF-like family receptor 1","TM149","Q9H665"
"X18327.6",145,-0.0948204254045989,1.29337355779052,TRUE,4035,"SNX5","Sorting nexin-5","SNX5","Q9Y5X3"
"X20913.27",144,-0.0951739771781814,1.16521909267654,TRUE,4036,"EIF1","Eukaryotic translation initiation factor 1","EIF1","P41567"
"X14135.3",144,-0.0951779965192506,1.2613355454141,TRUE,4037,"RXFP1","Relaxin receptor 1","RXFP1","Q9HBX9"
"X13013.41",146,-0.0953341380360882,1.04802929061076,TRUE,4038,"PRKN","E3 ubiquitin-protein ligase parkin","PRKN2","O60260"
"X8998.15",145,-0.0955666265774074,0.747298483946655,TRUE,4039,"HS3ST4","Heparan sulfate glucosamine 3-O-sulfotransferase 4","HS3S4","Q9Y661"
"X22431.164",144,-0.095720607563596,1.18593655398687,TRUE,4040,"SRFBP1","Serum response factor-binding protein 1","SRFB1","Q8NEF9"
"X12593.33",146,-0.0958740344531042,1.29794560844057,TRUE,4041,"PDRG1","p53 and DNA damage-regulated protein 1","PDRG1","Q9NUG6"
"X22115.2",145,-0.095889440252897,1.18850653234951,TRUE,4042,"CREBL2","cAMP-responsive element-binding protein-like 2","CRBL2","O60519"
"X6990.44",143,-0.0959140243914952,1.20426865979547,TRUE,4043,"SDF2L1","Stromal cell-derived factor 2-like protein 1","SDF2L","Q9HCN8"
"X6510.56",144,-0.0961744065466764,1.1791153850841,TRUE,4044,"RNF128","E3 ubiquitin-protein ligase RNF128:region 1","RN128:region 1","Q8TEB7"
"X20935.4",145,-0.0966273910801246,1.15593774691694,TRUE,4045,"PDCL3","Phosducin-like protein 3","PDCL3","Q9H2J4"
"X10705.14",143,-0.0967539370159533,1.27959017557443,TRUE,4046,"ST6GALNAC3","Alpha-N-acetylgalactosaminide alpha-2,6-sialyltransferase 3","SIA7C","Q8NDV1"
"X20374.41",143,-0.0969427331940619,1.32976229420191,TRUE,4047,"COQ9","Ubiquinone biosynthesis protein COQ9, mitochondrial","COQ9","O75208"
"X10620.21",140,-0.0971843460575378,1.21525254520321,TRUE,4048,"MSMB","Beta-microseminoprotein","PSP-94","P08118"
"X11265.8",145,-0.097775144528013,1.30288400472821,TRUE,4049,"ALDH1A1","Retinal dehydrogenase 1","Retinal dehydrogenase 1","P00352"
"X19122.47",142,-0.0981186091498008,1.14276198666779,TRUE,4050,"MYL12B","Myosin regulatory light chain 12B","ML12B","O14950"
"X7822.11",144,-0.0983020464269422,1.01393286295322,TRUE,4051,"PLAAT2","HRAS-like suppressor 2","HRSL2","Q9NWW9"
"X3864.5",146,-0.0985310961054186,0.839081366430578,TRUE,4052,"RPS7","40S ribosomal protein S7","RS7","P62081"
"X5339.49",142,-0.0985656321781265,1.07663522640185,TRUE,4053,"S100A9","Protein S100-A9","calgranulin B","P06702"
"X24643.21",140,-0.0987541195844004,1.23999356258043,TRUE,4054,"CRYL1","Lambda-crystallin homolog","CRYL1","Q9Y2S2"
"X6231.46",145,-0.0992750470933975,1.18650829622533,TRUE,4055,"STC2","Stanniocalcin-2","STC2","O76061"
"X18206.18",145,-0.100438159650732,0.848597464716145,TRUE,4056,"ADH6","Alcohol dehydrogenase 6","ADH6","P28332"
"X11368.32",146,-0.10055185126625,0.902972631245436,TRUE,4057,"AK2","Adenylate kinase 2, mitochondrial","KAD2","P54819"
"X15594.47",146,-0.100806373862843,1.24521164019241,TRUE,4058,"HTRA1","Serine protease HTRA1","HTRA1","Q92743"
"X4792.51",146,-0.101257573011349,1.04957533324898,TRUE,4059,"env","gp41 C34 peptide, HIV","C34 gp41 HIV Fragment","Q70626"
"X22469.103",143,-0.101342504996942,1.31341080829914,TRUE,4060,"HMX2","Homeobox protein HMX2","HMX2","A2RU54"
"X10616.67",143,-0.101521248848238,1.20561809973204,TRUE,4061,"PODXL2","Podocalyxin-like protein 2","PDXL2","Q9NZ53"
"X25437.18",143,-0.101617490734622,1.25528799483956,TRUE,4062,"ANKMY2","Ankyrin repeat and MYND domain-containing protein 2","ANKY2","Q8IV38"
"X9937.7",137,-0.101892217357617,1.2315578460925,TRUE,4063,"GJA1","Gap junction alpha-1 protein","CXA1","P17302"
"X2889.37",142,-0.102003776598086,1.28860240436425,TRUE,4064,"CTF1","Cardiotrophin-1","Cardiotrophin-1","Q16619"
"X3506.49",142,-0.102172295633403,1.25300955090518,TRUE,4065,"LTA|LTB","Lymphotoxin alpha2:beta1","Lymphotoxin a2/b1","P01374|Q06643"
"X25285.14",139,-0.102193760585599,1.02826641055746,TRUE,4066,"KBTBD11","Kelch repeat and BTB domain-containing protein 11","KBTBB","O94819"
"X2571.12",144,-0.102282387413006,1.26883099423729,TRUE,4067,"IGFBP3","Insulin-like growth factor-binding protein 3","IGFBP-3","P17936"
"X13431.74",143,-0.1025450545662,1.12037357725532,TRUE,4068,"SHISAL2A","Membrane protein FAM159A","F159A","Q6UWV7"
"X18174.79",144,-0.103047866332793,1.10516082917423,TRUE,4069,"PDCD6IP","Programmed cell death 6-interacting protein","PDC6I","Q8WUM4"
"X21359.17",145,-0.10340076333624,1.02046548204739,TRUE,4070,"NREP","Neuronal regeneration-related protein","NREP","Q16612"
"X20521.83",146,-0.103494286738987,1.07193335905654,TRUE,4071,"CD28","CD28","CD28","P10747"
"X5125.6",140,-0.104263620140663,1.06237115140327,TRUE,4072,"SIGLEC14","Sialic acid-binding Ig-like lectin 14","SIG14","Q08ET2"
"X10551.7",140,-0.104317152485736,0.913872949503471,TRUE,4073,"LAT","Linker for activation of T-cells family member 1","LAT","O43561"
"X4971.1",141,-0.105143277945943,0.993656278748367,TRUE,4074,"CTSZ","Cathepsin Z","CATZ","Q9UBR2"
"X5346.24",146,-0.105183391243651,0.974602806858748,TRUE,4075,"CPNE1","Copine-1:Ca2+-dependent membrane-targeting module domains 1 and 2","CPNE1:C2, 1 and 2","Q99829"
"X8803.61",146,-0.105345360168756,1.08865833805263,TRUE,4076,"NECTIN1","Nectin-1, isoform gamma:Cytoplasmic domain","nectin-1 gamma:CD","Q15223"
"X14136.234",146,-0.10551118549684,1.14657772627292,TRUE,4077,"CD93","Complement component C1q receptor","C1QR1","Q9NPY3"
"X23402.147",143,-0.105719920295015,1.01627957693396,TRUE,4078,"GDAP1L1","Ganglioside-induced differentiation-associated protein 1-like 1","GD1L1","Q96MZ0"
"X4588.1",139,-0.105901858393831,1.00673865481512,TRUE,4079,"PPY","Pancreatic hormone","PH","P01298"
"X2869.68",144,-0.106110604227543,1.25900644226677,TRUE,4080,"PRKCD","Protein kinase C delta type","PKC-D","Q05655"
"X12366.16",146,-0.106386588973001,1.13882634244565,TRUE,4081,"CRYGD","Gamma-crystallin D","CRGD","P07320"
"X19640.2",145,-0.106506860774792,1.09162181683975,TRUE,4082,"PTH","Parathyroid Hormone1-34","Parathyroid Hormone1-34","P01270"
"X10521.10",146,-0.106617973151722,1.08842480924183,TRUE,4083,"MXRA8","Matrix-remodeling-associated protein 8:Extracellular domain","MXRA8:ECD","Q9BRK3"
"X2843.13",145,-0.106715508638218,1.14487229820866,TRUE,4084,"SPINT2","Kunitz-type protease inhibitor 2","SPINT2","O43291"
"X12376.85",145,-0.106788128353614,0.904784930176165,TRUE,4085,"CDKN2D","Cyclin-dependent kinase 4 inhibitor D","p19-INK4d","P55273"
"X24259.24",145,-0.106858989752654,1.295418939029,TRUE,4086,"FOXP4","Forkhead box protein P4","FOXP4","Q8IVH2"
"X8080.24",145,-0.107132804365071,1.09876815589431,TRUE,4087,"MSMP","Prostate-associated microseminoprotein","PSMP","Q1L6U9"
"X11406.82",144,-0.107213697886836,1.15376389375947,TRUE,4088,"ACAD8","Isobutyryl-CoA dehydrogenase, mitochondrial","ACAD8","Q9UKU7"
"X16854.17",146,-0.107393110150438,0.981461077562269,TRUE,4089,"LSM4","U6 snRNA-associated Sm-like protein LSm4","LSM4","Q9Y4Z0"
"X17335.18",144,-0.107631275912033,0.91612097954146,TRUE,4090,"VAMP2","Vesicle-associated membrane protein 2","VAMP2","P63027"
"X2855.49",143,-0.107685867140573,1.11094751711155,TRUE,4091,"MAPK3","Mitogen-activated protein kinase 3","ERK-1","P27361"
"X16780.6",146,-0.108669579536383,1.13786946907205,TRUE,4092,"HSPA1A","Heat shock 70 kDa protein 1A","HSP 70","P0DMV8"
"X3874.8",145,-0.108921843813603,0.8542496294937,TRUE,4093,"UBE2L3","Ubiquitin-conjugating enzyme E2 L3","UB2L3","P68036"
"X3479.71",143,-0.108955916092412,1.07345924950995,TRUE,4094,"PRSS3","Trypsin-3","TRY3","P35030"
"X3457.57",146,-0.109390726893397,1.06512332001338,TRUE,4095,"POSTN","Periostin","Periostin","Q15063"
"X9745.20",146,-0.109683813519778,1.24418442762957,TRUE,4096,"EIF4E2","Eukaryotic translation initiation factor 4E type 2","IF4E2","O60573"
"X3004.67",146,-0.109718521146586,1.24729842476314,TRUE,4097,"PDCD1LG2","Programmed cell death 1 ligand 2","PD-L2","Q9BQ51"
"X20519.7",146,-0.109938336116371,1.27947075212205,TRUE,4098,"CD6","CD6","CD6","P30203"
"X25500.6",146,-0.110030889787859,1.01941906108622,TRUE,4099,"RAB11FIP3","Rab11 family-interacting protein 3","RFIP3","O75154"
"X13495.48",137,-0.110336297229807,1.22988102705545,TRUE,4100,"HCAR2","Hydroxycarboxylic acid receptor 2","HCAR2","Q8TDS4"
"X14748.31",145,-0.110681132833106,1.05216869366503,TRUE,4101,"ARHGAP5","Rho GTPase-activating protein 5","RHG05","Q13017"
"X17711.13",145,-0.110692943019786,1.22745810370522,TRUE,4102,"VAMP1","Vesicle-associated membrane protein 1","VAMP1","P23763"
"X23665.35",143,-0.110820622161662,0.936806482575644,TRUE,4103,"PSMC3","26S protease regulatory subunit 6A","PRS6A","P17980"
"X25433.25",135,-0.110972358738838,1.34284592971311,TRUE,4104,"NSUN6","Putative methyltransferase NSUN6","NSUN6","Q8TEA1"
"X13959.7",146,-0.111072118592104,1.14355577980813,TRUE,4105,"LAP3","Cytosol aminopeptidase","LAP","P28838"
"X16296.43",144,-0.111367902346089,1.32703551320518,TRUE,4106,"LGR5","Leucine-rich repeat-containing G-protein coupled receptor 5","LGR5","O75473"
"X22417.10",145,-0.111624638556944,1.2025633469901,TRUE,4107,"CBLC","E3 ubiquitin-protein ligase CBL-C","CBLC","Q9ULV8"
"X11215.6",137,-0.111791530336481,1.12982289195889,TRUE,4108,"CDH15","Cadherin-15:Cytoplasmic domain","CAD15:CD","P55291"
"X7970.315",146,-0.112121060202307,1.11123788193397,TRUE,4109,"ART3","Ecto-ADP-ribosyltransferase 3","NAR3","Q13508"
"X22075.16",145,-0.112278139412204,1.19645637447388,TRUE,4110,"ATF3","Cyclic AMP-dependent transcription factor ATF-3","ATF3","P18847"
"X4479.14",146,-0.112687951440174,1.06690272634273,TRUE,4111,"SERPING1","Plasma protease C1 inhibitor","C1-Esterase Inhibitor","P05155"
"X10974.20",143,-0.11288369745002,1.29661964018892,TRUE,4112,"SPINK7","Serine protease inhibitor Kazal-type 7","ISK7","P58062"
"X18299.13",146,-0.113216278648254,1.13313237924569,TRUE,4113,"CAPNS1","Calpain small subunit 1","CPNS1","P04632"
"X13485.20",145,-0.113470975310659,1.20668123918872,TRUE,4114,"TMEM87B","Transmembrane protein 87B","TM87B","Q96K49"
"X3283.21",146,-0.113501652468676,1.17330723970117,TRUE,4115,"TGFBI","Transforming growth factor-beta-induced protein ig-h3","BGH3","Q15582"
"X8326.63",145,-0.113590822661475,1.19259273551321,TRUE,4116,"SIGIRR","Single Ig IL-1-related receptor","SIGIRR","Q6IA17"
"X6321.65",146,-0.11366747779676,1.00524073336588,TRUE,4117,"PCDHGA10","Protocadherin gamma-A10","PCDGA","Q9Y5H3"
"X13230.174",145,-0.113876460781091,1.30633031604264,TRUE,4118,"IGHG2","Ig gamma-2, Kappa","IgG2, Kappa","P01859"
"X21758.65",145,-0.113933319423503,1.01962701448594,TRUE,4119,"SENP2","Sentrin-specific protease 2","SENP2","Q9HC62"
"X23343.6",143,-0.114613880241413,1.08754590348025,TRUE,4120,"ROGDI","Protein rogdi homolog","ROGDI","Q9GZN7"
"X10615.18",146,-0.115522407629508,0.992119433544518,TRUE,4121,"MPZ","Myelin protein P0","MYP0","P25189"
"X25464.1",145,-0.11553557439069,0.877819153918539,TRUE,4122,"CYP2C19","Cytochrome P450 2C19","CP2CJ","P33261"
"X5102.55",145,-0.115783589287331,1.22235798602193,TRUE,4123,"MICB","MHC class I polypeptide-related sequence B","MICB","Q29980"
"X21109.1",146,-0.115827063464824,1.28854584577222,TRUE,4124,"CFAP36","Cilia- and flagella-associated protein 36","CFA36","Q96G28"
"X15556.49",145,-0.115884204372551,1.07941089741627,TRUE,4125,"AMY2B","Alpha-amylase 2B","Alpha-amylase 2B","P19961"
"X12787.47",146,-0.116008314404822,1.17026827596727,TRUE,4126,"ZNF134","Zinc finger protein 134","ZN134","P52741"
"X23030.4",137,-0.116110497856461,1.12827645141965,TRUE,4127,"SIGLEC5","Sialic acid-binding Ig-like lectin 5","Siglec-5","O15389"
"X12637.7",140,-0.116172064644521,1.37337152693792,TRUE,4128,"CRAT","Carnitine O-acetyltransferase","CACP","P43155"
"X22114.4",143,-0.116624974091776,1.22646074232019,TRUE,4129,"LAS2","Uncharacterized protein C18orf54","CR054","Q8IYD9"
"X4829.43",134,-0.116797023085058,1.21993876501563,TRUE,4130,"SFN","14-3-3 protein sigma","STRATIFIN","P31947"
"X13085.18",146,-0.117118958462684,1.17189428817015,TRUE,4131,"GLP1R","Glucagon-like peptide 1 receptor:Cytoplasmic domain","GLP1R:CD","P43220"
"X23202.78",146,-0.117292496596724,1.3004237470107,TRUE,4132,"ART5","Ecto-ADP-ribosyltransferase 5","NAR5","Q96L15"
"X22514.12",146,-0.117651142073742,0.918309191216405,TRUE,4133,"NKD2","Protein naked cuticle homolog 2","NKD2","Q969F2"
"X24684.7",144,-0.117678267824773,1.34368315836025,TRUE,4134,"GIMAP4","GTPase IMAP family member 4","GIMA4","Q9NUV9"
"X19117.3",145,-0.117793529160507,1.11374050154893,TRUE,4135,"PPP1R14A","Protein phosphatase 1 regulatory subunit 14A","PP14A","Q96A00"
"X15467.10",145,-0.11802359684588,1.16740648905973,TRUE,4136,"CTHRC1","Collagen triple helix repeat-containing protein 1","CTHR1","Q96CG8"
"X4140.3",146,-0.118063777192461,1.06541825397731,TRUE,4137,"IL7","Interleukin-7","IL-7","P13232"
"X12934.1",146,-0.118700083683945,0.945294875599244,TRUE,4138,"HERC5","E3 ISG15--protein ligase HERC5","HERC5","Q9UII4"
"X4496.60",130,-0.118889714398095,1.0938661740874,TRUE,4139,"MMP12","Macrophage metalloelastase","MMP-12","P39900"
"X21592.8",145,-0.119080847110326,1.10345857994535,TRUE,4140,"GBA3","Cytosolic beta-glucosidase","GBA3","Q9H227"
"X9918.23",141,-0.1191753989746,1.21726111850844,TRUE,4141,"CALB1","Calbindin","Calbindin D28","P05937"
"X4146.58",143,-0.119384852800545,1.26867326151034,TRUE,4142,"NTF4","Neurotrophin-4","Neurotrophin-5","P34130"
"X9849.13",146,-0.120165516815845,1.33041280980131,TRUE,4143,"APEX1","DNA-(apurinic or apyrimidinic site) lyase","APEX1","P27695"
"X5004.69",135,-0.120331707317073,1.12622981594408,TRUE,4144,"MAPK11","Mitogen-activated protein kinase 11","MK11","Q15759"
"X25452.16",144,-0.1204958259143,1.13611914377633,TRUE,4145,"MSANTD2","Myb/SANT-like DNA-binding domain-containing protein 2","MSD2","Q6P1R3"
"X25220.8",137,-0.121557095848211,1.04285970225524,TRUE,4146,"CYSRT1","Cysteine-rich tail protein 1","CRTP1","A8MQ03"
"X22844.4",141,-0.121659980562489,1.19732594790707,TRUE,4147,"ZSWIM7","Zinc finger SWIM domain-containing protein 7","ZSWM7","Q19AV6"
"X11629.36",144,-0.121994549795416,1.28842854385047,TRUE,4148,"TRAF4","TNF receptor-associated factor 4","TRAF4","Q9BUZ4"
"X4544.4",146,-0.122012733842636,1.17410076507613,TRUE,4149,"PPBP","Connective tissue-activating peptide III","CTAP-III","P02775"
"X17760.128",143,-0.122089563265189,1.38983883037953,TRUE,4150,"WDR5","WD repeat-containing protein 5","WDR5","P61964"
"X7070.25",145,-0.122184735667298,1.0398811455568,TRUE,4151,"KEL","Kell blood group glycoprotein","KELL","P23276"
"X2790.54",146,-0.122217123200506,1.14984135335906,TRUE,4152,"PPBP","Neutrophil-activating peptide 2","NAP-2","P02775"
"X17165.1",146,-0.122240261618378,1.17971747035083,TRUE,4153,"PPBP","Beta-thromboglobulin","BTG","P02775"
"X11102.22",144,-0.122262572021713,1.3090094441705,TRUE,4154,"REG4","Regenerating islet-derived protein 4","REG4","Q9BYZ8"
"X16792.4",137,-0.122276235306198,1.1622890633559,TRUE,4155,"SIGLEC5","Sialic acid-binding Ig-like lectin 5","Siglec-5","O15389"
"X14127.240",141,-0.122336963967667,1.26599353797782,TRUE,4156,"IFNB1","Interferon beta","IFN-b","P01574"
"X24956.1",146,-0.122598907095396,1.20080505003049,TRUE,4157,"METTL3","N6-adenosine-methyltransferase 70 kDa subunit","MTA70","Q86U44"
"X4703.87",145,-0.12282248825866,1.17975673329755,TRUE,4158,"LTA","Lymphotoxin-alpha","TNF-b","P01374"
"X18907.97",146,-0.122841860483053,1.20478145095336,TRUE,4159,"KIR3DL1","Killer cell immunoglobulin-like receptor 3DL1","KI3L1","P43629"
"X25235.2",145,-0.123164985020688,1.00925185877339,TRUE,4160,"DPH7","Diphthine methyltransferase","DPH7","Q9BTV6"
"X2708.54",146,-0.123250639198794,1.00577817834229,TRUE,4161,"TNFSF18","Tumor necrosis factor ligand superfamily member 18","TNFSF18","Q9UNG2"
"X3209.69",144,-0.123365635437726,1.20970419047682,TRUE,4162,"MEPE","Matrix extracellular phosphoglycoprotein","MEPE","Q9NQ76"
"X8954.30",132,-0.123624001022786,1.11653391449655,TRUE,4163,"MAP4K1","Mitogen-activated protein kinase kinase kinase kinase 1","M4K1","Q92918"
"X7825.7",145,-0.123704319002272,1.17498997814495,TRUE,4164,"ABHD12","Monoacylglycerol lipase ABHD12","ABD12","Q8N2K0"
"X22862.44",144,-0.123823840319618,1.08552679685251,TRUE,4165,"PPM1M","Protein phosphatase 1M","PPM1M","Q96MI6"
"X18387.7",146,-0.124037345406446,0.938323117549859,TRUE,4166,"ST13","Hsc70-interacting protein","suppression of tumorigenicity 13","P50502"
"X22531.44",146,-0.124311150017932,1.15135161182132,TRUE,4167,"PITX2","Pituitary homeobox 2","PITX2","Q99697"
"X12721.4",146,-0.124496257360909,0.842301744683144,TRUE,4168,"TAX1BP1","Tax1-binding protein 1","TAXB1","Q86VP1"
"X13536.56",146,-0.12461194945027,0.955286734783816,TRUE,4169,"POLI","DNA polymerase iota","POLI","Q9UNA4"
"X25255.4",145,-0.124651351388591,0.869070374621931,TRUE,4170,"TMUB1","Transmembrane and ubiquitin-like domain-containing protein 1","TMUB1","Q9BVT8"
"X2609.59",146,-0.125776583149833,0.844504997458213,TRUE,4171,"CST3","Cystatin-C","Cystatin C","P01034"
"X21365.5",144,-0.125841549536369,1.20741023468735,TRUE,4172,"CYTH3","Cytohesin-3","CYH3","O43739"
"X19316.2",146,-0.125857567612385,1.05910362157372,TRUE,4173,"HSCB","Iron-sulfur cluster co-chaperone protein HscB, mitochondrial","HSC20","Q8IWL3"
"X23401.3",143,-0.126037865946505,1.32750351458948,TRUE,4174,"DAZAP1","DAZ-associated protein 1","DAZP1","Q96EP5"
"X19251.56",146,-0.126478448491954,1.17087431616292,TRUE,4175,"SRGN","Serglycin","Platelet proteoglycan","P10124"
"X22015.2",142,-0.126678207508813,1.07959957208687,TRUE,4176,"TRIM21","E3 ubiquitin-protein ligase TRIM21","RO52","P19474"
"X5717.2",146,-0.126798529939185,1.35383051181236,TRUE,4177,"CILP","Cartilage intermediate layer protein 1","CILP","O75339"
"X2578.67",143,-0.12684126065561,1.23679008459524,TRUE,4178,"CCL2","C-C motif chemokine 2","MCP-1","P13500"
"X13095.51",145,-0.127111821476164,1.19154482007099,TRUE,4179,"REG1A","Lithostathine-1-alpha","PSP","P05451"
"X6645.53",146,-0.127172601028117,1.09265654472386,TRUE,4180,"POSTN","Periostin","Periostin","Q15063"
"X7958.15",144,-0.127229976185452,0.950754617092678,TRUE,4181,"KIRREL2","Kin of IRRE-like protein 2","KIRR2","Q6UWL6"
"X18833.76",143,-0.127718300263288,1.21298956758874,TRUE,4182,"PEA15","Astrocytic phosphoprotein PEA-15","PEA15","Q15121"
"X21237.24",134,-0.12796941363667,1.1325902920631,TRUE,4183,"PADI4","Protein-arginine deiminase type-4","PADI4","Q9UM07"
"X4413.3",145,-0.128092072759053,1.12631806247623,TRUE,4184,"SLPI","Antileukoproteinase","SLPI","P03973"
"X24702.31",144,-0.128195131362378,1.1021023407981,TRUE,4185,"CCDC149","Coiled-coil domain-containing protein 149","CC149","Q6ZUS6"
"X8310.6",138,-0.128467306620877,1.23382943163086,TRUE,4186,"ZG16B","Zymogen granule protein 16 homolog B","U773","Q96DA0"
"X11969.5",143,-0.128487584650113,1.22869422420325,TRUE,4187,"S100A2","Protein S100-A2","S100A2","P29034"
"X19448.104",145,-0.128840055665675,1.3049170384895,TRUE,4188,"UPP1","Uridine phosphorylase 1","UPP1","Q16831"
"X12871.10",144,-0.128862343320746,1.25379891518036,TRUE,4189,"TWF1","Twinfilin-1","TWF1","Q12792"
"X17475.18",146,-0.128977397622142,0.976742881967299,TRUE,4190,"PBK","Lymphokine-activated killer T-cell-originated protein kinase","TOPK","Q96KB5"
"X21662.121",145,-0.128981778742719,1.14841970048812,TRUE,4191,"DYRK3","Dual specificity tyrosine-phosphorylation-regulated kinase 3","DYRK3","O43781"
"X6385.63",145,-0.129046481141026,1.05936073009174,TRUE,4192,"VWA1","von Willebrand factor A domain-containing protein 1","VWA1","Q6PCB0"
"X3189.61",146,-0.129347612308096,1.28383358978844,TRUE,4193,"TMPRSS15","Enteropeptidase","Enterokinase","P98073"
"X21154.8",145,-0.129371517204591,0.967705192096931,TRUE,4194,"CAB39L","Calcium-binding protein 39-like","CB39L","Q9H9S4"
"X22800.24",146,-0.129578996486817,1.03094008458192,TRUE,4195,"TCAP","Telethonin","TELT","O15273"
"X11647.6",145,-0.130064385581252,1.30613272420446,TRUE,4196,"FZD10","Frizzled-10:Cytoplasmic domain","Frizzled-10:CD","Q9ULW2"
"X22118.7",145,-0.130187624499051,1.11711109747506,TRUE,4197,"CSAG2","Chondrosarcoma-associated gene 2/3 protein","CSAG2","Q9Y5P2"
"X4148.49",144,-0.130228922030656,1.2735291778713,TRUE,4198,"PAPPA","Pappalysin-1","PAPP-A","Q13219"
"X9837.60",143,-0.13056076569163,1.2261275582519,TRUE,4199,"NQO1","NAD(P)H dehydrogenase [quinone] 1","NAD(P)H dehydrogenase","P15559"
"X23350.66",145,-0.130723534251645,1.36096567174825,TRUE,4200,"FAM118B","Protein FAM118B","F118B","Q9BPY3"
"X3820.68",143,-0.130843959958793,1.06521362639851,TRUE,4201,"MAPKAPK2","MAP kinase-activated protein kinase 2","MAPK2","P49137"
"X4920.10",145,-0.131099751394102,1.19407483993732,TRUE,4202,"LYZ","Lysozyme C","Lysozyme","P61626"
"X8876.51",146,-0.131175547319993,1.30408213440535,TRUE,4203,"NRXN2","Neurexin-2-beta","NRX2B","P58401"
"X11546.7",146,-0.13118326012595,1.03193441774935,TRUE,4204,"CYGB","Cytoglobin","CYGB","Q8WWM9"
"X7812.11",140,-0.131195258766798,1.02762505917625,TRUE,4205,"S100A9","Protein S100-A9","calgranulin B","P06702"
"X15304.1",144,-0.131211389204854,1.19462033038715,TRUE,4206,"REG3A","Regenerating islet-derived protein 3-alpha","PAP1","Q06141"
"X25463.3",146,-0.131221824155737,1.20495307919575,TRUE,4207,"PRKAR2B","cAMP-dependent protein kinase type II-beta regulatory subunit","KAP3","P31323"
"X24679.35",146,-0.131383793080842,1.35163490977512,TRUE,4208,"ETV7","Transcription factor ETV7","ETV7","Q9Y603"
"X11147.17",145,-0.131467578941567,1.15477034116412,TRUE,4209,"TREML1","Trem-like transcript 1 protein:immunoreceptor tyrosine-based inhibition motif","TRML1:ITIM","Q86YW5"
"X11590.5",145,-0.131796556522903,0.784385773351063,TRUE,4210,"RBM23","Probable RNA-binding protein 23","RBM23","Q86U06"
"X9436.2",146,-0.13185813064722,1.16888824259927,TRUE,4211,"ID1","DNA-binding protein inhibitor ID-1","ID-1","P41134"
"X14021.81",145,-0.131969773617068,0.907585963373608,TRUE,4212,"MED4","Mediator of RNA polymerase II transcription subunit 4","MED4","Q9NPJ6"
"X12781.2",146,-0.132047094393176,1.35320155146289,TRUE,4213,"TARBP2","RISC-loading complex subunit TARBP2","TRBP2","Q15633"
"X17799.9",145,-0.132052445412011,0.964156346282922,TRUE,4214,"PGLS","6-phosphogluconolactonase","6PGL","O95336"
"X21360.27",145,-0.132296524044698,1.10269202172588,TRUE,4215,"SPECC1","Sperm antigen with calponin homology and coiled-coil domains 1","SPEC1","Q5M775"
"X6433.57",144,-0.132342567750882,1.13474387888326,TRUE,4216,"FAM20A","Pseudokinase FAM20A","FA20A","Q96MK3"
"X2441.2",144,-0.132453365595244,1.04404208302208,TRUE,4217,"FGF10","Fibroblast growth factor 10","FGF-10","O15520"
"X13476.16",146,-0.132675688078701,1.25772762268195,TRUE,4218,"KIN","DNA/RNA-binding protein KIN17","KIN17","O60870"
"X18328.36",144,-0.132712879803373,1.27838834890098,TRUE,4219,"PYCR2","Pyrroline-5-carboxylate reductase 2","P5CR2","Q96C36"
"X21193.1",146,-0.132818374988913,1.18280284450272,TRUE,4220,"TFB2M","Dimethyladenosine transferase 2, mitochondrial","TFB2M","Q9H5Q4"
"X4209.60",144,-0.132950021403034,1.26260928857139,TRUE,4221,"VTA1","Vacuolar protein sorting-associated protein VTA1 homolog","DRG-1","Q9NP79"
"X6962.5",144,-0.133086679274025,1.30649372599007,TRUE,4222,"HLA-DRB3","HLA class II histocompatibility antigen, DR beta 3 chain","DRB3","P79483"
"X18814.21",143,-0.133113618360839,1.17512798389043,TRUE,4223,"INHBA|INHBC","Inhibin beta A chain:Inhibin beta C chain heterodimer","Activin AC","P08476|P55103"
"X6252.62",144,-0.133408227205769,1.17759984176129,TRUE,4224,"SCGB3A1","Secretoglobin family 3A member 1","Secretoglobin family 3A member 1","Q96QR1"
"X24910.18",146,-0.133427686659545,1.33352753744246,TRUE,4225,"NONO","Non-POU domain-containing octamer-binding protein","NonO protein","Q15233"
"X7854.38",143,-0.133569191747144,1.36961137761834,TRUE,4226,"NCR3LG1","Natural cytotoxicity triggering receptor 3 ligand 1","NR3L1","Q68D85"
"X9394.19",146,-0.133605081196565,1.25630448188569,TRUE,4227,"CPQ","Carboxypeptidase Q","Aminopeptidase","Q9Y646"
"X16770.3",145,-0.13393198093041,1.21936751210805,TRUE,4228,"REG1B","Lithostathine-1-beta","REG1B","P48304"
"X5888.29",135,-0.134039024390244,1.16192558342019,TRUE,4229,"EIF5A","Eukaryotic translation initiation factor 5A-1","eIF-5A-1","P63241"
"X19584.33",146,-0.134133408404645,1.07788199389077,TRUE,4230,"FGF9","Fibroblast growth factor 9","FGF9","P31371"
"X13738.8",145,-0.134170418063394,1.13153920719035,TRUE,4231,"INHBA","Inhibin beta A chain","Inhibin bA chain","P08476"
"X8967.6",146,-0.134341654165494,1.18498237706139,TRUE,4232,"DUSP26","Dual specificity protein phosphatase 26","DUS26","Q9BV47"
"X8323.163",145,-0.1343869394311,1.08837095728057,TRUE,4233,"TFF3","Trefoil factor 3","TFF3","Q07654"
"X2917.3",145,-0.134506745611514,1.03253260335912,TRUE,4234,"TNFSF11","Tumor necrosis factor ligand superfamily member 11","sRANKL","O14788"
"X9826.135",146,-0.134688730433575,1.07352779705417,TRUE,4235,"FHIT","Bis(5'-adenosyl)-triphosphatase","Fragile histidine triad protein","P49789"
"X9941.70",144,-0.134695616524249,0.838022803335285,TRUE,4236,"PCDHB1","Protocadherin beta-1","PCDB1","Q9Y5F3"
"X13580.2",144,-0.134941337717095,1.21333698127622,TRUE,4237,"UAP1","UDP-N-acetylhexosamine pyrophosphorylase","Sperm-associated antigen 2","Q16222"
"X9598.23",145,-0.13501852238236,1.29740783993035,TRUE,4238,"CSMD1","CUB and sushi domain-containing protein 1","CSMD1","Q96PZ7"
"X6653.58",144,-0.135258865661563,1.04138750923253,TRUE,4239,"CD47","Leukocyte surface antigen CD47","CD47","Q08722"
"X13114.50",146,-0.135448441820376,1.34433575685793,TRUE,4240,"LUM","Lumican","Lumican","P51884"
"X6392.7",146,-0.135448441820376,1.11764105607399,TRUE,4241,"CCN5","WNT1-inducible-signaling pathway protein 2","WISP-2","O76076"
"X15436.40",144,-0.135527616781485,0.992282328382734,TRUE,4242,"RAMP1","Receptor activity-modifying protein 1","RAMP1","O60894"
"X12768.3",138,-0.135629328395186,1.09530746832208,TRUE,4243,"PPP1R3B","Protein phosphatase 1 regulatory subunit 3B","PPR3B","Q86XI6"
"X9808.41",144,-0.135634401471076,1.04255128040392,TRUE,4244,"TNRC6B","Trinucleotide repeat-containing gene 6B protein","TNR6B","Q9UPQ9"
"X3388.58",146,-0.135934348595691,1.0375413345169,TRUE,4245,"PAK5","Serine/threonine-protein kinase PAK 5","PAK7","Q9P286"
"X8991.115",140,-0.136037789489798,0.983679919543183,TRUE,4246,"FCRL4","Fc receptor-like protein 4:Cytoplasmic domain","FCRL4:CD","Q96PJ5"
"X14125.5",145,-0.136186035159133,1.23836084772373,TRUE,4247,"APOM","Apolipoprotein M","ApoM","O95445"
"X19139.3",144,-0.136249907052551,1.11944984812569,TRUE,4248,"HSF2BP","Heat shock factor 2-binding protein","HSF2B","O75031"
"X14019.73",145,-0.136300200971197,1.2487629909042,TRUE,4249,"EVPL","Envoplakin","EVPL","Q92817"
"X8219.14",144,-0.136340068409185,1.2489215094224,TRUE,4250,"ZG16","Zymogen granule membrane protein 16","ZG16","O60844"
"X9459.7",146,-0.13652437825143,1.12782440198012,TRUE,4251,"FAS","Tumor necrosis factor receptor superfamily member 6","Fas, soluble","P25445"
"X4276.10",145,-0.136615141142406,1.10526337362794,TRUE,4252,"PEBP1","Phosphatidylethanolamine-binding protein 1","prostatic binding protein","P30086"
"X4982.54",145,-0.136666318920228,1.20358249832225,TRUE,4253,"PI3","Elafin","Elafin","P19957"
"X12575.30",140,-0.136847537986476,1.38623829810985,TRUE,4254,"MTHFD1","C-1-tetrahydrofolate synthase, cytoplasmic","C1TC","P11586"
"X2612.5",146,-0.137149115533977,0.789442197648285,TRUE,4255,"EIF5","Eukaryotic translation initiation factor 5","eIF-5","P55010"
"X22374.56",145,-0.137461542852531,1.14419878918875,TRUE,4256,"HEY1","Hairy/enhancer-of-split related with YRPW motif protein 1","HEY1","Q9Y5J3"
"X3738.54",146,-0.137511617413973,1.22366323180658,TRUE,4257,"CSF1","Macrophage colony-stimulating factor 1","CSF-1","P09603"
"X11211.7",146,-0.13772757598078,1.26800365880696,TRUE,4258,"TBCE","Tubulin-specific chaperone E","TBCE","Q15813"
"X5392.73",146,-0.137827842458226,1.09702900078712,TRUE,4259,"FAS","Tumor necrosis factor receptor superfamily member 6","Fas, soluble","P25445"
"X20433.19",146,-0.137866406488012,1.01010812520629,TRUE,4260,"MRPL1","39S ribosomal protein L1, mitochondrial","RM01","Q9BYD6"
"X9869.28",143,-0.137987149573465,1.33069807828975,TRUE,4261,"NFKB1","Nuclear factor NF-kappa-B p105 subunit","NF-kappa-B p105","P19838"
"X2211.9",145,-0.138010448119614,1.16219288493249,TRUE,4262,"TIMP1","Metalloproteinase inhibitor 1","TIMP-1","P01033"
"X8690.25",146,-0.138147923905456,0.771903226705403,TRUE,4263,"CAV3","Caveolin-3","CAV3","P56539"
"X19373.3",145,-0.138193778750593,1.17180732280317,TRUE,4264,"MYL12A","Myosin regulatory light chain 12A","MLRM","P19105"
"X3280.49",145,-0.138193778750593,1.11042340082338,TRUE,4265,"ACAN","Aggrecan core protein","Aggrecan","P16112"
"X9805.51",145,-0.138193778750593,1.03762406040664,TRUE,4266,"SEMA4B","Semaphorin-4B","SEM4B","Q9NPR2"
"X17692.2",143,-0.13820290664029,1.06033062727775,TRUE,4267,"BTN3A3","Butyrophilin subfamily 3 member A3","BT3A3","O00478"
"X19233.75",146,-0.138433297725879,0.960059596753268,TRUE,4268,"ATOX1","Copper transport protein ATOX1","ATOX1","O00244"
"X4976.57",146,-0.138433297725879,1.04592024534727,TRUE,4269,"CRK","Adapter molecule crk","CRK","P46108"
"X3808.76",146,-0.13854898981524,1.03311729107974,TRUE,4270,"FGFR2","Fibroblast growth factor receptor 2","FGFR-2","P21802"
"X6236.51",142,-0.13863081453227,1.07150536901679,TRUE,4271,"CTHRC1","Collagen triple helix repeat-containing protein 1","CTHR1","Q96CG8"
"X14150.7",146,-0.13863768708375,1.29630799105514,TRUE,4272,"IL36A","Interleukin-36 alpha","IL-1F6","Q9UHA7"
"X17332.3",145,-0.138705556528808,1.22796883538024,TRUE,4273,"ADPRS","Poly(ADP-ribose) glycohydrolase ARH3","ARHL2","Q9NX46"
"X18914.188",145,-0.138705556528808,1.12272815198379,TRUE,4274,"PAFAH2","Platelet-activating factor acetylhydrolase 2, cytoplasmic","PAFA2","Q99487"
"X23173.3",145,-0.138707251876843,1.18792461825231,TRUE,4275,"TIMP1","Metalloproteinase inhibitor 1","TIMP-1","P01033"
"X4155.3",145,-0.138707251876843,1.03432331266674,TRUE,4276,"TNC","Tenascin","Tenascin","P24821"
"X19108.50",136,-0.138816591480012,1.16560410830326,TRUE,4277,"MECP2","Methyl-CpG-binding protein 2","MECP2","P51608"
"X7197.2",146,-0.138977050545874,1.25117976437601,TRUE,4278,"DNAJC15","DnaJ homolog subfamily C member 15","DJC15","Q9Y5T4"
"X12751.26",143,-0.139095298779599,1.04773867158905,TRUE,4279,"ZHX1","Zinc fingers and homeoboxes protein 1","ZHX1","Q9UKY1"
"X13931.22",135,-0.139232046907431,1.12420513963774,TRUE,4280,"PSMD9","26S proteasome non-ATPase regulatory subunit 9","PSMD9","O00233"
"X4924.32",143,-0.139345658415059,1.26450662550979,TRUE,4281,"MMP1","Interstitial collagenase","MMP-1","P03956"
"X24244.81",139,-0.139423109150752,0.965151960953019,TRUE,4282,"RILP","Rab-interacting lysosomal protein","RILP","Q96NA2"
"X4271.75",145,-0.139465349691851,1.18727249351362,TRUE,4283,"PFDN5","Prefoldin subunit 5","PFD5","Q99471"
"X11103.24",144,-0.139523386536011,1.27764915313805,TRUE,4284,"HSPB1","Heat shock protein beta-1","HSP 27","P04792"
"X11514.196",145,-0.139882645418703,0.94209171307588,TRUE,4285,"CD59","CD59 glycoprotein","CD59","P13987"
"X22486.58",146,-0.139929582081609,1.3030804340592,TRUE,4286,"KRT6A","Keratin, type II cytoskeletal 6A","Keratin 6A","P02538"
"X10889.2",144,-0.139983882409921,1.27502521598367,TRUE,4287,"MRAP2","Melanocortin-2 receptor accessory protein 2","MRAP2","Q96G30"
"X18934.50",145,-0.140089049158127,1.15601850808448,TRUE,4288,"TGM2","Protein-glutamine gamma-glutamyltransferase 2","Tissue transglutaminase","P21980"
"X11237.49",145,-0.140104796135692,1.08417506167666,TRUE,4289,"PCOLCE","Procollagen C-endopeptidase enhancer 1","PCOC1","Q15113"
"X22009.1",146,-0.140238094319904,0.982050801425948,TRUE,4290,"PPM1B","Protein phosphatase 1B","PPM1B","O75688"
"X11608.5",146,-0.140330647991392,0.91031959646337,TRUE,4291,"MAP1LC3B","Microtubule-associated proteins 1A/1B light chain 3B","MLP3B","Q9GZQ8"
"X3580.25",145,-0.140343245419097,1.16066293555069,TRUE,4292,"SERPINA1","Alpha-1-antitrypsin","a1-Antitrypsin","P01009"
"X5675.6",143,-0.14051069051777,1.13689984142709,TRUE,4293,"TNC","Tenascin","Tenascin","P24821"
"X2201.17",145,-0.140785852915356,1.14994809997711,TRUE,4294,"COL18A1","Endostatin","Endostatin","P39060"
"X21913.5",144,-0.140856081174775,1.36007818169495,TRUE,4295,"YY2","Transcription factor YY2","TYY2","O15391"
"X19130.81",145,-0.141087291573579,1.19798113804193,TRUE,4296,"SERPINB8","Serpin B8","SPB8","P50452"
"X15326.64",146,-0.141109641393087,1.15240702521634,TRUE,4297,"GBP1","Guanylate-binding protein 1","GBP1","P32455"
"X19173.5",143,-0.141424754462362,1.22811630538489,TRUE,4298,"ZFAND1","AN1-type zinc finger protein 1","ZFAN1","Q8TCF1"
"X23029.3",144,-0.141440612226032,1.28930669710726,TRUE,4299,"SH3GL3","Endophilin-A3","SH3G3","Q99963"
"X3373.5",146,-0.141572409750529,1.20306066473811,TRUE,4300,"GZMH","Granzyme H","Granzyme H","P20718"
"X10737.96",146,-0.141726665869677,0.947286600108183,TRUE,4301,"SERPINB1","Leukocyte elastase inhibitor","Serpin B1","P30740"
"X19311.15",145,-0.142016365078646,1.14392589686523,TRUE,4302,"CRYGS","Beta-crystallin S","CRBS","P22914"
"X21763.46",142,-0.142151756803487,1.15494887602409,TRUE,4303,"USP4","Ubiquitin carboxyl-terminal hydrolase 4","UBP4","Q13107"
"X17813.21",142,-0.142216428514543,0.975283187269623,TRUE,4304,"BPHL","Valacyclovir hydrolase","BPHL","Q86WA6"
"X4153.11",146,-0.14227427509265,1.15417175331041,TRUE,4305,"SERPINA3","Alpha-1-antichymotrypsin complex","alpha-1-antichymotrypsin complex","P01011"
"X13939.14",142,-0.142329601421787,1.20220200227796,TRUE,4306,"UGP2","UTP--glucose-1-phosphate uridylyltransferase","UGPA1","Q16851"
"X14186.13",145,-0.142411167712524,1.23279108348591,TRUE,4307,"RFFL","E3 ubiquitin-protein ligase rififylin","RFFL","Q8WZ73"
"X2849.49",144,-0.142588420657043,1.30464330409242,TRUE,4308,"AIF1","Allograft inflammatory factor 1","AIF1","P55008"
"X7267.2",145,-0.1427620985997,1.36265594023303,TRUE,4309,"SPTLC2","Serine palmitoyltransferase 2","LCB2","O15270"
"X13577.25",142,-0.14276313169736,1.0278934580975,TRUE,4310,"U2AF2","Splicing factor U2AF 65 kDa subunit","U2AF2","P26368"
"X5229.90",146,-0.142775607479879,1.35218520099262,TRUE,4311,"IMPDH1","Inosine-5'-monophosphate dehydrogenase 1","IMDH1","P20839"
"X12783.29",146,-0.14280260230073,1.37010575540071,TRUE,4312,"HNRNPM","Heterogeneous nuclear ribonucleoprotein M","HNRPM","P52272"
"X25416.5",142,-0.142803850353452,1.12928796333364,TRUE,4313,"PRX","Periaxin","PRAX","Q9BXM0"
"X3470.1",146,-0.142848879136474,1.36925273844529,TRUE,4314,"SELE","E-selectin","sE-Selectin","P16581"
"X23418.66",144,-0.14289963303416,1.38442889403181,TRUE,4315,"CCDC92","Coiled-coil domain-containing protein 92","CCD92","Q53HC0"
"X11311.79",146,-0.143211381016471,1.10461784939233,TRUE,4316,"RAG1","V(D)J recombination-activating protein 1","RAG-1","P15918"
"X7189.55",145,-0.143295809524184,1.13470906437517,TRUE,4317,"CHST3","Carbohydrate sulfotransferase 3","CHST3","Q7LGC8"
"X5337.64",142,-0.143331992019181,1.08351503101083,TRUE,4318,"CD86","T-lymphocyte activation antigen CD86","B7-2","P42081"
"X18819.21",144,-0.143414108691021,1.10193651462427,TRUE,4319,"PPIC","Peptidyl-prolyl cis-trans isomerase C","PPIC","P45877"
"X25117.17",145,-0.143584878177445,1.13431779174023,TRUE,4320,"PGM5","PGM5","PGM5","Q15124"
"X15540.6",144,-0.143673644926677,1.29091606419277,TRUE,4321,"VIM","Vimentin","Vimentin","P08670"
"X20134.27",144,-0.143711539930144,1.15315337220595,TRUE,4322,"MARCO","Macrophage receptor MARCO","MARCO","Q9UEW3"
"X5644.60",145,-0.14405783807936,1.09809706003277,TRUE,4323,"RNASE4","Ribonuclease 4","RNAS4","P34096"
"X16318.12",146,-0.144310455865396,1.20485131229753,TRUE,4324,"ACVRL1","Serine/threonine-protein kinase receptor R3","ALK-1","P37023"
"X5178.5",143,-0.144706384515621,1.18507130985863,TRUE,4325,"PDE7A","High affinity cAMP-specific 3',5'-cyclic phosphodiesterase 7A","PDE7A","Q13946"
"X23640.10",146,-0.144784793431774,1.173439150353,TRUE,4326,"EHD2","EH domain-containing protein 2","EHD2","Q9NZN4"
"X18216.22",145,-0.144878383884511,1.01013272534369,TRUE,4327,"IL11RA","Interleukin-11 receptor subunit alpha","IL-11 RA","Q14626"
"X14108.15",146,-0.145343971863684,0.981434621133538,TRUE,4328,"TGFB1","Transforming growth factor beta-1","TGF-b1","P01137"
"X6430.36",143,-0.145608753557877,1.17782048668932,TRUE,4329,"TAFA2","Protein FAM19A2","F19A2","Q8N3H0"
"X25451.39",145,-0.145667415960349,1.21489888905587,TRUE,4330,"YAP1","Transcriptional coactivator YAP1","YAP1","P46937"
"X16858.384",146,-0.145702617340702,1.30748426423721,TRUE,4331,"RCN3","Reticulocalbin-3","RCN3","Q96D15"
"X9266.1",142,-0.145718195859976,0.97446578075588,TRUE,4332,"TREM1","Triggering receptor expressed on myeloid cells 1","sTREM-1","Q9NP99"
"X5441.67",146,-0.145725755758574,1.04148022967043,TRUE,4333,"TNNI3","Troponin I, cardiac muscle","Troponin I","P19429"
"X21323.2",144,-0.145845810037902,1.23250570787511,TRUE,4334,"RWDD1","RWD domain-containing protein 1","RWDD1","Q9H446"
"X11212.7",145,-0.146008231748725,0.966090282120762,TRUE,4335,"TXNDC5","Thioredoxin domain-containing protein 5","TXND5","Q8NBS9"
"X2946.52",146,-0.146084401235592,1.19999660456532,TRUE,4336,"CFD","Complement factor D","Factor D","P00746"
"X21124.17",145,-0.146175255986804,1.17014470134998,TRUE,4337,"YAE1","Yae1 domain-containing protein 1","YAED1","Q9NRH1"
"X11657.86",145,-0.146248373629272,1.27322998508247,TRUE,4338,"SOCS7","Suppressor of cytokine signaling 7","SOCS7","O14512"
"X3727.35",145,-0.146248373629272,1.15844866059275,TRUE,4339,"PYY","Peptide YY","PYY","P10082"
"X12698.72",145,-0.146257927619018,0.99917701253871,TRUE,4340,"KPNA4","Importin subunit alpha-3","IMA4","O00629"
"X18871.24",145,-0.146634175339004,1.17047638388287,TRUE,4341,"AIF1L","Allograft inflammatory factor 1-like","AIF1L","Q9BQI0"
"X8304.50",146,-0.146732276936011,1.1224451865291,TRUE,4342,"TNFRSF11B","Tumor necrosis factor receptor superfamily member 11B","OPG","O00300"
"X5012.67",139,-0.146834458749871,1.0473125988782,TRUE,4343,"AK1","Adenylate kinase isoenzyme 1","Myokinase, human","P00568"
"X21188.38",145,-0.146890064228111,1.1449045900355,TRUE,4344,"RWDD4","RWD domain-containing protein 4","RWDD4","Q6NW29"
"X12008.3",145,-0.146903553699162,1.21738617869487,TRUE,4345,"CD7","T-cell antigen CD7","CD7","P09564"
"X11587.5",146,-0.14690967147303,1.19547603051263,TRUE,4346,"MGA","MAX gene-associated protein","MGAP","Q8IWI9"
"X15314.49",145,-0.14696654160942,1.1728787395885,TRUE,4347,"CLIC4","Chloride intracellular channel protein 4","CLIC4","Q9Y696"
"X21276.11",145,-0.14700197230894,0.953340992561261,TRUE,4348,"PROM1","CD133 antigen","CD133","O43490"
"X15610.72",145,-0.147012103544455,1.13446453641494,TRUE,4349,"LAP3","Cytosol aminopeptidase","LAP","P28838"
"X16765.52",145,-0.147012103544455,1.2106035262617,TRUE,4350,"PPBP","Platelet basic protein","PBP","P02775"
"X3078.1",145,-0.147013782542113,1.19927205546994,TRUE,4351,"PGF","Placenta growth factor","PlGF","P49763"
"X3083.71",145,-0.147013782542113,1.1433923511724,TRUE,4352,"EDA2R","Tumor necrosis factor receptor superfamily member 27","XEDAR","Q9HAV5"
"X8475.15",145,-0.147013782542113,1.13725313351145,TRUE,4353,"MMP7","Matrilysin","MMP-7","P09237"
"X12892.10",145,-0.147094775339397,1.24239845109294,TRUE,4354,"SYTL1","Synaptotagmin-like protein 1","SYTL1","Q8IYJ3"
"X12945.33",146,-0.147117917233879,1.30189874935105,TRUE,4355,"RAB18","Ras-related protein Rab-18","RAB18","Q9NP72"
"X2879.9",146,-0.147183476084517,1.31026362984326,TRUE,4356,"SERPINA3","Alpha-1-antichymotrypsin","a1-Antichymotrypsin","P01011"
"X4569.52",142,-0.147246335503179,1.24649491563484,TRUE,4357,"SORCS2","VPS10 domain-containing receptor SorCS2","SORC2","Q96PQ0"
"X13990.1",136,-0.147268476549454,1.18657519349902,TRUE,4358,"PC","Pyruvate carboxylase, mitochondrial","pyruvate carboxylase","P11498"
"X9190.7",144,-0.147365120962069,1.07278524019549,TRUE,4359,"CD63","CD63 antigen","CD63","P08962"
"X6383.90",146,-0.147441855084089,1.33039382864009,TRUE,4360,"TLL1","Tolloid-like protein 1","TLL1","O43897"
"X16859.100",146,-0.147461137098982,1.2359498850801,TRUE,4361,"SH3GLB1","Endophilin-B1","SHLB1","Q9Y371"
"X12491.23",145,-0.147616104433955,1.14701898566124,TRUE,4362,"CLIC4","Chloride intracellular channel protein 4","CLIC4","Q9Y696"
"X20533.39",145,-0.147618363374033,1.0752390160024,TRUE,4363,"IL12A|EBI3","Interleukin-35","IL-35","P29459|Q14213"
"X20931.156",145,-0.147734206765689,1.06997380552412,TRUE,4364,"AUH","Methylglutaconyl-CoA hydratase, mitochondrial","AUHM","Q13825"
"X4907.56",145,-0.147734206765689,1.14190359309459,TRUE,4365,"FGA|FGB|FGG","D-dimer","D-dimer","P02671|P02675|P02679"
"X12469.19",146,-0.147788931352171,1.11731659439219,TRUE,4366,"MAPRE1","Microtubule-associated protein RP/EB family member 1","MARE1","Q15691"
"X2642.4",145,-0.14784275824602,1.06361638441786,TRUE,4367,"PAFAH1B2","Platelet-activating factor acetylhydrolase IB subunit beta","PAFAH beta subunit","P68402"
"X3030.3",143,-0.147876658635989,1.30440642891013,TRUE,4368,"CLEC4M","C-type lectin domain family 4 member M","DC-SIGNR","Q9H2X3"
"X3052.8",142,-0.147883457055073,1.02196665796207,TRUE,4369,"FASLG","Tumor necrosis factor ligand superfamily member 6, soluble form","Fas ligand, soluble","P48023"
"X21660.4",146,-0.14796632588919,0.8599451536648,TRUE,4370,"SAR1B","GTP-binding protein SAR1b","SAR1B","Q9Y6B6"
"X3044.3",146,-0.148305689351314,1.1623568436501,TRUE,4371,"CCL18","C-C motif chemokine 18","PARC","P55774"
"X16810.3",145,-0.148409650554196,1.25949144085357,TRUE,4372,"GDI1","Rab GDP dissociation inhibitor alpha","RhoGDI","P31150"
"X2468.62",145,-0.148458567733656,1.12164961097404,TRUE,4373,"CCL20","C-C motif chemokine 20","MIP-3a","P78556"
"X8327.26",146,-0.148533217127057,1.06427340202655,TRUE,4374,"DPEP2","Dipeptidase 2","DPEP2","Q9H4A9"
"X14708.59",145,-0.148559247135521,1.36043780964888,TRUE,4375,"C8G","Complement component C8 gamma chain","CO8G","P07360"
"X9999.1",146,-0.148980559872584,1.2270618803157,TRUE,4376,"IRF6","Interferon regulatory factor 6","IRF6","O14896"
"X12498.12",146,-0.149053831529179,1.2782697668213,TRUE,4377,"TAX1BP3","Tax1-binding protein 3","TX1B3","O14907"
"X14711.27",145,-0.149064826369889,1.20044016430757,TRUE,4378,"CST6","Cystatin-M","Cystatin M","Q15828"
"X3303.23",145,-0.149064826369889,1.169383186803,TRUE,4379,"CST6","Cystatin-M","Cystatin M","Q15828"
"X13129.40",145,-0.149114329187277,0.969497155354024,TRUE,4380,"LDLR","Low-density lipoprotein receptor","LDLR","P01130"
"X11142.11",146,-0.149134815991732,1.05736752530285,TRUE,4381,"ANGPTL1","Angiopoietin-related protein 1:C-Term, Fibrinogen domian","ANGL1:C-term","O95841"
"X15566.10",146,-0.149157954409604,1.19536896770164,TRUE,4382,"CNN1","Calponin-1","Calponin-1","P51911"
"X7100.31",145,-0.149186865446013,0.923985807934111,TRUE,4383,"CD2","T-cell surface antigen CD2","CD2","P06729"
"X9053.16",145,-0.1492813473114,1.15213864152927,TRUE,4384,"CRIP2","Cysteine-rich protein 2","CRIP2","P52943"
"X6649.51",144,-0.149370171785947,1.12656910844463,TRUE,4385,"NTN1","Netrin-1","NET1","O95631"
"X5698.60",145,-0.149427006853872,1.30771447943681,TRUE,4386,"TNXB","Tenascin-X","Tenascin-X","P22105"
"X12771.19",144,-0.149469546396352,1.22336947775541,TRUE,4387,"ZNF180","Zinc finger protein 180","ZN180","Q9UJW8"
"X24409.2",146,-0.149485748662792,1.18748005504891,TRUE,4388,"RDH13","Retinol dehydrogenase 13","RDH13","Q8NBN7"
"X21935.16",146,-0.149532025498536,1.09291265299869,TRUE,4389,"UBE2H","Ubiquitin-conjugating enzyme E2 H","UBE2H","P62256"
"X9932.49",145,-0.149651401284166,1.08496531126049,TRUE,4390,"SEMA4F","Semaphorin-4F","SEM4F","O95754"
"X23335.31",146,-0.149713276438535,1.1446033983364,TRUE,4391,"None","Protein FAM229A","F229A","H3BQW9"
"X17325.10",145,-0.149907289669589,1.18101483725843,TRUE,4392,"GUK1","Guanylate kinase","KGUA","Q16774"
"X5034.79",144,-0.150037982773104,1.25950754283023,TRUE,4393,"PRSS2","Trypsin-2","Trypsin 2","P07478"
"X21754.5",144,-0.150108622910692,1.22216595654027,TRUE,4394,"ZRANB1","Ubiquitin thioesterase ZRANB1","ZRAN1","Q9UGI0"
"X20064.24",146,-0.150141337169169,1.02629941498725,TRUE,4395,"FN1","Fibronectin-1 Fragment 2","FN1.2","P02751"
"X22047.46",143,-0.150291710017874,1.18506848620927,TRUE,4396,"COL5A1","Collagen alpha-1(V) chain","CO5A1","P20908"
"X2737.22",144,-0.150309590368032,1.10593057949345,TRUE,4397,"CCN3","Protein NOV homolog","NovH","P48745"
"X22510.6",144,-0.15031933664795,1.20119785670211,TRUE,4398,"NFE2L2","Nuclear factor erythroid 2-related factor 2","NF2L2","Q16236"
"X9815.5",144,-0.150335414012227,1.12257060847611,TRUE,4399,"ARHGAP1","Rho GTPase-activating protein 1:Cellular retinaldehyde-TRIO domain","RHG01:CRAL-TRIO","Q07960"
"X18917.53",145,-0.150460698419197,1.07018965845561,TRUE,4400,"AMY2A","Pancreatic alpha-amylase","Pancreatic alpha-amylase","P04746"
"X12659.13",134,-0.150462518424669,1.02126866575912,TRUE,4401,"OLA1","Obg-like ATPase 1","GTPB9","Q9NTK5"
"X11444.49",146,-0.150469131422357,1.18613208232512,TRUE,4402,"POLR3F","DNA-directed RNA polymerase III subunit RPC6","RPC6","Q9H1D9"
"X10749.18",146,-0.150496126243208,0.96595506398966,TRUE,4403,"HSPA1A","Heat shock 70 kDa protein 1A","HSP 70","P0DMV8"
"X15585.304",146,-0.15051926466108,1.17056795495457,TRUE,4404,"FBLN5","Fibulin-5","fibulin 5","Q9UBX5"
"X7909.37",145,-0.15057092747912,1.10148309868288,TRUE,4405,"SHBG","Sex hormone-binding globulin","SHBG","P04278"
"X5715.4",143,-0.150611842010757,1.30332551098002,TRUE,4406,"ABHD14A","Protein ABHD14A","ABHEA","Q9BUJ0"
"X4969.2",145,-0.150629978761222,1.1512450033195,TRUE,4407,"CA1","Carbonic anhydrase 1","Carbonic anhydrase I","P00915"
"X8051.10",145,-0.150759891581846,1.34760796266543,TRUE,4408,"AGGF1","Angiogenic factor with G patch and FHA domains 1","AGGF1","Q8N302"
"X15631.18",145,-0.150767765086126,1.10172684600286,TRUE,4409,"PSG1","Pregnancy-specific beta-1-glycoprotein 1","PSG1","P11464"
"X8467.9",145,-0.150767765086126,1.17767714997648,TRUE,4410,"INHBA|INHBB","Inhibin beta A chain:Inhibin beta B chain heterodimer","Activin AB","P08476|P09529"
"X5103.30",145,-0.150769436691245,1.07598639276388,TRUE,4411,"CD200R1","Cell surface glycoprotein CD200 receptor 1:Isoform 4, Extracellular Domain","MO2R1:ECD","Q8TD46"
"X2665.26",144,-0.150795931614794,1.29191443156877,TRUE,4412,"TNFRSF17","Tumor necrosis factor receptor superfamily member 17","BCMA","Q02223"
"X14655.1",146,-0.15084320251129,1.39235255715016,TRUE,4413,"DNAJC17","DnaJ homolog subfamily C member 17","DJC17","Q9NVM6"
"X6324.11",145,-0.150846500128929,1.16461547109156,TRUE,4414,"DNASE1L2","Deoxyribonuclease-1-like 2","DNSL2","Q92874"
"X5018.68",145,-0.150977489784189,0.940808709027035,TRUE,4415,"PRDX6","Peroxiredoxin-6","Peroxiredoxin-6","P30041"
"X17722.5",144,-0.151054876063618,1.26067931260309,TRUE,4416,"FKBP4","Peptidyl-prolyl cis-trans isomerase FKBP4","FKBP52 protein","Q02790"
"X8034.6",145,-0.151069110835979,1.27739118151927,TRUE,4417,"DRGX","Dorsal root ganglia homeobox protein","DRGX","A6NNA5"
"X3554.24",146,-0.151151714749584,1.26922230618662,TRUE,4418,"ADIPOQ","Adiponectin","Adiponectin","Q15848"
"X8099.42",146,-0.151201847988307,1.20794265957786,TRUE,4419,"SPON2","Spondin-2","SPON2","Q9BUD6"
"X19575.4",145,-0.1512165548301,1.15199060431529,TRUE,4420,"EPOR","Erythropoietin receptor","EPO-R","P19235"
"X9290.8",145,-0.1512165548301,1.28181105504185,TRUE,4421,"RMDN3","Regulator of microtubule dynamics protein 3","RMD3","Q96TC7"
"X3042.7",146,-0.151217273600222,1.29629741792723,TRUE,4422,"MB","Myoglobin","Myoglobin","P02144"
"X25096.58",146,-0.15125198122703,1.01298895180826,TRUE,4423,"MYBPC2","Myosin-binding protein C, fast-type","MYPC2","Q14324"
"X15627.83",145,-0.151307100129322,1.28489774663823,TRUE,4424,"AKT1","RAC-alpha serine/threonine-protein kinase","PKB","P31749"
"X3435.53",146,-0.151321396480647,1.12205248539936,TRUE,4425,"FN1","Fibronectin Fragment 4","FN1.4","P02751"
"X13731.14",146,-0.151471796196815,1.18762823351484,TRUE,4426,"C7","Complement component C7","C7","P10643"
"X18373.13",145,-0.151519684744889,1.16861378128066,TRUE,4427,"RDX","Radixin","Radixin","P35241"
"X3603.60",145,-0.151519684744889,1.19413982608386,TRUE,4428,"CLEC7A","C-type lectin domain family 7 member A","CLC7A","Q9BXN2"
"X9013.60",145,-0.151519684744889,1.01131053254528,TRUE,4429,"NTN1","Netrin-1","NET1","O95631"
"X9753.17",145,-0.151519684744889,1.27208744984397,TRUE,4430,"EZR","Ezrin","Ezrin","P15311"
"X9757.29",145,-0.151519684744889,1.16787817265846,TRUE,4431,"ENAH","Protein enabled homolog","ENAH","Q8N8S7"
"X3474.19",146,-0.151533498644474,1.14739298966518,TRUE,4432,"THBS1","Thrombospondin-1","Thrombospondin-1","P07996"
"X14054.17",145,-0.15156298901843,0.924815103763079,TRUE,4433,"IL15RA","Interleukin-15 receptor subunit alpha","IL-15 Ra","Q13261"
"X14148.2",145,-0.151590546283411,1.11576306497749,TRUE,4434,"ISG15","Ubiquitin-like protein ISG15","UCRP","P05161"
"X5272.55",145,-0.151647330690466,1.20126630866041,TRUE,4435,"SHC1","SHC-transforming protein 1:Src Homology domain","SHC1:SH2","P29353"
"X2888.49",146,-0.15166461634575,1.11764053341535,TRUE,4436,"C7","Complement component C7","C7","P10643"
"X5028.59",145,-0.151667490094264,1.13338202374369,TRUE,4437,"CD163","Scavenger receptor cysteine-rich type 1 protein M130","sCD163","Q86VB7"
"X8955.60",146,-0.151683898360643,1.1958400276642,TRUE,4438,"GLT8D1","Glycosyltransferase 8 domain-containing protein 1","GL8D1","Q68CQ7"
"X20912.10",146,-0.151799590450004,1.40829547014936,TRUE,4439,"PUDP","Pseudouridine-5'-phosphatase","HDHD1","Q08623"
"X7826.1",145,-0.151804800466111,1.1694839084598,TRUE,4440,"DCLK3","Serine/threonine-protein kinase DCLK3","DCLK3","Q9C098"
"X6064.4",146,-0.151830441673833,1.09689925067037,TRUE,4441,"ERP44","Endoplasmic reticulum resident protein 44","TXNDC4","Q9BS26"
"X22527.4",146,-0.151903713330428,1.15685552878716,TRUE,4442,"PDLIM3","PDZ and LIM domain protein 3","PDLI3","Q53GG5"
"X3311.27",146,-0.151934564554258,0.978614612074109,TRUE,4443,"FCGR3B","Low affinity immunoglobulin gamma Fc region receptor III-B","FCG3B","O75015"
"X14151.4",145,-0.151960600984582,1.09817880679254,TRUE,4444,"ISG15","Ubiquitin-like protein ISG15","UCRP","P05161"
"X11245.43",145,-0.151962270241755,1.2032821794269,TRUE,4445,"FLNA","Filamin-A:Calponin Homology 1","filamin A:CH1","P21333"
"X11955.1",145,-0.151962270241755,1.09764876173111,TRUE,4446,"ARHGAP1","Rho GTPase-activating protein 1:Rho-GTPase activating protein domain","RHG01:Rho-GAP","Q07960"
"X12546.1",145,-0.151962270241755,1.26928871775186,TRUE,4447,"SMTN","Smoothelin","SMTN","P53814"
"X17344.23",145,-0.151962270241755,1.20712022950622,TRUE,4448,"STOML1","Stomatin-like protein 1","STML1","Q9UBI4"
"X19616.100",145,-0.151962270241755,1.20448889653617,TRUE,4449,"EFHD1","EF-hand domain-containing protein D1","EFHD1","Q9BUP0"
"X23569.53",145,-0.151962270241755,1.02036217801742,TRUE,4450,"STARD10","START domain-containing protein 10","STA10","Q9Y365"
"X25245.22",145,-0.151962270241755,1.16929116754415,TRUE,4451,"RIC8A","Synembryn-A","RIC8A","Q9NPQ8"
"X4230.1",145,-0.151962270241755,1.16808267520909,TRUE,4452,"EIF4G2","Eukaryotic translation initiation factor 4 gamma 2","IF4G2","P78344"
"X5007.1",145,-0.151962270241755,1.31054687627156,TRUE,4453,"MAPK14","Mitogen-activated protein kinase 14","MAPK14","Q16539"
"X11289.31",146,-0.152100389882341,1.14323804180843,TRUE,4454,"CSNK1D","Casein kinase I isoform delta","KC1D","P48730"
"X2579.17",145,-0.152177122352288,1.13577252341625,TRUE,4455,"MMP9","Matrix metalloproteinase-9","MMP-9","P14780"
"X10428.1",145,-0.152181059104428,1.04159212173886,TRUE,4456,"KIR2DS2","Killer cell immunoglobulin-like receptor 2DS2","KI2S2","P43631"
"X21759.23",145,-0.152209685927769,1.09917076511473,TRUE,4457,"USP1|WDR48","UBP1/WDR48 Complex","UBP1/WDR48 Complex","O94782|Q8TAF3"
"X12370.30",146,-0.152277784419361,1.10940389275531,TRUE,4458,"APOF","Apolipoprotein F","Apo F","Q13790"
"X13575.40",146,-0.152300922837233,1.19029086121772,TRUE,4459,"DVL2","Segment polarity protein dishevelled homolog DVL-2","DVL2","O14641"
"X20203.45",146,-0.152300922837233,1.13613503054407,TRUE,4460,"C1S","Complement C1s subcomponent","C1s","P09871"
"X9312.8",146,-0.152331774061062,1.31077855089608,TRUE,4461,"AZGP1","Zinc-alpha-2-glycoprotein","AZGP1","P25311"
"X15390.3",146,-0.152416614926593,1.28383066289459,TRUE,4462,"GAL","Galanin","Galanin","P22466"
"X21545.51",145,-0.152442553057473,1.30293410011544,TRUE,4463,"MUSTN1","Musculoskeletal embryonic nuclear protein 1","MSTN1","Q8IVN3"
"X8840.61",146,-0.15248603018021,1.12439965655852,TRUE,4464,"C1S","Complement C1s subcomponent","C1s","P09871"
"X13104.32",146,-0.152489886583188,1.04472881917356,TRUE,4465,"EFNB1","Ephrin-B1","EFNB1","P98172"
"X17467.1",145,-0.152515683036338,1.16303983631838,TRUE,4466,"DHRS9","Dehydrogenase/reductase SDR family member 9","DHRS9","Q9BPW9"
"X13093.6",146,-0.152551589030847,1.17855229121739,TRUE,4467,"SECTM1","Secreted and transmembrane protein 1","SECTM1","Q8WVN6"
"X4721.54",146,-0.152555445433826,1.165272711345,TRUE,4468,"TFF3","Trefoil factor 3","TFF3","Q07654"
"X5613.75",145,-0.15265059956381,1.22824385317364,TRUE,4469,"LAT2","Linker for activation of T-cells family member 2","NTAL","Q9GZY6"
"X19127.1",146,-0.152655711911272,1.1552417429378,TRUE,4470,"HSPB6","Heat shock protein beta-6","HSPB6","O14558"
"X3438.10",146,-0.152705845149995,1.17157235767007,TRUE,4471,"FSTL3","Follistatin-related protein 3","FSTL3","O95633"
"X2619.72",145,-0.152708583891204,1.00527024361271,TRUE,4472,"TACSTD2","Tumor-associated calcium signal transducer 2","GA733-1 protein","P09758"
"X5069.9",146,-0.152732839970846,1.15836620092863,TRUE,4473,"CD55","Complement decay-accelerating factor","DAF","P08174"
"X11098.1",143,-0.152737846784007,1.11553052547644,TRUE,4474,"PDXK","Pyridoxal kinase","PDXK","O00764"
"X17852.5",146,-0.152759834791696,1.00575121421197,TRUE,4475,"PPME1","Protein phosphatase methylesterase 1","PPME1","Q9Y570"
"X11480.1",145,-0.152846370216108,1.08575483116229,TRUE,4476,"ALDH3A1","Aldehyde dehydrogenase, dimeric NADP-preferring","Aldehyde dehydrogenase, class 3","P30838"
"X17829.2",144,-0.1528595602037,1.10729496429492,TRUE,4477,"TREX2","Three prime repair exonuclease 2","TREX2","Q9BQ50"
"X19334.62",146,-0.152860101269142,1.1531015898344,TRUE,4478,"TXNDC12","Thioredoxin domain-containing protein 12","TXD12","O95881"
"X22958.6",144,-0.152891714932254,1.27935450094126,TRUE,4479,"DSTN","Destrin","DEST","P60981"
"X4560.34",146,-0.152971936955524,1.4122565221119,TRUE,4480,"LCK","Tyrosine-protein kinase Lck","LCK","P06239"
"X22966.20",146,-0.153052921418076,0.988347510880304,TRUE,4481,"GABARAP","Gamma-aminobutyric acid receptor-associated protein","GBRAP","O95166"
"X21614.2",145,-0.153056685182488,0.880725642765295,TRUE,4482,"GEMIN6","Gem-associated protein 6","GEMI6","Q8WXD5"
"X12635.9",146,-0.153064490627013,1.28155008116687,TRUE,4483,"TRDMT1","tRNA (cytosine(38)-C(5))-methyltransferase","TRDMT","O14717"
"X3310.62",146,-0.153137762283608,1.1583485675819,TRUE,4484,"FCGR2B","Low affinity immunoglobulin gamma Fc region receptor II-b","FCG2B","P31994"
"X3709.4",145,-0.153143293559093,1.05570214577411,TRUE,4485,"GPT","Alanine aminotransferase 1","ALT","P24298"
"X6420.4",145,-0.153143293559093,1.07835225517354,TRUE,4486,"SDHAF2","Succinate dehydrogenase assembly factor 2, mitochondrial","SDHF2","Q9NX18"
"X23601.43",146,-0.153157044298501,1.22988535239424,TRUE,4487,"ACOT12","Acyl-coenzyme A thioesterase 12","ACO12","Q8WYK0"
"X3434.34",146,-0.153157044298501,1.12919712434393,TRUE,4488,"FN1","Fibronectin Fragment 3","FN1.3","P02751"
"X12381.26",146,-0.153168613507437,1.05792979637734,TRUE,4489,"CBR1","Carbonyl reductase [NADPH] 1","CBR1","P16152"
"X12513.8",146,-0.153168613507437,1.13706792621406,TRUE,4490,"GLTP","Glycolipid transfer protein","GLTP","Q9NZD2"
"X13126.52",146,-0.153168613507437,1.11503072893517,TRUE,4491,"DSC2","Desmocollin-2","DSC2","Q02487"
"X13499.30",146,-0.153168613507437,1.12205348436608,TRUE,4492,"F8","Coagulation Factor VIII","Coagulation Factor VIII","P00451"
"X13565.2",146,-0.153168613507437,1.21169723118545,TRUE,4493,"RBL2","Retinoblastoma-like protein 2","p130","Q08999"
"X13590.1",146,-0.153168613507437,1.0727745585648,TRUE,4494,"REXO2","Oligoribonuclease, mitochondrial","ORN","Q9Y3B8"
"X14116.129",146,-0.153168613507437,1.16978723660461,TRUE,4495,"S100A4","Protein S100-A4","S100A4","P26447"
"X15339.32",146,-0.153168613507437,1.18694552158643,TRUE,4496,"CFL2","Cofilin-2","COF2","Q9Y281"
"X15513.108",146,-0.153168613507437,1.02663253242642,TRUE,4497,"PRSS8","Prostasin","Prostasin","Q16651"
"X15587.20",146,-0.153168613507437,1.03314054283849,TRUE,4498,"FOLR2","Folate receptor beta","FOLR2","P14207"
"X15635.4",146,-0.153168613507437,1.24485633814692,TRUE,4499,"SMOC2","SPARC-related modular calcium-binding protein 2","SMOC2","Q9H3U7"
"X15640.54",146,-0.153168613507437,1.18405946311261,TRUE,4500,"TAGLN","Transgelin","TAGL","Q01995"
"X16751.15",146,-0.153168613507437,1.1394075323946,TRUE,4501,"NPPB","Natriuretic peptides B","BNP","P16860"
"X16825.20",146,-0.153168613507437,1.12446541687294,TRUE,4502,"ATXN3","Ataxin-3","ATX3","P54252"
"X17678.28",146,-0.153168613507437,1.13045685998808,TRUE,4503,"VSIG4","V-set and immunoglobulin domain-containing protein 4","VSIG4","Q9Y279"
"X18821.9",146,-0.153168613507437,1.16274706606712,TRUE,4504,"C4A|C4B","C4a anaphylatoxin","C4a","P0C0L4|P0C0L5"
"X19282.3",146,-0.153168613507437,1.07555485142168,TRUE,4505,"RAB13","Ras-related protein Rab-13","RAB13","P51153"
"X19293.6",146,-0.153168613507437,0.972420674781464,TRUE,4506,"VPS26A","Vacuolar protein sorting-associated protein 26A","VP26A","O75436"
"X19622.7",146,-0.153168613507437,1.17441739797154,TRUE,4507,"INHBA","Activin A","Activin A","P08476"
"X20105.7",146,-0.153168613507437,1.23302571953203,TRUE,4508,"MYL6","Myosin light polypeptide 6","Myosin light polypeptide 6","P60660"
"X20107.11",146,-0.153168613507437,1.11635286300805,TRUE,4509,"MYL4","Myosin light polypeptide 4","MYL4","P12829"
"X20243.26",146,-0.153168613507437,1.18449456431724,TRUE,4510,"PFN1","Profilin-1","Profilin-1","P07737"
"X21238.40",146,-0.153168613507437,1.22987355378065,TRUE,4511,"CDK5RAP3","CDK5 regulatory subunit-associated protein 3","CK5P3","Q96JB5"
"X21430.4",146,-0.153168613507437,1.20211541752523,TRUE,4512,"PLA2G4A","Cytosolic phospholipase A2 alpha","cPLA2-alpha","P47712"
"X21528.12",146,-0.153168613507437,1.29592785841312,TRUE,4513,"BMF","Bcl-2-modifying factor","BMF","Q96LC9"
"X21548.20",146,-0.153168613507437,1.05695907554407,TRUE,4514,"GGT5","Gamma-glutamyltransferase 5","GGT5","P36269"
"X21569.49",146,-0.153168613507437,1.19823622406318,TRUE,4515,"STK10","Serine/threonine kinase 10","STK10","O94804"
"X21817.5",146,-0.153168613507437,1.15377789847042,TRUE,4516,"MYL9","Myosin, light chain 9, regulatory","MYL9","P24844"
"X22381.1",146,-0.153168613507437,1.16177109572333,TRUE,4517,"LACTB2","Endoribonuclease LACTB2","LACB2","Q53H82"
"X23371.5",146,-0.153168613507437,1.14565587220014,TRUE,4518,"NIF3L1","NIF3-like protein 1","NIF3L","Q9GZT8"
"X23408.1",146,-0.153168613507437,1.13464516999406,TRUE,4519,"SNX16","Sorting nexin 16","Sorting nexin 16","P57768"
"X24680.51",146,-0.153168613507437,1.07290332116796,TRUE,4520,"TMX1","Thioredoxin domain-containing protein 1","TXND1","Q9H3N1"
"X24717.26",146,-0.153168613507437,1.09737487509541,TRUE,4521,"PTPA","Serine/threonine-protein phosphatase 2A regulatory subunit B'","PTPA","Q15257"
"X25292.4",146,-0.153168613507437,1.25070135734186,TRUE,4522,"CES3","Carboxylesterase 3","EST3","Q6UWW8"
"X2637.77",146,-0.153168613507437,1.21217079538064,TRUE,4523,"MRC1","Macrophage mannose receptor 1","Macrophage mannose receptor","P22897"
"X2748.3",146,-0.153168613507437,1.1601733879902,TRUE,4524,"INHBA","Activin A","Activin A","P08476"
"X2811.27",146,-0.153168613507437,1.09228663402997,TRUE,4525,"ANGPT1","Angiopoietin-1","Angiopoietin-1","Q15389"
"X3050.7",146,-0.153168613507437,1.09534362230533,TRUE,4526,"VWF","von Willebrand factor","vWF","P04275"
"X3152.57",146,-0.153168613507437,1.07049072318381,TRUE,4527,"TNFRSF1B","Tumor necrosis factor receptor superfamily member 1B","TNF sR-II","P20333"
"X3421.54",146,-0.153168613507437,0.942595028729131,TRUE,4528,"TNFSF8","Tumor necrosis factor ligand superfamily member 8","CD30 Ligand","P32971"
"X3623.84",146,-0.153168613507437,1.0871796773278,TRUE,4529,"LY86","Lymphocyte antigen 86","LY86","O95711"
"X3708.62",146,-0.153168613507437,1.19475751386475,TRUE,4530,"A2M","Alpha-2-macroglobulin","a2-Macroglobulin","P01023"
"X4234.8",146,-0.153168613507437,1.2126139362972,TRUE,4531,"IL1RL1","Interleukin-1 receptor-like 1","IL-1 R4","Q01638"
"X4374.45",146,-0.153168613507437,1.20978815366104,TRUE,4532,"GDF15","Growth/differentiation factor 15","MIC-1","Q99988"
"X4962.52",146,-0.153168613507437,1.13260539071141,TRUE,4533,"CDNF","Cerebral dopamine neurotrophic factor","ARMEL","Q49AH0"
"X4989.7",146,-0.153168613507437,1.14321483496573,TRUE,4534,"FGG","Fibrinogen gamma chain","Fibrinogen g-chain dimer","P02679"
"X5002.76",146,-0.153168613507437,1.08595918177202,TRUE,4535,"MMP14","Matrix metalloproteinase-14","MMP-14","P50281"
"X5599.88",146,-0.153168613507437,1.11319395103728,TRUE,4536,"PCYOX1L","Prenylcysteine oxidase-like","PCYXL","Q8NBM8"
"X5738.25",146,-0.153168613507437,1.08963323049879,TRUE,4537,"TNC","Tenascin","Tenascin","P24821"
"X6260.14",146,-0.153168613507437,1.08617220137586,TRUE,4538,"TNC","Tenascin","Tenascin","P24821"
"X6304.8",146,-0.153168613507437,1.19173681402763,TRUE,4539,"C1QTNF1","Complement C1q tumor necrosis factor-related protein 1","C1QT1","Q9BXJ1"
"X6570.1",146,-0.153168613507437,1.34220623449726,TRUE,4540,"COL13A1","Collagen alpha-1(XIII) chain","CODA1","Q5TAT6"
"X7625.27",146,-0.153168613507437,1.22516569933129,TRUE,4541,"YWHAQ","14-3-3 protein theta","14-3-3 protein theta","P27348"
"X8221.19",146,-0.153168613507437,1.15448342276904,TRUE,4542,"MIF","Macrophage migration inhibitory factor","MIF","P14174"
"X8262.20",146,-0.153168613507437,1.21214884572965,TRUE,4543,"APOD","Apolipoprotein D","Apo D","P05090"
"X8368.102",146,-0.153168613507437,1.06680115118857,TRUE,4544,"TNFRSF1B","Tumor necrosis factor receptor superfamily member 1B","TNF sR-II","P20333"
"X8908.14",146,-0.153168613507437,1.1162992648179,TRUE,4545,"KCNE5","Potassium voltage-gated channel subfamily E regulatory beta subunit 5:Cytoplasmic domain","KCE1L:CD","Q9UJ90"
"X8956.96",146,-0.153168613507437,1.16489452926867,TRUE,4546,"SCARF2","Scavenger receptor class F member 2:Extracellular domain","SREC-II:ECD","Q96GP6"
"X9265.10",146,-0.153168613507437,1.17176648033988,TRUE,4547,"GLIPR1","Glioma pathogenesis-related protein 1","GLIP1","P48060"
"X9573.108",146,-0.153168613507437,1.21582570708945,TRUE,4548,"TXNDC11","Thioredoxin domain-containing protein 11:N-term","TXD11:C-term","Q6PKC3"
"X9754.33",146,-0.153168613507437,1.07404950392104,TRUE,4549,"NQO2","Ribosyldihydronicotinamide dehydrogenase [quinone]","Quinone reductase 2","P16083"
"X9756.6",146,-0.153168613507437,1.17913544021694,TRUE,4550,"TAGLN","Transgelin","TAGL","Q01995"
"X9900.36",146,-0.153168613507437,1.15504385447036,TRUE,4551,"NEFH","Neurofilament heavy polypeptide","NFH","P12036"
"X15698.6",146,-0.153426992507009,1.41664333151255,TRUE,4552,"TXLNA","Alpha-taxilin","TXLNA","P40222"
"X10015.119",144,-0.154049285160191,1.20670805348486,TRUE,4553,"KCNAB2","Voltage-gated potassium channel subunit beta-2","KCAB2","Q13303"
"X11146.4",146,-0.1540980066253,1.29026129507375,TRUE,4554,"TBX22","T-box transcription factor TBX22","TBX22","Q9Y458"
"X4392.54",146,-0.154198273102746,1.22538159410837,TRUE,4555,"FGF12","Fibroblast growth factor 12","FGF-12","P61328"
"X11135.5",144,-0.154272668626769,1.30204523168201,TRUE,4556,"MRPL55","39S ribosomal protein L55, mitochondrial","RM55","Q7Z7F7"
"X18891.98",144,-0.154316881467384,1.31698101034892,TRUE,4557,"GBP2","Guanylate-binding protein 2","GBP2","P32456"
"X22003.4",138,-0.154679051585562,1.1333849126585,TRUE,4558,"PON2","Paraoxonase 2","Paraoxonase-2","Q15165"
"X5091.28",146,-0.154688036281039,1.17470721918231,TRUE,4559,"LILRB2","Leukocyte immunoglobulin-like receptor subfamily B member 2","ILT-4","Q8N423"
"X24959.20",144,-0.154690680938036,1.17959126387872,TRUE,4560,"CYB5R4","Cytochrome b5 reductase 4","NB5R4","Q7L1T6"
"X13724.27",146,-0.154853861609123,1.31476679238714,TRUE,4561,"FGF19","Fibroblast growth factor 19","FGF-19","O95750"
"X8645.257",145,-0.154895144813142,1.30122875943532,TRUE,4562,"PEX14","Peroxisomal membrane protein PEX14:C-term","PEX14:C-term","O75381"
"X11428.31",146,-0.154992692116355,1.20877150602629,TRUE,4563,"PDLIM1","PDZ and LIM domain protein 1","PDLI1","O00151"
"X21207.1",146,-0.15518551226529,1.18108910314744,TRUE,4564,"COASY","Bifunctional coenzyme A synthase","COASY","Q13057"
"X6568.18",145,-0.155300629485428,1.30129466858885,TRUE,4565,"HEPACAM2","HEPACAM family member 2:Isoform 2, Extracellular domain","HECA2:ECD","A8MVW5"
"X9188.119",142,-0.155303220830609,1.18982739653782,TRUE,4566,"CXCL9","C-X-C motif chemokine 9","MIG","Q07325"
"X6264.9",146,-0.155386045220181,1.3418726842844,TRUE,4567,"CCN1","Protein CYR61","CYR61","O00622"
"X11566.48",145,-0.155387237862033,1.26416503948841,TRUE,4568,"KRT72","Keratin, type II cytoskeletal 72","Keratin 72","Q14CN4"
"X6536.54",146,-0.155544157742307,1.00578978646937,TRUE,4569,"PLBD2","Putative phospholipase B-like 2","LAML2","Q8NHP8"
"X18419.20",144,-0.155666757101659,1.2824653417801,TRUE,4570,"ARPC5","Actin-related protein 2/3 complex subunit 5","p16-ARC","O15511"
"X10346.5",145,-0.155674620202585,1.23034504543325,TRUE,4571,"STAT3","Signal transducer and activator of transcription 3","STAT3","P40763"
"X20939.113",145,-0.155690367180149,1.35333565932821,TRUE,4572,"NHP2","H/ACA ribonucleoprotein complex subunit 2","NHP2","Q9NX24"
"X2647.66",146,-0.15582953156273,1.10856649310307,TRUE,4573,"GDI2","Rab GDP dissociation inhibitor beta","Rab GDP dissociation inhibitor beta","P50395"
"X20370.6",144,-0.155864330888899,1.2056531596994,TRUE,4574,"ACYP1","Acylphosphatase-1","ACYP1","P07311"
"X23588.9",145,-0.156385510390073,1.22375584719119,TRUE,4575,"HSDL2","Hydroxysteroid dehydrogenase-like protein 2","HSDL2","Q6YN16"
"X3363.31",146,-0.156434986830384,1.33187234376986,TRUE,4576,"CSK","Tyrosine-protein kinase CSK","CSK","P41240"
"X11193.27",143,-0.15671640259631,1.13966496088815,TRUE,4577,"HNF1A","Hepatocyte nuclear factor 1-alpha","HNF1A","P20823"
"X15495.9",141,-0.156771660622771,1.33988314934243,TRUE,4578,"FOLR3","Folate receptor gamma","FOLR3","P41439"
"X11273.176",144,-0.156967326776448,1.26751368496977,TRUE,4579,"GSTT2B","Glutathione S-transferase theta-2B","GSTT2","P0CG30"
"X25949.3",145,-0.157031137741052,1.33943580311315,TRUE,4580,"PLCD3","1-phosphatidylinositol 4,5-bisphosphate phosphodiesterase delta-3","PLCD3","Q8N3E9"
"X3420.21",146,-0.15703272929208,1.21809832696494,TRUE,4581,"CA13","Carbonic anhydrase 13","Carbonic anhydrase XIII","Q8N1Q1"
"X4322.28",143,-0.157110609480813,1.11343048385302,TRUE,4582,"AMN","Protein amnionless","AMNLS","Q9BXJ7"
"X14049.17",143,-0.157166339352225,1.08852792421212,TRUE,4583,"IL7","Interleukin-7","IL-7","P13232"
"X9201.13",146,-0.157206267426121,1.28807553252027,TRUE,4584,"TAGLN2","Transgelin-2","Transgelin-2","P37802"
"X19379.154",146,-0.157287251888673,1.22089284402397,TRUE,4585,"RAB3D","Ras-related protein Rab-3D","RAB3D","O95716"
"X5307.12",146,-0.157345097933354,1.22097679790976,TRUE,4586,"F9","Coagulation factor IXab","Coagulation Factor IXab","P00740"
"X13090.17",146,-0.157437651604842,1.27028189197276,TRUE,4587,"S100A6","Protein S100-A6","S100A6","P06703"
"X25409.5",143,-0.157490575601427,1.02900847230792,TRUE,4588,"CCDC140","Coiled-coil domain-containing protein 140","CC140","Q96MF4"
"X21491.7",146,-0.157842573917604,1.20485802782114,TRUE,4589,"AOC3","Vascular adhesion protein-1","VAP-1","Q16853"
"X2732.58",143,-0.157888688464372,1.18283433013929,TRUE,4590,"NANOG","Homeobox protein NANOG","NANOG","Q9H9S0"
"X19297.4",145,-0.157932653981139,1.20313499833637,TRUE,4591,"G6PD","Glucose-6-phosphate 1-dehydrogenase","G6PD","P11413"
"X8242.9",143,-0.157936211517388,1.13005856914993,TRUE,4592,"CLEC2L","C-type lectin domain family 2 member L","CLC2L","P0C7M8"
"X13622.16",145,-0.158068160792388,1.24847381236746,TRUE,4593,"PPP2R5A","Serine/threonine-protein phosphatase 2A 56 kDa regulatory subunit alpha isoform","2A5A","Q15172"
"X12535.2",145,-0.158196416374527,1.15686696480228,TRUE,4594,"XRCC1","DNA repair protein XRCC1","XRCC1","P18887"
"X23535.3",145,-0.15829089842589,1.1578035938031,TRUE,4595,"DENND10","Protein FAM45A","FA45A","Q8TCE6"
"X12764.3",143,-0.158304295898642,1.16201433354119,TRUE,4596,"ELMO1","Engulfment and cell motility protein 1","ELMO1","Q92556"
"X9250.87",143,-0.158345988097681,1.26818952478448,TRUE,4597,"DEFA1","Neutrophil defensin 1","HNP-1","P59665"
"X19742.3",144,-0.158424656295406,1.20369011744937,TRUE,4598,"SEPTIN5","Septin-5","Septin-5","Q99719"
"X4491.4",144,-0.158438405607785,1.34067397182492,TRUE,4599,"IL5RA","Interleukin-5 receptor subunit alpha","IL-5 Ra","Q01344"
"X9925.56",145,-0.158755435178423,1.10751852335515,TRUE,4600,"SCARF2","Scavenger receptor class F member 2:Cytoplasmic domain","SREC-II:CD","Q96GP6"
"X14035.13",143,-0.158830941231033,1.1917924812561,TRUE,4601,"TIAM1","T-lymphoma invasion and metastasis-inducing protein 1","TIAM1","Q13009"
"X14227.21",140,-0.158855368331274,1.25710940068248,TRUE,4602,"MYL6B","Myosin light chain 6B","MYL6B","P14649"
"X3187.52",143,-0.158918856800445,1.17624540529689,TRUE,4603,"CRISP3","Cysteine-rich secretory protein 3","CRIS3","P54108"
"X11143.32",146,-0.159030346035039,1.13109384396848,TRUE,4604,"OLFM3","Noelin-3:Isoform 2, N-term","NOE3:N-term","Q96PB7"
"X21351.8",146,-0.159196171363123,1.25137089728611,TRUE,4605,"GARS1","Glycyl t-RNA synthetase","Glycyl t-RNA synthetase","P41250"
"X3066.12",142,-0.159400607775333,1.14267091434204,TRUE,4606,"LGALS3","Galectin-3","Galectin-3","P17931"
"X3627.71",146,-0.159736067780139,1.10331132150636,TRUE,4607,"MMEL1","Membrane metallo-endopeptidase-like 1","MMEL2","Q495T6"
"X17742.2",144,-0.160434330868802,1.29506114420961,TRUE,4608,"RRAS","Ras-related protein R-Ras","RRAS","P10301"
"X24431.32",145,-0.160574214667157,1.26770500116289,TRUE,4609,"CMTR1","Cap-specific mRNA (nucleoside-2'-O-)-methyltransferase 1","CMTR1","Q8N1G2"
"X7922.5",145,-0.160963953129029,1.15488966997362,TRUE,4610,"ADM","Adrenomedullin","Adrenomedullin","P35318"
"X10528.2",146,-0.161043388389913,1.29415147291239,TRUE,4611,"DPEP1","Dipeptidase 1","DPEP1","P16444"
"X23547.21",144,-0.161077426732289,1.39464732100981,TRUE,4612,"TCEA3","Transcription elongation factor A protein 3","TCEA3","O75764"
"X9751.72",146,-0.161078096016721,1.37688433083596,TRUE,4613,"YBX1","Nuclease-sensitive element-binding protein 1","NSEP1","P67809"
"X3832.51",145,-0.161280544215545,0.990839292538653,TRUE,4614,"PTK6","Protein-tyrosine kinase 6","PTK6","Q13882"
"X8485.7",145,-0.161511161676505,1.35793624409573,TRUE,4615,"KEAP1","Kelch-like ECH-associated protein 1","KEAP1","Q14145"
"X22521.13",142,-0.161539654529222,1.05500841024468,TRUE,4616,"OTX2","Homeobox protein OTX2","OTX2","P32243"
"X10453.7",142,-0.16168392549885,1.05608865313677,TRUE,4617,"CEACAM20","Carcinoembryonic antigen-related cell adhesion molecule 20","CEA20","Q6UY09"
"X8404.102",140,-0.161833947492154,1.26179595178319,TRUE,4618,"BOLA2","BolA-like protein 2","BolA-like protein 2","Q9H3K6"
"X7131.207",145,-0.161926170295689,1.01116890270045,TRUE,4619,"TNC","Tenascin","Tenascin","P24821"
"X11510.51",146,-0.162073047985222,1.32235815973814,TRUE,4620,"APOL1","Apolipoprotein L1","Apo L1","O14791"
"X7875.86",145,-0.162219777061726,1.153527677698,TRUE,4621,"PLEK","Pleckstrin","PLEK","P08567"
"X7693.13",143,-0.16228673214337,1.02308622564053,TRUE,4622,"TNFRSF10B","Tumor necrosis factor receptor superfamily member 10B","TRAIL R2","O14763"
"X23619.235",146,-0.162454831880112,1.28674443293337,TRUE,4623,"C19orf53","Leydig cell tumor 10 kDa protein homolog","L10K","Q9UNZ5"
"X19768.13",145,-0.162457630788491,1.17084363209338,TRUE,4624,"CSTB","Cystatin B","Cystatin B","P04080"
"X11257.1",145,-0.16251604217024,1.08401752931142,TRUE,4625,"QDPR","Dihydropteridine reductase","DHPR","P09417"
"X8048.9",141,-0.16263606880238,1.23348426072946,TRUE,4626,"FTMT","Ferritin, mitochondrial","FTMT","Q8N4E7"
"X10530.8",142,-0.162780364919752,1.28929896031863,TRUE,4627,"PSMB6","Proteasome subunit beta type-6","PSB6","P28072"
"X23340.37",143,-0.162879464148295,1.21334355340162,TRUE,4628,"MRI1","Methylthioribose-1-phosphate isomerase","MTNA","Q9BV20"
"X4154.57",146,-0.163804572922652,1.23080589135005,TRUE,4629,"SELP","P-selectin","P-Selectin","P16109"
"X13493.5",145,-0.163851238302948,1.1686434272672,TRUE,4630,"GRID1","Glutamate receptor ionotropic, delta-1","GRID1","Q9ULK0"
"X2645.54",146,-0.163951116235842,0.972147709265387,TRUE,4631,"PRKCZ","Protein kinase C zeta type","PKC-Z","Q05513"
"X3642.4",143,-0.164154172600749,1.09888784883947,TRUE,4632,"CD84","SLAM family member 5","SLAF5","Q9UIB8"
"X10940.25",146,-0.164336756533711,1.31095445342024,TRUE,4633,"SRL","Sarcalumenin","SRCA","Q86TD4"
"X12619.14",145,-0.164583472759697,1.18953174211194,TRUE,4634,"PPM1A","Protein phosphatase 1A","Protein phophatase 2Ca","P35813"
"X25112.6",143,-0.164627877340196,1.01179315015854,TRUE,4635,"RPS6KB2","Ribosomal protein S6 kinase beta-2","KS6B2","Q9UBS0"
"X23156.146",145,-0.164940072790547,1.04714981935395,TRUE,4636,"CASP10","Caspase-10:region 2","Caspase-10:region 2","Q92851"
"X19516.10",146,-0.164976919428173,1.17844009011111,TRUE,4637,"HMGA2","High mobility group protein HMGI-C","HMGA2","P52926"
"X20987.21",145,-0.16522516209545,1.25314496117866,TRUE,4638,"SIX6","Homeobox protein SIX6","SIX6","O95475"
"X10451.11",145,-0.165957396552199,1.40968432037973,TRUE,4639,"NUCB1","Nucleobindin-1","NUCB1","Q02818"
"X10037.98",143,-0.166882823722553,1.32989697558447,TRUE,4640,"SIGLEC12","Sialic acid-binding Ig-like lectin 12:Ig-like V-type 2 domain, Isoform long","SIG12:Ig-like V-type 2","Q96PQ1"
"X10082.251",144,-0.167323495306405,1.11900772798217,TRUE,4641,"NEFL","Neurofilament light polypeptide","NFL","P07196"
"X24263.6",145,-0.16739266937384,1.09744456514411,TRUE,4642,"OCLN","Occludin","OCLN","Q16625"
"X5988.49",144,-0.167578387199203,1.40580601481527,TRUE,4643,"TNFSF14","Tumor necrosis factor ligand superfamily member 14","LIGHT","O43557"
"X2753.2",145,-0.167695799288629,1.1849889503181,TRUE,4644,"C1QA|C1QB|C1QC","Complement C1q subcomponent","C1q","P02745|P02746|P02747"
"X7113.1",146,-0.16774196036389,1.35890701458257,TRUE,4645,"GRPEL1","GrpE protein homolog 1, mitochondrial","GRPE1","Q9HAV7"
"X16320.139",145,-0.168030423220539,1.19037529164687,TRUE,4646,"CD320","CD320 antigen","CD320","Q9NPF0"
"X13236.25",142,-0.168201832978097,1.34891678436806,TRUE,4647,"WNT3A","Protein Wnt-3a","WNT3A","P56704"
"X13596.3",141,-0.168203692286615,1.34398664492766,TRUE,4648,"RAB27B","Ras-related protein Rab-27B","RB27B","O00194"
"X7239.9",142,-0.168449842291127,1.31807650860718,TRUE,4649,"GSTM1","Glutathione S-transferase Mu 1","GST M1-1","P09488"
"X21286.29",145,-0.168705244137203,1.31356354562701,TRUE,4650,"RPL11","60S ribosomal protein L11","RL11","P62913"
"X11179.7",146,-0.168756194347285,1.10589596725316,TRUE,4651,"TSSK1B","Testis-specific serine/threonine-protein kinase 1","TSSK1","Q9BXA7"
"X20443.37",145,-0.169038231768409,0.952095885615447,TRUE,4652,"TEN1","CST complex subunit TEN1","TEN1L","Q86WV5"
"X5963.9",135,-0.169349567321294,1.30251207723435,TRUE,4653,"DMKN","Dermokine","Dermokine","Q6E0U4"
"X5026.66",146,-0.169369362420896,1.32050584341214,TRUE,4654,"RPS3","40S ribosomal protein S3","RS3","P23396"
"X15305.7",140,-0.169424695640003,1.31052389603601,TRUE,4655,"SCGN","Secretagogin","Secretagogin","O76038"
"X4851.25",145,-0.169539833948122,0.841778893476464,TRUE,4656,"IL1A","Interleukin-1 alpha","IL-1a","P01583"
"X20402.11",145,-0.169565756555184,1.3338539785168,TRUE,4657,"TRAPPC2","Trafficking protein particle complex subunit 2","TPC2A","P0DI81"
"X19333.4",143,-0.169586515000092,1.32177348951468,TRUE,4658,"HNRNPK","Heterogeneous nuclear ribonucleoprotein K","hnRNP K","P61978"
"X5131.15",146,-0.169940110061741,1.16969158192236,TRUE,4659,"TNFRSF19","Tumor necrosis factor receptor superfamily member 19","TAJ","Q9NS68"
"X8094.20",146,-0.1702370530911,0.939852904284329,TRUE,4660,"CISD2","CDGSH iron-sulfur domain-containing protein 2","CISD2","Q8N5K1"
"X22392.5",143,-0.17044631368984,1.1131344427071,TRUE,4661,"SERTAD3","SERTA domain-containing protein 3","SRTD3","Q9UJW9"
"X11656.110",145,-0.170669679588374,1.38114586984098,TRUE,4662,"EVL","Ena/VASP-like protein","EVL","Q9UI08"
"X12772.8",146,-0.171012190089816,1.02635888479442,TRUE,4663,"NUP98","Nuclear pore complex protein Nup98-Nup96","NUP98","P52948"
"X22506.25",145,-0.171035123495185,1.20047139450418,TRUE,4664,"NAA20","N-acetyltransferase 5","NAT5","P61599"
"X19126.4",146,-0.171478814850237,0.89088097188788,TRUE,4665,"RPRD1B","Regulation of nuclear pre-mRNA domain-containing protein 1B","C20orf77","Q9NQG5"
"X2771.35",146,-0.17158679413364,1.2890653516003,TRUE,4666,"IGFBP1","Insulin-like growth factor-binding protein 1","IGFBP-1","P08833"
"X11606.22",145,-0.171732600573977,0.971751826024854,TRUE,4667,"DNAJB6","DnaJ homolog subfamily B member 6","DNJB6","O75190"
"X24905.22",144,-0.172027797762835,1.05241971185336,TRUE,4668,"EOLA1","Protein CXorf40A","CX04A","Q8TE69"
"X24641.10",145,-0.17210102493342,0.978740852199538,TRUE,4669,"CLDN1","Claudin-1","CLD1","O95832"
"X24909.40",146,-0.172118977744698,1.16744075436674,TRUE,4670,"PLCD1","1-phosphatidylinositol-4,5-bisphosphate phosphodiesterase delta-1","Phospholipase C-delta-1","P51178"
"X5695.5",138,-0.172484341712582,1.2296735522551,TRUE,4671,"BPIFA2","BPI fold-containing family A member 2","SPLC2","Q96DR5"
"X12493.42",145,-0.172964801568399,0.815619210243848,TRUE,4672,"OTUB2","Ubiquitin thioesterase OTUB2","OTUB2","Q96DC9"
"X23648.36",143,-0.173098351942639,0.928475706230713,TRUE,4673,"DDI1","Protein DDI1 homolog 1","DDI1","Q8WTU0"
"X21132.9",145,-0.173289924079735,1.23607475217987,TRUE,4674,"SYT13","Synaptotagmin-13","SYT13","Q7L8C5"
"X11560.76",144,-0.173462702524548,0.994257468146948,TRUE,4675,"NFATC4","Nuclear factor of activated T-cells, cytoplasmic 4","NFAC4","Q14934"
"X13576.15",139,-0.173650741159489,1.21887098764663,TRUE,4676,"GSTP1","Glutathione S-transferase P","Glutathione S-transferase Pi","P09211"
"X24486.1",144,-0.173792288492225,1.32806388517801,TRUE,4677,"BCL11A","B-cell lymphoma/leukemia 11A","B-cell CLL 11A","Q9H165"
"X7982.10",144,-0.174003653588374,1.11202994055128,TRUE,4678,"MRPL32","39S ribosomal protein L32, mitochondrial","RM32","Q9BYC8"
"X21234.7",144,-0.174236775838888,1.31687062931399,TRUE,4679,"ASB13","Ankyrin repeat and SOCS box protein 13","ASB-13","Q8WXK3"
"X11161.5",146,-0.17493029551616,1.26705119724578,TRUE,4680,"SPART","Spartin","SPG20","Q8N0X7"
"X11297.54",141,-0.175349362926428,1.23137233056192,TRUE,4681,"NOTCH2","Neurogenic locus notch homolog protein 2","NOTC2","Q04721"
"X19118.47",146,-0.175354499843816,1.38169385277048,TRUE,4682,"OSTF1","Osteoclast-stimulating factor 1","OSTF1","Q92882"
"X13535.2",146,-0.175585884022537,0.903390987800306,TRUE,4683,"CERT1","Collagen type IV alpha-3-binding protein:PH domain","C43BP:PH domain","Q9Y5P4"
"X4964.67",138,-0.17577778031488,1.44625933915219,TRUE,4684,"ERAP1","Endoplasmic reticulum aminopeptidase 1","ARTS1","Q9NZ08"
"X24470.20",146,-0.175859688634023,1.30635451798303,TRUE,4685,"PCBP3","Poly(rC)-binding protein 3","PCBP3","P57721"
"X14156.33",146,-0.176226046916999,1.18289099155836,TRUE,4686,"YWHAB","14-3-3 protein beta/alpha","14-3-3 protein beta/alpha","P31946"
"X11083.23",146,-0.17657312318508,1.24391292104347,TRUE,4687,"ENO2","Gamma-enolase","NSE","P09104"
"X21390.68",146,-0.176673389662526,1.09385146477764,TRUE,4688,"DCT","L-dopachrome tautomerase","L-dopachrome tautomerase","P40126"
"X17450.51",146,-0.176904773841247,1.31626239885827,TRUE,4689,"HARS1","Histidine--tRNA ligase, cytoplasmic","Histidyl-tRNA synthetase","P12081"
"X4144.13",146,-0.177097593990182,1.21656656956153,TRUE,4690,"CCL13","C-C motif chemokine 13","MCP-4","Q99616"
"X4160.49",143,-0.177115440654384,1.25456233080618,TRUE,4691,"MMP2","72 kDa type IV collagenase","MMP-2","P08253"
"X25279.44",146,-0.177487090691029,1.39116850346972,TRUE,4692,"NVL","Nuclear valosin-containing protein-like","NVL","O15381"
"X5029.3",142,-0.177738423330434,1.32912285596283,TRUE,4693,"FAP","Prolyl endopeptidase FAP","SEPR","Q12884"
"X19116.1",146,-0.178080976749746,1.03936765799604,TRUE,4694,"BLOC1S5","Biogenesis of lysosome-related organelles complex 1 subunit 5","MUTED","Q8TDH9"
"X11548.84",142,-0.178163497126666,1.33468542174877,TRUE,4695,"CDC25A","M-phase inducer phosphatase 1","MPIP1","P30304"
"X9846.32",146,-0.178316217331446,1.24616250582525,TRUE,4696,"ARHGDIB","Rho GDP-dissociation inhibitor 2","Rho-GDI beta","P52566"
"X9609.25",145,-0.178431322374728,1.28151446515567,TRUE,4697,"ZNF275","Zinc finger protein 275","ZN275","Q9NSD4"
"X16847.39",145,-0.178452623249625,1.20252283041021,TRUE,4698,"RAB3B","Ras-related protein Rab-3B","RAB3B","P20337"
"X17449.23",145,-0.178487351290066,1.32049427201343,TRUE,4699,"CD9","CD9 antigen","CD9","P21926"
"X16803.4",143,-0.178561827543254,1.07823184388889,TRUE,4700,"CALB2","Calretinin","CALB2","P22676"
"X21403.39",145,-0.178726578785236,1.18244239591409,TRUE,4701,"TSC2","Tuberin","TSC2","P49815"
"X13741.36",146,-0.179218615628459,1.2966144253414,TRUE,4702,"IGFBP1","Insulin-like growth factor-binding protein 1","IGFBP-1","P08833"
"X21009.28",145,-0.179641720419102,0.868451189336685,TRUE,4703,"SNTN","Sentan","SNTAN","A6NMZ2"
"X21338.44",145,-0.179651715538164,1.0190380138955,TRUE,4704,"SIL1","Nucleotide exchange factor SIL1","SIL1","Q9H173"
"X23541.61",144,-0.180621148968838,1.40817459388285,TRUE,4705,"CLYBL","Citrate lyase subunit beta-like protein, mitochondrial","CLYBL","Q8N0X4"
"X25266.14",146,-0.180900007327166,1.23367390344245,TRUE,4706,"OSBPL1A","Oxysterol-binding protein-related protein 1","OSBL1","Q9BXW6"
"X8089.173",144,-0.180993301754647,1.04944889103746,TRUE,4707,"NR4A1","Nuclear receptor subfamily 4 group A member 1","NR4A1","P22736"
"X8014.359",143,-0.181073632410491,1.20194485635494,TRUE,4708,"MANEA","Glycoprotein endo-alpha-1,2-mannosidase","MANEA","Q5SRI9"
"X21478.20",140,-0.18124421836695,1.15454194272971,TRUE,4709,"SMAD5","SMAD5","SMAD5","Q99717"
"X22143.6",146,-0.182650814279489,0.855789259321784,TRUE,4710,"FBXO28","F-box only protein 28","FBX28","Q9NVF7"
"X5400.52",140,-0.182698910480989,1.18162959018523,TRUE,4711,"LEPR","Leptin receptor, soluble","sLeptin R","P48357"
"X19570.12",146,-0.183329541203738,1.18758195096445,TRUE,4712,"FGF8","Fibroblast growth factor 8","FGF-8","P55075"
"X8037.53",146,-0.183356536024588,1.29056644376516,TRUE,4713,"DNAJB14","DnaJ homolog subfamily B member 14:Lumenal domain","DJB14:LD","Q8TBM8"
"X10463.23",146,-0.183753745531393,1.09776853194678,TRUE,4714,"ALPI","Intestinal-type alkaline phosphatase","Alkaline phosphatase, intestine","P09923"
"X23611.16",146,-0.185535403707546,1.35865682573281,TRUE,4715,"MARVELD2","MARVEL domain-containing protein 2","MALD2","Q8N4S9"
"X9172.69",141,-0.185603336073435,1.13176216358271,TRUE,4716,"MMP8","Neutrophil collagenase","MMP-8","P22894"
"X2796.62",142,-0.185725123966249,1.3067122952334,TRUE,4717,"FGA|FGB|FGG","Fibrinogen","Fibrinogen","P02671|P02675|P02679"
"X12618.50",140,-0.186316061111038,1.27009749392541,TRUE,4718,"AKR1C1","Aldo-keto reductase family 1 member C1","Aldo-keto reductase 1C1","Q04828"
"X10699.52",145,-0.18638909994213,1.2798180720728,TRUE,4719,"LRP1","Prolow-density lipoprotein receptor-related protein 1","LRP1","Q07954"
"X8091.16",145,-0.186391435202044,0.95699914078806,TRUE,4720,"MASP1","Mannan-binding lectin serine protease 1:Mannan-binding lectin serine protease 1 heavy chain","MASP3:Heavy","P48740"
"X23657.102",144,-0.186400961426384,0.969366260765033,TRUE,4721,"HNRNPLL","Heterogeneous nuclear ribonucleoprotein L-like","HNRLL","Q8WVV9"
"X23556.4",144,-0.18672891298712,1.19237048627463,TRUE,4722,"VGLL4","Transcription cofactor vestigial-like protein 4","VGLL4","Q14135"
"X4342.10",146,-0.186757883451789,1.03726703888788,TRUE,4723,"ICAM1","Intercellular adhesion molecule 1","sICAM-1","P05362"
"X7056.16",144,-0.1871823470895,1.25899959535237,TRUE,4724,"SLC3A2","4F2 cell-surface antigen heavy chain:Extracellular domain","4F2:ECD","P08195"
"X3486.58",128,-0.187324914943358,1.16852421035583,TRUE,4725,"FGF1","Fibroblast growth factor 1","b-ECGF","P05230"
"X18931.40",142,-0.187401759629128,1.38595079010026,TRUE,4726,"SLIT3","Slit homolog 3 protein","SLIT3","O75094"
"X9835.16",136,-0.187884975977022,1.12585232429378,TRUE,4727,"ALDH1A3","Aldehyde dehydrogenase family 1 member A3","AL1A3","P47895"
"X6563.78",144,-0.188193587543258,1.23261111790334,TRUE,4728,"HSPA1A","Heat shock 70 kDa protein 1A","HSP 70","P0DMV8"
"X19374.72",146,-0.188666802926239,1.37936950132225,TRUE,4729,"MTCP1","Protein p13 MTCP-1","MTCP1","P56278"
"X23662.10",146,-0.188940607537725,1.0938300762706,TRUE,4730,"SH3BP5","SH3 domain-binding protein 5","3BP5","O60239"
"X8837.8",145,-0.189032995888062,1.1072544017334,TRUE,4731,"MFAP3L","Microfibrillar-associated protein 3-like","MFA3L","O75121"
"X4217.49",145,-0.18922749264813,1.0490687271104,TRUE,4732,"HSD17B10","3-hydroxyacyl-CoA dehydrogenase type-2","ERAB","Q99714"
"X24443.8",141,-0.189596155287016,1.24488503298809,TRUE,4733,"MORF4L2","Mortality factor 4-like protein 2","MO4L2","Q15014"
"X21971.47",146,-0.190051251595587,1.41930824002504,TRUE,4734,"FLI1","Friend leukemia integration 1 transcription factor","FLI1","Q01543"
"X21271.53",140,-0.190291865128831,1.14709629992636,TRUE,4735,"AKR1C2","Aldo-keto reductase family 1 member C2","AK1C2","P52895"
"X8257.71",146,-0.190309630595159,1.41845548503316,TRUE,4736,"OXT","Oxytocin-neurophysin 1","NEU1","P01178"
"X24293.39",145,-0.190337654566427,1.33023332318573,TRUE,4737,"SCP2","Nonspecific lipid-transfer protein:isoform 6","NLTP:isoform 6","P22307"
"X13587.10",143,-0.190488796406313,1.38427245748626,TRUE,4738,"RACGAP1","Rac GTPase-activating protein 1","RGAP1","Q9H0H5"
"X22091.14",145,-0.190509277940606,1.0316926534898,TRUE,4739,"UPB1","Beta-ureidopropionase","BUP1","Q9UBR1"
"X11510.31",146,-0.190675988878134,1.35150156522042,TRUE,4740,"APOL1","Apolipoprotein L1","Apo L1","O14791"
"X16597.11",145,-0.190751012727495,1.39814140635777,TRUE,4741,"GLRX5","Glutaredoxin-related protein 5, mitochondrial","GLRX5","Q86SX6"
"X7655.11",145,-0.190816344607535,1.21880578870518,TRUE,4742,"NPPB","N-terminal pro-BNP","N-terminal pro-BNP","P16860"
"X10574.10",142,-0.190827183961404,1.33121153084957,TRUE,4743,"B2M","Beta-2-microglobulin","b2-Microglobulin","P61769"
"X22432.83",145,-0.190847838624656,0.915473293471009,TRUE,4744,"SRPK1","Serine/threonine-protein kinase SRPK1","SRPK1","Q96SB4"
"X21899.36",142,-0.191135664406012,1.2623318597483,TRUE,4745,"INHA|INHBA","inhibin A","inhibin A","P05111|P08476"
"X21649.12",129,-0.191333055654172,1.19746786149878,TRUE,4746,"STX17","Syntaxin-17","STX17","P56962"
"X3881.49",146,-0.191790489338974,1.06899488920098,TRUE,4747,"DYNLL1","Dynein light chain 1, cytoplasmic","DLC8","P63167"
"X4159.130",145,-0.191908415578485,1.34288773176333,TRUE,4748,"CFH","Complement factor H","Factor H","P08603"
"X6020.52",145,-0.191958002728169,1.36800070592479,TRUE,4749,"UTS2","Urotensin-2","Urotensin-II","O95399"
"X15516.12",146,-0.192415226621521,1.3886415706358,TRUE,4750,"SAA4","Serum amyloid A-4 protein","SAA-4","P35542"
"X23384.19",145,-0.192457970249964,1.39086378145574,TRUE,4751,"KCTD17","BTB/POZ domain-containing protein KCTD17","KCD17","Q8N5Z5"
"X5728.60",145,-0.192564262557747,1.35489006664266,TRUE,4752,"FCRL1","Fc receptor-like protein 1","FCRL1","Q96LA6"
"X25061.8",145,-0.192983146797262,1.32664737550066,TRUE,4753,"ELMO2","Engulfment and cell motility protein 2","ELMO2","Q96JJ3"
"X21651.9",146,-0.193232784053002,0.969106826717984,TRUE,4754,"TXNL4A","Thioredoxin-like protein 4A","TXN4A","P83876"
"X6974.6",145,-0.19332799247293,1.33606038666421,TRUE,4755,"CD74","HLA class II histocompatibility antigen gamma chain","HG2A","P04233"
"X10454.99",141,-0.193530778040609,1.22763994792545,TRUE,4756,"DNAJC16","DnaJ homolog subfamily C member 16","DJC16","Q9Y2G8"
"X24499.36",145,-0.193805163413616,1.351265888535,TRUE,4757,"LGSN","Lengsin","LGSN","Q5TDP6"
"X19567.1",143,-0.193820657047697,1.18037702128299,TRUE,4758,"EGFR","Epidermal growth factor receptor variant III","EGFRvIII","P00533"
"X14025.18",144,-0.194146231666781,1.20168003914561,TRUE,4759,"TNFRSF9","Tumor necrosis factor receptor superfamily member 9","4-1BB","Q07011"
"X23254.31",144,-0.194332740481717,1.312555393984,TRUE,4760,"NDUFAF3","NADH dehydrogenase [ubiquinone] 1 alpha subcomplex assembly factor 3","NDUF3","Q9BU61"
"X17460.51",144,-0.195310223415522,1.32314058486999,TRUE,4761,"MX1","Interferon-induced GTP-binding protein Mx1","Mx1","P20591"
"X17396.23",146,-0.19538080051213,1.20919110350536,TRUE,4762,"ADH1A","Alcohol dehydrogenase 1A","ADH1A","P07327"
"X15403.53",146,-0.195797292033828,1.23652704598791,TRUE,4763,"ID2","DNA-binding protein inhibitor ID-2","ID2","Q02363"
"X12717.65",144,-0.196083554062147,1.21351194812534,TRUE,4764,"TOX3","TOX high mobility group box family member 3","TOX3","O15405"
"X20090.63",142,-0.196399417367886,1.30680661423912,TRUE,4765,"UBE2E3","Ubiquitin-conjugating enzyme E2 E3","UB2E3","Q969T4"
"X22033.7",145,-0.196591559997087,1.27272902805359,TRUE,4766,"WAS","Wiskott-Aldrich syndrome protein","WASP","P42768"
"X23374.42",144,-0.197532129543102,1.1953968156522,TRUE,4767,"NECAB3","N-terminal EF-hand calcium-binding protein 3","NECA3","Q96P71"
"X9185.15",145,-0.197967085204089,1.13037642561305,TRUE,4768,"TFF1","Trefoil factor 1","TFF1","P04155"
"X22960.8",143,-0.198208902542382,1.11790198050406,TRUE,4769,"FCGR2B","Low affinity immunoglobulin gamma Fc region receptor II-b","FCG2B","P31994"
"X19587.12",135,-0.198220500825604,1.39316611067428,TRUE,4770,"KPNA1","Importin subunit alpha-5","IMA5","P52294"
"X2605.49",146,-0.198508343327844,1.21611851597557,TRUE,4771,"TNFRSF8","Tumor necrosis factor receptor superfamily member 8","CD30","P28908"
"X2634.2",146,-0.198743583909544,1.31856109333088,TRUE,4772,"IL2RG","Cytokine receptor common subunit gamma","IL-2 sRg","P31785"
"X9004.24",145,-0.199000852306838,1.30366456977402,TRUE,4773,"LDLRAD4","Low-density lipoprotein receptor class A domain-containing protein 4","CR001","O15165"
"X7785.1",144,-0.199528129358473,1.28844033927231,TRUE,4774,"EFNB3","Ephrin-B3:Cytoplasmic domain","Ephrin-B3:CD","Q15768"
"X7008.13",146,-0.199642125803578,1.12197419079486,TRUE,4775,"EVA1C","Protein eva-1 homolog C:Cytoplasmic domain","F176C:CD","P58658"
"X24423.9",146,-0.199719253863152,1.28057087438244,TRUE,4776,"None","Protein phosphatase 1 regulatory subunit 3G","PP13G","B7ZBB8"
"X3423.59",146,-0.199769387101875,1.27997948545975,TRUE,4777,"CMA1","Chymase","Chymase","P23946"
"X18429.10",144,-0.200545022648987,1.38981466130503,TRUE,4778,"CDH1","Cadherin-1","Cadherin E","P12830"
"X18210.12",143,-0.200847939355509,1.360514912933,TRUE,4779,"SPIN1","Spindlin-1","SPIN1","Q9Y657"
"X7968.15",146,-0.201138410159308,1.13009984198499,TRUE,4780,"CRTAM","Cytotoxic and regulatory T-cell molecule","CRTAM","O95727"
"X5861.78",137,-0.201459063604158,1.31838302799747,TRUE,4781,"HAAO","3-hydroxyanthranilate 3,4-dioxygenase","3HAO","P46952"
"X18347.15",146,-0.20163202974058,1.33010866860114,TRUE,4782,"LAMA2|LAMB1|LAMC1","Laminin-2","Laminin-2","P24043|P07942|P11047"
"X21961.14",146,-0.201813280680578,1.12152535525774,TRUE,4783,"CD2AP","CD2-associated protein","CD2AP","Q9Y5K6"
"X18864.7",141,-0.202093613195329,1.34559183435889,TRUE,4784,"PRSS3","Trypsin-3","TRY3","P35030"
"X7810.20",146,-0.202191208172489,1.2126328316751,TRUE,4785,"C1QTNF5","Complement C1q tumor necrosis factor-related protein 5","C1QTNF5","Q9BXJ0"
"X4533.76",143,-0.202497850395753,1.3420882098008,TRUE,4786,"ADAMTS15","A disintegrin and metalloproteinase with thrombospondin motifs 15","ATS15","Q8TE58"
"X13512.28",146,-0.202947063156312,1.32409651330663,TRUE,4787,"HNRNPR","Heterogeneous nuclear ribonucleoprotein R","HNRPR","O43390"
"X2695.25",146,-0.203008765603971,0.986767813645316,TRUE,4788,"PECAM1","Platelet endothelial cell adhesion molecule","PECAM-1","P16284"
"X25248.28",145,-0.203177746327502,0.949281876948109,TRUE,4789,"NUMB","Protein numb homolog","NUMB","P49757"
"X24256.7",143,-0.203254668581982,1.07973932841583,TRUE,4790,"KLHL40","Kelch-like protein 40","KLH40","Q2TBA0"
"X4911.49",146,-0.203371267483967,1.20719862400934,TRUE,4791,"GSTP1","Glutathione S-transferase P","Glutathione S-transferase Pi","P09211"
"X12956.40",142,-0.203525133869159,1.16566242367136,TRUE,4792,"KIFBP","KIF1-binding protein","KBP","Q96EK5"
"X16755.195",143,-0.203817787062537,1.38051490623253,TRUE,4793,"GDF3","Growth/differentiation factor 3","GDF-3","Q9NR23"
"X9524.46",145,-0.203980843764086,1.35009056731625,TRUE,4794,"SPATA31D4","Putative spermatogenesis-associated protein 31D4","S31D4","Q6ZUB0"
"X21387.64",146,-0.204049994408216,1.36666623681594,TRUE,4795,"MEP1A","Meprin A subunit alpha","MEP1A","Q16819"
"X8776.10",143,-0.204247101870112,1.3603370226204,TRUE,4796,"ERLIN1","Erlin-1","ERLN1","O75477"
"X23654.6",142,-0.204250280313112,1.31549955376274,TRUE,4797,"ALG2","Alpha-1,3-mannosyltransferase ALG2","ALG2","Q9H553"
"X12753.6",145,-0.204443009719822,1.21489953023589,TRUE,4798,"APBB2","Amyloid beta A4 precursor protein-binding family B member 2:Phosphotyrosine Interaction Domain 1","APBB2:PID 1","Q92870"
"X18417.3",144,-0.204454242724476,1.33313214490974,TRUE,4799,"AS3MT","Arsenite methyltransferase","AS3MT","Q9HBK9"
"X18405.117",144,-0.204612595811043,1.42664778472731,TRUE,4800,"AP1S2","AP-1 complex subunit sigma-2","AP1S2","P56377"
"X8819.3",146,-0.204678588093741,1.25525284568106,TRUE,4801,"IGFBP2","Insulin-like growth factor-binding protein 2","IGFBP-2","P18065"
"X14094.29",145,-0.204801253459414,1.4092950115431,TRUE,4802,"HBEGF","Heparin-binding EGF-like growth factor","HB-EGF","Q99075"
"X8405.108",143,-0.205061379279209,1.10960980228522,TRUE,4803,"ADAM10","Disintegrin and metalloproteinase domain-containing protein 10:Extracellular domain","ADAM 10:ECD","O14672"
"X7863.50",146,-0.205199202495864,1.21279261294023,TRUE,4804,"PGRMC1","Membrane-associated progesterone receptor component 1","PGRC1","O00264"
"X21523.71",145,-0.205661836927916,1.31276343894613,TRUE,4805,"ILKAP","Integrin-linked kinase-associated serine/threonine phosphatase 2C","ILKAP","Q9H0C8"
"X16079.2",146,-0.205735242509901,1.29606013696162,TRUE,4806,"TEC","Tyrosine-protein kinase Tec","TEC","P42680"
"X5633.65",144,-0.20619060155589,1.37722082803646,TRUE,4807,"LILRB2","Leukocyte immunoglobulin-like receptor subfamily B member 2","ILT-4","Q8N423"
"X18873.8",143,-0.206397741008051,1.30729127402559,TRUE,4808,"CEACAM8","Carcinoembryonic antigen-related cell adhesion molecule 8","CEAM8","P31997"
"X21861.8",146,-0.206602933180106,1.27178357898355,TRUE,4809,"PSMB10","Proteasome subunit beta type-10","PSB10","P40306"
"X9986.14",146,-0.207366500969885,1.28498535002147,TRUE,4810,"NPW","Neuropeptide W","Neuropeptide W","Q8N729"
"X8659.68",145,-0.20747667966451,1.20271180467335,TRUE,4811,"MPIG6B","Protein G6b:Isoform B, Cytoplasmic domain","G6B:CD","O95866"
"X3005.5",146,-0.20767501320818,1.20172813306558,TRUE,4812,"PTPN1","Tyrosine-protein phosphatase non-receptor type 1","PTP-1B","P18031"
"X24690.1",146,-0.208103073938814,1.41126124918576,TRUE,4813,"CABP2","Calcium-binding protein 2","CABP2","Q9NPB3"
"X4876.32",146,-0.208681534385617,1.26353498358681,TRUE,4814,"F9","Coagulation factor IX","Coagulation Factor IX","P00740"
"X21433.3",143,-0.208897243364929,1.27326336824783,TRUE,4815,"BTN3A2","Butyrophilin subfamily 3 member A2","BT3A2","P78410"
"X21766.50",143,-0.20951612870127,1.19644565922069,TRUE,4816,"SGSH","N-sulphoglucosamine sulphohydrolase","SPHM","P51688"
"X11454.87",146,-0.209603214697523,1.32596819364868,TRUE,4817,"EIF3G","Eukaryotic translation initiation factor 3 subunit G","EIF3G","O75821"
"X3412.7",146,-0.209622496712416,0.945913108155241,TRUE,4818,"BCL2","Apoptosis regulator Bcl-2","Bcl-2","P10415"
"X14057.68",144,-0.209635183774691,1.05901813500891,TRUE,4819,"TNFSF15","Tumor necrosis factor ligand superfamily member 15","TNFSF15","O95150"
"X12433.8",146,-0.21110721185921,1.33305808466926,TRUE,4820,"ARL11","ADP-ribosylation factor-like protein 11","ARL11","Q969Q4"
"X5129.12",146,-0.211435006112399,0.959997101978782,TRUE,4821,"SCARF1","Scavenger receptor class F member 1","SREC-I","Q14162"
"X24647.3",134,-0.211445702000728,1.16692985468911,TRUE,4822,"APOBEC2","C->U-editing enzyme APOBEC-2","ABEC2","Q9Y235"
"X12692.56",144,-0.211486403655971,1.36946489138175,TRUE,4823,"DOT1L","Histone-lysine N-methyltransferase, H3 lysine-79 specific","DOT1L","Q8TEK3"
"X8775.61",145,-0.211950381273694,1.02180322799761,TRUE,4824,"FAM24B","Protein FAM24B","FA24B","Q8N5W8"
"X9742.59",144,-0.212052396130178,1.33694503314568,TRUE,4825,"DDX39B","Spliceosome RNA helicase DDX39B","BAT1","Q13838"
"X21348.22",146,-0.212314265991539,1.20154746203947,TRUE,4826,"TRPT1","tRNA 2'-phosphotransferase 1","TRPT1","Q86TN4"
"X3195.50",144,-0.21296393057822,1.26571569750719,TRUE,4827,"GNLY","Granulysin","Granulysin","P22749"
"X21718.150",144,-0.213668171240007,1.24840063313612,TRUE,4828,"HYAL4","Hyaluronidase-4","HYAL4","Q2M3T9"
"X22378.2",145,-0.213965152075837,1.08051099905279,TRUE,4829,"KRT34","Keratin 34","Keratin 34","O76011"
"X8784.7",145,-0.213981741379514,1.20430180086245,TRUE,4830,"ABRAXAS1","BRCA1-A complex subunit Abraxas","F175A","Q6UWZ7"
"X2915.6",145,-0.21473759630261,1.34309078581263,TRUE,4831,"PCNA","Proliferating cell nuclear antigen","PCNA","P12004"
"X15395.15",146,-0.214739943465132,1.2773529906293,TRUE,4832,"GSTM1","Glutathione S-transferase Mu 1","GST M1-1","P09488"
"X23578.6",143,-0.214858259217153,1.27499524041153,TRUE,4833,"SMIM3","Small integral membrane protein 3","SMIM3","Q9BZL3"
"X23285.51",145,-0.21488958394435,1.16942491353121,TRUE,4834,"KCTD2","BTB/POZ domain-containing protein KCTD2","KCTD2","Q14681"
"X23686.44",146,-0.215935428388525,1.34910246361774,TRUE,4835,"CWF19L1","CWF19-like protein 1","C19L1","Q69YN2"
"X9885.41",143,-0.216313664972286,1.18888837620858,TRUE,4836,"RAP2A","Ras-related protein Rap-2a","RAP2A","P10114"
"X24459.15",143,-0.216475339525301,1.36235200761429,TRUE,4837,"COPB2","Coatomer subunit beta'","COPB2","P35606"
"X7918.114",142,-0.21707073755512,1.2850000307816,TRUE,4838,"AMY1A","Alpha-amylase 1","Amylase, alpha 1A","P04745"
"X14102.6",144,-0.218514618284713,1.29849373269602,TRUE,4839,"GNLY","Granulysin","Granulysin","P22749"
"X11308.8",143,-0.218607762742611,1.24502626641883,TRUE,4840,"CREB3L4","Cyclic AMP-responsive element-binding protein 3-like protein 4","CR3L4","Q8TEY5"
"X24322.1",143,-0.218613661455619,1.38819265795671,TRUE,4841,"GTF2E1","General transcription factor IIE subunit 1","T2EA","P29083"
"X3719.2",142,-0.218811891563361,1.33903212647551,TRUE,4842,"CDKN1B","Cyclin-dependent kinase inhibitor 1B","p27Kip1","P46527"
"X23342.4",145,-0.219133402751396,1.38482157026488,TRUE,4843,"ARRDC5","Arrestin domain-containing protein 5","ARRD5","A6NEK1"
"X22049.24",144,-0.21930730676013,1.29946907635511,TRUE,4844,"YWHAH","14-3-3 protein eta","14-3-3 eta","Q04917"
"X21931.27",146,-0.220046353963804,1.21022070636408,TRUE,4845,"UBE2L3|UBB","UB2L3/PolyUbiquitin K48","UB2L3/ PolyUbiquitin K48","P68036|P0CG47"
"X4192.10",144,-0.220885342036564,1.28534745491381,TRUE,4846,"AKR1A1","Alcohol dehydrogenase [NADP(+)]","AK1A1","P14550"
"X8845.2",146,-0.22137681299145,1.36187720600256,TRUE,4847,"ADAMTS3","A disintegrin and metalloproteinase with thrombospondin motifs 3","ATS3","O15072"
"X20073.22",145,-0.221467896770485,1.35500376461985,TRUE,4848,"KRAS","GTPase KRas","K-ras","P01116"
"X7824.88",146,-0.22175859688634,1.27453740548135,TRUE,4849,"MSRB3","Methionine-R-sulfoxide reductase B3","MSRB3","Q8IXL7"
"X13730.18",145,-0.221768621785156,1.04608767730723,TRUE,4850,"CTSC","Dipeptidyl peptidase 1","CATC","P53634"
"X8587.21",146,-0.221858863363786,0.974983608107296,TRUE,4851,"SPINK14","Serine protease inhibitor Kazal-type 14","ISK52","Q6IE38"
"X12669.30",146,-0.221962986244211,1.15911097228957,TRUE,4852,"HECW1","E3 ubiquitin-protein ligase HECW1","HECW1","Q76N89"
"X21382.70",139,-0.222516177469522,1.36304070197702,TRUE,4853,"ELAC1","Zinc phosphodiesterase ELAC protein 1","RNZ1","Q9H777"
"X6504.65",146,-0.223031209869306,1.34412256534594,TRUE,4854,"LOXL2","Lysyl oxidase homolog 2","Lysyl oxidase-like protein 2","Q9Y4K0"
"X20380.50",144,-0.223751798647899,1.17526658031781,TRUE,4855,"LSM12","Protein LSM12 homolog","LSM12","Q3MHD2"
"X19153.53",143,-0.224018731672081,1.15653438693697,TRUE,4856,"MPPED2","Metallophosphoesterase MPPED2","MPPD2","Q15777"
"X12940.35",146,-0.224404089329719,1.19406964862552,TRUE,4857,"ALDH3B1","Aldehyde dehydrogenase family 3 member B1","AL3B1","P43353"
"X18883.4",142,-0.224409300298022,1.27592857699012,TRUE,4858,"DSTN","Destrin","DEST","P60981"
"X6022.57",146,-0.224724170776949,1.23491062859006,TRUE,4859,"NELL2","Protein kinase C-binding protein NELL2","NELL2","Q99435"
"X15449.33",145,-0.224818713634467,1.21287483475472,TRUE,4860,"TIMD4","T-cell immunoglobulin and mucin domain-containing protein 4","TIM-4","Q96H15"
"X2750.3",146,-0.225395184895241,1.39404438413791,TRUE,4861,"APOA1","Apolipoprotein A-I","Apo A-I","P02647"
"X6019.12",145,-0.225583327100155,1.36704519545147,TRUE,4862,"C1QTNF9","Complement C1q and tumor necrosis factor-related protein 9A","C1T9A","P0C862"
"X17175.5",146,-0.22560343065609,1.41579291725178,TRUE,4863,"MAP2K6","Dual specificity mitogen-activated protein kinase kinase 6","MP2K6","P52564"
"X9022.49",145,-0.22621231566267,1.14357590708335,TRUE,4864,"DEFB132","Beta-defensin 132","DB132","Q7Z7B7"
"X9365.91",143,-0.226495437093037,1.41665640608742,TRUE,4865,"EYS","Protein eyes shut homolog","EYS","Q5T1H1"
"X23270.14",146,-0.226509685356081,1.04048003454821,TRUE,4866,"SPATA33","Spermatogenesis-associated protein 33","SPT33","Q96N06"
"X20575.82",144,-0.227076693046942,1.31790686782295,TRUE,4867,"CLEC9A","C-type lectin domain family 9 member A","CLC9A","Q6UXN8"
"X17696.1",142,-0.227406286545418,1.22226450533664,TRUE,4868,"TICAM2","TIR domain-containing adapter molecule 2","TIRP","Q86XR7"
"X5542.22",146,-0.228819670740314,1.19494973874662,TRUE,4869,"NRP1","Neuropilin-1","NRP1","O14786"
"X21480.2",144,-0.228905493233439,1.06218418890173,TRUE,4870,"CD82","CD82 antigen","CD82 antigen","P27701"
"X8759.29",142,-0.229005857758124,1.31908087583342,TRUE,4871,"A4GALT","Lactosylceramide 4-alpha-galactosyltransferase","a1,4-Galactosyltransferase","Q9NPC4"
"X3222.11",146,-0.229097331754779,1.27483985013173,TRUE,4872,"SEMA3A","Semaphorin-3A","Semaphorin 3A","Q14563"
"X12800.5",146,-0.229313290321585,1.16662152720494,TRUE,4873,"TPPP2","Tubulin polymerization-promoting protein family member 2","TPPP2","P59282"
"X22405.61",144,-0.229478710512407,1.27691582716741,TRUE,4874,"PCK2","Phosphoenolpyruvate carboxykinase [GTP], mitochondrial","PCKGM","Q16822"
"X11669.39",140,-0.229634392235592,1.28133502671429,TRUE,4875,"SLCO5A1","Solute carrier organic anion transporter family member 5A1","SO5A1","Q9H2Y9"
"X4535.50",143,-0.229691071992908,1.41968658236097,TRUE,4876,"BST1","ADP-ribosyl cyclase/cyclic ADP-ribose hydrolase 2","BST1","Q10588"
"X7206.20",145,-0.229870441742088,1.24895780689634,TRUE,4877,"FBP1","Fructose-1,6-bisphosphatase 1","F16P1","P09467"
"X11248.43",140,-0.23016968204572,1.27267991144909,TRUE,4878,"UROS","Uroporphyrinogen-III synthase","HEM4","P10746"
"X4224.7",146,-0.230732446617742,1.39123159461161,TRUE,4879,"SYNCRIP","Heterogeneous nuclear ribonucleoprotein Q","HNRPQ","O60506"
"X9874.28",145,-0.231519937641969,1.2952174656441,TRUE,4880,"CDKN2B","Cyclin-dependent kinase 4 inhibitor B","p15-INK4b","P42772"
"X14619.8",145,-0.23172313609549,1.37022912705929,TRUE,4881,"ZNF526","Zinc finger protein 526","ZN526","Q8TF50"
"X2891.1",146,-0.232359848674747,1.01850000706549,TRUE,4882,"CD22","B-cell receptor CD22","CD22","P20273"
"X18242.8",146,-0.232390699898577,1.44372231868326,TRUE,4883,"SPA17","Sperm surface protein Sp17","Sperm protein 17","Q15506"
"X17342.13",142,-0.232842777682303,1.32162357452961,TRUE,4884,"AGR3","Anterior gradient protein 3","AGR3","Q8TD06"
"X24479.25",145,-0.23299621678864,1.1396213686922,TRUE,4885,"TMEM225B","Transmembrane protein 225B","T225B","P0DP42"
"X8646.61",142,-0.233395089154728,1.05978411922037,TRUE,4886,"LRRTM4","Leucine-rich repeat transmembrane neuronal protein 4:Isoform 2, Cytoplasmic domain","LRRT4:CD","Q86VH4"
"X13742.66",143,-0.233570216354984,1.35862779734069,TRUE,4887,"IL22","Interleukin-22","IL-22","Q9GZX6"
"X15363.32",144,-0.233640277012986,1.33994537131137,TRUE,4888,"APOA5","Apolipoprotein A-V","Apo A-V","Q6Q788"
"X11618.83",146,-0.2339062662692,1.25447855533144,TRUE,4889,"MYB","Transcriptional activator Myb","MYB","P10242"
"X24892.8",145,-0.234165429872804,1.18005945602111,TRUE,4890,"SHCBP1L","Testicular spindle-associated protein SHCBP1L","SHP1L","Q9BZQ2"
"X21440.9",146,-0.23449243952196,1.27469925525558,TRUE,4891,"ADAM8","ADAM 8","ADAM-8","P78325"
"X10885.36",137,-0.235894850827079,1.19291152534267,TRUE,4892,"C6orf89","Bombesin receptor-activated protein C6orf89","CF089","Q6UWU4"
"X18323.39",146,-0.236212395250454,1.3360519104419,TRUE,4893,"CRMP1","Dihydropyrimidinase-related protein 1","DRP-1","Q14194"
"X13107.9",143,-0.236716006870553,1.39649513854159,TRUE,4894,"LYPD3","Ly6/PLAUR domain-containing protein 3","LYPD3","O95274"
"X11200.52",144,-0.237300363952065,1.30204186328364,TRUE,4895,"CD93","Complement component C1q receptor","C1QR1","Q9NPY3"
"X12392.30",142,-0.237335166447308,1.34595523147519,TRUE,4896,"ARL1","ADP-ribosylation factor-like protein 1","ARL1","P40616"
"X20968.22",141,-0.238073627222849,1.08641633094603,TRUE,4897,"EXOSC5","Exosome complex component RRP46","EXOS5","Q9NQT4"
"X25258.41",145,-0.238102174263927,1.22099091563087,TRUE,4898,"SPATA5","Spermatogenesis-associated protein 5","SPAT5","Q8NB90"
"X18416.3",146,-0.238117458321925,1.26869049062101,TRUE,4899,"ARL9","ADP-ribosylation factor-like protein 9","ARL9","Q6T311"
"X4135.84",136,-0.238720266424289,1.31692329567216,TRUE,4900,"IGHE","Immunoglobulin E","IgE","P01854"
"X7788.1",142,-0.239204015550828,1.37189132306786,TRUE,4901,"ATP5PF","ATP synthase-coupling factor 6, mitochondrial","CF6","P18859"
"X22089.13",145,-0.239754110461328,1.31319675393864,TRUE,4902,"BTG4","Protein BTG4","BTG4","Q9NY30"
"X11286.78",146,-0.240145926288713,1.28604102905534,TRUE,4903,"SELENOS","Selenoprotein S","SELS","Q9BQE4"
"X24645.2",146,-0.240851648033813,1.24432792480771,TRUE,4904,"BIN3","Bridging integrator 3","BIN3","Q9NQY0"
"X17737.7",144,-0.240932887187371,1.32134261869961,TRUE,4905,"IVD","Isovaleryl-CoA dehydrogenase, mitochondrial","IVD","P26440"
"X9219.70",144,-0.241469953415837,1.37466180958134,TRUE,4906,"NENF","Neudesin","NENF","Q9UMX5"
"X11348.132",146,-0.241580508196785,1.11948261932857,TRUE,4907,"P4HA2","Prolyl 4-hydroxylase subunit alpha-2","P4HA2","O15460"
"X8569.147",145,-0.242017742941896,1.2619150126152,TRUE,4908,"ARL8B","ADP-ribosylation factor-like protein 8B","ARL8B","Q9NVJ2"
"X14226.120",146,-0.243269612701449,0.985679934205138,TRUE,4909,"BHMT2","S-methylmethionine--homocysteine S-methyltransferase BHMT2","BHMT2","Q9H2M3"
"X6209.2",146,-0.243385304790809,1.28664910629251,TRUE,4910,"AOC1","Amiloride-sensitive amine oxidase [copper-containing]","ABP1","P19801"
"X10852.114",143,-0.24341573328846,1.37076560624889,TRUE,4911,"HNRNPDL","Heterogeneous nuclear ribonucleoprotein D-like","HNRDL","O14979"
"X25278.41",143,-0.243564039474575,1.34700193618973,TRUE,4912,"ARHGAP6","Rho GTPase-activating protein 6","RHG06","O43182"
"X5484.63",145,-0.243675115592885,0.981634641976776,TRUE,4913,"RPS3A","40S ribosomal protein S3a","RS3A","P61247"
"X19277.4",146,-0.243728524655912,1.36162676590868,TRUE,4914,"TSTD1","Thiosulfate sulfurtransferase/rhodanese-like domain-containing protein 1","KAT","Q8NFU3"
"X13553.4",144,-0.243734362282579,1.23519546028452,TRUE,4915,"DCUN1D3","DCN1-like protein 3","DCNL3","Q8IWE4"
"X11232.46",145,-0.243919194225572,1.44900982672848,TRUE,4916,"TCN1","Transcobalamin-1","Holo-TC I","P20061"
"X4453.83",145,-0.244064854054756,1.14589257270171,TRUE,4917,"LRRTM3","Leucine-rich repeat transmembrane neuronal protein 3","LRRT3","Q86VH5"
"X4992.49",146,-0.244283846684843,1.23433714652484,TRUE,4918,"GRN","Granulins","GRN","P28799"
"X14755.4",143,-0.244336639311798,1.07589334003407,TRUE,4919,"LTF","Lactotransferrin","Lactoferrin","P02788"
"X6290.3",146,-0.24502813245973,1.43995070644473,TRUE,4920,"UTS2B","Urotensin-2B","UTS2B","Q765I0"
"X20538.71",144,-0.245169264160613,0.934678404086286,TRUE,4921,"SIGLEC11","Sialic acid-binding Ig-like lectin 11:Extracellular domain, Isoform 1","SIG11:ECD","Q96RL6"
"X4132.27",146,-0.24543691117547,1.3358425559767,TRUE,4922,"FST","Follistatin","FST","P19883"
"X12844.10",146,-0.246794365023968,1.27503230157426,TRUE,4923,"BAG4","BAG family molecular chaperone regulator 4","BAG4","O95429"
"X10527.22",146,-0.247415245903536,1.41249886935458,TRUE,4924,"DHX9","ATP-dependent RNA helicase A","DHX9","Q08211"
"X11094.104",140,-0.247686800053361,1.20231359121551,TRUE,4925,"CLC","Galectin-10","LPPL","Q05315"
"X17231.1",146,-0.248001419156296,1.39650901891898,TRUE,4926,"LCP1","Plastin-2","L-plastin","P13796"
"X9241.40",144,-0.24818125547633,0.976702407719275,TRUE,4927,"SIRPG","Signal-regulatory protein gamma","SIRPG","Q9P1W8"
"X22838.39",145,-0.24924561987115,1.45452655714459,TRUE,4928,"ZNF230","Zinc finger protein 230","ZN230","Q9UIE0"
"X4152.58",145,-0.249784954914346,1.40591273933409,TRUE,4929,"KLKB1","Plasma kallikrein","Prekallikrein","P03952"
"X5734.13",145,-0.249939964648035,1.21172612114069,TRUE,4930,"NECTIN4","Nectin-4","nectin-4","Q96NY8"
"X20067.26",146,-0.250049169137978,1.35366939350145,TRUE,4931,"HABP2","Factor seven-activating protease","FSAP","Q14520"
"X22541.46",144,-0.251408279457307,1.30078876287041,TRUE,4932,"GINS1","DNA replication complex GINS protein PSF1","PSF1","Q14691"
"X21194.39",144,-0.251657479104409,1.3441544598507,TRUE,4933,"POU6F1","POU domain, class 6, transcription factor 1","PO6F1","Q14863"
"X9532.5",143,-0.251799210748271,1.21040382806169,TRUE,4934,"WBP1L","WW domain binding protein 1-like","WBP1L","Q9NX94"
"X10608.9",145,-0.251829601955775,1.15217484845043,TRUE,4935,"HTN1","Histatin-1","HIS1","P15515"
"X18170.46",145,-0.251829601955775,1.12015598804234,TRUE,4936,"PYCR1","Pyrroline-5-carboxylate reductase 1, mitochondrial","P5CR1","P32322"
"X20964.13",145,-0.252186373719817,1.25236843945612,TRUE,4937,"RPS14","40S ribosomal protein S14","RS14","P62263"
"X4220.39",145,-0.25225723525834,1.41721779640941,TRUE,4938,"FER","Tyrosine-protein kinase Fer","FER","P16591"
"X9739.4",145,-0.252475228035919,1.35670839410253,TRUE,4939,"MSH2","DNA mismatch repair protein Msh2","MSH2","P43246"
"X11152.46",144,-0.252611566859729,1.30262882722903,TRUE,4940,"KLK13","Kallikrein-13","kallikrein 13","Q9UKR3"
"X17751.68",145,-0.252766547120862,1.39642469513138,TRUE,4941,"CRYBB1","Beta-crystallin B1","CRBB1","P53674"
"X16594.44",146,-0.25277178964093,1.19619901419278,TRUE,4942,"FAIM","Fas apoptotic inhibitory molecule 1","FAIM1","Q9NVQ4"
"X3339.33",145,-0.252981597652121,1.20820130574205,TRUE,4943,"THBS2","Thrombospondin-2","TSP2","P35442"
"X9845.33",143,-0.253375743894931,1.43153955158094,TRUE,4944,"PARK7","Protein DJ-1","PARK7","Q99497"
"X13994.1",144,-0.253436013480789,1.40941947733761,TRUE,4945,"FBL","rRNA 2'-O-methyltransferase fibrillarin","FBRL","P22087"
"X8894.80",146,-0.25353535743071,1.05897408513967,TRUE,4946,"HNRNPAB","Heterogeneous nuclear ribonucleoprotein A/B","hnRNP A/B","Q99729"
"X8800.14",144,-0.254317266049699,1.26192854357683,TRUE,4947,"TTC17","Tetratricopeptide repeat protein 17:Tetratricopeptide repeat 3","TTC17:TPR3","Q96AE7"
"X4807.13",142,-0.255115813122972,1.42687171220081,TRUE,4948,"COL8A1","Collagen alpha-1(VIII) chain","CO8A1","P27658"
"X25123.198",146,-0.255421138487287,1.14304226188349,TRUE,4949,"APEX2","DNA-(apurinic or apyrimidinic site) lyase 2","APEX2","Q9UBZ4"
"X24723.58",146,-0.256354388008129,1.12958882787161,TRUE,4950,"EIF2S2","Eukaryotic translation initiation factor 2 subunit 2","eIF-2-beta","P20042"
"X23554.2",146,-0.256373670023023,1.34256026149069,TRUE,4951,"SHD","SH2 domain-containing adapter protein D","SHD","Q96IW2"
"X24967.4",145,-0.256693954920251,1.40663596470671,TRUE,4952,"PCDH1","Protocadherin-1","PCDH1","Q08174"
"X6405.74",145,-0.257733257485242,1.09803576475921,TRUE,4953,"PSG2","Pregnancy-specific beta-1-glycoprotein 2","PSG2","P11465"
"X24665.48",145,-0.257888251573714,1.378377370917,TRUE,4954,"REM1","GTP-binding protein REM 1","REM1","O75628"
"X24973.11",146,-0.258976742033636,1.08742040433994,TRUE,4955,"MICALL1","MICAL-like protein 1","MILK1","Q8N3F8"
"X11180.17",146,-0.259323818301717,1.25603796859618,TRUE,4956,"SMARCC1","SWI/SNF complex subunit SMARCC1","SMRC1","Q92922"
"X21885.196",146,-0.259921560763414,1.43706673491344,TRUE,4957,"TIA1","Nucleolysin TIA-1 isoform p40","TIA1","P31483"
"X15606.19",144,-0.260142325153288,1.27317623492819,TRUE,4958,"KRT19","Keratin, type I cytoskeletal 19","Keratin 19","P08727"
"X24901.4",145,-0.260725189111731,1.28065942251267,TRUE,4959,"VIL1","Villin-1","VILI","P09327"
"X16875.13",146,-0.261190317343401,1.39863734185723,TRUE,4960,"MAGOHB","Protein mago nashi homolog 2","MGN2","Q96A72"
"X2789.26",141,-0.26119700128871,1.24320432363421,TRUE,4961,"MMP7","Matrilysin","MMP-7","P09237"
"X5452.71",146,-0.261772634193183,1.40474410379847,TRUE,4962,"ASGR1","Asialoglycoprotein receptor 1","ASGR1","P07306"
"X13374.4",138,-0.263504009645069,1.27767597225669,TRUE,4963,"DEFB113","Beta-defensin 113","DB113","Q30KQ7"
"X9855.10",146,-0.264367993397838,1.40913074699465,TRUE,4964,"RHOA","Transforming protein RhoA","Rho A","P61586"
"X21343.3",142,-0.26441647717151,0.998474977388286,TRUE,4965,"ARC","Activity-regulated cytoskeleton-associated protein","ARC","Q7LC44"
"X25906.5",146,-0.264560813546772,0.979447440931374,TRUE,4966,"EEF1A1","Elongation factor 1-alpha 1","EF-1-alpha-1","P68104"
"X2780.35",146,-0.264784484919536,1.21628785012169,TRUE,4967,"LTF","Lactotransferrin","Lactoferrin","P02788"
"X9402.18",145,-0.264787917320332,1.34633538262613,TRUE,4968,"DCBLD1","Discoidin, CUB and LCCL domain-containing protein 1","DCBD1","Q8N8Z6"
"X8351.17",146,-0.264799910531451,1.03654813721431,TRUE,4969,"PRSS57","Serine protease 57","PRS57","Q6UWY2"
"X21863.11",144,-0.265031330763635,1.19949209581455,TRUE,4970,"NUBP2","Cytosolic Fe-S cluster assembly factor NUBP2","NUBP2","Q9Y5Y2"
"X21821.9",138,-0.265065577962882,1.39248282412307,TRUE,4971,"None","Peptidyl-prolyl cis-trans isomerase A-like 4D","PAL4D","F5H284"
"X6900.30",141,-0.265320015241879,1.09452459037936,TRUE,4972,"UBE2J1","Ubiquitin-conjugating enzyme E2 J1","UB2J1","Q9Y385"
"X11194.6",144,-0.265385442436349,1.30902942473789,TRUE,4973,"SIT1","Signaling threshold-regulating transmembrane adapter 1","SIT1","Q9Y3P8"
"X12681.63",145,-0.266009755252601,1.2326207546765,TRUE,4974,"USP21","Ubiquitin carboxyl-terminal hydrolase 21","UBP21","Q9UK80"
"X24636.9",146,-0.266346328125904,1.33133644021705,TRUE,4975,"DRAP1","Dr1-associated corepressor","Dr1-associated corepressor","Q14919"
"X24923.27",145,-0.267458477188535,1.14916233803294,TRUE,4976,"SCRN3","Secernin-3","SCRN3","Q0VDG4"
"X13973.62",145,-0.267706492085175,1.42236628855489,TRUE,4977,"TTL","Tubulin--tyrosine ligase","TTL","Q8NG68"
"X25922.7",145,-0.268449479958113,1.29776001445411,TRUE,4978,"LRP5","Low-density lipoprotein receptor-related protein 5","LRP5","O75197"
"X11260.47",145,-0.26845303356278,1.33270630950119,TRUE,4979,"SUN5","SUN domain-containing protein 5","SPA4L","Q8TC36"
"X18270.10",146,-0.269134507479494,1.13461644348286,TRUE,4980,"TAF10","Transcription initiation factor TFIID subunit 10","TAF10","Q12962"
"X21219.7",146,-0.269450732523746,1.15067528709302,TRUE,4981,"RPAIN","RPA-interacting protein","RPAIN","Q86UA6"
"X5462.62",143,-0.269993843628155,1.43424608039565,TRUE,4982,"FCN3","Ficolin-3","Ficolin-3","O75636"
"X9125.23",146,-0.27049581773097,1.00085849374123,TRUE,4983,"MASP1","Mannan-binding lectin serine protease 1:Sushi 1 and Sushi 2","MASP3:Sushi 1 and Sushi 2","P48740"
"X21346.71",146,-0.27161031819181,1.19517188601006,TRUE,4984,"DHODH","Dihydroorotate dehydrogenase (quinone), mitochondrial","PYRD","Q02127"
"X20966.7",145,-0.27248426775426,1.32941140890564,TRUE,4985,"SENP8","Sentrin-specific protease 8","SENP8","Q96LD8"
"X13670.81",145,-0.272570876301343,1.10557254436617,TRUE,4986,"PLA2G2E","Group IIE secretory phospholipase A2","GIIE","Q9NZK7"
"X17771.35",146,-0.27263612138414,1.29351847822721,TRUE,4987,"CRCP","DNA-directed RNA polymerase III subunit RPC9","RPC9","O75575"
"X20976.19",145,-0.272960614763214,1.18788008636027,TRUE,4988,"LSM3","U6 snRNA-associated Sm-like protein LSm3","LSM3","P62310"
"X14158.17",136,-0.273082510896248,1.20754023362941,TRUE,4989,"ANXA5","Annexin A5","Annexin V","P08758"
"X13984.23",145,-0.27343445517426,1.32606844861554,TRUE,4990,"DDX25","ATP-dependent RNA helicase DDX25","DDX25","Q9UHL0"
"X13704.5",144,-0.273457329756127,1.14294893532178,TRUE,4991,"HMGCS2","Hydroxymethylglutaryl-CoA synthase, mitochondrial","HMCS2","P54868"
"X10939.16",145,-0.274292665451525,1.41944133902294,TRUE,4992,"PLEKHA4","Pleckstrin homology domain-containing family A member 4","PKHA4","Q9H4M7"
"X19174.141",145,-0.274452643824319,1.24943748988694,TRUE,4993,"GOLGA7","Golgin subfamily A member 7","GOGA7","Q7Z5G4"
"X21940.12",146,-0.274668445753907,1.30032486793646,TRUE,4994,"WNT10B","Protein Wnt-10b","WN10B","O00744"
"X16035.8",146,-0.275104219290499,1.40986960012904,TRUE,4995,"FLT4","Vascular endothelial growth factor receptor 3","VEGF sR3","P35916"
"X25257.162",146,-0.27671619573559,1.31163317123205,TRUE,4996,"OLIG1","Oligodendrocyte transcription factor 1","OLIG1","Q8TAK6"
"X5534.49",142,-0.276726040402643,1.14831529977974,TRUE,4997,"TNFRSF10B","Tumor necrosis factor receptor superfamily member 10B:Extracellular domain, TNFR-Cys domains 1-3","TRAIL R2:ECD","O14763"
"X12518.289",146,-0.277171251287074,1.00954673105119,TRUE,4998,"PBRM1","Protein polybromo-1","PB1","Q86U86"
"X5030.52",143,-0.277181865007459,1.38473278042712,TRUE,4999,"SIRT2","NAD-dependent protein deacetylase sirtuin-2","SIRT2","Q8IXJ6"
"X13725.3",145,-0.277972100237583,1.44838575742947,TRUE,5000,"FGF16","Fibroblast growth factor 16","FGF-16","O43320"
"X5810.25",146,-0.278852642985781,1.28457761952267,TRUE,5001,"TDGF1","Teratocarcinoma-derived growth factor 1","Cripto","P13385"
"X3175.51",146,-0.279477380268329,1.40921902591269,TRUE,5002,"ADAMTS13","A disintegrin and metalloproteinase with thrombospondin motifs 13","ATS13","Q76LX8"
"X24958.3",146,-0.279785892506623,1.41687115772886,TRUE,5003,"RFX5","DNA-binding protein RFX5","RFX5","P48382"
"X22783.40",145,-0.280074325880405,1.45832993164333,TRUE,5004,"SPI1","Transcription factor PU.1","SPI1","P17947"
"X10695.12",144,-0.280111898455367,1.24511979500274,TRUE,5005,"WFDC10B","Protein WFDC10B","WF10B","Q8IUB3"
"X9853.3",145,-0.280330214769513,1.31227671460244,TRUE,5006,"IFIT2","Interferon-induced protein with tetratricopeptide repeats 2","IFIT2","P09913"
"X5631.83",145,-0.281208110496759,1.21909571529534,TRUE,5007,"MLN","Promotilin","MOTI","P12872"
"X25108.6",146,-0.281270607653417,1.30623126075907,TRUE,5008,"ATE1","Arginyl-tRNA--protein transferase 1","ATE1","O95260"
"X13932.45",146,-0.281355448518948,1.41254568688768,TRUE,5009,"ARHGEF7","Rho guanine nucleotide exchange factor 7","COOL-1","Q14155"
"X3197.70",144,-0.281645843088629,1.13313584881833,TRUE,5010,"IDE","Insulin-degrading enzyme","IDE","P14735"
"X2751.16",146,-0.281922339756815,1.02867870344551,TRUE,5011,"AZU1","Azurocidin","Azurocidin","P20160"
"X12361.102",146,-0.282940430143188,1.3322865752202,TRUE,5012,"RRAS2","Ras-related protein R-Ras2","RRAS2","P62070"
"X18866.8",146,-0.283299075620206,1.09190313580307,TRUE,5013,"PPP3R2","Calcineurin subunit B type 2","CANB2","Q96LZ3"
"X10553.8",143,-0.283779707242195,1.04506112427729,TRUE,5014,"TOR1AIP2","Torsin-1A-interacting protein 2","TOIP2","Q8NFQ8"
"X17729.20",142,-0.284065807398093,1.15666837491297,TRUE,5015,"UBE2S","Ubiquitin-conjugating enzyme E2 S","UBE2S","Q16763"
"X9383.24",143,-0.284123300068336,1.36141141849315,TRUE,5016,"CHI3L2","Chitinase-3-like protein 2","CH3L2","Q15782"
"X2925.9",144,-0.284416612740507,1.34336268661544,TRUE,5017,"SERPINE1","Plasminogen activator inhibitor 1","PAI-1","P05121"
"X16890.37",146,-0.284652673065725,1.34551311031061,TRUE,5018,"ADAMTSL1","ADAMTS-like protein 1","ATL1","Q8N6G6"
"X4925.54",145,-0.28564117503484,1.44652007471748,TRUE,5019,"MMP13","Collagenase 3","MMP-13","P45452"
"X10762.2",146,-0.285747891511671,1.08259094532918,TRUE,5020,"KLRG2","Killer cell lectin-like receptor subfamily G member 2:N-term","KLRG2:N-term","A4D1S0"
"X7818.101",144,-0.28616761087877,1.30181901137454,TRUE,5021,"GBP6","Guanylate-binding protein 6","GBP6","Q6ZN66"
"X2474.54",145,-0.286566030159458,1.37435413228106,TRUE,5022,"APCS","Serum amyloid P-component","SAP","P02743"
"X11220.53",145,-0.286740651216257,1.13401403970818,TRUE,5023,"C10orf105","Uncharacterized protein C10orf105","CJ105","Q8TEF2"
"X3302.58",146,-0.286773694704002,1.20418774314608,TRUE,5024,"CST7","Cystatin-F","CYTF","O76096"
"X10955.4",145,-0.287051654023156,1.30215040877868,TRUE,5025,"CLEC10A","C-type lectin domain family 10 member A","CLC10","Q8IUN9"
"X16591.71",143,-0.287392929993556,1.33928468032868,TRUE,5026,"CHIA","Acidic mammalian chitinase","CHIA","Q9BZP6"
"X4129.72",146,-0.287494842061016,1.44051804140642,TRUE,5027,"CFB","Complement factor B","Factor B","P00751"
"X21221.67",146,-0.287660667389099,1.26041079744839,TRUE,5028,"SERPINB9","Serpin B9","Serpin B9","P50453"
"X17764.108",146,-0.287664523792078,1.21286192310458,TRUE,5029,"RHOC","Rho-related GTP-binding protein RhoC","RHOC","P08134"
"X10667.78",146,-0.288971844401853,1.29587040691153,TRUE,5030,"C1orf185","Uncharacterized protein C1orf185","CA185","Q5T7R7"
"X23618.23",145,-0.289534341273106,1.4307212465336,TRUE,5031,"ZNF593","Zinc finger protein 593","ZN593","O00488"
"X18253.8",144,-0.29021250256233,1.32418367351554,TRUE,5032,"SSBP1","Single-stranded DNA-binding protein, mitochondrial","SSB","Q04837"
"X21157.6",145,-0.290527799320518,1.29561281636729,TRUE,5033,"HYKK","Hydroxylysine kinase","HYKK","A2RU49"
"X19492.5",144,-0.290646848755117,1.40292580244918,TRUE,5034,"KAAG1","Kidney-associated antigen 1","KAAG1","Q9UBP8"
"X19483.16",143,-0.291050090190662,1.31842658642181,TRUE,5035,"KDSR","3-ketodihydrosphingosine reductase","KDSR","Q06136"
"X8021.59",137,-0.291399553326597,1.27911974822225,TRUE,5036,"MRPL14","39S ribosomal protein L14, mitochondrial","RM14","Q6P1L8"
"X25088.42",145,-0.291581452385967,1.07349257608559,TRUE,5037,"PHKA1","Phosphorylase b kinase regulatory subunit alpha, skeletal muscle isoform","PHKA1","P46020"
"X2781.63",145,-0.291680117157052,1.44595765937072,TRUE,5038,"CCL4L1","C-C motif chemokine 4-like","LAG-1","Q8NHW4"
"X2622.18",146,-0.291964413113313,1.32887954583091,TRUE,5039,"HMOX2","Heme oxygenase 2","HO-2","P30519"
"X11350.30",144,-0.29210443813857,1.33634885831501,TRUE,5040,"STUB1","E3 ubiquitin-protein ligase CHIP","CHIP","Q9UNE7"
"X8248.222",135,-0.292470018365809,1.24863456424797,TRUE,5041,"SIGLEC14","Sialic acid-binding Ig-like lectin 14","SIG14","Q08ET2"
"X6262.14",146,-0.293345005379682,1.43475827843822,TRUE,5042,"IL17RB","Interleukin-17 receptor B","IL-17B R","Q9NRM6"
"X3472.40",144,-0.293835348023995,1.21882019656272,TRUE,5043,"BIRC5","Baculoviral IAP repeat-containing protein 5","Survivin","O15392"
"X2449.1",146,-0.294393946989885,1.33152028166622,TRUE,5044,"PLA2G5","Calcium-dependent phospholipase A2","GV","P39877"
"X22841.16",145,-0.29470329683308,1.48104818741252,TRUE,5045,"ZNF696","Zinc finger protein 696","ZN696","Q9H7X3"
"X19123.6",137,-0.295892124510495,1.27894186394433,TRUE,5046,"NFKBID","NF-kappa-B inhibitor delta","IKBD","Q8NI38"
"X5230.99",145,-0.295974867774338,1.25621058762611,TRUE,5047,"HMGCR","3-hydroxy-3-methylglutaryl-coenzyme A reductase","HMGR","P04035"
"X13504.147",146,-0.296279728046462,1.42113951220619,TRUE,5048,"HNRNPR","Heterogeneous nuclear ribonucleoprotein R","HNRPR","O43390"
"X21138.2",146,-0.296634517120501,1.23661940889769,TRUE,5049,"NPM2","Nucleoplasmin-2","NPM2","Q86SE8"
"X13940.19",146,-0.296688506762203,1.42124230516756,TRUE,5050,"IFI16","Gamma-interferon-inducible protein 16:Isoform 2, Hematopoietic expression, interferon-inducible nature, and nuclear localization 1","IP16:HIN 1","Q16666"
"X5013.2",145,-0.29677147592484,1.38275774039825,TRUE,5051,"CLIC1","Chloride intracellular channel protein 1","NCC27","O00299"
"X17769.28",145,-0.297002360082908,1.4508282512834,TRUE,5052,"PCNP","PEST proteolytic signal-containing nuclear protein","PCNP","Q8WW12"
"X8817.29",144,-0.29706145974429,1.45404932595931,TRUE,5053,"CENPV","Centromere protein V","CENPV","Q7Z7K6"
"X24975.3",146,-0.297355664477515,1.16017454930678,TRUE,5054,"FCRLA","Fc receptor-like A","FCRLA","Q7L513"
"X5351.52",146,-0.297660320312831,1.41822251279568,TRUE,5055,"HNRNPA2B1","Heterogeneous nuclear ribonucleoproteins A2/B1","hnRNP A2/B1","P22626"
"X3538.26",145,-0.298805392563082,1.20092656230319,TRUE,5056,"DDC","Aromatic-L-amino-acid decarboxylase","dopa decarboxylase","P20711"
"X21379.30",146,-0.29904476898218,1.27061995306676,TRUE,5057,"ETNK2","Ethanolamine kinase 2","EKI2","Q9NVF9"
"X12475.48",144,-0.29918769116991,1.39027569854813,TRUE,5058,"CLIC5","Chloride intracellular channel protein 5","CLIC5","Q9NZA1"
"X9114.84",146,-0.299627085831961,1.4473763366136,TRUE,5059,"UMODL1","Uromodulin-like 1","UROL1","Q5DID0"
"X5701.81",144,-0.300996394651061,1.34113834523605,TRUE,5060,"CLEC3B","Tetranectin","Tetranectin","P05452"
"X20990.48",146,-0.301485872067688,1.3707706874056,TRUE,5061,"TEF","Thyrotroph embryonic factor","TEF","Q10587"
"X20440.36",146,-0.301724969052366,1.43338997608185,TRUE,5062,"TTC32","Tetratricopeptide repeat protein 32","TTC32","Q5I0X7"
"X2900.53",146,-0.302129891365128,1.2849088937984,TRUE,5063,"CCL14","C-C motif chemokine 14","HCC-1","Q16627"
"X22005.8",141,-0.302480209274347,1.41527882299869,TRUE,5064,"PDP1","[Pyruvate dehydrogenase [acetyl-transferring]]-phosphatase 1, mitochondrial","PDP1","Q9P0J1"
"X9278.9",141,-0.302595609406274,1.33681476401647,TRUE,5065,"CXCL12","Stromal cell-derived factor 1","SDF-1","P48061"
"X20439.14",145,-0.303322218591669,1.33676875754444,TRUE,5066,"PLPBP","Proline synthase co-transcribed bacterial homolog protein","PROSC","O94903"
"X19586.89",145,-0.303845805595688,1.25523716145731,TRUE,5067,"RAB3C","Ras-related protein Rab-3C","RAB3C","Q96E17"
"X2991.9",146,-0.304825517047229,1.30642551226203,TRUE,5068,"IL1R1","Interleukin-1 receptor type 1","IL-1 sRI","P14778"
"X15319.226",146,-0.305508100374457,1.35907335852416,TRUE,5069,"CCNA1","Cyclin-A1","CCNA1","P78396"
"X22034.61",145,-0.305852178893891,1.45898274791103,TRUE,5070,"ZBTB16","Zinc finger and BTB domain-containing protein 16","ZBT16","Q05516"
"X25264.102",145,-0.305891546415292,1.4497715405046,TRUE,5071,"INPP5D","SHIP","SHIP","Q92835"
"X17512.2",145,-0.306991264364196,1.45039530885631,TRUE,5072,"NMI","N-myc-interactor","NMI","Q13287"
"X18202.22",145,-0.307168417861797,1.36608703585238,TRUE,5073,"CD37","Leukocyte antigen CD37","CD37","P11049"
"X5009.11",144,-0.307773003693774,1.32122880219189,TRUE,5074,"MSN","Moesin","Moesin","P26038"
"X9836.20",146,-0.307852793385498,1.45005414193005,TRUE,5075,"DCK","Deoxycytidine kinase","DCK","P27707"
"X11422.2",141,-0.30821282926777,1.48450772148935,TRUE,5076,"DLX3","Homeobox protein DLX-3","DLX3","O60479"
"X4267.81",145,-0.309678701974084,1.05283040566709,TRUE,5077,"PES1","Pescadillo homolog","PESC","O00541"
"X11159.14",145,-0.31016034359905,1.1980699142182,TRUE,5078,"MUL1","Mitochondrial ubiquitin ligase activator of NFKB 1:Cytoplasmic domain","MUL1:CD","Q969V5"
"X2182.54",145,-0.310162922487319,1.48387300213704,TRUE,5079,"C4A|C4B","Complement C4b","C4b","P0C0L4|P0C0L5"
"X24496.26",142,-0.310209684687045,1.33561632481746,TRUE,5080,"RILPL1","RILP-like protein 1","RIPL1","Q5EBL4"
"X17419.17",146,-0.310363311724622,1.39917693088359,TRUE,5081,"TES","Testin","TES","Q9UGI8"
"X17364.8",146,-0.310559988276535,1.41947833691087,TRUE,5082,"SNRPB2","U2 small nuclear ribonucleoprotein B''","RU2B","P08579"
"X17454.15",146,-0.310949484977382,1.36543978889568,TRUE,5083,"EGFL6","Epidermal growth factor-like protein 6","EGFL6","Q8IUX8"
"X12581.39",146,-0.311045895051849,1.31675389767248,TRUE,5084,"IMPA2","Inositol monophosphatase 2","IMPA2","O14732"
"X2867.52",145,-0.311343948129354,1.27735184124183,TRUE,5085,"AKT1","RAC-alpha serine/threonine-protein kinase","PKB","P31749"
"X14110.200",145,-0.31154078573636,1.22510353428059,TRUE,5086,"SPARC","SPARC","ON","P09486"
"X17772.7",146,-0.312222097960348,1.29773558789789,TRUE,5087,"UBD","Ubiquitin D","UBD","O15205"
"X12813.18",144,-0.312431419993006,1.17454901759772,TRUE,5088,"EHBP1","EH domain-binding protein 1","EHBP1","Q8NDI1"
"X13672.3",144,-0.312935218400506,1.36008781223118,TRUE,5089,"HSPA6","Heat shock 70 kDa protein 6","HSP76","P17066"
"X21314.11",146,-0.313355880436082,1.31275329232334,TRUE,5090,"UBA5","Ubiquitin-like modifier-activating enzyme 5","UBA5","Q9GZZ9"
"X5746.37",146,-0.313961335703736,1.24703496868984,TRUE,5091,"EFNB1","Ephrin-B1","EFNB1","P98172"
"X11266.8",141,-0.314313971460254,1.33343377654819,TRUE,5092,"SELPLG","P-selectin glycoprotein ligand 1:Extracellular domain","SELPL:ECD","Q14242"
"X16919.1",146,-0.314397109240327,1.31125413533006,TRUE,5093,"DBI","Acyl-CoA-binding protein","ACBP","P07108"
"X9276.7",146,-0.314694052269686,1.26368849467492,TRUE,5094,"CPA2","Carboxypeptidase A2","CBPA2","P48052"
"X10702.1",146,-0.315997516476482,1.31528496807757,TRUE,5095,"COL28A1","Collagen alpha-1(XXVIII) chain","COSA1","Q2UY09"
"X11538.216",141,-0.316399008430057,1.26863494986355,TRUE,5096,"MLYCD","Malonyl-CoA decarboxylase, mitochondrial","DCMC","O95822"
"X12378.71",146,-0.316633822967965,1.07261273884472,TRUE,5097,"TAPBP","Tapasin","TPSN","O15533"
"X14286.2",146,-0.316722520236475,1.44508573245951,TRUE,5098,"NFATC1","Nuclear factor of activated T-cells, cytoplasmic 1","NF-ATc1","O95644"
"X11096.57",142,-0.317424855285384,1.16621912444362,TRUE,5099,"N6AMT1","HemK methyltransferase family member 2","HEMK2","Q9Y5N5"
"X21344.31",145,-0.317752980613464,1.4469444662385,TRUE,5100,"TFB1M","Dimethyladenosine transferase 1, mitochondrial","TFB1M","Q8WVM0"
"X22369.12",144,-0.317795869314882,1.07938773142811,TRUE,5101,"DMRTC2","Doublesex- and mab-3-related transcription factor C2","DMRTD","Q8IXT2"
"X19240.265",146,-0.31811468171178,1.10663344173189,TRUE,5102,"PDAP1","28 kDa heat- and acid-stable phosphoprotein","HAP28","Q13442"
"X12878.60",145,-0.318237201126699,1.0562006141001,TRUE,5103,"OSBPL11","Oxysterol-binding protein-related protein 11","OSB11","Q9BXB4"
"X11459.81",146,-0.318523460427521,1.13360762720154,TRUE,5104,"ELL","RNA polymerase II elongation factor ELL","ELL","P55199"
"X9275.2",136,-0.319215327030567,1.27784808152074,TRUE,5105,"SIGLEC5","Sialic acid-binding Ig-like lectin 5","Siglec-5","O15389"
"X15427.35",145,-0.319380198963062,1.30775023493804,TRUE,5106,"LOXL3","Lysyl oxidase homolog 3","LOXL3","P58215"
"X17204.17",146,-0.319776791395594,1.13433290239354,TRUE,5107,"PNMT","Phenylethanolamine N-methyltransferase","PNMT","P11086"
"X19180.38",146,-0.319954185932613,1.43436227176539,TRUE,5108,"GULP1","PTB domain-containing engulfment adapter protein 1","GULP1","Q9UBP9"
"X8948.13",145,-0.320067790871853,1.20444012831106,TRUE,5109,"ADAM19","Disintegrin and metalloproteinase domain-containing protein 19","ADA19","Q9H013"
"X11601.26",146,-0.320200995723249,1.10183661188336,TRUE,5110,"DHX8","ATP-dependent RNA helicase DHX8","DHX8","Q14562"
"X9894.13",145,-0.320325017616931,1.36098115349506,TRUE,5111,"MYO6","Unconventional myosin-VI","MYO6","Q9UM54"
"X3416.2",144,-0.320530392247495,1.39887382416564,TRUE,5112,"BTK","Tyrosine-protein kinase BTK","BTK","Q06187"
"X9627.15",146,-0.3206984717075,1.3379089412214,TRUE,5113,"VIT","Vitrin","VITRN","Q6UXI7"
"X8076.4",139,-0.320714580982493,1.44160806218532,TRUE,5114,"SPACA3","Sperm acrosome membrane-associated protein 3","SACA3","Q8IXA5"
"X13484.69",145,-0.320990327419031,1.34854158568004,TRUE,5115,"COL1A1","Collagen alpha-1(I) chain:N-term propeptide","CO1A1:N-term propeptide","P02452"
"X15318.75",132,-0.321101683417348,1.4684696355753,TRUE,5116,"S100A10","Protein S100-A10","Calpactin I light chain","P60903"
"X6113.31",144,-0.321631691700463,1.36578673637835,TRUE,5117,"EDN3","Endothelin-3","Endothelin 3","P14138"
"X6605.17",146,-0.321855392601105,1.43629534221362,TRUE,5118,"IGFALS","Insulin-like growth factor-binding protein complex acid labile subunit","IGFALS","P35858"
"X9744.139",139,-0.321924297269518,1.25090299397555,TRUE,5119,"DNAJA4","DnaJ homolog subfamily A member 4","DNJA4","Q8WW22"
"X18888.37",146,-0.322044356347061,1.33823495105798,TRUE,5120,"FABP12","Fatty acid-binding protein 12","FBP12","A6NFH5"
"X10514.5",141,-0.322769716871674,1.31882989389337,TRUE,5121,"PTGDS","Prostaglandin-H2 D-isomerase","PGD2 synthase","P41222"
"X23187.9",145,-0.323075469506902,1.14118532724672,TRUE,5122,"VCPIP1","Deubiquitinating protein VCIP135","VCIP1","Q96JH7"
"X2949.6",146,-0.323324682135984,1.37096217259981,TRUE,5123,"PLA2G10","Group 10 secretory phospholipase A2","GX","O15496"
"X10043.31",146,-0.324049685895977,1.31680052076269,TRUE,5124,"BRD4","Bromodomain-containing protein 4","BRD4","O60885"
"X17336.54",145,-0.324060988044107,1.29770283925261,TRUE,5125,"CREB3L2","Cyclic AMP-responsive element-binding protein 3-like protein 2","CR3L2","Q70SY1"
"X24648.8",146,-0.32436591094023,1.48095788782119,TRUE,5126,"SLBP","Histone RNA hairpin-binding protein","SLBP","Q14493"
"X11476.43",144,-0.324983822152196,1.35497040005543,TRUE,5127,"VPS4A","Vacuolar protein sorting-associated protein 4A","VPS4A","Q9UN37"
"X13603.7",145,-0.325232809679686,1.1047569781398,TRUE,5128,"RFESD","Rieske domain-containing protein","RFESD","Q8TAC1"
"X23586.32",144,-0.325657716246008,1.47511112165622,TRUE,5129,"CTAG1A","Cancer/testis antigen 1B","Cancer/testis antigen 1B","P78358"
"X13936.24",145,-0.325850879765685,1.30847282767143,TRUE,5130,"PGK2","Phosphoglycerate kinase 2","PGK2","P07205"
"X8035.6",144,-0.326382552844287,1.22548795824374,TRUE,5131,"C1orf198","Uncharacterized protein C1orf198","CA198","Q9H425"
"X7991.54",145,-0.327248426775426,1.38997752153773,TRUE,5132,"IQCF1","IQ domain-containing protein F1","IQCF1","Q8N6M8"
"X9832.33",144,-0.327311020631278,1.45174637891126,TRUE,5133,"HGD","Homogentisate 1,2-dioxygenase","HGD","Q93099"
"X4983.6",145,-0.327922934291799,1.31288190495139,TRUE,5134,"ERP29","Endoplasmic reticulum resident protein 29","ERP29","P30040"
"X9638.2",145,-0.328139455233311,1.45180993646828,TRUE,5135,"TIGIT","T-cell immunoreceptor with Ig and ITIM domains","TIGIT","Q495A1"
"X12457.10",145,-0.328850684896454,1.28601601942727,TRUE,5136,"ADI1","1,2-dihydroxy-3-keto-5-methylthiopentene dioxygenase","MTND","Q9BV57"
"X9059.14",146,-0.329348383588691,1.40234492996813,TRUE,5137,"RAPGEF5","Rap guanine nucleotide exchange factor 5","RPGF5","Q92565"
"X2686.67",145,-0.330850554983633,1.44154640619382,TRUE,5138,"IGFBP6","Insulin-like growth factor-binding protein 6","IGFBP-6","P24592"
"X3844.2",146,-0.33143469760016,1.37931448828409,TRUE,5139,"PPIA","Peptidyl-prolyl cis-trans isomerase A","Cyclophilin A","P62937"
"X24253.5",146,-0.332329383091215,1.30803461199506,TRUE,5140,"GSPT2","Eukaryotic peptide chain release factor GTP-binding subunit ERF3B","ERF3B","Q8IYD1"
"X9765.4",146,-0.332664890150361,1.35323321019319,TRUE,5141,"NDE1","Nuclear distribution protein nudE homolog 1","NDE1","Q9NXR1"
"X8760.10",145,-0.332666711283103,1.30353273459018,TRUE,5142,"DCUN1D5","DCN1-like protein 5","DCNL5","Q9BTE7"
"X9728.4",142,-0.333918758618955,1.26450026525191,TRUE,5143,"CCNB1IP1","E3 ubiquitin-protein ligase CCNB1IP1","CIP1","Q9NPC3"
"X5204.13",146,-0.334064764431624,1.08468506925503,TRUE,5144,"PSME3","Proteasome activator complex subunit 3","PSME3","P61289"
"X11185.145",144,-0.334252422657829,1.41986574761946,TRUE,5145,"GCH1","GTP cyclohydrolase 1","GCH1","P30793"
"X5739.75",145,-0.335003828491456,1.28770473979079,TRUE,5146,"KRTDAP","Keratinocyte differentiation-associated protein","KTDAP","P60985"
"X3394.81",145,-0.335115366294382,1.33293230652701,TRUE,5147,"PLK1","Serine/threonine-protein kinase PLK1","PLK-1","P53350"
"X25963.2",143,-0.335987424532832,1.48405697692514,TRUE,5148,"XPO5","Exportin-5","XPO5","Q9HAV4"
"X12803.9",145,-0.336111362625336,1.31392365002364,TRUE,5149,"ZNF329","Zinc finger protein 329","ZN329","Q86UD4"
"X8748.45",145,-0.33619403425755,1.48453929692547,TRUE,5150,"CD74","HLA class II histocompatibility antigen gamma chain","HG2A","P04233"
"X6525.17",143,-0.336505923467932,1.44731505629469,TRUE,5151,"DUSP13","Dual specificity protein phosphatase 13 isoform A","DUSP13","Q6B8I1"
"X10364.6",146,-0.336991774292446,1.40881591040284,TRUE,5152,"SMAD2","Mothers against decapentaplegic homolog 2","SMAD2","Q15796"
"X18156.7",146,-0.339228488020084,1.33373669501278,TRUE,5153,"ATG3","Ubiquitin-like-conjugating enzyme ATG3","ATG3","Q9NT62"
"X11562.9",143,-0.340072522209157,1.34039578797293,TRUE,5154,"POLE2","DNA polymerase epsilon subunit 2","DPOE2","P56282"
"X2443.10",146,-0.340242722003478,1.2884063073721,TRUE,5155,"FGF8","Fibroblast growth factor 8 isoform B","FGF-8B","P55075"
"X22055.31",146,-0.34038540891369,1.34428208470834,TRUE,5156,"FOXO1","Forkhead box protein O1A","FOXO1A","Q12778"
"X13698.28",143,-0.341273717519875,1.28054344396943,TRUE,5157,"KIAA0319L","Dyslexia-associated protein KIAA0319-like protein","K319L","Q8IZA0"
"X16593.3",145,-0.34131180196601,1.35196974224099,TRUE,5158,"FADD","FAS-associated death domain protein","FADD","Q13158"
"X2431.17",146,-0.341465201747722,1.1819895114694,TRUE,5159,"CTSG","Cathepsin G","Cathepsin G","P08311"
"X7796.10",141,-0.341727766063343,1.37191579131459,TRUE,5160,"CD79A","B-cell antigen receptor complex-associated protein alpha chain","CD79A","P11912"
"X22125.9",146,-0.341958821328994,1.21453200610069,TRUE,5161,"E2F5","E2F5","E2F5","Q15329"
"X5658.64",145,-0.342244810386706,1.39501895394176,TRUE,5162,"F13B","Coagulation factor XIII B chain","coagulation factor XIII B","P05160"
"X24430.11",145,-0.343066296874416,1.29515510117139,TRUE,5163,"ZNF580","Zinc finger protein 580","ZN580","Q9UK33"
"X17785.11",146,-0.343123455028557,1.14042326794041,TRUE,5164,"DNPH1","2'-deoxynucleoside 5'-phosphate N-hydrolase 1","RCL","O43598"
"X9895.77",142,-0.344146236162516,1.36279358653061,TRUE,5165,"ERCC4","DNA repair endonuclease XPF","XPF","Q92889"
"X5488.74",146,-0.345248333069812,1.14258040446913,TRUE,5166,"SRC","Proto-oncogene tyrosine-protein kinase Src isoform 2","SRCN1","P12931"
"X9768.5",146,-0.345279184293642,1.43131611424402,TRUE,5167,"IL10RA","Interleukin-10 receptor subunit alpha:Cytoplasmic domain","IL-10 Ra:CD","Q13651"
"X17778.19",146,-0.345498999263427,1.31497116496289,TRUE,5168,"RAB32","Ras-related protein Rab-32","RAB32","Q13637"
"X16926.44",144,-0.34560706117839,1.26749903469662,TRUE,5169,"ALPL","Alkaline phosphatase, tissue-nonspecific isozyme","Alkaline phosphatase, liver","P05186"
"X3487.32",146,-0.345626260561724,1.44908394137526,TRUE,5170,"CXCL13","C-X-C motif chemokine 13","BLC","O43927"
"X14628.72",142,-0.346093954667868,1.46442118348973,TRUE,5171,"FBXO3","F-box only protein 3","FBX3","Q9UK99"
"X19281.86",146,-0.347554462051066,1.49782782662656,TRUE,5172,"MAFG","Transcription factor MafG","MAFG","O15525"
"X18222.34",144,-0.347857892177156,1.13197108362974,TRUE,5173,"SH3GLB2","Endophilin-B2","SHLB2","Q9NR46"
"X5494.52",146,-0.348456860348079,1.33726619700424,TRUE,5174,"SNRPF","Small nuclear ribonucleoprotein F","RUXF","P62306"
"X18392.19",141,-0.34886917058238,1.17919219212749,TRUE,5175,"MAT2B","Methionine adenosyltransferase 2 subunit beta","MAT2B","Q9NZL9"
"X20955.20",145,-0.349203693460858,1.27944138598315,TRUE,5176,"ADAT2","tRNA-specific adenosine deaminase 2","ADAT2","Q7Z6V5"
"X13604.27",146,-0.349289843391475,1.32761176648137,TRUE,5177,"NEURL1","E3 ubiquitin-protein ligase NEURL1","NEUL1","O76050"
"X6296.36",146,-0.349339976630198,1.45555981802423,TRUE,5178,"OIT3","Oncoprotein-induced transcript 3 protein","OIT3","Q8WWZ8"
"X24693.5",145,-0.349928055854639,1.40475204422891,TRUE,5179,"CLIC3","Chloride intracellular channel protein 3","CLIC3","O95833"
"X12826.5",139,-0.350209480822729,1.24892079775345,TRUE,5180,"SLC5A5","Sodium/iodide cotransporter","SC5A5","Q92911"
"X9878.3",146,-0.350439051479123,1.3397805982008,TRUE,5181,"SULT1E1","Estrogen sulfotransferase","SULT 1E","P49888"
"X10741.22",146,-0.350643440836994,1.33801254682074,TRUE,5182,"CSF1","Macrophage colony-stimulating factor 1","CSF-1","P09603"
"X11319.106",145,-0.351128765257375,1.42931285376276,TRUE,5183,"MRE11","Double-strand break repair protein MRE11","MRE11","P49959"
"X23017.17",143,-0.351226559517995,1.42716543615295,TRUE,5184,"RCN3","Reticulocalbin-3","RCN3","Q96D15"
"X13547.5",137,-0.351465138205614,1.40286117634162,TRUE,5185,"HTR7","5-hydroxytryptamine receptor 7","5HT7R","P34969"
"X23673.9",146,-0.351472567477411,1.47983116615413,TRUE,5186,"DBT","Lipoamide acyltransferase component of branched-chain alpha-keto acid dehydrogenase complex, mitochondrial","ODB2","P11182"
"X21371.12",142,-0.352048857368006,1.47761218700998,TRUE,5187,"RIOX2","Bifunctional lysine-specific demethylase and histidyl-hydroxylase MINA","MINA","Q8IUF8"
"X10894.25",146,-0.352182145625489,1.36112704851448,TRUE,5188,"SCGN","Secretagogin","Secretagogin","O76038"
"X9974.8",145,-0.352303192306027,1.47074369458209,TRUE,5189,"DLL3","Delta-like protein 3","DLL3","Q9NYJ7"
"X13976.9",145,-0.352675908848441,1.36617726240474,TRUE,5190,"ARHGEF1","Rho guanine nucleotide exchange factor 1","ARHG1","Q92888"
"X23356.32",137,-0.353176334956838,1.31617341277702,TRUE,5191,"CCDC24","Coiled-coil domain-containing protein 24","CCD24","Q8N4L8"
"X24942.22",145,-0.353566887255577,1.17083151683144,TRUE,5192,"UNC13D","Protein unc-13 homolog D","UN13D","Q70J99"
"X11696.7",146,-0.35385196811526,1.25835577430235,TRUE,5193,"CRABP2","Cellular retinoic acid-binding protein 2","RABP2","P29373"
"X23392.41",144,-0.354257980888072,1.31366435026947,TRUE,5194,"PLEKHA3","Pleckstrin homology domain-containing family A member 3","PKHA3","Q9HB20"
"X19612.3",145,-0.354482878080755,1.1440981271499,TRUE,5195,"CD81","CD81 antigen","CD81","P60033"
"X13022.20",146,-0.355814877231411,1.34364194048661,TRUE,5196,"TP53I11","Tumor protein p53-inducible protein 11","P5I11","O14683"
"X24473.11",144,-0.357480194696881,1.23599542161969,TRUE,5197,"CT45A3","Cancer/testis antigen family 45 member A3","CT453","Q8NHU0"
"X10370.21",146,-0.358067016570964,1.39319333540635,TRUE,5198,"STAT1","Signal transducer and activator of transcription 1-alpha/beta","STAT1","P42224"
"X15301.24",146,-0.358356246794365,1.0786741535263,TRUE,5199,"ACRV1","Acrosomal protein SP-10","sperm protein 10","P26436"
"X9196.8",139,-0.358393514711666,1.3427964576322,TRUE,5200,"LGALS7","Galectin-7","Galectin-7","P47929"
"X12549.33",145,-0.358397272623486,1.43464808555734,TRUE,5201,"HPGDS","Hematopoietic prostaglandin D synthase","PTGD2","O60760"
"X16850.5",144,-0.358491779426158,1.3775339273105,TRUE,5202,"RGS5","Regulator of G-protein signaling 5","RGS5","O15539"
"X12398.15",144,-0.359174912981616,1.4095915859023,TRUE,5203,"PAX4","Paired box protein Pax-4","PAX4","O43316"
"X2633.52",139,-0.359223300970874,1.35275699115864,TRUE,5204,"IL13RA1","Interleukin-13 receptor subunit alpha-1","IL-13 Ra1","P78552"
"X5412.53",146,-0.359370480777759,1.44318852709357,TRUE,5205,"CD27","CD27 antigen","CD27","P26842"
"X7083.74",146,-0.359887238776903,1.47517655387113,TRUE,5206,"MATN4","Matrilin-4","MATN4","O95460"
"X12830.4",146,-0.36060067332796,1.40285965510896,TRUE,5207,"SAP18","Histone deacetylase complex subunit SAP18","SAP18","O00422"
"X20971.1",145,-0.360667515692878,1.43292967583716,TRUE,5208,"MSRB1","Methionine-R-sulfoxide reductase B1","MSRB1","Q9NZV6"
"X9044.1",146,-0.360843626715617,1.48269521453629,TRUE,5209,"CNTNAP5","Contactin-associated protein-like 5","CNTP5","Q8WYK1"
"X11104.13",146,-0.361325677087953,1.32445951696644,TRUE,5210,"CHI3L1","Chitinase-3-like protein 1","YKL-40","P36222"
"X25456.73",144,-0.361772850958814,1.32842408953138,TRUE,5211,"PSMC5","26S protease regulatory subunit 8","PRS8","P62195"
"X23622.128",142,-0.362181307568978,1.4264561999937,TRUE,5212,"INIP","SOSS complex subunit C","SOSSC","Q9NRY2"
"X2788.55",145,-0.362208041194093,1.43446814941003,TRUE,5213,"MMP3","Stromelysin-1","MMP-3","P08254"
"X22952.28",146,-0.362555869638154,1.31636927635208,TRUE,5214,"CDK2AP2","Cyclin-dependent kinase 2-associated protein 2","CDKA2","O75956"
"X12531.5",143,-0.36287315538573,1.46794496304717,TRUE,5215,"ERVV-1","Endogenous retrovirus group V member 1 Env polyprotein","ERVV1","B6SEH8"
"X18180.58",145,-0.36306893449835,1.45746071859438,TRUE,5216,"RTN4IP1","Reticulon-4-interacting protein 1, mitochondrial","RT4I1","Q8WWV3"
"X2630.12",143,-0.363239558301748,1.48780378936542,TRUE,5217,"IL1RAP","Interleukin-1 Receptor accessory protein","IL-1 R AcP","Q9NPH3"
"X18398.1",144,-0.36345293552575,1.33486980985578,TRUE,5218,"AKR1D1","3-oxo-5-beta-steroid 4-dehydrogenase","AK1D1","P51857"
"X18196.8",145,-0.363538660798293,1.4820022914755,TRUE,5219,"AFM","Afamin","Afamin","P43652"
"X21450.333",143,-0.36465832136261,1.33033434959055,TRUE,5220,"CASP10","Caspase-10:region 2","Caspase-10:region 2","Q92851"
"X10647.18",145,-0.365025500311988,1.23488634269136,TRUE,5221,"ASCC1","Activating signal cointegrator 1 complex subunit 1","ASCC1","Q8N9N2"
"X13062.4",146,-0.365490592304933,1.22328736886869,TRUE,5222,"GMFG","Glia maturation factor gamma","GMFG","O60234"
"X2987.37",144,-0.365871304459669,1.46601379205016,TRUE,5223,"H1-2","Histone H1.2","Histone H1.2","P16403"
"X12794.6",146,-0.365995781095141,1.37868119439491,TRUE,5224,"NLRP4","NACHT, LRR and PYD domains-containing protein 4","NALP4","Q96MN2"
"X25216.8",139,-0.366156238757812,1.18219322122059,TRUE,5225,"S100A8","Calgranulin A","Calgranulin A","P05109"
"X22536.1",146,-0.366554959527051,1.10170257773103,TRUE,5226,"PPP1R42","Protein phosphatase 1 regulatory subunit 42","PPR42","Q7Z4L9"
"X23677.30",144,-0.366843986953193,1.49101738464673,TRUE,5227,"NCKIPSD","NCK-interacting protein with SH3 domain","SPN90","Q9NZQ3"
"X2967.8",145,-0.367211643315211,1.35919411096201,TRUE,5228,"VCAM1","Vascular cell adhesion protein 1","VCAM-1","P19320"
"X22810.41",144,-0.367362482993129,1.27869326233618,TRUE,5229,"TIPIN","TIMELESS-interacting protein","TIPIN","Q9BVW5"
"X10721.76",146,-0.36784685452491,1.39170693928492,TRUE,5230,"HSPA1A","Heat shock 70 kDa protein 1A","HSP 70","P0DMV8"
"X10372.18",145,-0.368274564300815,1.27656554481229,TRUE,5231,"STAT6","Signal transducer and activator of transcription 6","STAT6","P42226"
"X10546.2",146,-0.368487017419372,1.21937270524234,TRUE,5232,"TSPEAR","Thrombospondin-type laminin G domain and EAR repeat-containing protein","TSEAR","Q8WU66"
"X18375.28",142,-0.368639236792247,1.27122675791141,TRUE,5233,"IL36RN","Interleukin-36 receptor antagonist protein","IL-1F5","Q9UBH0"
"X2640.3",143,-0.368787413015061,1.25045455230494,TRUE,5234,"MST1R","Macrophage-stimulating protein receptor","MSP R","Q04912"
"X6961.14",144,-0.36897826135014,1.26988063787948,TRUE,5235,"IGFL3","Insulin growth factor-like family member 3","IGFL3","Q6UXB1"
"X19329.31",146,-0.369620799895106,1.38820228798189,TRUE,5236,"HIPK3","Homeodomain-interacting protein kinase 3","HIPK3","Q9H422"
"X25898.4",131,-0.369847070474645,1.37890419881713,TRUE,5237,"CHID1","Chitinase domain-containing protein 1","CHID1","Q9BWS9"
"X23373.77",144,-0.370149157747079,1.192062228317,TRUE,5238,"DPH5","Diphthine methyl ester synthase","DPH5","Q9H2P9"
"X2939.10",137,-0.370384113626127,1.37108885766529,TRUE,5239,"ARTN","Artemin","Artemin","Q5T4W7"
"X2770.51",144,-0.370752058907463,1.50365705443367,TRUE,5240,"CCL1","C-C motif chemokine 1","I-309","P22362"
"X12708.91",145,-0.370910944761462,1.2526119524028,TRUE,5241,"L3MBTL2","Lethal(3)malignant brain tumor-like protein 2","LMBL2","Q969R5"
"X25261.42",144,-0.371140671191114,1.40017857050685,TRUE,5242,"ANKS3","Ankyrin repeat and SAM domain-containing protein 3","ANKS3","Q6ZW76"
"X3214.3",146,-0.371830518801893,1.22685637663412,TRUE,5243,"NRP1","Neuropilin-1","NRP1","O14786"
"X5661.15",145,-0.372309727301716,1.47023825721482,TRUE,5244,"IL18","Interleukin-18","IL-18","Q14116"
"X25889.108",146,-0.372347276801037,1.2434069278642,TRUE,5245,"AIM2","Absent in melanoma 2","AIM2","O14862"
"X9086.95",145,-0.375325273505317,1.13047529414249,TRUE,5246,"SCGB2A1","Mammaglobin-B","Mammaglobin 2","O75556"
"X5643.2",146,-0.375856603511641,1.2708383250636,TRUE,5247,"LCN8","Epididymal-specific lipocalin-8","LCN8","Q6JVE9"
"X11361.73",143,-0.376120205459071,1.44359953810901,TRUE,5248,"TYMP","Thymidine phosphorylase","TP","P19971"
"X21389.32",146,-0.376631740510356,1.32291689926813,TRUE,5249,"STK3","Serine/threonine-protein kinase 3","STK3","Q13188"
"X21241.1",145,-0.377158570407828,1.44073108414939,TRUE,5250,"NAA80","N-acetyltransferase 6","NAT6","Q93015"
"X25253.17",144,-0.377203101323569,1.2094256146331,TRUE,5251,"GNAS|GNAS","Guanine nucleotide-binding protein G(s) subunit alpha isoforms","GNAS","Q5JWF2|P63092"
"X12976.49",142,-0.377234640969431,1.29048844281089,TRUE,5252,"SORBS3","Vinexin b","Vinexin b","O60504"
"X7965.25",146,-0.377526426001411,1.35830457063949,TRUE,5253,"HBQ1","Hemoglobin subunit theta-1","HBAT","P09105"
"X11537.12",145,-0.378116425278623,1.45735060082132,TRUE,5254,"TFR2","Transferrin receptor protein 2","TFR2","Q9UP52"
"X22371.46",146,-0.378691059700975,1.43671857051985,TRUE,5255,"FAM110A","Protein FAM110A","F110A","Q9BQ89"
"X12904.180",145,-0.379185997759988,1.37224731957325,TRUE,5256,"CUBN","cubilin","cubilin","O60494"
"X14091.42",146,-0.379655160445646,1.17531552083038,TRUE,5257,"CBR3","Carbonyl reductase [NADPH] 3","Carbonyl reductase 3","O75828"
"X3837.6",145,-0.380445758444826,1.28284351080801,TRUE,5258,"ZAP70","Tyrosine-protein kinase ZAP-70","ZAP70","P43403"
"X18228.30",144,-0.38098530126971,1.3066648961113,TRUE,5259,"NOP16","Nucleolar protein 16","NOP16","Q9Y3C1"
"X11442.1",143,-0.381298507278913,1.28732439756066,TRUE,5260,"DNER","Delta and Notch-like epidermal growth factor-related receptor:Cytoplasmic domain","DNER:CD","Q8NFT8"
"X6473.55",146,-0.381691341218392,1.35461200835881,TRUE,5261,"BPIFA1","BPI fold-containing family A member 1","PLUNC","Q9NP55"
"X9083.35",144,-0.382840996557427,1.44533104626317,TRUE,5262,"SIRPA","Tyrosine-protein phosphatase non-receptor type substrate 1","SHPS1","P78324"
"X12551.3",142,-0.383428202570272,1.2445790508244,TRUE,5263,"ITCH","E3 ubiquitin-protein ligase Itchy homolog","ITCH","Q96J02"
"X12658.72",145,-0.384154178960816,1.28708647582766,TRUE,5264,"PANK3","Pantothenate kinase 3","PANK3","Q9H999"
"X18307.71",146,-0.384976996556232,1.4474497849631,TRUE,5265,"PPA2","Inorganic pyrophosphatase 2, mitochondrial","PPase 2","Q9H2U2"
"X24474.12",145,-0.38498877041452,1.22492824985797,TRUE,5266,"TTC9","Tetratricopeptide repeat protein 9A","TTC9A","Q92623"
"X5707.55",144,-0.385362363694096,1.50870780001279,TRUE,5267,"ELK3","ETS domain-containing protein Elk-3","ELK3","P41970"
"X23007.8",141,-0.385610309543178,1.18815454957693,TRUE,5268,"JUP","Junction plakoglobin","PLAK","P14923"
"X8407.84",124,-0.387371111306953,1.32469934060721,TRUE,5269,"NOTCH2","Neurogenic locus notch homolog protein 2","NOTC2","Q04721"
"X4429.51",146,-0.387707329865142,1.4153214564096,TRUE,5270,"CHST6","Carbohydrate sulfotransferase 6","CHST6","Q9GZX3"
"X9388.18",144,-0.388166634176928,1.43030390558217,TRUE,5271,"MCEE","Methylmalonyl-CoA epimerase, mitochondrial","MCEE","Q96PE7"
"X11671.19",144,-0.38835152423768,1.45372925657134,TRUE,5272,"BRPF1","Peregrin","BRPF1","P55201"
"X9577.26",142,-0.388923702438462,1.4267338221709,TRUE,5273,"SYT2","Synaptotagmin-2","SYT2","Q8N9I0"
"X14048.7",146,-0.389863059130227,1.48275255376387,TRUE,5274,"IL1RAP","Interleukin-1 Receptor accessory protein","IL-1 R AcP","Q9NPH3"
"X8945.7",144,-0.389972547900497,1.48383815222824,TRUE,5275,"ABRAXAS2","BRISC complex subunit Abro1","F175B","Q15018"
"X22832.9",146,-0.390125294532778,1.40890587022656,TRUE,5276,"ZC3H8","Zinc finger CCCH domain-containing protein 8","ZC3H8","Q8N5P1"
"X11229.16",143,-0.390675501798698,1.40853394137362,TRUE,5277,"ERN1","Serine/threonine-protein kinase/endoribonuclease IRE1","ERN1","O75460"
"X5638.23",146,-0.39167171212723,1.36778101161691,TRUE,5278,"COLGALT1","Procollagen galactosyltransferase 1","GT251","Q8NBJ5"
"X19557.3",143,-0.393324002971488,1.46760939691141,TRUE,5279,"KLB","Beta-klotho","KLOTB","Q86Z14"
"X7223.60",146,-0.393626908437424,1.355782269697,TRUE,5280,"S100A13","Protein S100-A13","S100A13","Q99584"
"X2524.56",146,-0.393900713048911,1.23992599125372,TRUE,5281,"HMGB1","High mobility group protein B1","HMG-1","P09429"
"X7867.154",146,-0.394081963988909,1.46671071464875,TRUE,5282,"ST6GALNAC1","Alpha-N-acetylgalactosaminide alpha-2,6-sialyltransferase 1","SIA7A","Q9NSC7"
"X8842.16",146,-0.394359625003374,1.25367116582953,TRUE,5283,"GRAMD1C","GRAM domain-containing protein 1C","GRM1C","Q8IYS0"
"X9343.16",144,-0.394650691222013,1.29187210205943,TRUE,5284,"IL2RB","Interleukin-2 receptor subunit beta","IL-2 sRb","P14784"
"X21963.48",146,-0.3949882186889,1.46356243608303,TRUE,5285,"DAB2","Disabled homolog 2","DAB2","P98082"
"X7766.25",145,-0.395213706169272,1.32943715022179,TRUE,5286,"ZP4","Zona pellucida sperm-binding protein 4","ZP4","Q12836"
"X2960.66",146,-0.395558966329746,1.30217569856762,TRUE,5287,"CFP","Properdin","Properdin","P27918"
"X24266.2",146,-0.396010165478252,1.32061458644434,TRUE,5288,"MEF2D","Myocyte-specific enhancer factor 2D","MEF2D","Q14814"
"X6496.60",146,-0.396380380164206,1.38541536712597,TRUE,5289,"DLK1","Protein delta homolog 1:Extracellular domain","DLK1:ECD","P80370"
"X9997.12",145,-0.39642109862942,1.34915807972507,TRUE,5290,"UBXN4","UBX domain-containing protein 4:Cytoplasmic domain 1","UBXN4:CD 1","Q92575"
"X11196.31",146,-0.396793015282925,1.34106122125289,TRUE,5291,"COL6A3","Collagen alpha-3(VI) chain:Bovine pancreatic trypsin inhibitor/Kunitz inhibitor domain, isoform 1","Collagen alpha-3(VI):BPTI/Kunitz inhibitor","P12111"
"X20592.8",138,-0.397474597556799,1.37003891741772,TRUE,5292,"LXN","Latexin","LXN","Q9BS40"
"X9074.6",145,-0.397768653279111,1.44394155330645,TRUE,5293,"FAXDC2","Fatty acid hydroxylase domain-containing protein 2","CE004","Q96IV6"
"X2704.74",146,-0.397895946534829,1.35223867797551,TRUE,5294,"TNFRSF13B","Tumor necrosis factor receptor superfamily member 13B","TACI","O14836"
"X23324.6",145,-0.398481204013905,1.45977460201318,TRUE,5295,"HSPB3","Heat shock protein beta-3","HSPB3","Q12988"
"X24455.2",145,-0.398558755041503,1.43690457697914,TRUE,5296,"ASAP3","Arf-GAP with SH3 domain, ANK repeat and PH domain-containing protein 3","ASAP3","Q8TDY4"
"X3024.18",145,-0.398743782392089,1.50134423572347,TRUE,5297,"SERPINF2","Alpha-2-antiplasmin","a2-Antiplasmin","P08697"
"X8450.36",145,-0.398776459843239,1.31014156158113,TRUE,5298,"ADCYAP1","Pituitary adenylate cyclase-activating polypeptide 38","PACAP-38","P18509"
"X6055.53",146,-0.399103000667158,1.32212915880754,TRUE,5299,"IFNAR1","Interferon alpha/beta receptor 1","IFN-a/b R1","P17181"
"X2752.62",144,-0.399265264452546,1.47710184976154,TRUE,5300,"GDF5","Growth/differentiation factor 5","BMP-14","P43026"
"X10023.32",145,-0.399559871977072,1.36534244391706,TRUE,5301,"VDR","Vitamin D3 receptor","VDR","P11473"
"X9994.217",144,-0.399582792397014,1.41880726762604,TRUE,5302,"ATP4B","Potassium-transporting ATPase subunit beta","ATP4B","P51164"
"X3357.67",145,-0.399672855897156,1.34370720015205,TRUE,5303,"CDK2|CCNA2","Cyclin-dependent kinase 2:Cyclin-A2 complex","CDK2/cyclin A","P24941|P20248"
"X8488.33",141,-0.400361779785287,1.44833398811663,TRUE,5304,"ITGA2B|ITGB3","Integrin alpha-IIb: beta-3 complex","gpIIbIIIa","P08514|P05106"
"X20245.13",145,-0.401398331607727,1.38866215987741,TRUE,5305,"RXRA","Retinoic acid receptor RXR-alpha","Retinoic acid receptor RXR-alpha","P19793"
"X11827.7",146,-0.401964451677342,1.5084607567682,TRUE,5306,"RORC","Nuclear receptor ROR-gamma","RORG","P51449"
"X14633.26",146,-0.402951690839886,1.20942415205634,TRUE,5307,"TMEM185A","Transmembrane protein 185A","T185A","Q8NFB2"
"X11201.19",145,-0.4031608182933,1.49733380551769,TRUE,5308,"PUS1","tRNA pseudouridine synthase A, mitochondrial","TRUA","Q9Y606"
"X13612.7",146,-0.404162601375193,1.44681501016541,TRUE,5309,"CYTIP","Cytohesin-interacting protein","CYTIP","O60759"
"X24895.25",144,-0.405194987891759,1.36918902533305,TRUE,5310,"FCHSD1","F-BAR and double SH3 domains protein 1","FCSD1","Q86WN1"
"X8325.37",144,-0.405759325392439,1.50588772705487,TRUE,5311,"ADH4","Alcohol dehydrogenase 4","ADH4","P08319"
"X14063.17",142,-0.405793638817632,1.49978111847297,TRUE,5312,"OSM","Oncostatin-M","OSM","P13725"
"X21143.10",145,-0.40627989465272,1.326269260354,TRUE,5313,"CAPS","Calcyphosin","Calcyphosin","Q13938"
"X18376.19",132,-0.406616344390145,1.33295513943097,TRUE,5314,"MYL3","Myosin light chain 3","Myosin light chain 1","P08590"
"X4918.21",146,-0.408797997755573,1.48929810972534,TRUE,5315,"KNG1","Kininogen-1","Kininogen, HMW","P01042"
"X9213.24",146,-0.409584703963225,1.39287247103036,TRUE,5316,"FTCD","Formimidoyltransferase-cyclodeaminase","FTCD","O95954"
"X17326.44",146,-0.409673401231735,1.23940182896969,TRUE,5317,"DUSP23","Dual specificity protein phosphatase 23","DUS23","Q9BVJ7"
"X23424.4",143,-0.409700019290044,1.33521403701082,TRUE,5318,"None","Ankyrin repeat domain-containing protein 63","ANR63","C9JTQ0"
"X9226.6",142,-0.410066122457534,1.58074019097514,TRUE,5319,"TMUB2","Transmembrane and ubiquitin-like domain-containing protein 2","TMUB2","Q71RG4"
"X17693.2",146,-0.411107983139806,1.3239799448591,TRUE,5320,"SEPTIN6","Septin-6","Septin-6","Q14141"
"X24934.96",145,-0.411244129329927,1.42242328755506,TRUE,5321,"OGFR","Opioid growth factor receptor","OGFR","Q9NZT2"
"X5242.37",145,-0.411652392659532,1.43844878045235,TRUE,5322,"MAP2K4","Dual specificity mitogen-activated protein kinase kinase 4","MP2K4","P45985"
"X20557.19",146,-0.413132594703616,1.4739763551264,TRUE,5323,"VSIG8","V-set and immunoglobulin domain-containing protein 8","VSIG8","P0DPA2"
"X3151.6",137,-0.413136676040561,1.48007609063178,TRUE,5324,"IL2RA","Interleukin-2 receptor subunit alpha","IL-2 sRa","P01589"
"X10847.1",144,-0.413264629396657,1.31322128092012,TRUE,5325,"SIGLEC15","Sialic acid-binding Ig-like lectin 15","SIG15","Q6ZMC9"
"X14013.11",146,-0.41423552595552,1.42959126054374,TRUE,5326,"TANK","TRAF family member-associated NF-kappa-B activator","TANK","Q92844"
"X12766.33",144,-0.414277503346101,1.24496127670997,TRUE,5327,"GPR142","Probable G-protein coupled receptor 142","GP142","Q7Z601"
"X11456.2",146,-0.4145286125819,1.47631227113747,TRUE,5328,"MAGEB10","Melanoma-associated antigen B10","MAGBA","Q96LZ2"
"X6367.66",144,-0.414607089313778,1.45921183688341,TRUE,5329,"FMOD","fibromodulin","fibromodulin","Q06828"
"X25957.5",146,-0.414802417193387,1.33933473018972,TRUE,5330,"SRY","Sex-determining region Y protein","SRY","Q05066"
"X16298.84",146,-0.414817842805302,1.45934827767725,TRUE,5331,"PLA2G2D","Group IID secretory phospholipase A2","sPLA(2)-IID","Q9UNK4"
"X13501.10",139,-0.414859553511777,1.46797858174491,TRUE,5332,"SLC35G2","Solute carrier family 35 member G2","S35G2","Q8TBE7"
"X17697.2",145,-0.415456445828429,1.39624993418552,TRUE,5333,"OVCA2","Esterase OVCA2","OVCA2","Q8WZ82"
"X4811.33",145,-0.416018250782922,1.51327212939352,TRUE,5334,"ITIH4","Inter-alpha-trypsin inhibitor heavy chain H4","ITI heavy chain H4","Q14624"
"X7122.31",146,-0.417015992503153,1.22506095942178,TRUE,5335,"LGR5","Leucine-rich repeat-containing G-protein coupled receptor 5","LGR5","O75473"
"X3891.56",146,-0.41799166245676,1.20874299319216,TRUE,5336,"MBD4","Methyl-CpG-binding domain protein 4","MBD4","O95243"
"X3341.33",145,-0.418094064570482,1.42378693065954,TRUE,5337,"ABL1","Tyrosine-protein kinase ABL1","ABL1","P00519"
"X6458.6",136,-0.41819882103435,1.29948590575171,TRUE,5338,"RPN1","Dolichyl-diphosphooligosaccharide--protein glycosyltransferase subunit 1:Lumenal domain","RPN1:LD","P04843"
"X11144.10",145,-0.418448371565683,1.49655059867701,TRUE,5339,"DEFB116","Beta-defensin 116","DB116","Q30KQ4"
"X7924.7",143,-0.418595154104564,1.29864035647922,TRUE,5340,"CD3G","T-cell surface glycoprotein CD3 gamma chain","CD3G","P09693"
"X19253.82",146,-0.419152439753344,1.27545431152405,TRUE,5341,"RAB2B","Ras-related protein Rab-2B","RAB2B","Q8WUD1"
"X12572.236",145,-0.419159272177562,1.38666552781686,TRUE,5342,"EFS","Embryonal Fyn-associated substrate","EFS","O43281"
"X14294.61",135,-0.41950165367467,1.2495896094653,TRUE,5343,"MBD1","Methyl-CpG-binding domain protein 1","MBD1","Q9UIS9"
"X17784.23",145,-0.419578217205935,1.17771720488631,TRUE,5344,"GMFB","Glia maturation factor beta","GMFB","P60983"
"X13688.2",144,-0.420282398903524,1.23861734588938,TRUE,5345,"CAPSL","Calcyphosin-like protein","CAPSL","Q8WWF8"
"X21104.37",145,-0.420451033692693,1.34303075231993,TRUE,5346,"UBL5","Ubiquitin-like protein 5","UBL5","Q9BZL1"
"X12587.65",146,-0.420799123825243,1.37405097071448,TRUE,5347,"ARL2","ADP-ribosylation factor-like protein 2","ARL2","P36404"
"X22831.11",146,-0.421003513183114,1.5278078475209,TRUE,5348,"ZBP1","Z-DNA-binding protein 1","ZBP1","Q9H171"
"X3208.2",146,-0.421362158660131,1.35212354503123,TRUE,5349,"MATN3","Matrilin-3","MATN3","O15232"
"X11967.23",136,-0.421394150484279,1.43594660637435,TRUE,5350,"CRABP1","Cellular retinoic acid-binding protein 1","RABP1","P29762"
"X9081.39",146,-0.421797932196723,1.42604501565351,TRUE,5351,"SLC30A3","Zinc transporter 3","ZNT3","Q99726"
"X14337.1",136,-0.422375006560396,1.20434227519752,TRUE,5352,"TRAPPC3","Trafficking protein particle complex subunit 3","TPPC3","O43617"
"X12808.103",144,-0.422556185476886,1.24082695880799,TRUE,5353,"CARHSP1","Calcium-regulated heat-stable protein 1","CHSP1","Q9Y2V2"
"X21357.12",146,-0.423120678418412,1.47799185483521,TRUE,5354,"FBLIM1","Filamin-binding LIM protein 1","FBLI1","Q8WUP2"
"X8356.88",146,-0.423193950075007,1.53032113743603,TRUE,5355,"OXT","Oxytocin-neurophysin 1","NEU1","P01178"
"X7888.58",143,-0.423700292631674,1.46710456414945,TRUE,5356,"COA3","Cytochrome c oxidase assembly factor 3 homolog, mitochondrial","CCD56","Q9Y2R0"
"X4407.10",132,-0.423784711803644,1.52618457634111,TRUE,5357,"MST1","Hepatocyte growth factor-like protein","MSP","P26927"
"X7175.4",146,-0.423988369088616,1.45609937644478,TRUE,5358,"PCDHGA2","Protocadherin gamma-A2","PCDG2","Q9Y5H1"
"X9544.24",146,-0.424088635566062,1.21452452858341,TRUE,5359,"C7orf69","Uncharacterized protein C7orf69","CG069","Q9H7B7"
"X21437.77",145,-0.424352355063549,1.42291308199985,TRUE,5360,"MGMT","Methylated-DNA--protein-cysteine methyltransferase","MGMT","P16455"
"X19364.163",145,-0.425223508662806,1.41153933044018,TRUE,5361,"PCNA","Proliferating cell nuclear antigen","PCNA","P12004"
"X20388.8",146,-0.425573350712856,1.33912503441328,TRUE,5362,"TSR2","Pre-rRNA-processing protein TSR2 homolog","TSR2","Q969E8"
"X13131.5",146,-0.426182662383488,1.29035829595526,TRUE,5363,"HK1","Hexokinase-1","HXK1","P19367"
"X12777.11",144,-0.427493096781714,1.52852978101414,TRUE,5364,"SF1","Splicing factor 1","SF01","Q15637"
"X24671.15",146,-0.428901426483462,1.31724278617962,TRUE,5365,"PYCARD","Apoptosis-associated speck-like protein containing a CARD","ASC","Q9ULZ3"
"X10621.26",145,-0.429017406349588,1.43604812820439,TRUE,5366,"PRR16","Protein Largen","PRR16","Q569H4"
"X15361.37",145,-0.4291287590988,1.19987207605573,TRUE,5367,"ANKRD1","Ankyrin repeat domain-containing protein 1","ANKR1","Q15327"
"X15669.7",146,-0.429568584198774,1.41370137697332,TRUE,5368,"BRAF","Serine/threonine-protein kinase B-raf","BRAF1","P15056"
"X21327.12",144,-0.429912157830534,1.49769073327319,TRUE,5369,"CYREN","Modulator of retrovirus infection homolog","MRI","Q9BWK5"
"X10000.28",139,-0.430666067833498,1.22533707915562,TRUE,5370,"CRYBB2","Beta-crystallin B2","CRBB2","P43320"
"X13405.61",142,-0.430767812083463,1.53695337841076,TRUE,5371,"SPINK2","Serine protease inhibitor Kazal-type 2","ISK2","P20155"
"X8059.1",144,-0.432230758873216,1.319403002065,TRUE,5372,"THPO","Thrombopoietin","Tpo","P40225"
"X20211.75",145,-0.433690331139906,1.26281942626671,TRUE,5373,"GBP5","Guanylate-binding protein 5","GBP5","Q96PP8"
"X10668.5",146,-0.433914750355753,1.34217486085883,TRUE,5374,"STX4","Syntaxin-4","STX4","Q12846"
"X3404.51",146,-0.437015298350616,1.44284773182305,TRUE,5375,"TPSG1","Tryptase gamma","TPSG1","Q9NRR2"
"X22387.26",146,-0.437551338364654,1.2555537041183,TRUE,5376,"PITX3","Pituitary homeobox 3","PITX3","O75364"
"X18300.39",137,-0.437607061009022,1.57664658986624,TRUE,5377,"PURB","Transcriptional activator protein Pur-beta","PURB","Q96QR8"
"X10447.18",144,-0.437932455109075,1.56400807044576,TRUE,5378,"PABPC3","Polyadenylate-binding protein 3","PABP3","Q9H361"
"X8424.269",146,-0.438827807750599,1.2527672634841,TRUE,5379,"CTNNB1","Catenin beta-1","b-Catenin","P35222"
"X4930.21",145,-0.438978493565391,1.54412411257133,TRUE,5380,"STC1","Stanniocalcin-1","Stanniocalcin-1","P52823"
"X25118.45",145,-0.439288392683153,1.34149824263861,TRUE,5381,"BICD1","Protein bicaudal D homolog 1","BICD1","Q96G01"
"X9875.107",146,-0.43944097582421,1.27775606636291,TRUE,5382,"THOC1","THO complex subunit 1","THOC1","Q96FV9"
"X24911.57",146,-0.439691642017824,1.28639282524532,TRUE,5383,"MVP","LRP","LRP","Q14764"
"X23668.281",145,-0.439980631293845,1.25122852758465,TRUE,5384,"MIEF1","Mitochondrial dynamics protein MID51","MID51","Q9NQG6"
"X7756.37",141,-0.440344740481318,1.3175703480401,TRUE,5385,"KLRF1","Killer cell lectin-like receptor subfamily F member 1","KLRF1","Q9NZS2"
"X21391.17",145,-0.440721370462155,1.49449036748472,TRUE,5386,"CGB3","Choriogonadotropin subunit beta 3","b-CF","P0DN86"
"X21280.13",144,-0.441921409666133,1.26174723102248,TRUE,5387,"TSC22D3","TSC22 domain family protein 3","T22D3","Q99576"
"X18909.11",142,-0.442359361704803,1.28642463707943,TRUE,5388,"EXOSC8","Exosome complex component RRP43","EXOS8","Q96B26"
"X4435.66",145,-0.442387714208104,1.44800720799757,TRUE,5389,"ENPP7","Ectonucleotide pyrophosphatase/phosphodiesterase family member 7","ENPP7","Q6UWV6"
"X20185.44",145,-0.442765641669652,1.47624281353722,TRUE,5390,"DLAT","Dihydrolipoyllysine-residue acetyltransferase component of pyruvate dehydrogenase complex, mitochondrial","ODP2","P10515"
"X12849.25",146,-0.444797519561604,1.38715553420303,TRUE,5391,"GSKIP","GSK3-beta interaction protein","GSKIP","Q9P0R6"
"X10049.112",144,-0.445365991884934,1.34688849303116,TRUE,5392,"TERF1","Telomeric repeat-binding factor 1","TERF1","P54274"
"X6372.7",145,-0.445386421748194,1.53211893680494,TRUE,5393,"YBX2","Y-box-binding protein 2","YBOX2","Q9Y2T7"
"X19323.1",145,-0.446110118180601,1.45771371596831,TRUE,5394,"EBAG9","Receptor-binding cancer antigen expressed on SiSo cells","RCAS1","O00559"
"X18225.13",143,-0.44707755829082,1.41953790520032,TRUE,5395,"HEBP1","Heme-binding protein 1","HEBP1","Q9NRV9"
"X12488.9",144,-0.447284332206578,1.21300001655625,TRUE,5396,"MCTS1","Malignant T-cell-amplified sequence 1","MCTS1","Q9ULC4"
"X12578.13",145,-0.447394165339653,1.37612341547201,TRUE,5397,"ARF3","ADP-ribosylation factor 3","ARF3","P61204"
"X16015.19",145,-0.447599963781952,1.23545897466314,TRUE,5398,"GPT","Alanine aminotransferase 1","ALT","P24298"
"X10552.88",145,-0.447929563630709,1.40315014857691,TRUE,5399,"KLRC4","NKG2-F type II integral membrane protein","NKG2F","O43908"
"X24418.14",145,-0.448255635427411,1.43306637821438,TRUE,5400,"HMX3","Homeobox protein HMX3","HMX3","A6NHT5"
"X8093.13",145,-0.448484645682466,1.48444378078037,TRUE,5401,"MYORG","Uncharacterized family 31 glucosidase KIAA1161:Cytoplasmic domain","K1161:CD","Q6NSJ0"
"X13942.140",143,-0.448886408083776,1.22371779277108,TRUE,5402,"SPSB1","SPRY domain-containing SOCS box protein 1","SPSB1","Q96BD6"
"X23687.27",145,-0.449328194569655,1.45383590127043,TRUE,5403,"TBC1D20","TBC1 domain family member 20","TBC20","Q96BZ9"
"X10758.2",143,-0.4493307996339,1.45292693181039,TRUE,5404,"KERA","Keratocan","KERA","O60938"
"X13654.1",143,-0.449655036548477,1.34416797537597,TRUE,5405,"ROCK2","Rho-associated protein kinase 2","ROCK2","O75116"
"X18395.5",146,-0.449941961135171,1.39258109560351,TRUE,5406,"ADPRH","[Protein ADP-ribosylarginine] hydrolase","ADPRH","P54922"
"X5315.22",138,-0.450451540718583,1.48391679656741,TRUE,5407,"TNNT2","Troponin T, cardiac muscle","Troponin T","P45379"
"X10361.25",144,-0.450530855538563,1.42473586047551,TRUE,5408,"OAS1","2'-5'-oligoadenylate synthase 1","OAS1","P00973"
"X3296.92",145,-0.450799455940854,1.41505980228495,TRUE,5409,"CNTN2","Contactin-2","CNTN2","Q02246"
"X21354.92",145,-0.45168128842024,1.36375978374783,TRUE,5410,"UPRT","Uracil phosphoribosyltransferase homolog","UPP","Q96BW1"
"X18343.10",146,-0.452271228534297,1.46930868176566,TRUE,5411,"DECR2","Peroxisomal 2,4-dienoyl-CoA reductase","DECR2","Q9NUI1"
"X18880.81",145,-0.452508006369665,1.39144437948146,TRUE,5412,"COL3A1","Collagen Type III","Collagen Type III","P02461"
"X18186.15",144,-0.452955622455255,1.23114091037786,TRUE,5413,"TARS1","Threonine--tRNA ligase, cytoplasmic","SYTC","P26639"
"X13421.17",145,-0.454531496969685,1.23653801619425,TRUE,5414,"TMEM167B","Protein kish-B","KISHB","Q9NRX6"
"X11129.66",139,-0.454646613382908,1.4371130559465,TRUE,5415,"BMP15","Bone morphogenetic protein 15","BMP15","O95972"
"X6955.68",146,-0.454951428604483,1.53115246875487,TRUE,5416,"SNX1","Sorting nexin-1","SNX1","Q13596"
"X21112.6",133,-0.454978152906696,1.39353806748449,TRUE,5417,"MYLPF","Myosin regulatory light chain 2, skeletal muscle isoform","MLRS","Q96A32"
"X22528.1",146,-0.455013131052142,1.43296107344643,TRUE,5418,"PHF11","PHD finger protein 11","PHF11","Q9UIL8"
"X10480.33",138,-0.455308927254419,1.41434411941518,TRUE,5419,"CD59","CD59 glycoprotein","CD59","P13987"
"X23627.3",145,-0.455388267436161,1.32472337459876,TRUE,5420,"SDHAF4","UPF0369 protein C6orf57","CF057","Q5VUM1"
"X9068.17",146,-0.45642843094532,1.29345356664389,TRUE,5421,"JAKMIP3","Janus kinase and microtubule-interacting protein 3","JKIP3","Q5VZ66"
"X19254.125",145,-0.457420340290846,1.44815463065888,TRUE,5422,"GMPR","GMP reductase 1","GMPR1","P36959"
"X18236.3",146,-0.457932428107007,1.39574066575114,TRUE,5423,"LGALSL","Galectin-related protein","LEGL","Q3ZCW2"
"X3325.2",146,-0.458132961061899,1.35948870528416,TRUE,5424,"MATN2","Matrilin-2","MATN2","O00339"
"X10825.12",145,-0.458170122472118,1.25042258274374,TRUE,5425,"VSIG10","V-set and immunoglobulin domain-containing protein 10","VSI10","Q8N0Z9"
"X17205.21",146,-0.458426047688279,1.40823116902071,TRUE,5426,"RAB5A","Ras-related protein Rab-5A","RAB5A","P20339"
"X4130.71",144,-0.458561515133854,1.39729593808252,TRUE,5427,"FGF6","Fibroblast growth factor 6","FGF-6","P10767"
"X4143.74",146,-0.458807831583169,1.35976774187991,TRUE,5428,"XCL1","Lymphotactin","Lymphotactin","P47992"
"X8088.56",143,-0.460042930609196,1.45266957427871,TRUE,5429,"C1orf210","Type III endosome membrane protein TEMP","CA210","Q8IVY1"
"X9211.19",145,-0.461173858442545,1.38262341407898,TRUE,5430,"SERPINF1","Pigment epithelium-derived factor","PEDF","P36955"
"X21967.20",146,-0.461333775534208,1.32969717120898,TRUE,5431,"HSD11B1","Corticosteroid 11-beta-dehydrogenase isozyme 1","DHI1","P28845"
"X19523.215",146,-0.461630718563567,1.46500579141894,TRUE,5432,"PARK7","Protein DJ-1","PARK7","Q99497"
"X23659.2",146,-0.462814634278023,1.46853419569902,TRUE,5433,"BZW2","Basic leucine zipper and W2 domain-containing protein 2","BZW2","Q9Y6E2"
"X2501.51",143,-0.463724456082315,1.51258961766429,TRUE,5434,"CDH1","Cadherin-1","Cadherin E","P12830"
"X4396.54",146,-0.463790304231631,1.3966607094505,TRUE,5435,"IFNL1","Interferon lambda-1","IFN-lambda 1","Q8IU54"
"X7241.12",144,-0.464724253105946,1.50109831017978,TRUE,5436,"CD247","T-cell surface glycoprotein CD3 zeta chain","CD3-zeta","P20963"
"X8929.7",146,-0.465228742542681,1.32568627587802,TRUE,5437,"BDP1","Transcription factor TFIIIB component B'' homolog","BDP1","A6H8Y1"
"X8287.17",143,-0.465319105273959,1.47183731940806,TRUE,5438,"CD300E","CMRF35-like molecule 2","CLM2","Q496F6"
"X14149.9",143,-0.465816534885296,1.36854108665724,TRUE,5439,"IL36B","Interleukin-36 beta","IL-1F8","Q9NZH7"
"X12562.1",145,-0.465913698689458,1.52333427255312,TRUE,5440,"PKN1","Serine/threonine-protein kinase N1","PKN1","Q16512"
"X11252.30",144,-0.465928182702433,1.32707919851832,TRUE,5441,"LRCH4","Leucine-rich repeat and calponin homology domain-containing protein 4:Calponin Homology","LRCH4:CH","O75427"
"X25066.32",145,-0.466514970484201,1.39765750139156,TRUE,5442,"GYG2","Glycogenin-2","GLYG2","O15488"
"X7225.51",144,-0.466841374376247,1.52322546677633,TRUE,5443,"MMGT1","Membrane magnesium transporter 1","MMGT1","Q8N4V1"
"X2705.5",145,-0.466882137809674,1.41967789851881,TRUE,5444,"CCL25","C-C motif chemokine 25","TECK","O15444"
"X21715.40",143,-0.467845137882774,1.27006481303798,TRUE,5445,"SENP1","Sentrin-specific protease 1","SENP1","Q9P0U3"
"X10814.7",145,-0.468669419763244,1.24301329057489,TRUE,5446,"CD1A","T-cell surface glycoprotein CD1a","CD1A","P06126"
"X12046.51",145,-0.469251013221582,1.28302964662938,TRUE,5447,"TARDBP","TAR DNA-binding protein 43","TADBP","Q13148"
"X9118.7",146,-0.469420652580512,1.4966846282077,TRUE,5448,"PSD2","PH and SEC7 domain-containing protein 2","PSD2","Q9BQI7"
"X4482.66",146,-0.469613472729446,1.47014256720951,TRUE,5449,"C5|C6","Complement C5b-C6 complex","C5b, 6 Complex","P01031|P13671"
"X18240.6",144,-0.47024115755627,1.38149937480574,TRUE,5450,"OMP","Olfactory marker protein","OMP","P47874"
"X6594.64",144,-0.470496026881353,1.42331725791893,TRUE,5451,"SAYSD1","SAYSvFN domain-containing protein 1","SMDC1","Q9NPB0"
"X22774.20",146,-0.471410556517514,1.27448949012989,TRUE,5452,"TSEN34","tRNA-splicing endonuclease subunit Sen34","SEN34","Q9BSV6"
"X8280.238",146,-0.471499253786024,1.52509239721922,TRUE,5453,"VTN","Vitronectin","Vitronectin","P04004"
"X15523.9",121,-0.47155303235597,1.54707356296889,TRUE,5454,"ALAD","Delta-aminolevulinic acid dehydratase","HEM2","P13716"
"X6533.20",145,-0.47215737529378,1.3423436628304,TRUE,5455,"DNASE2B","Deoxyribonuclease-2-beta","DNS2B","Q8WZ79"
"X9723.105",145,-0.472746849122006,1.3745691014244,TRUE,5456,"MMRN2","Multimerin-2","EMILIN-3","Q9H8L6"
"X22817.126",145,-0.47290038245547,1.43829026103951,TRUE,5457,"TRIM9","E3 ubiquitin-protein ligase TRIM9","TRIM9","Q9C026"
"X9760.13",146,-0.473404316857494,1.40546572176266,TRUE,5458,"MAPK9","Mitogen-activated protein kinase 9","JNK2","P45984"
"X18188.12",145,-0.473707416644194,1.45297938230056,TRUE,5459,"GATM","Glycine amidinotransferase, mitochondrial","GATM","P50440"
"X5651.50",146,-0.47538265158556,1.32804775177865,TRUE,5460,"PSG7","Putative pregnancy-specific beta-1-glycoprotein 7","PSG7","Q13046"
"X24941.14",144,-0.475531403927275,1.42322021074501,TRUE,5461,"CLUH","Clustered mitochondria protein homolog","CLU","O75153"
"X4158.54",144,-0.475713131589207,1.35048782268484,TRUE,5462,"PLAU","Urokinase-type plasminogen activator","uPA","P00749"
"X13451.2",146,-0.475891696778747,1.50573738091243,TRUE,5463,"FNDC4","Fibronectin type III domain-containing protein 4","FNDC4","Q9H6D8"
"X18407.36",146,-0.475907122390661,1.39027158308881,TRUE,5464,"ARL2BP","ADP-ribosylation factor-like protein 2-binding protein","AR2BP","Q9Y2Y0"
"X15405.23",146,-0.476728536225121,1.25022676472803,TRUE,5465,"IFNA4","Interferon alpha-4","IFNA4","P05014"
"X10539.30",146,-0.476770956657887,1.36984716084042,TRUE,5466,"CD99L2","CD99 antigen-like protein 2","C99L2","Q8TCZ2"
"X12798.46",146,-0.477303140268946,1.27314310466744,TRUE,5467,"SLC4A8","Electroneutral sodium bicarbonate exchanger 1","S4A8","Q2Y0W8"
"X23246.67",144,-0.477617249438798,1.56750560969254,TRUE,5468,"BLOC1S1","Biogenesis of lysosome-related organelles complex 1 subunit 1","BL1S1","P78537"
"X12732.13",145,-0.478364594425953,1.46199794364216,TRUE,5469,"MPP7","MAGUK p55 subfamily member 7","MPP7","Q5T2T1"
"X3313.21",141,-0.478528736813262,1.52874508530726,TRUE,5470,"FCN2","Ficolin-2","FCN2","Q15485"
"X13543.7",145,-0.478927549981989,1.45471548203723,TRUE,5471,"PTGR1","Prostaglandin reductase 1","LTB4DH","Q14914"
"X10513.13",141,-0.479615100559795,1.50798368312325,TRUE,5472,"KCNIP3","Calsenilin","CSEN","Q9Y2W7"
"X4832.75",144,-0.480240998721855,1.43564214413855,TRUE,5473,"TNFRSF10A","Tumor necrosis factor receptor superfamily member 10A","TRAIL R1","O00220"
"X10700.10",145,-0.480793570496405,1.23727801556727,TRUE,5474,"IGSF11","Immunoglobulin superfamily member 11:Cytoplasmic domain","IGS11:CD","Q5DX21"
"X23414.12",143,-0.480826927260116,1.42281046172325,TRUE,5475,"ZNF483","Zinc finger protein 483","ZN483","Q8TF39"
"X11138.16",146,-0.481383214620395,1.51901432589268,TRUE,5476,"RUNX3","Runt-related transcription factor 3","RUNX3","Q13761"
"X10425.3",146,-0.481421778650182,1.38607224887497,TRUE,5477,"B4GALT5","Beta-1,4-galactosyltransferase 5","B4GT5","O43286"
"X5748.20",146,-0.482478433066342,1.41246812326113,TRUE,5478,"ASAH1","Acid ceramidase","Acid ceramidase","Q13510"
"X20213.82",144,-0.483007196644647,1.4921957100945,TRUE,5479,"HSPA6","Heat shock 70 kDa protein 6","HSP76","P17066"
"X10618.190",144,-0.483731717022311,1.54433740419837,TRUE,5480,"LRP2","Low-density lipoprotein receptor-related protein 2","megalin","P98164"
"X18913.3",144,-0.483771910433004,1.36863428851538,TRUE,5481,"CCNH","Cyclin-H","Cyclin H","P51946"
"X25283.2",146,-0.484202245197814,1.31496362104992,TRUE,5482,"CTNNA3","Catenin alpha-3","CTNA3","Q9UI47"
"X14032.2",146,-0.484557034271853,1.26972276945857,TRUE,5483,"VEGFA","Vascular endothelial growth factor A, isoform 121","VEGF121","P15692"
"X19199.3",146,-0.485617545090992,1.27564904537084,TRUE,5484,"POLR2J","DNA-directed RNA polymerase II subunit RPB11-a","RPB11","P52435"
"X6440.31",145,-0.485774574142675,1.38466502233573,TRUE,5485,"MFAP5","Microfibrillar-associated protein 5","MFAP5","Q13361"
"X11468.15",143,-0.486360530187831,1.28884199722997,TRUE,5486,"RBM19","Probable RNA-binding protein 19","RBM19","Q9Y4C8"
"X22386.11",145,-0.486970334604248,1.36214000150285,TRUE,5487,"OTX1","Homeobox protein OTX1","OTX1","P32242"
"X14103.12",145,-0.487311922777126,1.26261264039335,TRUE,5488,"TPSG1","Tryptase gamma","TPSG1","Q9NRR2"
"X17804.102",146,-0.487669151475653,1.42017049855848,TRUE,5489,"PNPO","Pyridoxine-5'-phosphate oxidase","PNPO","Q9NVS9"
"X17826.341",144,-0.488072605377074,1.48923105790039,TRUE,5490,"EEF1D","Elongation factor 1-delta","EF1D","P29692"
"X17768.50",144,-0.488383122820768,1.40856795928894,TRUE,5491,"HAO1","Hydroxyacid oxidase 1","HAOX1","Q9UJM8"
"X3400.49",146,-0.490033126501587,1.3221180051001,TRUE,5492,"TBK1","Serine/threonine-protein kinase TBK1","TBK1","Q9UHD2"
"X22580.29",145,-0.4902920265493,1.51176669383439,TRUE,5493,"EFNA2","Ephrin-A2","Ephrin-A2","O43921"
"X21441.20",145,-0.490918897000785,1.54713582965107,TRUE,5494,"TYRP1","gp75","gp75","P17643"
"X6362.6",145,-0.492095048382398,1.27302480726884,TRUE,5495,"ECRG4","Augurin","AUGN","Q9H1Z8"
"X3447.64",145,-0.492202278198464,1.42222230829595,TRUE,5496,"CXCL8","Interleukin-8","IL-8","P10145"
"X10848.137",146,-0.493033408019004,1.45346501436648,TRUE,5497,"BTNL3","Butyrophilin-like protein 3","BTNL3","Q6UXE8"
"X11231.12",144,-0.494338758103996,1.41943809947537,TRUE,5498,"FDX2","Adrenodoxin-like protein, mitochondrial","ADXL","Q6P4F2"
"X10365.132",143,-0.494384351291507,1.56273908211778,TRUE,5499,"IL12B|IL23A","Interleukin-23","IL-23","P29460|Q9NPF7"
"X22119.18",143,-0.494510545908253,1.44987338143096,TRUE,5500,"COPS8","COP9 signalosome complex subunit 8","CSN8","Q99627"
"X9449.150",146,-0.494683948493882,1.39628480377263,TRUE,5501,"C4BPA","C4b-binding protein alpha chain","C4b-binding protein alpha chain","P04003"
"X3236.12",138,-0.496380865395593,1.26738001593253,TRUE,5502,"GSK3B","Glycogen synthase kinase-3 beta","GSK-3 beta","P49841"
"X9450.18",146,-0.496388478610461,1.38592173056651,TRUE,5503,"CDK2AP1","Cyclin-dependent kinase 2-associated protein 1","CDKA1","O14519"
"X2827.23",139,-0.496642780693699,1.55945729498423,TRUE,5504,"CX3CL1","Fractalkine","Fractalkine/CX3CL-1","P78423"
"X13025.4",145,-0.496891940303208,1.31043212761478,TRUE,5505,"FRS2","Fibroblast growth factor receptor substrate 2","FRS2","Q8WU20"
"X18434.141",145,-0.497994228732723,1.47303872704896,TRUE,5506,"TBPL1","TATA box-binding protein-like protein 1","TBPL1","P62380"
"X5822.22",146,-0.499570011067877,1.35342041094944,TRUE,5507,"GDNF","Glial cell line-derived neurotrophic factor","GDNF","P39905"
"X15486.126",145,-0.500171248381014,1.41300692310736,TRUE,5508,"AOC1","Amiloride-sensitive amine oxidase [copper-containing]","ABP1","P19801"
"X11872.9",143,-0.500216499520828,1.51724911154436,TRUE,5509,"PCDHGB1","Protocadherin gamma-B1","PCDGD","Q9Y5G3"
"X23518.7",145,-0.500281477223965,1.40735287263485,TRUE,5510,"FAM151B","Protein FAM151B","F151B","Q6UXP7"
"X7123.25",145,-0.500545239098171,1.32713688558711,TRUE,5511,"MRPL52","39S ribosomal protein L52, mitochondrial","RM52","Q86TS9"
"X23267.5",144,-0.501090248456068,1.505423182735,TRUE,5512,"KCTD6","BTB/POZ domain-containing protein KCTD6","KCTD6","Q8NC69"
"X2706.69",145,-0.501689850856145,1.54401940082429,TRUE,5513,"SERPINA7","Thyroxine-binding globulin","Thyroxine-Binding Globulin","P05543"
"X11154.3",146,-0.501887709258067,1.39228982087023,TRUE,5514,"NFE2L1","Nuclear factor erythroid 2-related factor 1","NF2L1","Q14494"
"X9277.16",143,-0.50321464556814,1.34137519997883,TRUE,5515,"REG3A","Regenerating islet-derived protein 3-alpha","PAP1","Q06141"
"X11910.27",143,-0.503687681870231,1.26863244223234,TRUE,5516,"DLX4","Homeobox protein DLX-4","DLX4","Q92988"
"X12564.9",144,-0.503840480391645,1.28926360051589,TRUE,5517,"NIP7","60S ribosome subunit biogenesis protein NIP7 homolog","NIP7","Q9Y221"
"X5265.12",142,-0.504121354126279,1.55499194037948,TRUE,5518,"GRAP2","GRB2-related adapter protein 2","GRB2-related adapter protein 2","O75791"
"X6454.38",142,-0.504167496253759,1.51417460308611,TRUE,5519,"ARHGDIA","Rho GDP-dissociation inhibitor 1","Rho-GDIa","P52565"
"X12759.47",145,-0.504240866242941,1.50387966801596,TRUE,5520,"ILF3","Interleukin enhancer-binding factor 3","DRBP76","Q12906"
"X12748.6",144,-0.50469258069832,1.27747741538913,TRUE,5521,"BRDT","Bromodomain testis-specific protein","BRDT","Q58F21"
"X13510.7",140,-0.504813390892828,1.40935664263637,TRUE,5522,"ATP2A3","Sarcoplasmic/endoplasmic reticulum calcium ATPase 3","AT2A3","Q93084"
"X11370.20",146,-0.505026821282717,1.46154931550381,TRUE,5523,"INPP5E","72 kDa inositol polyphosphate 5-phosphatase","INP5E","Q9NRR6"
"X4968.50",143,-0.505034896439352,1.31773680216319,TRUE,5524,"CAPG","Macrophage-capping protein","CAPG","P40121"
"X11430.49",145,-0.506000594449573,1.36332261271652,TRUE,5525,"DTX1","E3 ubiquitin-protein ligase DTX1","DTX1","Q86Y01"
"X23248.1",144,-0.506082280096384,1.49582864331097,TRUE,5526,"XAGE2","X antigen family member 2","XAGE2","Q96GT9"
"X11283.13",146,-0.506287865056747,1.51943163480824,TRUE,5527,"DCAF5","DDB1- and CUL4-associated factor 5","DCAF5","Q96JK2"
"X10510.62",145,-0.506970005944484,1.51127114609806,TRUE,5528,"SCIMP","SLP adapter and CSK-interacting membrane protein","SCIMP","Q6UWF3"
"X7865.126",142,-0.507036615550344,1.45554569567574,TRUE,5529,"PLAAT3","HRAS-like suppressor 3","HRSL3","P53816"
"X22483.109",145,-0.507363680383596,1.41640395294609,TRUE,5530,"KRT71","Keratin, type II cytoskeletal 71","K2C71","Q3SY84"
"X24712.6",130,-0.507930654910669,1.31483642775999,TRUE,5531,"GTPBP10","GTP-binding protein 10","GTPBA","A4D1E9"
"X12365.108",144,-0.50799147094111,1.40859684505931,TRUE,5532,"RUVBL1","RuvB-like 1","RUVB1","Q9Y265"
"X5606.24",146,-0.508061810426942,1.3690486045889,TRUE,5533,"MFAP1","Microfibrillar-associated protein 1","MFAP1","P55081"
"X8382.47",144,-0.508662702248625,1.49409817349533,TRUE,5534,"MAPKAPK5","MAP kinase-activated protein kinase 5","MAPK5","Q8IW41"
"X23366.15",146,-0.509365274633738,1.53093923701796,TRUE,5535,"UBL7","Ubiquitin-like protein 7","UBL7","Q96S82"
"X12391.27",143,-0.509947691253214,1.44868870372888,TRUE,5536,"PDZD7","PDZ domain-containing protein 7","PDZD7","Q9H5P4"
"X9478.69",146,-0.510279242139687,1.46079568722626,TRUE,5537,"PRPSAP1","Phosphoribosyl pyrophosphate synthase-associated protein 1","KPRA","Q14558"
"X10014.31",142,-0.510686366970554,1.37934389114666,TRUE,5538,"SNAI2","Zinc finger protein SNAI2","SLUG","O43623"
"X17855.28",146,-0.51117778403372,1.45025719600244,TRUE,5539,"RGS4","Regulator of G-protein signaling 4","RGS4","P49798"
"X23602.35",142,-0.511235460546998,1.52394735163511,TRUE,5540,"NAPEPLD","N-acyl-phosphatidylethanolamine-hydrolyzing phospholipase D","NAPEP","Q6IQ20"
"X11654.77",143,-0.511530837140008,1.53875084936005,TRUE,5541,"NRSN1","Neurensin-1","NRSN1","Q8IZ57"
"X21510.24",145,-0.51202958827964,1.40034227657088,TRUE,5542,"GRK5","G protein-coupled receptor kinase 5","GRK5","P34947"
"X12510.3",146,-0.512342417733283,1.47885277548044,TRUE,5543,"STAP1","Signal-transducing adaptor protein 1","STAP1","Q9ULZ2"
"X21514.1",144,-0.512670972720732,1.50705051456451,TRUE,5544,"GP1BB","Platelet glycoprotein Ib beta chain","GP1BB","P13224"
"X16292.288",146,-0.513059708687319,1.52111410790154,TRUE,5545,"GIP","Gastric inhibitory polypeptide","GIP","P09681"
"X5666.64",145,-0.513744185909183,1.29024475882818,TRUE,5546,"IL1R2","Interleukin-1 receptor type 2","IL-1 sRII","P27930"
"X12483.62",146,-0.513800138059227,1.46303948807025,TRUE,5547,"RORB","Nuclear receptor ROR-beta","RORB","Q92753"
"X24493.10",146,-0.514228198789861,1.42109228471312,TRUE,5548,"MTMR7","Myotubularin-related protein 7","MTMR7","Q9Y216"
"X4487.1",145,-0.514752949605735,1.44966718451002,TRUE,5549,"FGF7","Fibroblast growth factor 7","FGF7","P21781"
"X5604.30",145,-0.515574775654338,1.38727164006882,TRUE,5550,"HPSE","Heparanase","HPSE","Q9Y251"
"X2871.73",142,-0.516072513884523,1.49832546109007,TRUE,5551,"RAD51","DNA repair protein RAD51 homolog 1","RAD51","Q06609"
"X24917.95",146,-0.517220767501321,1.40823261125407,TRUE,5552,"DNAJC1","DnaJ homolog subfamily C member 1","DNJC1","Q96KC8"
"X5669.26",144,-0.517228905493233,1.5251709393014,TRUE,5553,"SIRPB2","Signal-regulatory protein beta-2","SIRB2","Q5JXA9"
"X9838.4",146,-0.51754470535153,1.28380149244017,TRUE,5554,"SMAD1","Mothers against decapentaplegic homolog 1","SMAD1","Q15797"
"X22476.115",145,-0.517591342311735,1.5336381126149,TRUE,5555,"HOXD4","Homeobox protein Hox-D4","HXD4","P09016"
"X9094.5",143,-0.517685204186333,1.3577596747081,TRUE,5556,"CLEC4C","C-type lectin domain family 4 member C","CLC4C","Q8WTT0"
"X12452.32",145,-0.518000763728412,1.43599120640761,TRUE,5557,"KMT5C","Histone-lysine N-methyltransferase SUV420H2","SV422","Q86Y97"
"X12466.7",145,-0.518054929502611,1.51801008049722,TRUE,5558,"HNRNPA1","Heterogeneous nuclear ribonucleoprotein A1","ROA1","P09651"
"X6447.73",146,-0.518358406380033,1.36076735798954,TRUE,5559,"PTX3","Pentraxin-related protein PTX3","PTX3","P26022"
"X24677.106",146,-0.518439390842586,1.28620264891747,TRUE,5560,"RER1","Protein RER1","RER1","O15258"
"X21121.31",141,-0.519360528839567,1.33990426917089,TRUE,5561,"UBA3","NEDD8-activating enzyme E1 catalytic subunit","UBA3","Q8TBC4"
"X19129.15",143,-0.519632750390931,1.44934825703985,TRUE,5562,"MTHFSD","Methenyltetrahydrofolate synthase domain-containing protein","MTHFSD","Q2M296"
"X21107.5",141,-0.519758530633215,1.50557339019521,TRUE,5563,"NDUFAF1","Complex I intermediate-associated protein 30, mitochondrial","CIA30","Q9Y375"
"X9475.22",145,-0.519999685059829,1.45362036884723,TRUE,5564,"GPX5","Epididymal secretory glutathione peroxidase","GPX5","O75715"
"X23525.27",145,-0.520224079931816,1.51715525377922,TRUE,5565,"NOSIP","Nitric oxide synthase-interacting protein","NOSIP","Q9Y314"
"X5254.69",143,-0.520297641279053,1.45422619230717,TRUE,5566,"PDE3A","cGMP-inhibited 3',5'-cyclic phosphodiesterase A","PDE3A","Q14432"
"X12711.19",145,-0.521016309932012,1.41021000827115,TRUE,5567,"GJA8","Gap junction alpha-8 protein","CXA8","P48165"
"X22787.39",146,-0.521420390345109,1.34860557527914,TRUE,5568,"SPANXN3","Sperm protein associated with the nucleus on the X chromosome N3","SPXN3","Q5MJ09"
"X10336.3",141,-0.521445574736265,1.54562128457053,TRUE,5569,"STUB1","E3 ubiquitin-protein ligase CHIP","CHIP","Q9UNE7"
"X5033.27",144,-0.521823012335358,1.3906590855858,TRUE,5570,"TPM1","Tropomyosin alpha-1 chain","Tropomyosin 1 alpha chain","P09493"
"X4997.19",146,-0.522041271224678,1.3796313905666,TRUE,5571,"EIF4A3","Eukaryotic initiation factor 4A-III","IF4A3","P38919"
"X12763.69",145,-0.523338989122775,1.29192957454824,TRUE,5572,"ZNF334","Zinc finger protein 334","ZN334","Q9HCZ1"
"X6456.17",145,-0.523476775176465,1.36118381531361,TRUE,5573,"PSG6","Pregnancy-specific beta-1-glycoprotein 6","PSG6","Q00889"
"X4548.4",146,-0.523753514147214,1.38652783902143,TRUE,5574,"FUT3","Galactoside 3(4)-L-fucosyltransferase","Fucosyltransferase 3","P21217"
"X19332.1",146,-0.52400032393785,1.44978670316641,TRUE,5575,"MOB4","MOB-like protein phocein","MOBL3","Q9Y3A3"
"X9087.8",144,-0.525155046081745,1.56144161034386,TRUE,5576,"NHLRC3","NHL repeat-containing protein 3","NHLC3","Q5JS37"
"X15306.20",146,-0.526325734933998,1.56969032408027,TRUE,5577,"JCHAIN","Immunoglobulin J chain","IgJ","P01591"
"X24926.9",145,-0.526546503868843,1.52672841274561,TRUE,5578,"KHSRP","Far upstream element-binding protein 2","FUBP2","Q92945"
"X5646.20",146,-0.527420953379944,1.33465979555166,TRUE,5579,"RNASE6","Ribonuclease K6","RNAS6","Q93091"
"X3484.60",146,-0.528385054124616,1.33770423377345,TRUE,5580,"AGT","Angiotensinogen","Angiotensinogen","P01019"
"X13494.6",144,-0.529411528274055,1.38463884749696,TRUE,5581,"CERS5","Ceramide synthase 5","CERS5","Q8N5B7"
"X9969.8",144,-0.530231473852177,1.52891492600896,TRUE,5582,"SLC22A16","Solute carrier family 22 member 16","S22AG","Q86VW1"
"X4923.79",144,-0.530637427300168,1.59224606942551,TRUE,5583,"AMH","Muellerian-inhibiting factor","MIS","P03971"
"X24948.79",146,-0.530641049867147,1.53817525465223,TRUE,5584,"PSPC1","Paraspeckle component 1","PSPC1","Q8WXF1"
"X5457.5",146,-0.530972700523314,1.46691008142614,TRUE,5585,"COLEC12","Collectin-12","COLEC12","Q5KU26"
"X10531.18",145,-0.531359982363455,1.58079950785468,TRUE,5586,"NRAS","GTPase NRas","RASN","P01111"
"X22517.106",146,-0.531875098820326,1.52034324865679,TRUE,5587,"NSMCE2","E3 SUMO-protein ligase NSE2","NSE2","Q96MF7"
"X11383.41",141,-0.532411262648859,1.4482951819704,TRUE,5588,"KRT7","Keratin, type II cytoskeletal 7","Keratin 7","P08729"
"X18870.1",146,-0.53256925135649,1.33607628501125,TRUE,5589,"CD3E","T-cell surface glycoprotein CD3 epsilon chain","CD3E","P07766"
"X7983.1",145,-0.533707456011716,1.28786613266052,TRUE,5590,"PCDHGC5","Protocadherin gamma-C5","PCDGM","Q9Y5F6"
"X3035.80",143,-0.533911487426585,1.55264730617224,TRUE,5591,"IL19","Interleukin-19","IL-19","Q9UHD0"
"X9933.49",143,-0.534513859104407,1.37408606881128,TRUE,5592,"ATP1B4","Protein ATP1B4","AT1B4","Q9UN42"
"X17505.125",145,-0.535061698747916,1.54872165293587,TRUE,5593,"NAALADL1","N-acetylated-alpha-linked acidic dipeptidase-like protein","NALDL","Q9UQQ1"
"X24977.18",146,-0.536552915633472,1.53056781795504,TRUE,5594,"VILL","Villin-like protein","VILL","O15195"
"X18860.2",144,-0.536746825725391,1.52803957770432,TRUE,5595,"CAMKK1","Calcium/calmodulin-dependent protein kinase kinase 1","CaMKK alpha","Q8N5S9"
"X2616.23",146,-0.536865284274746,1.40083840235341,TRUE,5596,"ERBB2","Receptor tyrosine-protein kinase erbB-2","ERBB2","P04626"
"X8046.9",143,-0.537205956893173,1.37417953223735,TRUE,5597,"LGALS1","Galectin-1","Galectin-1","P09382"
"X13929.27",145,-0.53800336197971,1.29190254228288,TRUE,5598,"CROT","Peroxisomal carnitine O-octanoyltransferase","OCTC","Q9UKG9"
"X16312.45",144,-0.5398305851144,1.51666393794186,TRUE,5599,"CDH6","Cadherin-6","Cadherin-6","P55285"
"X13934.3",145,-0.540579801431395,1.39491953373312,TRUE,5600,"MCF2L","Guanine nucleotide exchange factor DBS","MCF2L","O15068"
"X9843.5",144,-0.540750089430339,1.38488378145692,TRUE,5601,"ACTN1","Alpha-actinin-1","ACTN1","P12814"
"X4996.66",146,-0.541832331311293,1.56490182827791,TRUE,5602,"HRG","Histidine-rich glycoprotein","HRG","P04196"
"X8328.9",145,-0.541833814272273,1.29024267449892,TRUE,5603,"ETNK1","Ethanolamine kinase 1","EKI1","Q9HBU6"
"X2500.2",146,-0.542248822832991,1.44706158624862,TRUE,5604,"ANGPT4","Angiopoietin-4","Angiopoietin-4","Q9Y264"
"X6439.59",146,-0.542445499384904,1.4051697335335,TRUE,5605,"C14orf93","Uncharacterized protein C14orf93","CN093","Q9H972"
"X22954.10",143,-0.542936765593128,1.43689323857718,TRUE,5606,"CLIC2","Chloride intracellular channel protein 2","CLIC2","O15247"
"X5915.58",144,-0.54325068981248,1.3679778236001,TRUE,5607,"PEX5","Peroxisomal targeting signal 1 receptor","PEX5","P50542"
"X21698.11",143,-0.543618073540216,1.4792293947467,TRUE,5608,"ITGA11|ITGB1","Integrin a11b1","Integrin a11b1","Q9UKX5|P05556"
"X17755.5",144,-0.545128065997448,1.28246373453916,TRUE,5609,"UGDH","UDP-glucose 6-dehydrogenase","UGDH","O60701"
"X2851.63",142,-0.546134726058691,1.36796190622186,TRUE,5610,"C5","C5a anaphylatoxin","C5a","P01031"
"X25249.33",146,-0.546298045960611,1.5105882083646,TRUE,5611,"PDHA2","Pyruvate dehydrogenase E1 component subunit alpha, testis-specific form, mitochondrial","ODPAT","P29803"
"X21184.1",146,-0.546467727691673,1.58513812546736,TRUE,5612,"BLOC1S2","Biogenesis of lysosome-related organelles complex 1 subunit 2","BL1S2","Q6QNY1"
"X21438.45",143,-0.546676681052085,1.57394631382635,TRUE,5613,"TRIM5","Tripartite motif-containing protein 5","TRIM5","Q9C035"
"X25125.7",145,-0.54837668345032,1.38526270264418,TRUE,5614,"STAC","SH3 and cysteine-rich domain-containing protein","STAC","Q99469"
"X17432.25",146,-0.548515477673355,1.31697552401371,TRUE,5615,"AK4","Adenylate kinase 4, mitochondrial","KAD4","P27144"
"X17196.5",146,-0.549078512508243,1.35365902184915,TRUE,5616,"CLPP","ATP-dependent Clp protease proteolytic subunit, mitochondrial","ClpP endopeptidase","Q16740"
"X19743.12",146,-0.550077320879723,1.32030017724521,TRUE,5617,"VSTM1","V-set and transmembrane domain-containing protein 1","VSTM1","Q6UX27"
"X9581.4",146,-0.550864027087374,1.53669518254114,TRUE,5618,"PRPF6","Pre-mRNA-processing factor 6:region 2","PRP6:region 2","O94906"
"X15565.102",146,-0.551114693280989,1.414155015022,TRUE,5619,"MUC16","Mucin-16","CA125","Q8WXI7"
"X11303.7",144,-0.551140086094286,1.59663621968166,TRUE,5620,"SAMHD1","Deoxynucleoside triphosphate triphosphohydrolase SAMHD1","SAMH1","Q9Y3Z3"
"X22124.94",144,-0.551183396872544,1.43511210864301,TRUE,5621,"DYTN","Dystrotelin","DYTN","A2CJ06"
"X16758.96",141,-0.551820248579637,1.55423832202535,TRUE,5622,"HDGF","Hepatoma-derived growth factor","HDGF","P51858"
"X9329.28",145,-0.551962175685438,1.51342691078015,TRUE,5623,"TREML1","Trem-like transcript 1 protein:Extracellular domain, Ig-like V-type domain","TRML1:ECD","Q86YW5"
"X7955.195",146,-0.5536637756499,1.49081034943766,TRUE,5624,"ITIH1","Inter-alpha-trypsin inhibitor heavy chain H1","ITI heavy chain H1","P19827"
"X12553.5",145,-0.554339973978068,1.37158794768435,TRUE,5625,"VRK1","Serine/threonine-protein kinase VRK1","VRK1","Q99986"
"X8016.19",145,-0.555289606601133,1.6018983150169,TRUE,5626,"DNAJC4","DnaJ homolog subfamily C member 4:N-term","DNJC4:N-term","Q9NNZ3"
"X9947.22",145,-0.555380151722129,1.56838507964114,TRUE,5627,"TOPBP1","DNA topoisomerase 2-binding protein 1","TOPB1","Q92547"
"X19225.11",145,-0.556890989364864,1.59687906453336,TRUE,5628,"BLNK","B-cell linker protein","BLNK","Q8WV28"
"X10063.10",144,-0.556931956575039,1.43721178889601,TRUE,5629,"FANCL","E3 ubiquitin-protein ligase FANCL","FANCL","Q9NW38"
"X17854.33",146,-0.558052362239645,1.32653040668049,TRUE,5630,"NAA10","N-alpha-acetyltransferase 10","NAA10","P41227"
"X9245.1",144,-0.558076580659294,1.32570694792936,TRUE,5631,"KIR2DL4","Killer cell immunoglobulin-like receptor 2DL4","KI2L4","Q99706"
"X23536.14",144,-0.558313722258955,1.41509244360166,TRUE,5632,"None","Uncharacterized protein C19orf84","CS084","I3L1E1"
"X11117.2",145,-0.558978336095616,1.31617213996502,TRUE,5633,"SPATA20","Spermatogenesis-associated protein 20","SPT20","Q8TB22"
"X22858.3",145,-0.559025577028309,1.42056971362183,TRUE,5634,"MAPK6","Mitogen-activated protein kinase 6","MK06","Q16659"
"X8874.53",143,-0.559860455571517,1.44761297776663,TRUE,5635,"CLN5","Ceroid-lipofuscinosis neuronal protein 5:Lumenal domain","CLN5:LD","O75503"
"X14006.36",145,-0.560706566883319,1.35078362821743,TRUE,5636,"GNMT","Glycine N-methyltransferase","GNMT","Q14749"
"X20986.58",146,-0.560732562309831,1.44896789243349,TRUE,5637,"EGLN3","Egl nine homolog 3","EGLN3","Q9H6Z9"
"X6969.14",145,-0.56147336885596,1.40435501831844,TRUE,5638,"WFDC5","WAP four-disulfide core domain protein 5","WFDC5","Q8TCV5"
"X17387.27",143,-0.562053022669767,1.33120353920762,TRUE,5639,"NFKBIB","NF-kappa-B inhibitor beta","IKB-beta","Q15653"
"X20539.4",145,-0.562249770684639,1.35140611638593,TRUE,5640,"DEFA3","Neutrophil defensin 3","HNP-3","P59666"
"X18411.83",141,-0.56378777013069,1.36634810938267,TRUE,5641,"ARL15","ADP-ribosylation factor-like protein 15","ARL15","Q9NXU5"
"X12385.4",146,-0.563925663976183,1.31546706308336,TRUE,5642,"CAPN3","Calpain-3","CAN3","P20807"
"X18277.28",145,-0.565229030397632,1.49137839511937,TRUE,5643,"TRIAP1","TP53-regulated inhibitor of apoptosis 1","TRIA1","O43715"
"X9970.7",145,-0.565264461166893,1.57451701324778,TRUE,5644,"UBXN4","UBX domain-containing protein 4:Cytoplasmic domain 2","UBXN4:CD 2","Q92575"
"X5440.26",134,-0.565674779837038,1.357032265284,TRUE,5645,"TNNI2","Troponin I, fast skeletal muscle","Troponin I, skeletal, fast twitch","P48788"
"X23386.38",146,-0.56584229625659,1.54116621551626,TRUE,5646,"None","T-complex protein 10A homolog 2","TCP2L","B9ZVM9"
"X13727.44",146,-0.566200941733607,1.53236526566782,TRUE,5647,"SPOP","Speckle-type POZ protein","SPOP","O43791"
"X21290.66",144,-0.566481039725237,1.47350363503484,TRUE,5648,"HUS1","Checkpoint protein HUS1","HUS1","O60921"
"X12394.53",143,-0.566526643696606,1.52037823642103,TRUE,5649,"C16orf54","Transmembrane protein C16orf54","CP054","Q6UWD8"
"X23358.42",145,-0.566819478262239,1.35438402127449,TRUE,5650,"FAM118A","Protein FAM118A","F118A","Q9NWS6"
"X3799.11",144,-0.567265682464017,1.35203714485148,TRUE,5651,"CA3","Carbonic anhydrase 3","Carbonic anhydrase III","P07451"
"X5301.7",145,-0.567288803505277,1.5704655074435,TRUE,5652,"CCL11","Eotaxin","Eotaxin","P51671"
"X7104.71",146,-0.567890046238272,1.45826405174245,TRUE,5653,"CABP7","Calcium-binding protein 7","CABP7","Q86V35"
"X5508.62",145,-0.568028061169255,1.30600007954167,TRUE,5654,"CTSD","Cathepsin D","Cathepsin D","P07339"
"X12799.65",143,-0.568387311255125,1.3899014989796,TRUE,5655,"DNAJC27","DnaJ homolog subfamily C member 27","DJC27","Q9NZQ0"
"X20205.55",145,-0.568811474845138,1.37831757703675,TRUE,5656,"DYRK2","Dual specificity tyrosine-phosphorylation-regulated kinase 2","DYRK2","Q92630"
"X6631.17",144,-0.569243198270076,1.4940529481624,TRUE,5657,"COL9A1","Collagen alpha-1(IX) chain","CO9A1","P20849"
"X10557.6",140,-0.569400675756946,1.34831394010507,TRUE,5658,"TEX29","Testis-expressed sequence 29 protein","TEX29","Q8N6K0"
"X13103.125",144,-0.570091279235682,1.36097748507249,TRUE,5659,"CSH1|CSH2","Chorionic somatomammotropin hormone","CSH","P0DML2|P0DML3"
"X25215.1",134,-0.570099238564121,1.5945733363642,TRUE,5660,"TIMM10","Mitochondrial import inner membrane translocase subunit Tim10","TIM10","P62072"
"X2381.52",146,-0.570550964293565,1.52469899746639,TRUE,5661,"C5","Complement C5","C5","P01031"
"X19169.88",146,-0.570585671920373,1.60486947741663,TRUE,5662,"FIBP","Acidic fibroblast growth factor intracellular-binding protein","FIBP","O43427"
"X20133.1",146,-0.57088647135271,1.48668868163931,TRUE,5663,"MAGEA3","Melanoma-associated antigen 3","MAGE-3","P43357"
"X12746.4",131,-0.570893171747371,1.3316108612128,TRUE,5664,"CYTH4","Cytohesin-4","CYH4","Q9UIA0"
"X18877.15",145,-0.571449098779016,1.33169820774029,TRUE,5665,"CNN2","Calponin-2","CNN2","Q99439"
"X22104.39",144,-0.571730309710949,1.55362082494807,TRUE,5666,"CDX1","Homeobox protein CDX-1","CDX1","P47902"
"X6575.79",146,-0.572128233111847,1.53606989073681,TRUE,5667,"ADAMTSL1","ADAMTS-like protein 1","ATL1","Q8N6G6"
"X23321.42",143,-0.573103987490227,1.55957826638865,TRUE,5668,"INO80E","Coiled-coil domain-containing protein 95","CCD95","Q8NBZ0"
"X3344.60",146,-0.57323502076673,1.56328252995066,TRUE,5669,"SERPINC1","Antithrombin-III","Antithrombin III","P01008"
"X23394.125",146,-0.573578240631833,1.43047635432268,TRUE,5670,"GAS2","Growth arrest-specific protein 2","GAS2","O43903"
"X19371.18",143,-0.574752153204309,1.35489623776119,TRUE,5671,"MAPRE1","Microtubule-associated protein RP/EB family member 1","MARE1","Q15691"
"X10086.39",144,-0.575524575305521,1.46735570710974,TRUE,5672,"CBS","Cystathionine beta-synthase","CBS","P35520"
"X19262.219",146,-0.575803385150535,1.42236141193425,TRUE,5673,"ACADVL","Very long-chain specific acyl-CoA dehydrogenase, mitochondrial","ACADV","P49748"
"X4151.6",146,-0.575892082419044,1.5690771051535,TRUE,5674,"PLG","Plasminogen","Plasminogen","P00747"
"X17372.5",144,-0.57616852293235,1.3270091452903,TRUE,5675,"EIF4EBP1","Eukaryotic translation initiation factor 4E-binding protein 1","4EBP1","Q13541"
"X19631.13",144,-0.576936217076572,1.31683954840999,TRUE,5676,"KNG1","Kininostatin","Kininostatin","P01042"
"X8702.42",146,-0.577843422326259,1.35205532606475,TRUE,5677,"OSCAR","Osteoclast-associated immunoglobulin-like receptor","OSCAR","Q8IYS5"
"X12856.14",144,-0.578392065836674,1.40980966706579,TRUE,5678,"TMEM237","Transmembrane protein 237","TM237","Q96Q45"
"X16927.9",146,-0.57857613889221,1.45914026533876,TRUE,5679,"F13A1|F13B","Coagulation factor XIII","Coagulation factor XIII","P00488|P05160"
"X10798.4",145,-0.578799844104922,1.60028715019639,TRUE,5680,"CD300E","CMRF35-like molecule 2","CLM2","Q496F6"
"X13631.1",146,-0.578822948682846,1.35753555281266,TRUE,5681,"RBBP5","Retinoblastoma-binding protein 5","RB binding protein 5","Q15291"
"X8905.20",146,-0.578915502354334,1.39262600253272,TRUE,5682,"KCNMB3","Calcium-activated potassium channel subunit beta-3","KCMB3","Q9NPA1"
"X8953.47",141,-0.579350723024393,1.57639953798365,TRUE,5683,"HDGF","Hepatoma-derived growth factor","HDGF","P51858"
"X20965.18",146,-0.579841039069219,1.45345532504884,TRUE,5684,"MAP1LC3B2","Microtubule-associated proteins 1A/1B light chain 3 beta 2","MP3B2","A6NCE7"
"X15376.134",145,-0.580445403260412,1.40397356295079,TRUE,5685,"CTSE","Cathepsin E","CATE","P14091"
"X11591.43",140,-0.580572358320977,1.54002627568814,TRUE,5686,"PRC1","Protein regulator of cytokinesis 1","PRC1","O43663"
"X21664.6",142,-0.581037210910729,1.50429471957533,TRUE,5687,"MACROH2A1","Core histone macro-H2A.1","H2AY","O75367"
"X21688.50",144,-0.581179146980388,1.42449394151603,TRUE,5688,"ITGA4|ITGB1","Very Late Antigen-4","VLA-4","P13612|P05556"
"X12740.55",146,-0.581703681707924,1.34440854636679,TRUE,5689,"FEV","Protein FEV","FEV","Q99581"
"X12630.8",134,-0.581846251306263,1.39005826037917,TRUE,5690,"ARFIP2","Arfaptin-2","ARFP2","P53365"
"X11198.37",145,-0.582991656053839,1.44411048600045,TRUE,5691,"CREB3L1","Cyclic AMP-responsive element-binding protein 3-like protein 1","CR3L1","Q96BA8"
"X12891.1",146,-0.583080417571314,1.38946416463678,TRUE,5692,"MICALL2","MICAL-like protein 2","MILK2","Q8IY33"
"X23273.42",145,-0.583901045798206,1.56162476323472,TRUE,5693,"C22orf23","UPF0193 protein EVG1","EVG1","Q9BZE7"
"X10767.52",146,-0.584630691568746,1.44316021552989,TRUE,5694,"ADGRG2","G-protein coupled receptor 64","GPR64","Q8IZP9"
"X4304.18",145,-0.585152932978763,1.44550160717646,TRUE,5695,"LCORL","Ligand-dependent nuclear receptor corepressor-like protein","transcription factor MLR1, isoform CRA_b","Q8N3X6"
"X7769.29",144,-0.585236989921523,1.34267601057045,TRUE,5696,"SH3BP2","SH3 domain-binding protein 2","3BP2","P78314"
"X6075.61",146,-0.585247716045336,1.40414533339021,TRUE,5697,"HEXB","Beta-hexosaminidase subunit beta","Hexosaminidase B","P07686"
"X14121.24",145,-0.585740324466473,1.38626518334294,TRUE,5698,"TNFRSF10D","Tumor necrosis factor receptor superfamily member 10D","TRAIL R4","Q9UBN6"
"X23696.256",142,-0.586125810812227,1.36471880121959,TRUE,5699,"TRMT6","tRNA (adenine(58)-N(1))-methyltransferase non-catalytic subunit TRM6","TRM6","Q9UJA5"
"X22377.27",146,-0.586207960387029,1.32866873167536,TRUE,5700,"IER2","Immediate early response gene 2 protein","IER2","Q9BTL4"
"X7880.9",145,-0.586341832125079,1.50892521340967,TRUE,5701,"PSMA1","Proteasome subunit alpha type-1","PSA1","P25786"
"X6289.78",144,-0.586783602696174,1.56793213276342,TRUE,5702,"ARHGAP36","Rho GTPase-activating protein 36","RHG36","Q6ZRI8"
"X3822.54",145,-0.587357514177229,1.49702758584937,TRUE,5703,"MAPKAPK3","MAP kinase-activated protein kinase 3","MAPKAPK3","Q16644"
"X23286.2",144,-0.587916228725083,1.41411804320441,TRUE,5704,"RNF141","RING finger protein 141","RN141","Q8WVD5"
"X5248.68",145,-0.588530666314984,1.37445430921008,TRUE,5705,"PPIF","Peptidyl-prolyl cis-trans isomerase F, mitochondrial","Cyclophilin F","P30405"
"X11223.1",145,-0.588566097084245,1.50322681001145,TRUE,5706,"TMEM154","Transmembrane protein 154","TM154","Q6P9G4"
"X23367.8",145,-0.588652705631327,1.39095789571646,TRUE,5707,"ANKRD40","Ankyrin repeat domain-containing protein 40","ANR40","Q6AI12"
"X20929.4",146,-0.58875704275594,1.45944552774687,TRUE,5708,"CTDSPL","CTD small phosphatase-like protein","CTDSL","O15194"
"X13055.53",146,-0.589092549815086,1.56996491624219,TRUE,5709,"PSD","PH and SEC7 domain-containing protein 1","PSD1","A5PKW4"
"X23656.9",145,-0.589440056059351,1.45942875673104,TRUE,5710,"PUS7","Pseudouridylate synthase 7 homolog","PUS7","Q96PZ0"
"X10781.19",136,-0.590094947278019,1.35931562578428,TRUE,5711,"CLEC4G","C-type lectin domain family 4 member G","CLC4G","Q6UXB4"
"X6223.5",143,-0.590570862182894,1.39579806299096,TRUE,5712,"GUCA2B","Guanylate cyclase activator 2B","GUC2B","Q16661"
"X13054.87",145,-0.590664385974927,1.40694742496168,TRUE,5713,"PFN2","Profilin-2","Profilin II","P35080"
"X15385.116",144,-0.591168703802698,1.38921603249133,TRUE,5714,"FABP2","Fatty acid-binding protein, intestinal","FABP2","P12104"
"X15596.7",142,-0.591252135095202,1.60772747710278,TRUE,5715,"HEXIM1","Protein HEXIM1","HEXI1","O94992"
"X24979.17",145,-0.591270645804505,1.60158214937637,TRUE,5716,"EIF3B","Eukaryotic translation initiation factor 3 subunit B","EIF3B","P55884"
"X9187.2",146,-0.591583786139316,1.47762095718414,TRUE,5717,"HMGN1","Non-histone chromosomal protein HMG-14","HMGN1","P05114"
"X23336.2",144,-0.591950096061866,1.44270356992309,TRUE,5718,"KCNRG","Putative potassium channel regulatory protein","KCNRG","Q8N5I3"
"X7767.1",145,-0.593641370459457,1.43910143083334,TRUE,5719,"CLPSL2","Colipase-like protein 2","CF126","Q6UWE3"
"X19784.16",146,-0.594051884045675,1.37051509866702,TRUE,5720,"LY6D","Lymphocyte antigen 6D","LY6D","Q14210"
"X25240.1",146,-0.594202283761844,1.60689983845764,TRUE,5721,"EEF2KMT","Protein-lysine N-methyltransferase EEF2KMT","EF2KT","Q96G04"
"X9484.75",145,-0.594613746324065,1.51555022731259,TRUE,5722,"DSG2","Desmoglein-2","Desmoglein-2","Q14126"
"X22148.135",143,-0.595079837718371,1.554623510277,TRUE,5723,"FOXP3","Forkhead box protein P3","FOXP3","Q9BZS1"
"X13657.2",146,-0.595397768685237,1.50473525570294,TRUE,5724,"PNKP","Bifunctional polynucleotide phosphatase/kinase","PNKP","Q96T60"
"X10398.110",144,-0.595770849326961,1.4107783198602,TRUE,5725,"ANKRD1","Ankyrin repeat domain-containing protein 1","ANKR1","Q15327"
"X15416.54",143,-0.595834188384979,1.5041622872111,TRUE,5726,"LYG2","Lysozyme g-like protein 2","LYG2","Q86SG7"
"X11149.3",144,-0.596258000984737,1.58286459410179,TRUE,5727,"TLR1","Toll-like receptor 1:Cytoplasmic domain","TLR1:CD","Q15399"
"X6276.16",143,-0.596706737971426,1.58419739903599,TRUE,5728,"FURIN","Furin","Furin","P09958"
"X13082.9",144,-0.598543387869202,1.50522757519412,TRUE,5729,"UNC45A","Protein unc-45 homolog A","UN45A","Q9H3U1"
"X13680.3",146,-0.598829967336267,1.44071525264848,TRUE,5730,"NAB2","NGFI-A-binding protein 2","NAB2","Q15742"
"X11934.9",146,-0.599450848215835,1.52864123117707,TRUE,5731,"INTS3","Integrator complex subunit 3","INT3","Q68E01"
"X24055.44",145,-0.599466963760228,1.37076191336914,TRUE,5732,"CSTF1","Cleavage stimulation factor 50 kDa subunit","CSTF1","Q05048"
"X18382.109",146,-0.599720796424343,1.38100977281588,TRUE,5733,"COMT","Catechol O-methyltransferase","Catechol O-methyltransferase","P21964"
"X2829.19",146,-0.59975936045413,1.49230120439014,TRUE,5734,"IL27|EBI3","Interleukin-27","IL-27","Q8NEV9|Q14213"
"X11838.130",146,-0.599786355274981,1.34719575191603,TRUE,5735,"PIEZO1","Piezo-type mechanosensitive ion channel component 1","FA38A","Q92508"
"X3867.49",146,-0.600102580319233,1.3400841167125,TRUE,5736,"SEZ6L2","Seizure 6-like protein 2","SE6L2","Q6UXD5"
"X13497.34",143,-0.601206648881593,1.50728526057361,TRUE,5737,"EIF3J","Eukaryotic translation initiation factor 3 subunit J","EIF3J","O75822"
"X20517.1",145,-0.601337705744104,1.54118233856604,TRUE,5738,"DSG2","Desmoglein-2","Desmoglein-2","Q14126"
"X3617.80",144,-0.601498410350607,1.55682935678446,TRUE,5739,"HGFAC","Hepatocyte growth factor activator","HGFA","Q04756"
"X3010.53",146,-0.601541018630283,1.47100372305753,TRUE,5740,"TSLP","Thymic stromal lymphopoietin","TSLP","Q969D9"
"X7144.234",146,-0.601652854316665,1.5200517396247,TRUE,5741,"KAZALD1","Kazal-type serine protease inhibitor domain-containing protein 1","KAZD1","Q96I82"
"X12536.46",145,-0.602024265996898,1.3738938505269,TRUE,5742,"MTMR6","Myotubularin-related protein 6","MTMR6","Q9Y217"
"X4542.24",146,-0.602805918807292,1.36262372545171,TRUE,5743,"CLU","Clusterin","Clusterin","P10909"
"X8100.15",146,-0.602875334060908,1.47085308502574,TRUE,5744,"ADM2","ADM2","ADM2","Q7Z4H4"
"X25274.2",134,-0.602965933663048,1.57847784427056,TRUE,5745,"ANKRD2","Ankyrin repeat domain-containing protein 2","ANKR2","Q9GZV1"
"X14093.10",146,-0.603511640552391,1.38788375438467,TRUE,5746,"FLT3LG","Fms-related tyrosine kinase 3 ligand","Flt3 ligand","P49771"
"X20448.7",145,-0.603904463087116,1.41127559118196,TRUE,5747,"POLR2F","DNA-directed RNA polymerases I, II, and III subunit RPABC2","RPAB2","P61218"
"X8036.75",145,-0.603994228721363,1.54288557097868,TRUE,5748,"FSHB","Follitropin subunit beta","FSHB","P01225"
"X9960.2",144,-0.604172067645374,1.54399097639293,TRUE,5749,"TBC1D5","TBC1 domain family member 5","TBCD5","Q92609"
"X3835.11",144,-0.604424490649003,1.50316814796169,TRUE,5750,"TLR2","Toll-like receptor 2","TLR2","O60603"
"X5128.53",145,-0.604879997952889,1.52142013526636,TRUE,5751,"SLAMF6","SLAM family member 6","SLAF6","Q96DU3"
"X11457.53",146,-0.605085052967695,1.53378221795337,TRUE,5752,"GALE","UDP-glucose 4-epimerase","GALE","Q14376"
"X17455.42",145,-0.605277609919041,1.40064521568652,TRUE,5753,"FOLR1","Folate receptor alpha","FOLR1","P15328"
"X22814.1",145,-0.605457093591793,1.47844976131313,TRUE,5754,"TRIM27","Zinc finger protein RFP","TRI27","P14373"
"X8067.21",144,-0.605758911883986,1.53508918630902,TRUE,5755,"KCNE3","Potassium voltage-gated channel subfamily E member 3","KCNE3","Q9Y6H6"
"X23550.10",144,-0.605983994983862,1.52237016275486,TRUE,5756,"KDF1","Keratinocyte differentiation factor 1","KDF1","Q8NAX2"
"X13975.56",145,-0.607190871459138,1.60063842206637,TRUE,5757,"PPFIA1","Liprin-alpha-1","LIPA1","Q13136"
"X22788.10",144,-0.607897201332813,1.55005603093596,TRUE,5758,"SULT6B1","Sulfotransferase 6B1","ST6B1","Q6IMI4"
"X4763.31",144,-0.608013762223821,1.57312941986095,TRUE,5759,"AFM","Afamin","Afamin","P43652"
"X5909.51",143,-0.608015596142007,1.5084870825756,TRUE,5760,"NME1","Nucleoside diphosphate kinase A","Nucleoside diphosphate kinase A","P15531"
"X23292.1",145,-0.608667153511681,1.46794518045123,TRUE,5761,"CEP112","Centrosomal protein of 112 kDa","CE112","Q8N8E3"
"X2516.57",144,-0.609175351792827,1.59258023285027,TRUE,5762,"CCL21","C-C motif chemokine 21","6Ckine","O00585"
"X23605.3",146,-0.610248776556155,1.41649126981018,TRUE,5763,"TCP11L1","T-complex protein 11-like protein 1","T11L1","Q9NUJ3"
"X21349.2",145,-0.610670960351001,1.49337081668967,TRUE,5764,"STYX","Serine/threonine/tyrosine-interacting protein","STYX","Q8WUJ0"
"X9300.13",146,-0.611263010539549,1.4801258837447,TRUE,5765,"NECTIN1","Nectin-1, isoform gamma:Extracellular domain","nectin-1 gamma:ECD","Q15223"
"X11363.58",146,-0.611324712987208,1.5596082698796,TRUE,5766,"AQP4","Aquaporin-4","AQP4","P55087"
"X7885.17",146,-0.611498251121249,1.38956876475599,TRUE,5767,"CFHR5","Complement factor H-related protein 5","complement factor H-related 5","Q9BXR6"
"X17209.27",145,-0.61165514838603,1.3833894032744,TRUE,5768,"SULT2B1","Sulfotransferase family cytosolic 2B member 1","ST2B1","O00204"
"X3186.2",143,-0.611835854372777,1.63668397795289,TRUE,5769,"C2","Complement C2","C2","P06681"
"X11395.5",146,-0.61240450582124,1.5025932263201,TRUE,5770,"PTK2B","Protein-tyrosine kinase 2-beta:4.1 protein, ezrin, radixin, moesin domain","FAK2:FERM","Q14289"
"X23767.1",144,-0.612743748404821,1.42065709385166,TRUE,5771,"C11orf49","UPF0705 protein C11orf49","CK049","Q9H6J7"
"X5487.7",140,-0.612811658731912,1.49061210162952,TRUE,5772,"SLAMF7","SLAM family member 7","SLAF7","Q9NQ25"
"X21750.25",146,-0.61284413576081,1.46302405915183,TRUE,5773,"BAP1","Ubiquitin carboxyl-terminal hydrolase BAP1","BAP1","Q92560"
"X3070.1",144,-0.613074112629975,1.48692828585874,TRUE,5774,"IL2","Interleukin-2","IL-2","P60568"
"X13706.12",146,-0.613707970028036,1.51444838596067,TRUE,5775,"IL12RB1","Interleukin-12 receptor subunit beta-1","IL-12 Rb1","P42701"
"X23669.20",144,-0.613926988816206,1.50233619215058,TRUE,5776,"GFPT2","Glutamine--fructose-6-phosphate aminotransferase [isomerizing] 2","GFPT2","O94808"
"X17819.30",141,-0.614213328366931,1.4961369010193,TRUE,5777,"FAHD1","Acylpyruvase FAHD1, mitochondrial","FAHD1","Q6P587"
"X10354.57",143,-0.614252469741308,1.48278065647699,TRUE,5778,"STAT3","Signal transducer and activator of transcription 3","STAT3","P40763"
"X5601.2",145,-0.614316392832749,1.38721881090852,TRUE,5779,"PGLYRP2","N-acetylmuramoyl-L-alanine amidase","PGRP-L","Q96PD5"
"X19257.11",145,-0.614950209927308,1.57860691295931,TRUE,5780,"CLTA","Clathrin light chain A","CLCA","P09496"
"X22547.17",143,-0.615132361994664,1.51284042765836,TRUE,5781,"RBMS1","RNA-binding motif, single-stranded-interacting protein 1","RBMS1","P29558"
"X15364.101",132,-0.615450446689488,1.42091351685827,TRUE,5782,"APOC1","Apolipoprotein C-I","Apo C-I","P02654"
"X3666.17",146,-0.615686304756102,1.51433172647129,TRUE,5783,"CFHR5","Complement factor H-related protein 5","complement factor H-related 5","Q9BXR6"
"X21156.5",138,-0.615687778858581,1.56329939670575,TRUE,5784,"CHAC2","Putative glutathione-specific gamma-glutamylcyclotransferase 2","CHAC2","Q8WUX2"
"X14254.27",146,-0.615813566054398,1.39130806222231,TRUE,5785,"PTPN4","Tyrosine-protein phosphatase non-receptor type 4","PTN4","P29074"
"X11294.7",146,-0.615933114546738,1.35728427340363,TRUE,5786,"TMCC3","Transmembrane and coiled-coil domains protein 3:region 2","TMCC3:region 2","Q9ULS5"
"X13618.15",146,-0.616989768962898,1.41520749498576,TRUE,5787,"MAD1L1","Mitotic spindle assembly checkpoint protein MAD1","MD1L1","Q9Y6D9"
"X5593.11",146,-0.617278999186299,1.32354825604891,TRUE,5788,"PDIA5","Protein disulfide-isomerase A5","PDIA5","Q14554"
"X19356.20",146,-0.617356127245873,1.33768618554653,TRUE,5789,"TOM1L2","TOM1-like protein 2","TM1L2","Q6ZVM7"
"X24646.47",145,-0.617410680014881,1.37947741029768,TRUE,5790,"AGXT","Serine--pyruvate aminotransferase","SPYA","P21549"
"X23623.48",143,-0.617507936605657,1.38794283849237,TRUE,5791,"NUDT11","Diphosphoinositol polyphosphate phosphohydrolase 3-beta","NUD11","Q96G61"
"X7181.17",146,-0.617529665379914,1.4693170327263,TRUE,5792,"VAPB","Vesicle-associated membrane protein-associated protein B/C","VAPB","O95292"
"X2567.5",145,-0.61906411591373,1.60662960491762,TRUE,5793,"CFI","Complement factor I","Factor I","P05156"
"X20585.9",144,-0.619178726388836,1.55385391303227,TRUE,5794,"CD300LG","CMRF35-like molecule 9","CLM9","Q6UXG3"
"X25880.14",144,-0.619635970474099,1.54345023239963,TRUE,5795,"ALOX5","5-Lipoxygenase","5-Lipoxygenase","P09917"
"X6913.189",146,-0.619723958674786,1.58474934659309,TRUE,5796,"HMGB2","High mobility group protein B2","HMG-2","P26583"
"X5256.86",146,-0.619797230331381,1.48912902014134,TRUE,5797,"PDE5A","cGMP-specific 3',5'-cyclic phosphodiesterase","PDE5A","O76074"
"X5001.6",138,-0.619834182362867,1.52209459896243,TRUE,5798,"SCGB2A1","Mammaglobin-B","Mammaglobin 2","O75556"
"X4990.87",142,-0.620791915279778,1.43163456516655,TRUE,5799,"GP1BA","Platelet glycoprotein Ib alpha chain","GP1BA","P07359"
"X23284.5",146,-0.621486334836045,1.48728199272638,TRUE,5800,"LMO4","LIM domain only transcription factor protein 4","LMO4","P61968"
"X12501.10",138,-0.622138650847473,1.51828951570669,TRUE,5801,"TBCA","Tubulin-specific chaperone A","TBCA","O75347"
"X9453.12",144,-0.622725308735015,1.39683543241614,TRUE,5802,"VEGFB","Vascular endothelial growth factor B","VEGF-B","P49765"
"X5663.18",145,-0.623391347823177,1.37193272722775,TRUE,5803,"PF4V1","Platelet factor 4 variant","PF4V","P10720"
"X9341.1",144,-0.624204423275957,1.38479614282968,TRUE,5804,"PDGFD","Platelet-derived growth factor D","PDGFD","Q9GZP0"
"X19255.124",144,-0.624576712292978,1.41039497620684,TRUE,5805,"NXT2","NTF2-related export protein 2","NXT2","Q9NPJ8"
"X21764.99",146,-0.624941671904947,1.45841439044089,TRUE,5806,"USP30","Ubiquitin carboxyl-terminal hydrolase 30","UBP30","Q70CQ3"
"X19109.32",144,-0.625160271225135,1.5261986119505,TRUE,5807,"TCEAL8","Transcription elongation factor A protein-like 8","TCAL8","Q8IYN2"
"X17145.1",138,-0.625528883368231,1.45488287834233,TRUE,5808,"S100A8|S100A9","Protein S100-A8/A9 heterodimer","S100A8/S100A9","P05109|P06702"
"X15589.1",145,-0.62584368522889,1.56243493513939,TRUE,5809,"GC","Vitamin D-binding protein","Gc-Globulin, Mixed Type","P02774"
"X7894.155",145,-0.626635225201463,1.4322886482666,TRUE,5810,"FGF3","Fibroblast growth factor 3","FGF-3","P11487"
"X19568.17",145,-0.626824188932237,1.36703701430675,TRUE,5811,"IL15","Interleukin-15","IL-15","P40933"
"X12881.17",146,-0.626858304185354,1.4718297923789,TRUE,5812,"RDH16","Retinol dehydrogenase 16","RDH16","O75452"
"X13729.26",145,-0.627154875461091,1.53976836652718,TRUE,5813,"SFXN5","Sideroflexin-5","SFXN5","Q8TD22"
"X17319.1",142,-0.628012449045887,1.57441531963439,TRUE,5814,"SELENOH","Selenoprotein H","SELH","Q8IZQ5"
"X17748.21",145,-0.628642233870634,1.51261145473482,TRUE,5815,"TP53I3","Quinone oxidoreductase PIG3","QORX","Q53FA7"
"X3902.21",146,-0.628902197764058,1.46882161011284,TRUE,5816,"SKP1","S-phase kinase-associated protein 1","SKP1","P63208"
"X6373.54",146,-0.630147815926173,1.48657666376667,TRUE,5817,"DLK1","Protein delta homolog 1","DLK1","P80370"
"X9568.289",142,-0.630747692539841,1.63485286634094,TRUE,5818,"FCAMR","High affinity immunoglobulin alpha and immunoglobulin mu Fc receptor","FCAMR","Q8WWV6"
"X20451.126",145,-0.631201848695166,1.53966139697558,TRUE,5819,"IFT22","Intraflagellar transport protein 22 homolog","IFT22","Q9H7X7"
"X17140.57",122,-0.631422056247728,1.55747793063639,TRUE,5820,"PDGFD","Platelet-derived growth factor D","PDGFD","Q9GZP0"
"X23311.19",146,-0.631775217983178,1.59622409054412,TRUE,5821,"RPP25","Ribonuclease P protein subunit p25","RPP25","Q9BUL9"
"X21282.21",141,-0.632731437378916,1.59642156744103,TRUE,5822,"TNIP1","TNFAIP3-interacting protein 1","TNIP1","Q15025"
"X11551.16",146,-0.632843441608274,1.30659757098102,TRUE,5823,"HMG20B","SWI/SNF-related matrix-associated actin-dependent regulator of chromatin subfamily E member 1-related","HM20B","Q9P0W2"
"X11287.14",146,-0.632909000458912,1.46266775638881,TRUE,5824,"CYB5A","Cytochrome b5","Cytochrome b5","P00167"
"X10435.2",144,-0.633288115837177,1.38326702794755,TRUE,5825,"AGA","N(4)-(beta-N-acetylglucosaminyl)-L-asparaginase","ASPG","P20933"
"X18830.1",145,-0.633484439002978,1.35816098695661,TRUE,5826,"ITLN1","Intelectin-1","Omentin","Q8WWA0"
"X13595.20",141,-0.633771037860657,1.41252391977746,TRUE,5827,"THTPA","Thiamine-triphosphatase","THTPA","Q9BU02"
"X21392.15",143,-0.633825708293488,1.51846654020456,TRUE,5828,"MAGED1","Melanoma-associated antigen D1","MAGD1","Q9Y5V3"
"X18402.1",144,-0.634395982258593,1.54842916373115,TRUE,5829,"AMMECR1L","AMMECR1-like protein","AMERL","Q6DCA0"
"X18191.23",145,-0.634653654388593,1.38768449811926,TRUE,5830,"RANBP1","Ran-specific GTPase-activating protein","RANG","P43487"
"X25468.5",144,-0.635437726339144,1.6287381955783,TRUE,5831,"SOX9","SOX-9","SOX-9","P48436"
"X4696.2",146,-0.635465795633781,1.53470446119878,TRUE,5832,"FABP3","Fatty acid-binding protein, heart","FABP","P05413"
"X23315.30",146,-0.635809015498884,1.49632674906934,TRUE,5833,"FAM9B","Protein FAM9B","FAM9B","Q8IZU0"
"X18832.65",145,-0.63601648708551,1.42399786840211,TRUE,5834,"SAA2","Serum amyloid A-2 protein","SAA2","P0DJI9"
"X3321.2",144,-0.636321981374373,1.49733017673689,TRUE,5835,"IL24","Interleukin-24","IL24","Q13007"
"X25256.23",143,-0.637039347586077,1.5404626605109,TRUE,5836,"EEF1A1","Elongation factor 1-alpha 1","EF-1-alpha-1","P68104"
"X12530.14",146,-0.637181894959296,1.41099825055302,TRUE,5837,"CKS1B","Cyclin-dependent kinases regulatory subunit 1","CKS-1","P61024"
"X9283.8",144,-0.637195636620873,1.53022115289991,TRUE,5838,"CD44","CD44 antigen","CD44","P16070"
"X21897.4",146,-0.637451843167804,1.64756842969667,TRUE,5839,"IL17A|IL17F","IL-17/IL-17F","IL-17/ IL-17F","Q16552|Q96PD4"
"X19376.74",144,-0.63908728803,1.48410442528231,TRUE,5840,"NNMT","Nicotinamide N-methyltransferase","NNMT","P40261"
"X22808.59",142,-0.639107608798164,1.3980126213771,TRUE,5841,"THRB","Thyroid hormone receptor beta","THB","P10828"
"X3485.28",146,-0.639121665657575,1.35897143281904,TRUE,5842,"B2M","Beta-2-microglobulin","b2-Microglobulin","P61769"
"X19823.75",146,-0.639237357746935,1.5285158293356,TRUE,5843,"SIRT1","NAD-dependent protein deacetylase sirtuin-1","SIR1","Q96EB6"
"X13524.25",144,-0.639458516547561,1.37124624805598,TRUE,5844,"HS6ST2","Heparan-sulfate 6-O-sulfotransferase 2","H6ST2","Q96MM7"
"X7204.1",144,-0.639867763944573,1.42015039433268,TRUE,5845,"CEACAM21","Carcinoembryonic antigen-related cell adhesion molecule 21","CEA21","Q3KPI0"
"X10815.2",145,-0.640255652683979,1.47955248636143,TRUE,5846,"HABP4","Intracellular hyaluronan-binding protein 4","HABP4","Q5JVS0"
"X13979.3",145,-0.64046500824748,1.53961291765484,TRUE,5847,"SLC26A7","Anion exchange transporter","S26A7","Q8TE54"
"X9319.59",145,-0.641348250911353,1.52786174438159,TRUE,5848,"TMED4","Transmembrane emp24 domain-containing protein 4","TMED4","Q7Z7H5"
"X8529.1",143,-0.641349561562819,1.40819035708162,TRUE,5849,"TNFRSF10B","Tumor necrosis factor receptor superfamily member 10B:Death domain","TRAIL R2:Death","O14763"
"X12851.5",145,-0.642723996275833,1.56276878864436,TRUE,5850,"POLM","DNA-directed DNA/RNA polymerase mu","DPOLM","Q9NP87"
"X2853.68",146,-0.64292022259158,1.45274643315595,TRUE,5851,"CHEK1","Serine/threonine-protein kinase Chk1","CHK1","O14757"
"X12939.1",146,-0.643529534262212,1.34541035626108,TRUE,5852,"POLR1C","DNA-directed RNA polymerases I and III subunit RPAC1","RPAC1","O15160"
"X9348.1",146,-0.643668364769445,1.46908952170623,TRUE,5853,"C1RL","Complement C1r subcomponent-like protein","C1RL1","Q9NZP8"
"X19141.22",146,-0.643876610530294,1.44141423880596,TRUE,5854,"DAP","Death-associated protein 1","DAP1","P51397"
"X8922.4",146,-0.644088712694122,1.52072379802789,TRUE,5855,"TMCC3","Transmembrane and coiled-coil domains protein 3:region 1","TMCC3:region 1","Q9ULS5"
"X11712.207",146,-0.645021962214964,1.41719185166759,TRUE,5856,"UNC45A","Protein unc-45 homolog A","UN45A","Q9H3U1"
"X9456.34",146,-0.645106803080495,1.55486775353692,TRUE,5857,"IL22RA2","Interleukin-22 receptor subunit alpha-2","IL-22BP","Q969J5"
"X8951.162",144,-0.645131663829676,1.51531387520083,TRUE,5858,"CSPG4","Chondroitin sulfate proteoglycan 4","CSPG4","Q6UVK1"
"X12329.21",146,-0.645546433020065,1.51065586452117,TRUE,5859,"RPS6KA1","Ribosomal protein S6 kinase alpha-1","KS6A1","Q15418"
"X21858.25",145,-0.645790726192984,1.58125546794627,TRUE,5860,"SIAH1","E3 ubiquitin-protein ligase SIAH1","SIAH1","Q8IUQ4"
"X23783.22",146,-0.646194308720484,1.39840989303374,TRUE,5861,"FAM110A","Protein FAM110A","F110A","Q9BQ89"
"X7732.45",146,-0.646483538943885,1.35466942062248,TRUE,5862,"VAMP4","Vesicle-associated membrane protein 4","VAMP4","O75379"
"X10496.11",144,-0.64666043670053,1.38634396809688,TRUE,5863,"CLCA1","Calcium-activated chloride channel regulator 1","CaCC","A8K7I4"
"X19794.10",142,-0.647043043429055,1.36745145250975,TRUE,5864,"NUDT14","Uridine diphosphate glucose pyrophosphatase","NUD14","O95848"
"X15666.21",144,-0.647149377101366,1.44076087564333,TRUE,5865,"BMP2","Bone morphogenetic protein 2","BMP-2","P12643"
"X9819.110",145,-0.647696807693973,1.44860174118774,TRUE,5866,"MCL1","Induced myeloid leukemia cell differentiation protein Mcl-1","Mcl-1","Q07820"
"X21996.28",146,-0.648087802583019,1.42530992333738,TRUE,5867,"NUB1","NEDD8 ultimate buster 1","NUB1","Q9Y5A7"
"X6929.10",145,-0.648169217020908,1.39159814962419,TRUE,5868,"ST8SIA3","Sia-alpha-2,3-Gal-beta-1,4-GlcNAc-R:alpha 2,8-sialyltransferase","SIA8C","O43173"
"X9380.2",142,-0.648459800564188,1.57161762568197,TRUE,5869,"PLA2G12B","Group XIIB secretory phospholipase A2-like protein","sPLA(2)-XIII","Q9BX93"
"X8768.4",146,-0.648689401447694,1.41417223807529,TRUE,5870,"BCL10","B-cell lymphoma/leukemia 10","Bcl-10","O95999"
"X3611.70",144,-0.64894271233174,1.5482393465135,TRUE,5871,"ECE1","Endothelin-converting enzyme 1:Extracellular domain","Endothelin-converting enzyme 1:ECD","P42892"
"X24050.26",145,-0.649125845907951,1.46487874145845,TRUE,5872,"GSK3B","Glycogen synthase kinase-3 beta","GSK-3 beta","P49841"
"X20570.18",143,-0.649663346993722,1.38649334006246,TRUE,5873,"VSTM1","V-set and transmembrane domain-containing protein 1","VSTM1","Q6UX27"
"X19556.12",145,-0.650239944570639,1.52281438609534,TRUE,5874,"CR1","Complement receptor type 1","Complement receptor type 1","P17927"
"X10978.39",144,-0.650421829845215,1.41706170853237,TRUE,5875,"GH2","Growth hormone variant","SOM2","P01242"
"X22076.34",145,-0.65106597406074,1.48571595946928,TRUE,5876,"ATOH1","Protein atonal homolog 1","ATOH1","Q92858"
"X4238.4",146,-0.651207632592775,1.44713052689304,TRUE,5877,"LIN7B","Protein lin-7 homolog B","LIN7B","Q9HAP6"
"X22533.95",146,-0.65151614483107,1.45090284314903,TRUE,5878,"PPP1R10","Serine/threonine-protein phosphatase 1 regulatory subunit 10","PP1RA","Q96QC0"
"X4450.26",142,-0.651644678242463,1.51185682244336,TRUE,5879,"HNRNPAB","Heterogeneous nuclear ribonucleoprotein A/B","hnRNP A/B","Q99729"
"X24947.40",145,-0.651926241447456,1.57759281238812,TRUE,5880,"NUMBL","Numb-like protein","NUMBL","Q9Y6R0"
"X21499.17",146,-0.652002051606385,1.49258707738015,TRUE,5881,"COQ7","5-demethoxyubiquinone hydroxylase, mitochondrial","COQ7","Q99807"
"X6255.74",143,-0.652299003894947,1.5346894581485,TRUE,5882,"CPXM1","Probable carboxypeptidase X1","CPXM1","Q96SM3"
"X9963.19",145,-0.65239265953196,1.4844669495417,TRUE,5883,"PCDHB10","Protocadherin beta-10","PCDBA","Q9UN67"
"X14618.26",145,-0.653302049276327,1.5867346022291,TRUE,5884,"VOPP1","Vesicular, overexpressed in cancer, prosurvival protein 1","ECOP","Q96AW1"
"X14237.1",143,-0.653580245393485,1.44705883758044,TRUE,5885,"HSPA1A","Heat shock 70 kDa protein 1A","HSP 70","P0DMV8"
"X17495.141",145,-0.653649165213352,1.55049246979096,TRUE,5886,"SIRT3","NAD-dependent protein deacetylase sirtuin-3, mitochondrial","SIR3","Q9NTG7"
"X4184.43",146,-0.6539533915136,1.52777835237119,TRUE,5887,"EIF4EBP2","Eukaryotic translation initiation factor 4E-binding protein 2","4EBP2","Q13542"
"X7012.35",145,-0.654113701051504,1.38414002397554,TRUE,5888,"VNN2","Vascular non-inflammatory molecule 2","VNN2","O95498"
"X6210.100",145,-0.654251487105194,1.40743566490782,TRUE,5889,"IFNA5","Interferon alpha-5","IFNA5","P01569"
"X11270.17",145,-0.654357098849878,1.60297575209716,TRUE,5890,"CHCHD10","Coiled-coil-helix-coiled-coil-helix domain-containing protein 10, mitochondrial","CHC10","Q8WYQ3"
"X16831.7",146,-0.655279994138267,1.55131949524764,TRUE,5891,"DOK1","Docking protein 1","DOK1","Q99704"
"X10976.44",142,-0.655701423469644,1.41560749417258,TRUE,5892,"MUC1","Mucin-1:region 3","MUC1:region 3","P15941"
"X13105.7",144,-0.656739544165613,1.59755053058921,TRUE,5893,"SNAP25","Synaptosomal-associated protein 25","SNP25","P60880"
"X6627.25",140,-0.65689404807726,1.57669801730656,TRUE,5894,"PNLIPRP1","Inactive pancreatic lipase-related protein 1","LIPR1","P54315"
"X11358.15",146,-0.657397159373566,1.52526895900185,TRUE,5895,"GRB10","Growth factor receptor-bound protein 10","GRB10","Q13322"
"X5611.56",145,-0.65749536448348,1.49392120051477,TRUE,5896,"DEFB108B","Beta-defensin 108B","D108B","Q8NET1"
"X13453.2",146,-0.658530941849299,1.3668533090904,TRUE,5897,"MRPL33","39S ribosomal protein L33, mitochondrial","RM33","O75394"
"X4540.11",146,-0.658750756819085,1.51913697625376,TRUE,5898,"CBX5","Chromobox protein homolog 5","CBX5","P45973"
"X20558.4",139,-0.659047895695309,1.44426407051487,TRUE,5899,"EPHA8","Ephrin type-A receptor 8","EPHA8","P29322"
"X22833.74",139,-0.659558969752627,1.56404256264794,TRUE,5900,"ZCCHC18","Zinc finger CCHC domain-containing protein 18","ZCC18","P0CG32"
"X3067.67",146,-0.66020076433907,1.34109073162863,TRUE,5901,"GDF9","Growth/differentiation factor 9","GDF-9","O60383"
"X6371.50",144,-0.66143012461992,1.48538050437269,TRUE,5902,"ANGPTL7","Angiopoietin-related protein 7","ANGL7","O43827"
"X5316.54",141,-0.662485898201606,1.58908383776265,TRUE,5903,"F2","Prothrombin","Prothrombin","P00734"
"X14334.3",146,-0.662553170156069,1.3638287394199,TRUE,5904,"RCVRN","Recoverin","RECO","P35243"
"X11617.1",145,-0.662632151848404,1.54205103491971,TRUE,5905,"ITGAL","Integrin alpha-L","LFA-1 alpha-L chain","P20701"
"X21311.22",145,-0.662707614057327,1.59176089704775,TRUE,5906,"JDP2","Jun dimerization protein 2","JDP2","Q8WYK2"
"X5689.1",143,-0.663696547082073,1.50767892413654,TRUE,5907,"DEFB112","Beta-defensin 112","DB112","Q30KQ8"
"X21161.16",142,-0.664215984206092,1.46107528397592,TRUE,5908,"MRM2","rRNA methyltransferase 2, mitochondrial","MRM2","Q9UI43"
"X12747.89",144,-0.665064289360402,1.60080320039644,TRUE,5909,"RBM3","RNA-binding protein 3","RBM3","P98179"
"X14616.16",145,-0.665261902278002,1.47340866529006,TRUE,5910,"ZNF382","Zinc finger protein 382","ZN382","Q96SR6"
"X25459.3",146,-0.665441615987104,1.59326925112506,TRUE,5911,"MACROD2","O-acetyl-ADP-ribose deacetylase MACROD2","MACD2","A1Z1Q3"
"X11390.24",145,-0.666092556979566,1.54006333352994,TRUE,5912,"CA8","Carbonic anhydrase-related protein","Carbonic Anhydrase VIII","P35219"
"X4493.92",146,-0.666413429537733,1.54441212500166,TRUE,5913,"IL11","Interleukin-11","IL-11","P20809"
"X6024.68",146,-0.666876197895175,1.33376782926195,TRUE,5914,"CPE","Carboxypeptidase E","CBPE","P16870"
"X9191.8",145,-0.667072808262456,1.37330682532906,TRUE,5915,"TFF2","Trefoil factor 2","Trefoil factor 2","Q03403"
"X12623.84",145,-0.667348380912264,1.55201051869782,TRUE,5916,"JARID2","Protein Jumonji","JARD2","Q92833"
"X8312.139",146,-0.667435376327085,1.44295149019897,TRUE,5917,"CMPK1","UMP-CMP kinase","Cytidylate kinase","P30085"
"X9064.12",146,-0.667454658341978,1.4450226258866,TRUE,5918,"RNF215","RING finger protein 215:Cytoplasmic domain","RN215:CD","Q9Y6U7"
"X17673.34",145,-0.667490103989308,1.57572198025095,TRUE,5919,"CA5B","Carbonic anhydrase 5B, mitochondrial","Carbonic Anhydrase VB","Q9Y2D0"
"X24704.38",146,-0.667867293460698,1.49492465325316,TRUE,5920,"COMMD5","COMM domain-containing protein 5","COMD5","Q9GZQ3"
"X20959.12",142,-0.66811765815423,1.54654508231765,TRUE,5921,"DUSP18","Dual specificity protein phosphatase 18","DUS18","Q8NEJ0"
"X19275.68",142,-0.670019909881589,1.3444832574679,TRUE,5922,"IDH3G","Isocitrate dehydrogenase [NAD] subunit gamma, mitochondrial","IDH3G","P51553"
"X9055.81",146,-0.6710873899479,1.47013829326512,TRUE,5923,"MYZAP","Myocardial zonula adherens protein","MYZAP","P0CAP1"
"X24468.36",144,-0.671237997242732,1.41541063195818,TRUE,5924,"ADD2","Beta-adducin","ADDB","P35612"
"X21002.1",140,-0.671784755952212,1.49424638644669,TRUE,5925,"NUDCD2","NudC domain-containing protein 2","NUDC2","Q8WVJ2"
"X11226.16",146,-0.67185095773768,1.52536878028041,TRUE,5926,"UBE3A","Ubiquitin-protein ligase E3A","UBE3A","Q05086"
"X18178.13",146,-0.67193965500619,1.46347975222081,TRUE,5927,"SARS1","Serine--tRNA ligase, cytoplasmic","SYSC","P49591"
"X21757.49",144,-0.672164422213156,1.36737936197566,TRUE,5928,"USP22","Ubiquitin carboxyl-terminal hydrolase 22","UBP22","Q9UPT9"
"X8992.1",146,-0.672363859333845,1.5388322417677,TRUE,5929,"CEMIP2","Transmembrane protein 2","TMEM2","Q9UHN6"
"X18220.141",146,-0.672645376751289,1.54576884649879,TRUE,5930,"SRA1","Steroid receptor RNA activator 1","SRA1","Q9HD15"
"X12449.16",144,-0.672972304897337,1.50815584803648,TRUE,5931,"PPIH","Peptidyl-prolyl cis-trans isomerase H","PPIH","O43447"
"X18841.1",139,-0.673322369597083,1.36015224349917,TRUE,5932,"SERPINB13","Serpin B13","SPB13","Q9UIV8"
"X21492.19",143,-0.673493427020016,1.54753648879895,TRUE,5933,"CLUL1","Clusterin-like protein 1","CLUL1","Q15846"
"X9212.22",146,-0.673540062242344,1.50806653163027,TRUE,5934,"CTSF","Cathepsin F","CATF","Q9UBX1"
"X18187.16",146,-0.674010543405744,1.46738984073405,TRUE,5935,"ASPA","Aspartoacylase","ACY2","P45381"
"X17347.80",144,-0.674362334102364,1.51629684296555,TRUE,5936,"AIDA","Axin interactor, dorsalization-associated protein","CA080","Q96BJ3"
"X23369.17",146,-0.674527301404888,1.44514953264858,TRUE,5937,"PHYH","Phytanoyl-CoA dioxygenase, peroxisomal","PAHX","O14832"
"X11539.4",144,-0.675124047163043,1.57001825694102,TRUE,5938,"ATP5MF","ATP synthase subunit f, mitochondrial","ATPK","P56134"
"X2603.61",146,-0.676262682745296,1.46760868779663,TRUE,5939,"CD80","T-lymphocyte activation antigen CD80","B7","P33681"
"X12818.159",145,-0.676533460358952,1.49697529322392,TRUE,5940,"SLC14A2","Urea transporter 2","UT2","Q15849"
"X4145.58",146,-0.67666374865508,1.41625855811003,TRUE,5941,"NTF3","Neurotrophin-3","Neurotrophin-3","P20783"
"X20068.61",143,-0.67668588150553,1.41935923610693,TRUE,5942,"GAGE12F","G antigen 12F","GG12F","P0CL80"
"X13529.39",145,-0.677642987758669,1.47522282014959,TRUE,5943,"NAP1L2","Nucleosome assembly protein 1-like 2","NP1L2","Q9ULW6"
"X12761.12",145,-0.677969738186299,1.43599091698373,TRUE,5944,"APBB2","Amyloid beta A4 precursor protein-binding family B member 2:Phosphotyrosine Interaction Domain 2","APBB2:PID 2","Q92870"
"X4127.75",145,-0.678245944169091,1.45298193826905,TRUE,5945,"C6","Complement component C6","C6","P13671"
"X17765.3",146,-0.678696073024847,1.50826162491909,TRUE,5946,"SNUPN","Snurportin-1","SPN1","O95149"
"X9901.28",146,-0.67880405230825,1.37105096197804,TRUE,5947,"EGLN1","Egl nine homolog 1","EGLN1","Q9GZT9"
"X3730.81",144,-0.679139376960689,1.44287220626468,TRUE,5948,"TNFRSF4","Tumor necrosis factor receptor superfamily member 4","TNR4","P43489"
"X13526.5",144,-0.67954999457389,1.47169811594086,TRUE,5949,"SSB","Lupus La protein:RNA recognition motif","LA:RRM","P05455"
"X3324.51",142,-0.680726653896292,1.58869342791488,TRUE,5950,"LY9","T-lymphocyte surface antigen Ly-9","LY9","Q9HBG7"
"X14031.18",144,-0.680998239535688,1.49341576440438,TRUE,5951,"FGF7","Fibroblast growth factor 7","FGF7","P21781"
"X12634.79",143,-0.681204686259099,1.55595803307947,TRUE,5952,"BCAR3","Breast cancer anti-estrogen resistance protein 3:Guanine Nucleotide Exchange Factor Domain","BCAR3:Ras-GEF","O75815"
"X17683.2",146,-0.682170692108643,1.47877489887534,TRUE,5953,"COMMD9","COMM domain-containing protein 9","COMD9","Q9P000"
"X22414.127",144,-0.683576738418748,1.38521096128721,TRUE,5954,"TLK1","Serine/threonine-protein kinase tousled-like 1","TLK1","Q9UKI8"
"X3192.3",145,-0.683587483490246,1.4137040506225,TRUE,5955,"CNDP2","Cytosolic non-specific dipeptidase","Glutamate carboxypeptidase","Q96KP4"
"X9102.28",141,-0.684102814401894,1.6229559916442,TRUE,5956,"ZFYVE27","Protrudin:Cytoplasmic domain, region 2, isoform 5","ZFY27:CD region 2","Q5T4F4"
"X2969.11",145,-0.684221922154816,1.43189644982221,TRUE,5957,"ACVRL1","Serine/threonine-protein kinase receptor R3","ALK-1","P37023"
"X17736.105",146,-0.68443825706011,1.50018549300049,TRUE,5958,"APTX","Aprataxin","APTX","Q7Z2E3"
"X3581.53",146,-0.68452695432862,1.62316076692649,TRUE,5959,"AHSG","Alpha-2-HS-glycoprotein","a2-HS-Glycoprotein","P02765"
"X14703.6",145,-0.684882674944344,1.46822517406285,TRUE,5960,"PROK1","Prokineticin-1","EG-VEGF","P58294"
"X24649.11",144,-0.685558909472381,1.41861166075131,TRUE,5961,"NTAQ1","Protein N-terminal glutamine amidohydrolase","NTAQ1","Q96HA8"
"X9016.12",133,-0.685835482332295,1.34455804275811,TRUE,5962,"NR1H2","Oxysterols receptor LXR-beta","NR1H2","P55055"
"X2977.7",145,-0.686465866457757,1.4329850134193,TRUE,5963,"EDAR","Tumor necrosis factor receptor superfamily member EDAR","EDAR","Q9UNE0"
"X14192.31",146,-0.686470581429877,1.3890638406127,TRUE,5964,"PDCL2","Phosducin-like protein 2","PDCL2","Q8N4E4"
"X23252.4",144,-0.686490766550172,1.58609400537443,TRUE,5965,"DNAJB3","DnaJ homolog subfamily B member 3","DNJB3","Q8WWF6"
"X5762.35",144,-0.686507473964718,1.36873473406191,TRUE,5966,"SPAG11B","Sperm-associated antigen 11B","Sperm-associated antigen 11","Q08648"
"X10390.21",146,-0.686559278698387,1.45152743950037,TRUE,5967,"ZNRF3","E3 ubiquitin-protein ligase ZNRF3","ZNRF3","Q9ULT6"
"X7247.1",145,-0.686902228792224,1.5289151737695,TRUE,5968,"GORAB","RAB6-interacting golgin","GORAB","Q5T7V8"
"X13039.1",144,-0.68717066524114,1.58837450987474,TRUE,5969,"PPP1R8","Nuclear inhibitor of protein phosphatase 1","PP1R8","Q12972"
"X11217.16",146,-0.687315133682209,1.44515910583391,TRUE,5970,"CTBP1","C-terminal-binding protein 1","CTBP1","Q13363"
"X24920.6",146,-0.687608220308589,1.43087029327838,TRUE,5971,"GLS","Glutaminase kidney isoform, mitochondrial","GLSK","O94925"
"X21658.15",146,-0.688101839889861,1.54540802612985,TRUE,5972,"PHB2","Prohibitin-2","PHB2","Q99623"
"X5250.53",146,-0.688834556455811,1.48646498762371,TRUE,5973,"IMPDH2","Inosine-5'-monophosphate dehydrogenase 2","IMDH2","P12268"
"X3401.8",144,-0.689043678179399,1.50286133958597,TRUE,5974,"PTPN2","Tyrosine-protein phosphatase non-receptor type 2","TCPTP","P17706"
"X5583.62",145,-0.689681575803147,1.51673843977149,TRUE,5975,"RYK","Tyrosine-protein kinase RYK","RYK","P34925"
"X21487.20",143,-0.689803775102709,1.41946940081164,TRUE,5976,"BLOC1S6","Biogenesis of lysosome-related organelles complex 1 subunit 6","BL1S6","Q9UL45"
"X8389.8",144,-0.689987600307882,1.39465327785894,TRUE,5977,"LRRC74A","Leucine-rich repeat-containing protein 74A","CN16B","Q0VAA2"
"X8064.125",146,-0.690724193915367,1.49323597408096,TRUE,5978,"PVR","Poliovirus receptor","Poliovirus receptor","P15151"
"X7182.1",131,-0.690872836859933,1.47527059443878,TRUE,5979,"CES1","Liver carboxylesterase 1","carboxylesterase, liver","P23141"
"X10438.19",145,-0.691571823933044,1.52246478582309,TRUE,5980,"CSF2RA","Granulocyte-macrophage colony-stimulating factor receptor subunit alpha","CSF2R","P15509"
"X5359.65",144,-0.691596579547624,1.50673420681721,TRUE,5981,"PIM1","Serine/threonine-protein kinase pim-1","PIM1","P11309"
"X21755.27",146,-0.692374734390245,1.61308580028759,TRUE,5982,"USP12","Ubiquitin carboxyl-terminal hydrolase 12","UBP12","O75317"
"X23566.6",142,-0.69328401219755,1.45501660171331,TRUE,5983,"APOL2","Apolipoprotein-L2","ApoL-II","Q9BQE5"
"X18942.11",144,-0.693795154694078,1.43877692141609,TRUE,5984,"PSMB9","Proteasome subunit beta type-9","PSB9","P28065"
"X6399.52",143,-0.694302049259385,1.56096889813682,TRUE,5985,"DEFB107A","Beta-defensin 107","D107A","Q8IZN7"
"X24900.46",144,-0.694430823398902,1.40349963436971,TRUE,5986,"VPS9D1","VPS9 domain-containing protein 1","VP9D1","Q9Y2B5"
"X24674.22",144,-0.694618504242414,1.49974897551058,TRUE,5987,"EGLN2","Egl nine homolog 2","EGLN2","Q96KS0"
"X23376.56",146,-0.695186052161707,1.57135347031455,TRUE,5988,"ARPC2","Actin-related protein 2/3 complex subunit 2","ARPC2","O15144"
"X11571.75",146,-0.695860922682977,1.45032866572952,TRUE,5989,"KLRC3","NKG2-E type II integral membrane protein:Isoform E, Extracellular domain","NKG2E:ECD","Q07444"
"X3592.4",145,-0.696137849312938,1.45770414237996,TRUE,5990,"CAMK1","Calcium/calmodulin-dependent protein kinase type 1","CAMK1","Q14012"
"X6077.63",146,-0.696593639248927,1.4608402800816,TRUE,5991,"ADA2","Adenosine deaminase CECR1","CECR1","Q9NZK5"
"X12916.3",146,-0.696867443860414,1.3678131193708,TRUE,5992,"MTCP1","Protein p13 MTCP-1","MTCP1","P56278"
"X2580.83",140,-0.696977251752809,1.38140046477322,TRUE,5993,"MPO","Myeloperoxidase","Myeloperoxidase","P05164"
"X10022.207",144,-0.697038147566088,1.48499862191165,TRUE,5994,"POLH","DNA polymerase eta","POLH","Q9Y253"
"X2773.50",143,-0.697142200460498,1.45323577036978,TRUE,5995,"IL10","Interleukin-10","IL-10","P22301"
"X18192.69",146,-0.697773698560405,1.40193006530242,TRUE,5996,"MAGEA5","Melanoma-associated antigen 5","MAGE-5","P43359"
"X16599.38",144,-0.698118743631844,1.59443712130837,TRUE,5997,"GPN1","GPN-loop GTPase 1","GPN1","Q9HCN4"
"X12543.76",143,-0.698854296848547,1.47597377659081,TRUE,5998,"ZNF560","Zinc finger protein 560","ZN560","Q96MR9"
"X3498.53",143,-0.699515698748204,1.49758572180844,TRUE,5999,"IL17A","Interleukin-17A","IL-17","Q16552"
"X14246.50",145,-0.700369857863564,1.49469484836539,TRUE,6000,"DOK2","Docking protein 2","DOK2","O60496"
"X12456.5",139,-0.700384323188989,1.59002933691562,TRUE,6001,"PFKFB3","6-phosphofructo-2-kinase/fructose-2,6-bisphosphatase 3","F263","Q16875"
"X17837.5",142,-0.700761822925945,1.54308578173319,TRUE,6002,"CLIC2","Chloride intracellular channel protein 2","CLIC2","O15247"
"X4673.13",143,-0.70113154578923,1.59879533808168,TRUE,6003,"IL6","Interleukin-6","IL-6","P05231"
"X24931.9",144,-0.701259656428107,1.50434764690209,TRUE,6004,"EPS8L3","Epidermal growth factor receptor kinase substrate 8-like protein 3","ES8L3","Q8TE67"
"X22479.64",144,-0.701870593815063,1.46673483341063,TRUE,6005,"IP6K2","Inositol hexakisphosphate kinase 2","IP6K2","Q9UHH9"
"X13693.5",146,-0.702509361418231,1.5019765805375,TRUE,6006,"CDNF","Cerebral dopamine neurotrophic factor","ARMEL","Q49AH0"
"X19213.1",146,-0.702551781850996,1.45509810766939,TRUE,6007,"SPINK4","Serine protease inhibitor Kazal-type 4","ISK4","O60575"
"X12558.3",146,-0.702601915089719,1.41711814038156,TRUE,6008,"UBASH3B","Ubiquitin-associated and SH3 domain-containing protein B","UBS3B","Q8TF42"
"X5614.44",143,-0.70313853124782,1.44696572945777,TRUE,6009,"CRH","Corticoliberin","CRH","P06850"
"X16809.1",143,-0.703732585270355,1.39987935626524,TRUE,6010,"NME4","Nucleoside diphosphate kinase, mitochondrial","NDKM","O00746"
"X11545.9",142,-0.70403965251653,1.55733536990194,TRUE,6011,"TNFRSF14","Tumor necrosis factor receptor superfamily member 14","HVEM","Q92956"
"X18190.15",145,-0.704247558721579,1.40711309138571,TRUE,6012,"CARD18","Caspase recruitment domain-containing protein 18","ICBR","P57730"
"X12511.83",145,-0.704858336253085,1.53016104990194,TRUE,6013,"SLC41A2","Solute carrier family 41 member 2","S41A2","Q96JW4"
"X15430.165",141,-0.704896625836477,1.59295214804457,TRUE,6014,"OPTC","Opticin","OPT","Q9UBM4"
"X21655.18",140,-0.705411912900284,1.50944443502812,TRUE,6015,"CEP20","LisH domain-containing protein FOPNL","FOPNL","Q96NB1"
"X2797.56",140,-0.705443173617338,1.50128915435615,TRUE,6016,"APOB","Apolipoprotein B","Apo B","P04114"
"X9037.1",144,-0.705695216773548,1.42374181912411,TRUE,6017,"STX18","Syntaxin-18","STX18","Q9P2W9"
"X25960.15",143,-0.705776969691995,1.54039479639794,TRUE,6018,"PLS3","Plastin-3","T-plastin","P13797"
"X10752.8",145,-0.706196251030937,1.36985359172312,TRUE,6019,"CDYL2","Chromodomain Y-like protein 2","CDYL2","Q8N8U2"
"X2693.20",144,-0.707515981937045,1.39858875982054,TRUE,6020,"OSM","Oncostatin-M","OSM","P13725"
"X9327.3",146,-0.708031730483709,1.58501851695228,TRUE,6021,"LYPD1","Ly6/PLAUR domain-containing protein 1","LYPD1","Q8N2G4"
"X18933.4",143,-0.708132822488133,1.54651626918447,TRUE,6022,"TGM4","Protein-glutamine gamma-glutamyltransferase 4","TGM4","P49221"
"X5364.7",146,-0.708502211647108,1.408733115396,TRUE,6023,"SET","Protein SET","SET","Q01105"
"X10430.31",141,-0.708738820124418,1.56961005771453,TRUE,6024,"SLC3A2","4F2 cell-surface antigen heavy chain:Cytoplasmic domain","4F2:CD","P08195"
"X23693.4",146,-0.708853144318169,1.52741159559416,TRUE,6025,"MKNK1","MAP kinase-interacting serine/threonine-protein kinase 1","MKNK1","Q9BUB5"
"X9326.33",145,-0.708928357016178,1.58111098353666,TRUE,6026,"ITIH2","Inter-alpha-trypsin inhibitor heavy chain H2","ITI heavy chain H2","P19823"
"X21227.18",146,-0.709304343466675,1.4264781872278,TRUE,6027,"SULT1A1","SULT 1A1*2","SULT 1A1*2","P50225"
"X13563.259",141,-0.709396366812377,1.53262093511427,TRUE,6028,"ACBD7","Acyl-CoA-binding domain-containing protein 7","ACBD7","Q8N6N7"
"X20996.107",146,-0.709551153257311,1.45420402958073,TRUE,6029,"SDHAF1","Succinate dehydrogenase assembly factor 1, mitochondrial","SDHF1","A6NFY7"
"X2943.5",146,-0.709836527077734,1.56089236467261,TRUE,6030,"CYP3A4","Cytochrome P450 3A4","Cytochrome P450 3A4","P08684"
"X6263.77",146,-0.710831479046234,1.42194992786434,TRUE,6031,"PLTP","Phospholipid transfer protein","PLTP","P55058"
"X12706.2",145,-0.710869744938331,1.45938929061254,TRUE,6032,"CDC42BPA","Serine/threonine-protein kinase MRCK alpha","MRCKA","Q5VT25"
"X23689.52",144,-0.712400069132666,1.55417450607013,TRUE,6033,"CPNE6","Copine-6","CPNE6","O95741"
"X8232.90",146,-0.712991064714298,1.50737476842547,TRUE,6034,"JAML","Junctional adhesion molecule-like","JAML1","Q86YT9"
"X11436.6",143,-0.713493003240324,1.555823187628,TRUE,6035,"INA","Alpha-internexin","AINX","Q16352"
"X12872.35",145,-0.713955589499107,1.4501265260334,TRUE,6036,"CNGA2","Cyclic nucleotide-gated olfactory channel","CNGA2","Q16280"
"X3000.66",143,-0.71408050104864,1.52943878737965,TRUE,6037,"MBL2","Mannose-binding protein C","MBL","P11226"
"X17828.3",143,-0.715328197530054,1.50655924704418,TRUE,6038,"S100A14","Protein S100-A14","S100A14","Q9HCY8"
"X6508.68",137,-0.715721303632481,1.44111066251206,TRUE,6039,"SCGB1D2","Secretoglobin family 1D member 2","SG1D2","O95969"
"X20995.47",139,-0.715856225448793,1.44253841711149,TRUE,6040,"POLR2C","DNA-directed RNA polymerase II subunit RPB3","RPB3","P19387"
"X5017.19",146,-0.716866749707877,1.55480707768628,TRUE,6041,"PRDX5","Peroxiredoxin-5, mitochondrial","Peroxiredoxin-5","P30044"
"X6274.15",144,-0.717717657367251,1.59772285355709,TRUE,6042,"WSCD2","WSC domain-containing protein 2","WSCD2","Q2TBF2"
"X13578.98",145,-0.717860847622103,1.59691394348248,TRUE,6043,"ABLIM3","Actin-binding LIM protein 3","ABLM3","O94929"
"X13734.22",144,-0.718067340040274,1.52835397205358,TRUE,6044,"IFNL1","Interferon lambda-1","IFN-lambda 1","Q8IU54"
"X3361.26",146,-0.718351464854671,1.57767247928985,TRUE,6045,"CD207","C-type lectin domain family 4 member K","CLC4K","Q9UJ71"
"X7784.1",144,-0.718926914164789,1.61876070439678,TRUE,6046,"KNG1","Kininogen-1","Kininogen, HMW","P01042"
"X24412.1",141,-0.720587920486023,1.4529920593748,TRUE,6047,"SYCE1L","Synaptonemal complex central element protein 1-like","SYC1L","A8MT33"
"X23617.15",146,-0.720657593835925,1.53480152449623,TRUE,6048,"HYPK","Huntingtin-interacting protein K","HYPK","Q9NX55"
"X5526.53",143,-0.720672523440434,1.3905053730514,TRUE,6049,"TNFRSF18","Tumor necrosis factor receptor superfamily member 18","GITR","Q9Y5U5"
"X13231.90",142,-0.721619214284966,1.59518342961087,TRUE,6050,"IGHG4","Ig gamma-4, Kappa","IgG4, Kappa","P01861"
"X21876.266",146,-0.721806801923574,1.53499965991608,TRUE,6051,"PICK1","PRKCA-binding protein","PICK1","Q9NRD5"
"X10967.12",145,-0.721852714292182,1.60064494779752,TRUE,6052,"PRL","Prolactin","PRL","P01236"
"X22141.59",142,-0.721966534211894,1.44416694960522,TRUE,6053,"PFKFB1","6-phosphofructo-2-kinase/fructose-2,6-bisphosphatase 1","F261","P16118"
"X8932.1",145,-0.722152454363291,1.54391389790733,TRUE,6054,"ENTPD6","Ectonucleoside triphosphate diphosphohydrolase 6","ENTP6","O75354"
"X7624.19",143,-0.722974442743455,1.49544281951737,TRUE,6055,"ANK2","Ankyrin-2","ANK2","Q01484"
"X2429.27",143,-0.7230975706857,1.49503847177545,TRUE,6056,"C8A|C8B|C8G","Complement component C8","C8","P07357|P07358|P07360"
"X17817.22",141,-0.723340854308577,1.54025141498551,TRUE,6057,"DDIT4","DNA damage-inducible transcript 4 protein","DDIT4","Q9NX09"
"X14005.2",146,-0.723484337219302,1.48955668722661,TRUE,6058,"CHD7","Chromodomain-helicase-DNA-binding protein 7","CHD7","Q9P2D1"
"X9486.13",145,-0.723565201473133,1.45990011009831,TRUE,6059,"DEFB125","Beta-defensin 125","DB125","Q8N687"
"X8644.46",145,-0.724124763303243,1.48952565976466,TRUE,6060,"CTSH","Cathepsin H","Cathepsin H","P09668"
"X22801.83",144,-0.724425383797602,1.62215145653323,TRUE,6061,"TERB2","Telomere repeats-binding bouquet formation protein 2","TERB2","Q8NHR7"
"X21368.46",144,-0.724547071413499,1.61780483205738,TRUE,6062,"POLR3K","DNA-directed RNA polymerase III subunit RPC10","RPC10","Q9Y2Y1"
"X13726.4",145,-0.724635998055245,1.53489246262738,TRUE,6063,"CD80","T-lymphocyte activation antigen CD80","B7","P33681"
"X3449.58",145,-0.724726543354467,1.60661602436405,TRUE,6064,"SERPINA4","Kallistatin","Kallistatin","P29622"
"X24706.73",145,-0.724990305747855,1.54789748604299,TRUE,6065,"CFDP1","Craniofacial development protein 1","CFDP1","Q9UEE9"
"X12616.45",146,-0.725728763752897,1.51412196558251,TRUE,6066,"NRBP1","Nuclear receptor-binding protein","NRBP","Q9UHY1"
"X12835.101",145,-0.726005987800005,1.48150672598883,TRUE,6067,"PYDC1","Pyrin domain-containing protein 1","PYDC1","Q8WXC3"
"X24914.10",146,-0.726095122035872,1.58765923562357,TRUE,6068,"EZH2","Enhancer of zeste homolog 2","EZH2","Q15910"
"X11494.4",142,-0.727491643001603,1.53383128891335,TRUE,6069,"ELL2","RNA polymerase II elongation factor ELL2","ELL2","O00472"
"X23255.7",144,-0.727604688972715,1.45861542902826,TRUE,6070,"RAB33A","Ras-related protein Rab-33A","Rab-33A","Q14088"
"X6368.9",145,-0.727915312587962,1.53958245189965,TRUE,6071,"CSTL1","Cystatin-like 1","CST1L","Q9H114"
"X20542.47",142,-0.728019784342286,1.53914367356892,TRUE,6072,"CALCR","Calcitonin receptor","CALCR","P30988"
"X23594.2",146,-0.728092738778831,1.41127135913112,TRUE,6073,"NR2C2AP","Nuclear receptor 2C2-associated protein","NR2CA","Q86WQ0"
"X10382.1",144,-0.728184021511513,1.46547208480076,TRUE,6074,"ANGPTL3","Angiopoietin-related protein 3","ANGL3","Q9Y5C1"
"X24654.13",145,-0.729678977546734,1.47340743118994,TRUE,6075,"HES6","Transcription cofactor HES-6","HES6","Q96HZ4"
"X13545.97",144,-0.729779699915996,1.54702838873945,TRUE,6076,"EIF1AD","Probable RNA-binding protein EIF1AD","EIF1A","Q8N9N8"
"X8935.22",146,-0.729959237820515,1.55847472294279,TRUE,6077,"ABCC6","Multidrug resistance-associated protein 6","MRP6","O95255"
"X12888.18",144,-0.730523819572142,1.55962947117338,TRUE,6078,"SAP30","Histone deacetylase complex subunit SAP30","SAP30","O75446"
"X20928.39",146,-0.730765226043061,1.63157521773631,TRUE,6079,"TCEAL7","Transcription elongation factor A protein-like 7","TCAL7","Q9BRU2"
"X22116.9",146,-0.731004323027739,1.46509589400499,TRUE,6080,"CREM","cAMP-responsive element modulator","CREM","Q03060"
"X23256.21",146,-0.731247276415396,1.52501301737129,TRUE,6081,"TLDC2","TLD domain-containing protein 2","TLDC2","A0PJX2"
"X14045.12",146,-0.732388771697087,1.57216064889662,TRUE,6082,"NCOA2","Nuclear receptor coactivator 2","NCOA2","Q15596"
"X15437.11",146,-0.732890104084316,1.57877180587914,TRUE,6083,"RAMP3","Receptor activity-modifying protein 3","RAMP3","O60896"
"X22516.30",146,-0.73390819447069,1.43591212497898,TRUE,6084,"NRL","Neural retina-specific leucine zipper protein","NRL","P54845"
"X11110.4",145,-0.733939067070314,1.56955341874498,TRUE,6085,"TMEM119","Transmembrane protein 119","TM119","Q4V9L6"
"X7951.146",145,-0.734202305755729,1.43780916916618,TRUE,6086,"FCRL2","Fc receptor-like protein 2","FCRL2","Q96LA5"
"X9123.18",144,-0.734369787417051,1.48602375444825,TRUE,6087,"CBARP","Protein Dos","DOS","Q8N350"
"X21524.14",140,-0.735862260507491,1.51265178636163,TRUE,6088,"USP5","Ubiquitin carboxyl-terminal hydrolase 5","UBP5","P45974"
"X21645.6",145,-0.735962033962361,1.44607852327958,TRUE,6089,"SNIP1","Smad nuclear-interacting protein 1","SNIP1","Q8TAD8"
"X16585.16",144,-0.736246289638319,1.60320494204984,TRUE,6090,"B3GNT4","N-acetyllactosaminide beta-1,3-N-acetylglucosaminyltransferase 4","B3GN4","Q9C0J1"
"X18900.37",146,-0.737132147360871,1.51728802240656,TRUE,6091,"HRAS","GTPase HRas","H-ras (WT)","P01112"
"X13708.56",144,-0.737191364847647,1.59975998594603,TRUE,6092,"KLK8","Kallikrein-8","kallikrein 8","O60259"
"X2723.9",141,-0.737230808751124,1.38470063565271,TRUE,6093,"IL37","Interleukin-37","IL-1F7","Q9NZH6"
"X5648.28",145,-0.737812307468216,1.50447818892352,TRUE,6094,"CTRB2","Chymotrypsinogen B2","CTRB2","Q6GPI1"
"X14245.195",146,-0.737826299897034,1.42664481381679,TRUE,6095,"SNX7","Sorting nexin-7","SNX7","Q9UNH6"
"X13745.10",146,-0.738913805537023,1.50528425662686,TRUE,6096,"PKD2","Polycystin-2:Cytoplasmic domain 4","PKD2:CD 4","Q13563"
"X23664.17",145,-0.738918534819589,1.60154763177153,TRUE,6097,"RTKN","Rhotekin","RTKN","Q9BST9"
"X12954.71",138,-0.738998198428591,1.46273500665338,TRUE,6098,"PPARA","Peroxisome proliferator-activated receptor alpha","PPARa","Q07869"
"X2585.2",145,-0.739072068153053,1.60982800562459,TRUE,6099,"PRL","Prolactin","PRL","P01236"
"X9310.2",146,-0.739122051297872,1.38023825638461,TRUE,6100,"CD8B","T-cell surface glycoprotein CD8 beta chain","CD8B","P10966"
"X14029.42",143,-0.739360272193162,1.43084154310348,TRUE,6101,"COPS2","COP9 signalosome complex subunit 2","CSN2","P61201"
"X5679.16",146,-0.739997454774034,1.52625287035289,TRUE,6102,"DEFB103A","Beta-defensin 103","HBD-3","P81534"
"X21628.6",146,-0.740140141684245,1.4795202954727,TRUE,6103,"EEF1E1","Eukaryotic translation elongation factor 1 epsilon-1","MCA3","O43324"
"X19264.6",146,-0.740614479250624,1.41504036049022,TRUE,6104,"RPA2","Replication protein A 32 kDa subunit","RFA2","P15927"
"X14756.29",143,-0.741476468198105,1.47736113204704,TRUE,6105,"ICAM2","Intercellular adhesion molecule 2","sICAM-2","P13598"
"X9823.2",140,-0.74150656621434,1.48845694829763,TRUE,6106,"DHFR","Dihydrofolate reductase","DYR","P00374"
"X10693.43",138,-0.741643357042551,1.46769929390143,TRUE,6107,"KLRG2","Killer cell lectin-like receptor subfamily G member 2:C-term","KLRG2:C-term","A4D1S0"
"X5757.45",145,-0.742434561466359,1.51439769555204,TRUE,6108,"GNAS","Neuroendocrine secretory protein 55","GNAS3","O95467"
"X11112.18",144,-0.74267322892404,1.58616365124452,TRUE,6109,"TMEM167A","Protein kish-A","KISHA","Q8TBQ9"
"X23330.12",146,-0.742831910963368,1.58965720048885,TRUE,6110,"GUCD1","Uncharacterized protein C22orf13","CV013","Q96NT3"
"X10391.1",146,-0.743086433559961,1.45956859655866,TRUE,6111,"ANGPTL3","Angiopoietin-related protein 3","ANGL3","Q9Y5C1"
"X7262.191",146,-0.743244546082087,1.41364721150061,TRUE,6112,"CHST14","Carbohydrate sulfotransferase 14","CHSTE","Q8NCH0"
"X25501.128",144,-0.743461536915638,1.44127884342109,TRUE,6113,"CLNK","Cytokine-dependent hematopoietic cell linker","CLNK","Q7Z7G1"
"X10464.6",145,-0.743604783912951,1.53449038013192,TRUE,6114,"ANTXR1","Anthrax toxin receptor 1","ANTR1","Q9H6X2"
"X15433.4",146,-0.743938698618251,1.56646262912371,TRUE,6115,"SRC","Proto-oncogene tyrosine-protein kinase Src","p60-Src","P12931"
"X14104.1",144,-0.74396797389036,1.52537108243637,TRUE,6116,"TRIL","TLR4 interactor with leucine rich repeats:Cytoplasmic domain","TRIL:CD","Q7L0X0"
"X13488.3",146,-0.743992688259952,1.40267145092068,TRUE,6117,"ARFIP1","Arfaptin-1","ARFP1","P53367"
"X17490.4",146,-0.74402739588676,1.51017266327515,TRUE,6118,"SH3BGRL3","SH3 domain-binding glutamic acid-rich-like protein 3","SH3BGRL3-like protein","Q9H299"
"X9899.28",146,-0.744069816319526,1.50958640945735,TRUE,6119,"KIF1C","Kinesin-like protein KIF1C","KIF1C","O43896"
"X7853.19",145,-0.74436306302937,1.51129886436636,TRUE,6120,"SCO1","Protein SCO1 homolog, mitochondrial","SCO1","O75880"
"X17750.8",146,-0.74473311763186,1.49079710321646,TRUE,6121,"RRM2","Ribonucleoside-diphosphate reductase subunit M2","RIR2","P31350"
"X13540.1",146,-0.745901607734402,1.59185652599991,TRUE,6122,"GPR26","G-protein coupled receptor 26","GPR26","Q8NDV2"
"X2857.70",143,-0.747017744752195,1.57339285224783,TRUE,6123,"NR3C1","Glucocorticoid receptor","Glucocorticoid receptor","P04150"
"X23028.49",146,-0.747019964598221,1.46968464244374,TRUE,6124,"SDCBP2","Syntenin-2","SDCB2","Q9H190"
"X6408.2",145,-0.748272257904506,1.56420971284042,TRUE,6125,"INHBC","Inhibin beta C chain","INHBC","P55103"
"X20159.1",146,-0.748435264491398,1.46192871018699,TRUE,6126,"NRN1L","Neuritin-like protein","NRN1L","Q496H8"
"X2687.2",146,-0.748608802625439,1.50117760546347,TRUE,6127,"MIA","Melanoma-derived growth regulatory protein","MIA","Q16674"
"X6919.3",128,-0.748975597472759,1.47490230655895,TRUE,6128,"HBZ","Hemoglobin subunit zeta","HBAZ","P02008"
"X11666.72",146,-0.74901758134118,1.44030907015705,TRUE,6129,"RGS8","Regulator of G-protein signaling 8","RGS8","P57771"
"X25956.9",146,-0.74901758134118,1.42662004274069,TRUE,6130,"RAPGEF1","Rap guanine nucleotide exchange factor 1","RPGF1","Q13905"
"X16561.9",146,-0.749997107697766,1.59394799872607,TRUE,6131,"A1BG","Alpha-1B-glycoprotein","Alpha-1B-glycoprotein","P04217"
"X22563.4",143,-0.750029755919376,1.37880968238949,TRUE,6132,"KIRREL1","Kin of IRRE-like protein 1","KIRR1","Q96J84"
"X5383.14",142,-0.750540717267743,1.60592893696914,TRUE,6133,"TNFRSF13C","Tumor necrosis factor receptor superfamily member 13C","BAFF Receptor","Q96RJ3"
"X17158.17",145,-0.750579685611593,1.47340140515302,TRUE,6134,"UBE2G1","Ubiquitin-conjugating enzyme E2 G1","UB2G1","P62253"
"X12724.81",144,-0.7507440820108,1.53189022303541,TRUE,6135,"CIRBP","Cold-inducible RNA-binding protein","CIRBP","Q14011"
"X6036.78",145,-0.751795651069911,1.41313899785927,TRUE,6136,"EPHA10","Ephrin type-A receptor 10","EPHAA","Q5JZY3"
"X7860.9",146,-0.752206826604553,1.46247855422857,TRUE,6137,"HERC4","Probable E3 ubiquitin-protein ligase HERC4","HERC4","Q5GLZ8"
"X3172.28",144,-0.752312125950072,1.50075141983581,TRUE,6138,"ARSB","Arylsulfatase B","ARSB","P15848"
"X6406.3",138,-0.752637299405409,1.63666017587319,TRUE,6139,"NMES1","Normal mucosa of esophagus-specific gene 1 protein","NMES1","Q9C002"
"X21544.4",144,-0.753783204781408,1.60385735443088,TRUE,6140,"ATL3","Atlastin-3","ATLA3","Q6DD88"
"X10070.22",146,-0.75435869946666,1.47667787677237,TRUE,6141,"PLCG2","1-phosphatidylinositol 4,5-bisphosphate phosphodiesterase gamma-2","PLCG2","P16885"
"X7265.32",145,-0.755086775859049,1.49104708626356,TRUE,6142,"OSTN","Osteocrin","OSTN","P61366"
"X4559.64",145,-0.755321933946016,1.57748141021713,TRUE,6143,"KYNU","Kynureninase","KYNU","Q16719"
"X19241.31",146,-0.755743148136008,1.63592261943958,TRUE,6144,"RBP5","Retinol-binding protein 5","RBP-III","P82980"
"X24273.43",144,-0.755889339501682,1.56869385231824,TRUE,6145,"NME8","Thioredoxin domain-containing protein 3","TXND3","Q8N427"
"X6622.90",145,-0.756011912611976,1.55960660896139,TRUE,6146,"APLN","Apelin","APEL","Q9ULZ1"
"X23967.8",146,-0.756391023836427,1.4331475299486,TRUE,6147,"PAGR1","PAXIP1-associated protein 1","PA1","Q9BTK6"
"X11547.84",141,-0.756494375287658,1.52854668700421,TRUE,6148,"MUSK","Muscle, skeletal receptor tyrosine-protein kinase","MUSK","O15146"
"X9495.10",145,-0.756933591058866,1.50308792327434,TRUE,6149,"CXCL17","C-X-C motif chemokine 17","VCC1","Q6UXB2"
"X8028.22",145,-0.75749213141666,1.53975271573924,TRUE,6150,"SPINK5","Serine protease inhibitor Kazal-type 5","SPINK5","Q9NQ38"
"X16768.3",140,-0.758141304751928,1.58506692481666,TRUE,6151,"JUP","Junction plakoglobin","PLAK","P14923"
"X21786.25",143,-0.75842347306274,1.49640631223336,TRUE,6152,"CDKL2","Cyclin-dependent kinase-like 2","CDKL2","Q92772"
"X24494.67",146,-0.759001808652997,1.42552932267116,TRUE,6153,"KATNAL1","Katanin p60 ATPase-containing subunit A-like 1","KATL1","Q9BW62"
"X21393.62",145,-0.75936649909258,1.48151036931143,TRUE,6154,"AHCY","Adenosylhomocysteinase","SAHH","P23526"
"X23607.1",145,-0.760641533128754,1.58187389645005,TRUE,6155,"C16orf71","Uncharacterized protein C16orf71","CP071","Q8IYS4"
"X23269.40",146,-0.760675487545747,1.61082266447693,TRUE,6156,"CMTM4","CKLF-like MARVEL transmembrane domain-containing protein 4","CKLF4","Q8IZR5"
"X12694.28",145,-0.760736486140691,1.44198732284029,TRUE,6157,"DIMT1","Probable dimethyladenosine transferase","DIM1","Q9UNQ2"
"X23679.43",142,-0.760949478775888,1.48265976058755,TRUE,6158,"DSCC1","Sister chromatid cohesion protein DCC1","DCC1","Q9BVC3"
"X20922.4",145,-0.761508088041352,1.60003172208514,TRUE,6159,"PFN4","Profilin-4","PROF4","Q8NHR9"
"X25074.119",146,-0.761535465409993,1.48711939602157,TRUE,6160,"GK5","Putative glycerol kinase 5","GLPK5","Q6ZS86"
"X11380.84",144,-0.761612881184259,1.60760283676821,TRUE,6161,"RBM24","RNA-binding protein 24","RBM24","Q9BX46"
"X3894.15",145,-0.761858458292162,1.41148018493135,TRUE,6162,"NAGK","N-acetyl-D-glucosamine kinase","NAGK","Q9UJ70"
"X21533.51",145,-0.762684707489474,1.5498026271229,TRUE,6163,"LSP1","Lymphocyte-specific protein 1","LSP1","P33241"
"X13042.7",146,-0.762715524721471,1.62589130668949,TRUE,6164,"KCNA10","Potassium voltage-gated channel subfamily A member 10","KCA10","Q16322"
"X12463.7",146,-0.76292377048232,1.55786932676103,TRUE,6165,"KLHL13","Kelch-like protein 13","KLH13","Q9P2N7"
"X4987.17",144,-0.763180900129623,1.57732594715721,TRUE,6166,"FCAR","Immunoglobulin alpha Fc receptor","FCAR","P24071"
"X16785.45",140,-0.764188739983904,1.36932179386373,TRUE,6167,"DEFA5","Defensin-5","HD-5","Q01523"
"X13639.101",146,-0.764886679598471,1.49797557704162,TRUE,6168,"USO1","General vesicular transport factor p115","USO1","O60763"
"X22385.2",145,-0.76489322544008,1.45086736535322,TRUE,6169,"PWWP3A","PWWP domain-containing protein MUM1","MUM1","Q2TAK8"
"X25951.17",130,-0.765019187960067,1.52270449112009,TRUE,6170,"PRAME","Preferentially expressed antigen of melanoma","PRAME","P78395"
"X23393.56",144,-0.765398629000006,1.59926301260717,TRUE,6171,"ABHD5","1-acylglycerol-3-phosphate O-acyltransferase ABHD5","ABHD5","Q8WTS1"
"X17672.184",145,-0.765408939970435,1.55132310904677,TRUE,6172,"CBLIF","Gastric intrinsic factor","Gastric intrinsic factor","P27352"
"X25059.18",146,-0.766089877327821,1.43944069954265,TRUE,6173,"HDAC6","Histone deacetylase 6","HDAC6","Q9UBN7"
"X13541.1",146,-0.766760891446113,1.59215991916834,TRUE,6174,"MYCT1","Myc target protein 1","MYCT1","Q8N699"
"X9735.44",138,-0.766856568747217,1.5354544906044,TRUE,6175,"CD96","T-cell surface protein tactile","TACT","P40200"
"X16551.14",146,-0.766938285983132,1.45837055396599,TRUE,6176,"STAT5B","Signal transducer and activator of transcription 5B","STA5B","P51692"
"X9786.310",146,-0.766969137206961,1.46934434487813,TRUE,6177,"IER3","Radiation-inducible immediate-early gene IEX-1","IEX1","P46695"
"X17435.43",146,-0.767536028444828,1.52516572222478,TRUE,6178,"ETFA","Electron transfer flavoprotein subunit alpha, mitochondrial","ETFA","P13804"
"X13532.25",145,-0.768062310912874,1.58696408908257,TRUE,6179,"CNEP1R1","Nuclear envelope phosphatase-regulatory subunit 1","NEPR1","Q8N9A8"
"X24904.121",141,-0.768372515188232,1.60414011213847,TRUE,6180,"STXBP4","Syntaxin-binding protein 4","STXB4","Q6ZWJ1"
"X22057.9",146,-0.768650528905668,1.54622359477259,TRUE,6181,"ALDH1B1","Aldehyde dehydrogenase X, mitochondrial","AL1B1","P30837"
"X12644.63",146,-0.768662098114605,1.53979169840708,TRUE,6182,"ADSS2","Adenylosuccinate synthetase isozyme 2","PURA2","P30520"
"X13944.3",144,-0.76902052677484,1.61059701416195,TRUE,6183,"SULT1A3","Sulfotransferase 1A3","SULT 1A3","P0DMM9"
"X16851.50",145,-0.769235463050629,1.54150986625785,TRUE,6184,"SCO2","Protein SCO2 homolog, mitochondrial","SCO2","O43819"
"X9930.48",141,-0.769728237019277,1.39563741670122,TRUE,6185,"GABBR2","Gamma-aminobutyric acid type B receptor subunit 2:Cytoplasmic domain","GABR2:CD","O75899"
"X10045.47",146,-0.769919285485656,1.41665633218608,TRUE,6186,"CUL3","Cullin-3","CUL3","Q13618"
"X5668.49",138,-0.770076676119887,1.50717959025272,TRUE,6187,"AGR3","Anterior gradient protein 3","AGR3","Q8TD06"
"X10457.3",145,-0.770081864760754,1.56467326643982,TRUE,6188,"IL18RAP","Interleukin-18 receptor accessory protein","IL-18 Rb","O95256"
"X4995.16",145,-0.770117748024739,1.53025069089909,TRUE,6189,"HPGD","15-hydroxyprostaglandin dehydrogenase [NAD(+)]","HPG-","P15428"
"X7743.5",146,-0.770370484634162,1.52086728511373,TRUE,6190,"TIMM50","Mitochondrial import inner membrane translocase subunit TIM50","TIM50","Q3ZCQ8"
"X10342.55",146,-0.770659714857564,1.55278022344124,TRUE,6191,"PIAS4","E3 SUMO-protein ligase PIAS4","PIAS4","Q8N2W9"
"X23268.15",145,-0.770692061342472,1.37027895519358,TRUE,6192,"FRG1","Protein FRG1","FRG1","Q14331"
"X19193.18",144,-0.770901578395238,1.57070790157763,TRUE,6193,"VBP1","Prefoldin subunit 3","PFD3","P61758"
"X25895.29",143,-0.771092372823966,1.49108705126459,TRUE,6194,"CASP5","Caspase-5","Caspase-5","P51878"
"X5765.53",144,-0.771580847035937,1.47633912702154,TRUE,6195,"DEFB121","Beta-defensin 121","DB121","Q5J5C9"
"X23379.60",142,-0.771790363177959,1.61850228250158,TRUE,6196,"C16orf72","UPF0472 protein C16orf72","CP072","Q14CZ0"
"X11692.21",146,-0.771793497333297,1.54727314898224,TRUE,6197,"SHC4","SHC-transforming protein 4","SHC4","Q6S5L8"
"X13933.276",145,-0.771869150232367,1.56419782015295,TRUE,6198,"NAB1","NGFI-A-binding protein 1","NAB1","Q13506"
"X14100.63",145,-0.77197150578801,1.66916905977343,TRUE,6199,"C1QC","Complement C1q subcomponent subunit C","C1QC","P02747"
"X12343.14",146,-0.772348819362228,1.52702298563952,TRUE,6200,"ACAP2","Arf-GAP with coiled-coil, ANK repeat and PH domain-containing protein 2","CENB2","Q15057"
"X3173.49",144,-0.772685709003141,1.52172263217599,TRUE,6201,"NAAA","N-acylethanolamine-hydrolyzing acid amidase","ASAHL","Q02083"
"X10630.5",142,-0.773042213494402,1.50741185397422,TRUE,6202,"HTATIP2","Oxidoreductase HTATIP2","HTAI2","Q9BUP3"
"X13112.179",146,-0.773872098538809,1.55202104690583,TRUE,6203,"FSTL1","Follistatin-related protein 1","FSTL1","Q12841"
"X17725.37",146,-0.773887524150724,1.57303597152954,TRUE,6204,"USH1C","Harmonin","USH1C","Q9Y6N9"
"X10047.12",142,-0.775024835165756,1.53039796642421,TRUE,6205,"NCF2","Neutrophil cytosol factor 2","NCF-2","P19878"
"X7178.59",146,-0.775241121596242,1.52674287667018,TRUE,6206,"DEPP1","Protein DEPP","DEPP","Q9NTK1"
"X17447.52",145,-0.775585444252637,1.63281273720077,TRUE,6207,"SFRP4","Secreted frizzled-related protein 4","SFRP4","Q6FHJ7"
"X22120.4",143,-0.775746618591947,1.48466641120567,TRUE,6208,"DCAF11","DDB1- and CUL4-associated factor 11","DCA11","Q8TEB1"
"X3374.49",143,-0.776013855997767,1.55580353585578,TRUE,6209,"HCK","Tyrosine-protein kinase HCK","HCK","P08631"
"X8653.132",145,-0.77614884043194,1.55844609021674,TRUE,6210,"DNAJC4","DnaJ homolog subfamily C member 4:C-term","DNJC4:C-term","Q9NNZ3"
"X18404.22",146,-0.776783682787717,1.45658146845579,TRUE,6211,"ANKRD54","Ankyrin repeat domain-containing protein 54","ANR54","Q6NXT1"
"X25967.34",145,-0.776798403256475,1.47669203171384,TRUE,6212,"TIMP1","Metalloproteinase inhibitor 1","TIMP-1","P01033"
"X12347.29",144,-0.777091811613863,1.6218827760929,TRUE,6213,"CCM2","Cerebral cavernous malformations 2 protein","CCM2","Q9BSQ5"
"X14318.1",135,-0.777102982675652,1.58150027079886,TRUE,6214,"VPS29","Vacuolar protein sorting-associated protein 29","VPS29","Q9UBQ0"
"X24436.23",146,-0.777107620637926,1.5612170516416,TRUE,6215,"DLGAP4","Disks large-associated protein 4","DLGP4","Q9Y2H0"
"X20390.4",146,-0.778179700666001,1.58333078591966,TRUE,6216,"HMGN3","High mobility group nucleosome-binding domain-containing protein 3","HMGN3","Q15651"
"X23558.33",144,-0.778201593260396,1.62005063767187,TRUE,6217,"METTL2B","Methyltransferase-like protein 2B","MET2B","Q6P1Q9"
"X12560.9",140,-0.778915462402463,1.58951067711572,TRUE,6218,"NT5C","5'(3')-deoxyribonucleotidase, cytosolic type","NT5C","Q8TCD5"
"X8418.30",145,-0.779604868187697,1.4815248422765,TRUE,6219,"CTNNB1","Catenin beta-1","b-Catenin","P35222"
"X25126.19",145,-0.780026100666689,1.55014530861817,TRUE,6220,"HECW2","E3 ubiquitin-protein ligase HECW2","HECW2","Q9P2P5"
"X21457.141",145,-0.780187507504434,1.52067171192287,TRUE,6221,"COQ10A","Coenzyme Q-binding protein COQ10 homolog A, mitochondrial","CQ10A","Q96MF6"
"X4831.4",144,-0.780740925332701,1.55151274490457,TRUE,6222,"SELL","L-Selectin","sL-Selectin","P14151"
"X11715.1",146,-0.780952454407676,1.61938172707647,TRUE,6223,"POU2F1","POU domain, class 2, transcription factor 1","PO2F1","P14859"
"X21146.187",146,-0.78146921240682,1.4028111615831,TRUE,6224,"TULP1","Tubby-related protein 1","TULP1","O00294"
"X3518.54",146,-0.781743017018306,1.62577984950923,TRUE,6225,"CPB2","Carboxypeptidase B2","TAFI","Q96IY4"
"X20367.6",144,-0.781858740542007,1.61460450355219,TRUE,6226,"IL4I1","L-amino-acid oxidase","OXLA","Q96RQ9"
"X21836.9",134,-0.781992128851401,1.61597497917627,TRUE,6227,"SSTR1","Somatostatin receptor type 1","SSR1","P30872"
"X22799.17",146,-0.783135178493612,1.58554344702929,TRUE,6228,"TBC1D28","TBC1 domain family member 28","TBC28","Q2M2D7"
"X7962.11",144,-0.78318468470279,1.46367235357392,TRUE,6229,"SPINK8","Serine protease inhibitor Kazal-type 8","ISK8","P0C7L1"
"X7911.29",145,-0.783345209178913,1.57523462823709,TRUE,6230,"SCN4B","Sodium channel subunit beta-4","SCN4B","Q8IWT1"
"X13432.9",144,-0.783461584065692,1.5317247841738,TRUE,6231,"ZFYVE27","Protrudin:Cytoplasmic domain, region 1, isoform 6","ZFY27:CD region 1","Q5T4F4"
"X15522.2",146,-0.783837043835733,1.61773071838945,TRUE,6232,"GLIPR2","Golgi-associated plant pathogenesis-related protein 1","GAPR1","Q9H4G4"
"X6027.31",144,-0.783872426370844,1.58389958376187,TRUE,6233,"RLN3","Relaxin-3","REL3","Q8WXF3"
"X23650.2",145,-0.784529745114983,1.46259625661952,TRUE,6234,"DMTN","Dematin","Dematin","Q08495"
"X21717.44",144,-0.785053678299979,1.51574270566651,TRUE,6235,"UBE2Q2","Ubiquitin-conjugating enzyme E2 Q2","UB2Q2","Q8WVN8"
"X14685.17",143,-0.785253437307614,1.52308227632607,TRUE,6236,"AKT2","RAC-beta serine/threonine-protein kinase","PKB beta","P31751"
"X13719.19",145,-0.786474500672201,1.49859367905945,TRUE,6237,"PAK4","Serine/threonine-protein kinase PAK 4","PAK4","O96013"
"X3710.49",146,-0.786528813114855,1.61928412694954,TRUE,6238,"PLG","Angiostatin","Angiostatin","P00747"
"X10010.10",144,-0.786734191460927,1.58718745236752,TRUE,6239,"BECN1","Beclin-1","BECN1","Q14457"
"X21526.88",143,-0.786873740503757,1.51439789183403,TRUE,6240,"IZUMO1","Izumo sperm-egg fusion protein 1","sperm-egg fusion protein 1","Q8IYV9"
"X2278.61",145,-0.787553170758593,1.47235681153833,TRUE,6241,"TIMP2","Metalloproteinase inhibitor 2","TIMP-2","P16035"
"X25115.21",145,-0.787990567560439,1.49865686481299,TRUE,6242,"FHOD1","FH1/FH2 domain-containing protein 1","FHOD1","Q9Y613"
"X10449.31",143,-0.788079959449781,1.43941199594014,TRUE,6243,"SHISA2","Protein shisa-2 homolog","TMM46","Q6UWI4"
"X11227.31",144,-0.788397770069575,1.62286858160879,TRUE,6244,"TBL2","Transducin beta-like protein 2","TBL2","Q9Y4P3"
"X8400.74",145,-0.788706639135647,1.66048619908097,TRUE,6245,"GRP","Gastrin-releasing peptide","Gastrin-releasing peptide","P07492"
"X23411.108",142,-0.789041951432158,1.58862933454528,TRUE,6246,"PNMA2","Paraneoplastic antigen Ma2","PNMA2","Q9UL42"
"X18158.45",145,-0.790698635718546,1.4648774189235,TRUE,6247,"CASP8","Caspase-8","Caspase-8","Q14790"
"X25244.9",146,-0.790713010346729,1.45388021634941,TRUE,6248,"HECTD3","Probable E3 ubiquitin-protein ligase HECTD3","HECD3","Q5T447"
"X17703.40",144,-0.79090223977331,1.47239237115918,TRUE,6249,"GMNN","Geminin","GEMI","O75496"
"X6413.79",145,-0.79115923571894,1.55627769605356,TRUE,6250,"LIPK","Lipase member K","LIPK","Q5VXJ0"
"X10442.1",143,-0.791769701024221,1.54006364358046,TRUE,6251,"TMEM190","Transmembrane protein 190","TM190","Q8WZ59"
"X6291.55",141,-0.791974037428233,1.44012442474169,TRUE,6252,"CLSTN3","Calsyntenin-3","Alcadein-beta","Q9BQT9"
"X25263.4",141,-0.792122720977178,1.46693276833411,TRUE,6253,"ARHGAP24","Rho GTPase-activating protein 24","RHG24","Q8N264"
"X3616.3",144,-0.792324666294208,1.42199953426936,TRUE,6254,"GNS","N-acetylglucosamine-6-sulfatase","GNS","P15586"
"X7059.14",145,-0.792588276745802,1.44162289187354,TRUE,6255,"LILRA6","Leukocyte immunoglobulin-like receptor subfamily A member 6","LIRA6","Q6PI73"
"X25419.59",144,-0.792720644535057,1.53433197134285,TRUE,6256,"SPANXN4","Sperm protein associated with the nucleus on the X chromosome N4","SPXN4","Q5MJ08"
"X7786.83",145,-0.793163042558259,1.4624702498467,TRUE,6257,"CLEC2B","C-type lectin domain family 2 member B","CLC2B","Q92478"
"X23257.14",138,-0.793412886520256,1.40175923790183,TRUE,6258,"COMMD10","COMM domain-containing protein 10","COMDA","Q9Y6G5"
"X5355.69",146,-0.793601456177765,1.42321656140406,TRUE,6259,"TNFSF14","Tumor necrosis factor ligand superfamily member 14","LIGHT","O43557"
"X22786.57",146,-0.793871404386273,1.5952498147112,TRUE,6260,"SPATA46","Spermatogenesis-associated protein 46","SPT46","Q5T0L3"
"X18282.1",146,-0.794715956638605,1.56520008899672,TRUE,6261,"GNG11","Guanine nucleotide-binding protein G(I)/G(S)/G(O) subunit gamma-11","GBG11","P61952"
"X13652.2",146,-0.794916489593496,1.42137325509479,TRUE,6262,"TOM1L1","TOM1-like protein 1","TM1L1","O75674"
"X23039.56",145,-0.794997569055554,1.57177887038196,TRUE,6263,"MEOX2","Homeobox protein MOX-2","MEOX2","P50222"
"X11371.1",144,-0.795033702174865,1.5652549547504,TRUE,6264,"GPR101","Probable G-protein coupled receptor 101","GP101","Q96P66"
"X8791.151",144,-0.79574471505829,1.43998214365845,TRUE,6265,"CA5A","Carbonic anhydrase 5A, mitochondrial","Carbonic Anhydrase VA","P35218"
"X13375.48",145,-0.795800666492137,1.51314964423309,TRUE,6266,"SYNGR3","Synaptogyrin-3","SNG3","O43761"
"X24216.30",146,-0.796115830919868,1.63963675766513,TRUE,6267,"AAMDC","Mth938 domain-containing protein","AAMDC","Q9H7C9"
"X25217.35",143,-0.796900459267225,1.57051663330726,TRUE,6268,"SPANXA1","Sperm protein associated with the nucleus on the X chromosome A","SPANXA","Q9NS26"
"X23241.27",145,-0.797131688036627,1.49830375175418,TRUE,6269,"TIMM10B","Mitochondrial import inner membrane translocase subunit Tim10 B","T10B","Q9Y5J6"
"X5437.63",146,-0.797322885052196,1.62996445221181,TRUE,6270,"FABP3","Fatty acid-binding protein, heart","FABP","P05413"
"X12842.43",144,-0.797614932595921,1.51704456085488,TRUE,6271,"STX10","Syntaxin-10","STX10","O60499"
"X4245.80",146,-0.798082596438997,1.53042196465208,TRUE,6272,"MDM2","E3 ubiquitin-protein ligase Mdm2","MDM2","Q00987"
"X7066.199",145,-0.798300504101112,1.64842743041742,TRUE,6273,"FAM209B","Protein FAM209B","F209B","Q5JX69"
"X3055.54",142,-0.798375755797504,1.52739112138021,TRUE,6274,"IL4R","Interleukin-4 receptor subunit alpha","IL-4 sR","P24394"
"X3122.6",144,-0.79869130254786,1.43633175777322,TRUE,6275,"DIABLO","Diablo homolog, mitochondrial","SMAC","Q9NR28"
"X21210.33",146,-0.799185527690902,1.5559084518424,TRUE,6276,"POLB","DNA polymerase beta","DPOLB","P06746"
"X13694.24",143,-0.799321975464705,1.5086246093298,TRUE,6277,"CRLF2","Cytokine receptor-like factor 2","TSLP R","Q9HC73"
"X23226.42",144,-0.799527325490259,1.58829075177019,TRUE,6278,"ATP5PB","ATP synthase B chain, mitochondrial","AT5F1","P24539"
"X9607.39",144,-0.800045418645359,1.56452089999174,TRUE,6279,"PRR27","Proline-rich protein 27","CD040","Q6MZM9"
"X8762.38",144,-0.800143087966945,1.53911901517504,TRUE,6280,"CD70","CD70 antigen","CD70","P32970"
"X23264.42",144,-0.800551856637855,1.64380790828697,TRUE,6281,"MED10","Mediator of RNA polymerase II transcription subunit 10","MED10","Q9BTT4"
"X24634.1",144,-0.800625006280208,1.48941121891097,TRUE,6282,"RIPPLY3","Protein ripply3","DSCR6","P57055"
"X6400.33",146,-0.801032744717692,1.50307004895195,TRUE,6283,"TP53I13","Tumor protein p53-inducible protein 13","P5I13","Q8NBR0"
"X12987.12",145,-0.801056622194578,1.6097045301279,TRUE,6284,"SRSF7","Serine/arginine-rich splicing factor 7","SRSF7","Q16629"
"X22821.50",137,-0.801100124388269,1.6339930086057,TRUE,6285,"UNG","Uracil-DNA glycosylase","UNG","P13051"
"X12925.105",146,-0.801622774373431,1.41030609946541,TRUE,6286,"AXIN2","Axin-2","AXIN2","Q9Y2T1"
"X18267.74",144,-0.802595272881468,1.64634902594911,TRUE,6287,"CARD17","Caspase recruitment domain-containing protein 17","CAR17","Q5XLA6"
"X14331.262",142,-0.802856573997422,1.45142663638104,TRUE,6288,"DYNLT1","Dynein light chain Tctex-type 1","DYLT1","P63172"
"X3356.50",146,-0.803369724922775,1.60572269187685,TRUE,6289,"CA7","Carbonic anhydrase 7","Carbonic anhydrase VII","P43166"
"X8458.16",144,-0.803562743923761,1.49267714525133,TRUE,6290,"SNCA","Alpha-synuclein","a-Synuclein","P37840"
"X23704.11",146,-0.803790072847452,1.59212877089997,TRUE,6291,"C2CD2L","Transmembrane protein 24","TMM24","O14523"
"X5664.57",146,-0.803813211265324,1.38885947116099,TRUE,6292,"DEFB106A","Beta-defensin 106","D106A","Q8N104"
"X25288.16",143,-0.803890022121987,1.61693596540063,TRUE,6293,"FMO3","Dimethylaniline monooxygenase [N-oxide-forming] 3","FMO3","P31513"
"X3450.4",142,-0.803929623070555,1.45856261703032,TRUE,6294,"KLK6","Kallikrein-6","Kallikrein 6","Q92876"
"X14105.5",145,-0.8039812374393,1.6044319326522,TRUE,6295,"SERPINA4","Kallistatin","Kallistatin","P29622"
"X2858.29",146,-0.804943137338079,1.54754870456745,TRUE,6296,"HAT1","Histone acetyltransferase type B catalytic subunit","Hat1","O14929"
"X17770.42",145,-0.805000856243591,1.45624833420016,TRUE,6297,"EMC8","ER membrane protein complex subunit 8","EMC8","O43402"
"X22491.10",140,-0.805496995197565,1.45458824368097,TRUE,6298,"LDB2","LIM domain-binding protein 2","LDB2","O43679"
"X12737.12",144,-0.805709852973095,1.54102350570616,TRUE,6299,"PLS1","Plastin-1","PLSI","Q14651"
"X8303.102",138,-0.80579429521313,1.40699120589424,TRUE,6300,"MYG1","UPF0160 protein MYG1, mitochondrial","MYG1","Q9HB07"
"X19159.9",144,-0.805845729651081,1.61637869869356,TRUE,6301,"POLD4","DNA polymerase delta subunit 4","DNA polymerase subunit delta 4","Q9HCU8"
"X2192.63",146,-0.806254314350832,1.57445943083975,TRUE,6302,"CCL27","C-C motif chemokine 27","CTACK","Q9Y4X3"
"X3622.33",143,-0.806426854969947,1.47274084168352,TRUE,6303,"LGMN","Legumain","LGMN","Q99538"
"X11352.42",144,-0.806791439659001,1.54966311045062,TRUE,6304,"TTN","Titin","TITIN","Q8WZ42"
"X9116.28",146,-0.806909902857209,1.5606173330679,TRUE,6305,"HEPACAM2","HEPACAM family member 2:Isoform 1, Cytoplasmic domain","HECA2:CD","A8MVW5"
"X12822.34",145,-0.806981422503218,1.64564398965787,TRUE,6306,"APBB1","Amyloid beta A4 precursor protein-binding family B member 1:Phosphotyrosine Interaction Domain 1","APBB1:PID 1","O00213"
"X8480.29",146,-0.807577060572522,1.43109996828394,TRUE,6307,"EFEMP1","EGF-containing fibulin-like extracellular matrix protein 1","FBLN3","Q12805"
"X4480.59",146,-0.807750598706562,1.64367471480905,TRUE,6308,"C3","Complement C3b","C3b","P01024"
"X14250.115",145,-0.807921926331557,1.51494677139394,TRUE,6309,"BLMH","Bleomycin hydrolase","BLMH","Q13867"
"X21355.4",142,-0.807954764559424,1.50646044111563,TRUE,6310,"USF1","Upstream stimulatory factor 1","USF1","P22415"
"X12423.38",144,-0.808486436733562,1.42480096723965,TRUE,6311,"A1CF","APOBEC1 complementation factor","A1CF","Q9NQ94"
"X11089.7",146,-0.80884196074953,1.59060473463584,TRUE,6312,"IGHA1|IGHA2","Immunoglobulin A","IgA","P01876|P01877"
"X23631.1",146,-0.809003929674635,1.51984741673935,TRUE,6313,"GALK2","N-acetylgalactosamine kinase","GALK2","Q01415"
"X9926.4",146,-0.809123478166974,1.50235318680931,TRUE,6314,"S100P","Protein S100-P","S100P","P25815"
"X15582.25",144,-0.810276187356435,1.4034375976406,TRUE,6315,"FCN1","Ficolin-1","FCN1","O00602"
"X19590.46",146,-0.810465506403557,1.52997748122309,TRUE,6316,"SFTPD","Pulmonary surfactant-associated protein D","SP-D","P35247"
"X11118.107",146,-0.810997690014616,1.59880109906062,TRUE,6317,"RAB17","Ras-related protein Rab-17","RAB17","Q9H0T7"
"X6234.74",146,-0.811055536059296,1.52819386041254,TRUE,6318,"VIT","Vitrin","VITRN","Q6UXI7"
"X18160.2",146,-0.811653278520992,1.58592995097168,TRUE,6319,"PCMT1","Protein-L-isoaspartate(D-aspartate) O-methyltransferase","PIMT","P22061"
"X23288.28",146,-0.812031206012903,1.5244648132603,TRUE,6320,"LRRC20","Leucine-rich repeat-containing protein 20","LRC20","Q8TCA0"
"X9032.30",143,-0.812484737296814,1.59491195980413,TRUE,6321,"ROS1","Proto-oncogene tyrosine-protein kinase ROS","ROS1","P08922"
"X8071.114",144,-0.812815643244004,1.5834073141003,TRUE,6322,"PCDHB7","Protocadherin beta-7","PCDB7","Q9Y5E2"
"X3628.3",146,-0.812902753086086,1.64669430881784,TRUE,6323,"MAP2K2","Dual specificity mitogen-activated protein kinase kinase 2","MP2K2","P36507"
"X25287.7",146,-0.813535203174591,1.51592496433457,TRUE,6324,"EIF4G1","Eukaryotic translation initiation factor 4 gamma 1","IF4G1","Q04637"
"X11567.23",143,-0.813633546618291,1.49109992106265,TRUE,6325,"ZNF10","Zinc finger protein 10","ZNF10","P21506"
"X9898.161",146,-0.813793582174163,1.50859921191372,TRUE,6326,"ARID1A","AT-rich interactive domain-containing protein 1A","ARI1A","O14497"
"X6973.111",145,-0.813886472165249,1.53503512831615,TRUE,6327,"IGF2","Insulin-like growth factor II:Isoform 3, Pro-form","IGF-II:Pro-form","P01344"
"X8369.102",145,-0.814260462882406,1.44908249133071,TRUE,6328,"DAG1","Dystroglycan","DAG1","Q14118"
"X13464.8",146,-0.814275632546499,1.44523395414495,TRUE,6329,"NRAC","Nutritionally-regulated adipose and cardiac enriched protein homolog","NRAC","Q8N912"
"X16857.2",146,-0.814695980471175,1.49466234583955,TRUE,6330,"RAB2A","Ras-related protein Rab-2A","RAB2A","P61019"
"X20128.1",145,-0.815000206679487,1.5429694755393,TRUE,6331,"CREB1","cAMP response element-binding protein","CREB1","P16220"
"X15322.35",146,-0.81562151718606,1.43159112675749,TRUE,6332,"CRADD","Death domain-containing protein CRADD","CRADD","P78560"
"X8974.172",146,-0.815802768126058,1.38477068213193,TRUE,6333,"COL15A1","Collagen alpha-1(XV) chain","COFA1","P39059"
"X11615.16",145,-0.815850545141753,1.52035935150229,TRUE,6334,"DAPP1","Dual adapter for phosphotyrosine and 3-phosphotyrosine and 3-phosphoinositide","DAPP1","Q9UN19"
"X9257.14",145,-0.81641386206435,1.64225086622212,TRUE,6335,"TACO1","Translational activator of cytochrome c oxidase 1","TACO1","Q9BSH4"
"X10561.5",145,-0.816815409992245,1.51844489081181,TRUE,6336,"PGLYRP3","Peptidoglycan recognition protein 3","PGRP-I-alpha","Q96LB9"
"X22144.65",142,-0.817082474053954,1.65510524336584,TRUE,6337,"FBXO48","F-box only protein 48","FBX48","Q5FWF7"
"X25242.12",144,-0.817915810881964,1.52833224739684,TRUE,6338,"CATIP","Ciliogenesis-associated TTC17-interacting protein","CATIP","Q7Z7H3"
"X3081.70",146,-0.818182168763907,1.54642918805792,TRUE,6339,"ULBP1","NKG2D ligand 1","ULBP-1","Q9BZM6"
"X12382.2",146,-0.818749060001774,1.60735167282556,TRUE,6340,"DDX58","Probable ATP-dependent RNA helicase DDX58","DDX58","O95786"
"X8065.245",145,-0.818977395302695,1.56008113182416,TRUE,6341,"PATE4","Prostate and testis expressed protein 4","PATE4","P0C8F1"
"X10419.1",145,-0.819102658483487,1.48536324159935,TRUE,6342,"SCARA5","Scavenger receptor class A member 5","SCAR5","Q6ZMJ2"
"X21331.19",146,-0.819431643329001,1.66234668944904,TRUE,6343,"BCL7A","B-cell CLL/lymphoma 7 protein family member A","BCL7A","Q4VC05"
"X24247.13",144,-0.819917080827102,1.56061867858309,TRUE,6344,"C15orf40","UPF0235 protein C15orf40","CO040","Q8WUR7"
"X25055.56",145,-0.820401784132558,1.53430085046374,TRUE,6345,"OSBP","Oxysterol-binding protein 1","OSBP1","P22059"
"X17685.9",144,-0.820420582159021,1.49556510325538,TRUE,6346,"APOA4","Apolipoprotein A-IV","Apo A-IV","P06727"
"X21452.3",143,-0.820442153347958,1.53852252683265,TRUE,6347,"DNM1L","Dynamin-1-like protein","DNM1L","O00429"
"X3445.53",145,-0.820685229728719,1.60719883737531,TRUE,6348,"IL15RA","Interleukin-15 receptor subunit alpha","IL-15 Ra","Q13261"
"X21106.206",144,-0.821563146228188,1.57454183020798,TRUE,6349,"CETN1","Centrin-1","CETN1","Q12798"
"X12968.2",144,-0.822493483630196,1.46045689595743,TRUE,6350,"CSRP2","Cysteine and glycine-rich protein 2","CSRP2","Q16527"
"X8273.84",143,-0.822687918505887,1.59867453129721,TRUE,6351,"IL31RA","Interleukin-31 receptor subunit alpha","IL31R","Q8NI17"
"X9378.6",146,-0.823033523711094,1.49890133665426,TRUE,6352,"FIBCD1","Fibrinogen C domain-containing protein 1","FBCD1","Q8N539"
"X17152.10",145,-0.823050864806027,1.54399200294295,TRUE,6353,"KIR2DS4","Killer cell immunoglobulin-like receptor 2DS4","KI2S4","P43632"
"X20543.19",144,-0.823205263729064,1.57821834913707,TRUE,6354,"DEFB127","Beta-defensin 127","DB127","Q9H1M4"
"X12936.38",143,-0.823734142147105,1.57742341416226,TRUE,6355,"RLBP1","Retinaldehyde-binding protein 1","RLBP1","P12271"
"X3477.63",145,-0.82416102890954,1.54565169836741,TRUE,6356,"NTRK1","High affinity nerve growth factor receptor","TrkA","P04629"
"X17811.78",145,-0.824464504344197,1.54441689502986,TRUE,6357,"SULT1C2","Sulfotransferase 1C2","ST1C2","O00338"
"X25901.3",146,-0.824641643753206,1.57968511562128,TRUE,6358,"CRTC3","CREB-regulated transcription coactivator 3","CRTC3","Q6UUV7"
"X3342.76",143,-0.824925097475888,1.47384539001642,TRUE,6359,"ABL2","Abelson tyrosine-protein kinase 2","ABL2","P42684"
"X6395.58",145,-0.824979873354684,1.56388229330909,TRUE,6360,"GPHA2","Glycoprotein hormone alpha-2","GPHA2","Q96T91"
"X20127.102",135,-0.82616988375553,1.59515970172838,TRUE,6361,"HEPH","Hephaestin","HEPH","Q9BQS7"
"X18195.3",145,-0.826231760535241,1.42688258092916,TRUE,6362,"LTO1","Oral cancer-overexpressed protein 1","ORAV1","Q8WV07"
"X15343.337",129,-0.826572144198944,1.58390330618958,TRUE,6363,"KNG1","Kininogen, HMW, Two Chain","Kininogen, HMW, Two Chain","P01042"
"X25481.66",141,-0.826735312061824,1.56072644617754,TRUE,6364,"ATXN10","Ataxin-10","ATX10","Q9UBB4"
"X3194.36",141,-0.826834896754278,1.46075898305113,TRUE,6365,"GP6","Platelet glycoprotein VI","GPVI","Q9HCN6"
"X23589.21",145,-0.826976147265734,1.52144768180995,TRUE,6366,"PPP1R27","Protein phosphatase 1 regulatory subunit 27","PPR27","Q86WC6"
"X23519.91",141,-0.827716125496644,1.55067222206654,TRUE,6367,"TMEM221","Transmembrane protein 221","TM221","A6NGB7"
"X22990.20",145,-0.827794651134867,1.43258221023767,TRUE,6368,"LIN7B","Protein lin-7 homolog B","LIN7B","Q9HAP6"
"X13717.15",145,-0.82864532688757,1.63052163046653,TRUE,6369,"FCN2","Ficolin-2","FCN2","Q15485"
"X22098.10",145,-0.828802459682737,1.47691774175653,TRUE,6370,"CCNYL1","Cyclin-Y-like protein 1","CCYL1","Q8N7R7"
"X23621.326",146,-0.829084219984651,1.54819160496767,TRUE,6371,"TIMM13","Mitochondrial import inner membrane translocase subunit Tim13","TIM13","Q9Y5L4"
"X4563.61",142,-0.829175617474772,1.56854193022061,TRUE,6372,"PLCG1","1-phosphatidylinositol 4,5-bisphosphate phosphodiesterase gamma-1","PLCG1","P19174"
"X22842.85",144,-0.829583958005924,1.62853537624428,TRUE,6373,"ZNF69","Zinc finger protein 69","ZNF69","Q9UC07"
"X5729.27",146,-0.829720526476135,1.57643559106423,TRUE,6374,"SOST","Sclerostin","SOST","Q9BQB4"
"X9218.7",145,-0.830196069940339,1.44498844690742,TRUE,6375,"FAS","Tumor necrosis factor receptor superfamily member 6","Fas, soluble","P25445"
"X14028.22",142,-0.830635003468533,1.46082729669869,TRUE,6376,"PIK3C2A","Phosphatidylinositol 4-phosphate 3-kinase C2 domain-containing subunit alpha","P3C2A","O00443"
"X3359.11",144,-0.83093411683846,1.51462721361293,TRUE,6377,"CDK8|CCNC","Cyclin-dependent kinase 8:Cyclin-C complex","CDK8/cyclin C","P49336|P24863"
"X12490.92",146,-0.83178755847271,1.56212276557625,TRUE,6378,"LAMTOR3","Ragulator complex protein LAMTOR3","LTOR3","Q9UHA4"
"X8043.153",146,-0.832458572591001,1.50296618352296,TRUE,6379,"COMP","Cartilage oligomeric matrix protein","COMP","P49747"
"X18302.204",146,-0.832581977486319,1.48735824896492,TRUE,6380,"ZWILCH","Protein zwilch homolog","ZWILC","Q9H900"
"X9983.97",146,-0.834112969468857,1.61011167829068,TRUE,6381,"PRSS35","Inactive serine protease 35","PRS35","Q8N3Z0"
"X3437.80",146,-0.835158054676081,1.59549473930901,TRUE,6382,"FLT3","Receptor-type tyrosine-protein kinase FLT3","Flt-3","P36888"
"X4440.15",145,-0.83612972309049,1.53520214740107,TRUE,6383,"FCRL3","Fc receptor-like protein 3","FCRL3","Q96P31"
"X8429.16",144,-0.836506249032852,1.60865575693224,TRUE,6384,"AXIN2","Axin-2","AXIN2","Q9Y2T1"
"X11708.2",137,-0.836666682224888,1.55365648059991,TRUE,6385,"LCN1","Lipocalin-1","LCN1","P31025"
"X23345.2",146,-0.836770031121172,1.42383543723736,TRUE,6386,"NECAB1","N-terminal EF-hand calcium-binding protein 1","NECA1","Q8N987"
"X10512.13",145,-0.83696728362134,1.49274855297495,TRUE,6387,"CSF2RB","Cytokine receptor common subunit beta:Extracellular domain","IL3RB:ECD","P32927"
"X13961.18",146,-0.837992510865415,1.5886179937678,TRUE,6388,"KIF3A","Kinesin-like protein KIF3A","KIF3A","Q9Y496"
"X12975.11",145,-0.83830971610112,1.49568748155199,TRUE,6389,"KRT20","Keratin, type I cytoskeletal 20","Keratin 20","P35900"
"X18840.205",145,-0.8383372733661,1.57376332523417,TRUE,6390,"SH2D1B","SH2 domain-containing protein 1B","SH21B","O14796"
"X13620.10",145,-0.838408452977557,1.4871001321188,TRUE,6391,"GET3","ATPase ASNA1","ASNA","O43681"
"X22525.9",145,-0.838435692169603,1.59839022982437,TRUE,6392,"PAX3","Paired box protein Pax-3","PAX3","P23760"
"X18415.16",144,-0.838607378706335,1.64932739076512,TRUE,6393,"ARL6","ADP-ribosylation factor-like protein 6","ARL6","Q9H0F7"
"X12846.3",146,-0.838775360670089,1.5459895935134,TRUE,6394,"FBXL5","F-box/LRR-repeat protein 5","FBXL5","Q9UKA1"
"X12650.43",138,-0.838848079790477,1.59510306641811,TRUE,6395,"GNAI3","Guanine nucleotide-binding protein G(k) subunit alpha","GNAI3","P08754"
"X13422.66",143,-0.839084092280288,1.49845290980372,TRUE,6396,"ENOX2","Ecto-NOX disulfide-thiol exchanger 2","ENOX2","Q16206"
"X8004.15",145,-0.839731830027793,1.45316605674131,TRUE,6397,"GAPDHS","Glyceraldehyde-3-phosphate dehydrogenase, testis-specific","G3PT","O14556"
"X12742.160",144,-0.840062058750826,1.49249459911352,TRUE,6398,"TMEM8B","Transmembrane protein 8B","TMM8B","A6NDV4"
"X24720.10",146,-0.840240793801989,1.5732652242982,TRUE,6399,"ANKRD16","Ankyrin repeat domain-containing protein 16","ANR16","Q6P6B7"
"X7846.44",146,-0.840406619130073,1.46974637819681,TRUE,6400,"PSG11","Pregnancy-specific beta-1-glycoprotein 11","PSG11","Q9UQ72"
"X25473.62",145,-0.840431939594594,1.52546880274988,TRUE,6401,"FNTA","Protein farnesyltransferase/geranylgeranyltransferase type-1 subunit alpha","FNTA","P49354"
"X10631.9",146,-0.840772977413048,1.53820163179336,TRUE,6402,"PGRMC2","Membrane-associated progesterone receptor component 2","PGRC2","O15173"
"X24316.10",146,-0.841100771666236,1.42597517968997,TRUE,6403,"BMT2","Probable methyltransferase BMT2 homolog","BMT2","Q1RMZ1"
"X13125.45",146,-0.841791067799421,1.58147340019079,TRUE,6404,"VTN","Vitronectin","Vitronectin","P04004"
"X21853.3",146,-0.841941467515589,1.58747840766492,TRUE,6405,"CLEC1A","CLEC-1","CLC1A","Q8NC01"
"X23337.54",144,-0.842039895979453,1.58016000511,TRUE,6406,"KCTD10","BTB/POZ domain-containing adapter for CUL3-mediated RhoA degradation protein 3","BACD3","Q9H3F6"
"X6453.70",145,-0.842160170382297,1.39716256027509,TRUE,6407,"LILRB4","Leukocyte immunoglobulin-like receptor subfamily B member 4","LIRB4","Q8NHJ6"
"X2982.82",144,-0.842522533385585,1.44899859247564,TRUE,6408,"LGALS4","Galectin-4","Galectin-4","P56470"
"X7118.24",146,-0.842890142648346,1.49835585168928,TRUE,6409,"IGDCC3","Immunoglobulin superfamily DCC subclass member 3:Extracellular domain","IGDC3:ECD","Q8IVU1"
"X16607.78",144,-0.8430403964686,1.58479093532172,TRUE,6410,"GSN","Gelsolin","Gelsolin","P06396"
"X15404.3",144,-0.84320180066118,1.59311652998777,TRUE,6411,"IFNA21","Interferon alpha-21","IFN21","P01568"
"X21208.163",144,-0.843254051990072,1.5653304022592,TRUE,6412,"CEBPE","CCAAT/enhancer-binding protein epsilon","CEBPE","Q15744"
"X22398.5",143,-0.843500281142135,1.56097619779173,TRUE,6413,"ANP32C","Acidic leucine-rich nuclear phosphoprotein 32 family member C","AN32C","O43423"
"X4874.3",144,-0.843603105349151,1.46135009036327,TRUE,6414,"ANG","Angiogenin","Angiogenin","P03950"
"X24667.27",145,-0.845234463115585,1.63592420739466,TRUE,6415,"CT45A1","Cancer/testis antigen family 45 member A1","CT451","Q5HYN5"
"X9368.64",145,-0.845352565679789,1.62401165071544,TRUE,6416,"LRTM1","Leucine-rich repeat and transmembrane domain-containing protein 1","LRTM1","Q9HBL6"
"X18338.26",145,-0.845396174271801,1.43017867782504,TRUE,6417,"IDH1","Isocitrate dehydrogenase [NADP] cytoplasmic","IDH","O75874"
"X6354.13",145,-0.84574230414166,1.47176541571482,TRUE,6418,"HEPHL1","Hephaestin-like protein 1","HPHL1","Q6MZM0"
"X25941.4",146,-0.846441889791716,1.51768765560903,TRUE,6419,"OASL","2'-5'-oligoadenylate synthetase like protein","OA synthetase","Q15646"
"X9779.63",146,-0.846588433104906,1.49010261994428,TRUE,6420,"HERPUD2","Homocysteine-responsive endoplasmic reticulum-resident ubiquitin-like domain member 2 protein","HERP2","Q9BSE4"
"X15487.164",142,-0.847087917845541,1.46301495591264,TRUE,6421,"CES1","Liver carboxylesterase 1","carboxylesterase, liver","P23141"
"X21991.79",146,-0.847089765492135,1.68566514285783,TRUE,6422,"PPP1R9B","Neurabin-2","NEB2","Q96SB3"
"X14696.45",146,-0.847186175566602,1.57361010011909,TRUE,6423,"TPSB2","Tryptase beta-2","TPSB2","P20231"
"X20585.5",143,-0.848725010158055,1.59731522734826,TRUE,6424,"CD300LG","CMRF35-like molecule 9","CLM9","Q6UXG3"
"X13539.131",146,-0.848852141653394,1.47918987173648,TRUE,6425,"KCNN1","Small conductance calcium-activated potassium channel protein 1","KCNN1","Q92952"
"X11356.19",143,-0.849054280619165,1.53474916976743,TRUE,6426,"ESS2","Protein DGCR14","DGC14","Q96DF8"
"X6104.1",146,-0.850402415650826,1.46127941125446,TRUE,6427,"FGFRL1","Fibroblast growth factor receptor-like 1","FGRL1","Q8N441"
"X11218.84",146,-0.850930742858906,1.65501077821097,TRUE,6428,"TPMT","Thiopurine S-methyltransferase","TPMT","P51580"
"X12970.35",144,-0.851043219974517,1.38609257673687,TRUE,6429,"STAU2","Double-stranded RNA-binding protein Staufen homolog 2","STAU2","Q9NUL3"
"X7948.129",146,-0.851863992379748,1.62514146870358,TRUE,6430,"GLTPD2","Glycolipid transfer protein domain-containing protein 2","GLTD2","A6NH11"
"X3293.2",144,-0.852193642646559,1.51484847797632,TRUE,6431,"CD5L","CD5 antigen-like","CD5L","O43866"
"X14088.38",146,-0.852465591244423,1.47221177321056,TRUE,6432,"IGFBP6","Insulin-like growth factor-binding protein 6","IGFBP-6","P24592"
"X13739.3",145,-0.852631620386865,1.51389104823135,TRUE,6433,"FLRT1","Leucine-rich repeat transmembrane protein FLRT1","FLRT1","Q9NZU1"
"X6561.77",140,-0.85306209925033,1.6320219099422,TRUE,6434,"IGKV1-5","Ig Kappa chain V-I region HK102- like","Ig K chain V-I region HK102-like","P01602"
"X5736.1",142,-0.853373712393507,1.52042563629098,TRUE,6435,"TREML2","Trem-like transcript 2 protein","TRML2","Q5T2D2"
"X7713.102",146,-0.853553096884412,1.61045754215122,TRUE,6436,"FMR1","Fragile X mental retardation protein 1","FMR1","Q06787"
"X24678.10",145,-0.853611871669754,1.41789475173392,TRUE,6437,"AVEN","Cell death regulator Aven","AVEN","Q9NQS1"
"X24921.73",145,-0.85382531946555,1.57668394655992,TRUE,6438,"HIRIP3","HIRA-interacting protein 3","HIRP3","Q9BW71"
"X14065.11",144,-0.853836955757192,1.59832751834296,TRUE,6439,"CD5","T-cell surface glycoprotein CD5:Cytoplasmic domain","CD5:CD","P06127"
"X11513.92",146,-0.854224111002703,1.55597371817209,TRUE,6440,"CD38","ADP-ribosyl cyclase/cyclic ADP-ribose hydrolase 1","CD38","P28907"
"X6549.60",143,-0.854363971048457,1.49231712706864,TRUE,6441,"VSTM2L","V-set and transmembrane domain-containing protein 2-like protein","VTM2L","Q96N03"
"X9800.20",146,-0.85455576165887,1.56893137371506,TRUE,6442,"NDUFB8","NADH dehydrogenase [ubiquinone] 1 beta subcomplex subunit 8, mitochondrial","NDUB8","O95169"
"X21163.21",145,-0.855316770137432,1.61878134120618,TRUE,6443,"TBC1D13","TBC1 domain family member 13","TBC13","Q9NVG8"
"X21903.6",146,-0.855357893478437,1.58806691590734,TRUE,6444,"ITGAL|ITGB2","Integrin alpha L beta 2","Integrin aLb2","P20701|P05107"
"X6463.59",144,-0.855359992282865,1.54439971337316,TRUE,6445,"QRFP","Orexigenic neuropeptide QRFP","OX26","P83859"
"X23263.9",146,-0.855516006000563,1.55940257772681,TRUE,6446,"KCTD15","BTB/POZ domain-containing protein KCTD15","KCD15","Q96SI1"
"X14713.46",144,-0.856276402046648,1.60115516406454,TRUE,6447,"AZU1","Azurocidin","Azurocidin","P20160"
"X6651.74",146,-0.85669992171502,1.56344510379169,TRUE,6448,"UBB","PolyUbiquitin K48-linked","PolyUbiquitin K48","P0CG47"
"X15581.16",145,-0.857041064180744,1.62342039998328,TRUE,6449,"FANK1","Fibronectin type 3 and ankyrin repeat domains protein 1","FANK1","Q8TC84"
"X17510.7",143,-0.857433967375133,1.57732765047212,TRUE,6450,"SRP14","Signal recognition particle 14 kDa protein","SRP14","P37108"
"X18231.147",145,-0.857478603878465,1.49123907129353,TRUE,6451,"PRND","Prion-like protein doppel","PRND","Q9UKY0"
"X25917.12",146,-0.857964821892028,1.57367369955159,TRUE,6452,"HEXA","Beta-hexosaminidase alpha chain","Hexosaminidase A","P06865"
"X23645.49",146,-0.858265621324366,1.41839797480301,TRUE,6453,"HACL1","2-hydroxyacyl-CoA lyase 1","HACL1","Q9UJ83"
"X9951.36",146,-0.858778522920531,1.59079925148608,TRUE,6454,"FBXL4","F-box/LRR-repeat protein 4:Leucine-rich repeats 2 and 3","FBXL4:LRR2 and LRR3","Q9UKA2"
"X6248.68",146,-0.859121742785634,1.43017478678109,TRUE,6455,"FAS","Tumor necrosis factor receptor superfamily member 6","Fas, soluble","P25445"
"X22796.17",143,-0.859387889956454,1.53483514064165,TRUE,6456,"TADA1","Transcriptional adapter 1","TADA1","Q96BN2"
"X12784.10",146,-0.860479196634131,1.58743095423086,TRUE,6457,"APBB3","Amyloid beta A4 precursor protein-binding family B member 3:Phosphotyrosine Interaction Domain 1,Isoform II","APBB3:PID 1","O95704"
"X15297.3",143,-0.860627949928176,1.56982698664366,TRUE,6458,"S100A3","Protein S100-A3","S100A3","P33764"
"X12855.16",144,-0.860641406447827,1.57267260472917,TRUE,6459,"CASS4","Cas scaffolding protein family member 4","CT032","Q9NQ75"
"X9955.40",145,-0.860682552742533,1.57765334620832,TRUE,6460,"RNF148","RING finger protein 148:region 2","RN148:region 2","Q8N7C7"
"X9945.8",146,-0.860857124126043,1.58304006281763,TRUE,6461,"ARMC5","Armadillo repeat-containing protein 5:Armadillo Repeat Domain 2","ARMC5:ARM 2","Q96C12"
"X5615.62",144,-0.861136064470101,1.48262510005605,TRUE,6462,"FAM172A","Protein FAM172A","F172A","Q8WUF8"
"X21356.6",146,-0.861427871766888,1.55749790108054,TRUE,6463,"B9D2","B9 domain-containing protein 2","B9D2","Q9BPU9"
"X8878.48",145,-0.861588548842995,1.5835812469946,TRUE,6464,"YTHDC1","YTH domain-containing protein 1","YTDC1","Q96MU7"
"X12735.39",143,-0.861817614683418,1.66747217230825,TRUE,6465,"CSDE1","Cold shock domain-containing protein E1","CSDE1","O75534"
"X13465.5",142,-0.861845221378781,1.51901057611363,TRUE,6466,"RCAN1","Calcipressin-1","CCP1","P53805"
"X10722.13",146,-0.861960055377947,1.54928889293564,TRUE,6467,"SYK","Tyrosine-protein kinase SYK:Protein kinase domain","KSYK:Protein Kinase","P43405"
"X8984.28",143,-0.862006410861526,1.61047216046688,TRUE,6468,"LRCH4","Leucine-rich repeat and calponin homology domain-containing protein 4:Leucine-rich repeat 5","LRCH4: LRR5","O75427"
"X14082.56",145,-0.862024982579906,1.6641494549111,TRUE,6469,"TLN2","Talin-2","TLN2","Q9Y4G6"
"X13447.42",145,-0.862300283642992,1.57882562711644,TRUE,6470,"SPRN","Shadow of prion protein","SPRN","Q5BIV9"
"X20089.172",145,-0.862756946891245,1.60435262243733,TRUE,6471,"SULT1C4","Sulfotransferase 1C4","ST1C4","O75897"
"X11402.17",145,-0.862871382623998,1.61982934052978,TRUE,6472,"KMT2C","Histone-lysine N-methyltransferase 2C","KMT2C","Q8NEZ4"
"X7148.42",144,-0.863338384305277,1.43836112165442,TRUE,6473,"ANTKMT","Protein FAM173A","F173A","Q9BQD7"
"X16302.11",145,-0.864040328088924,1.5854417391261,TRUE,6474,"BPIFA2","BPI fold-containing family A member 2","SPLC2","Q96DR5"
"X4237.70",143,-0.864095760508435,1.54198243310717,TRUE,6475,"LCMT1","Leucine carboxyl methyltransferase 1","LCMT1","Q9UIC8"
"X9199.6",145,-0.865103516693765,1.58538800467168,TRUE,6476,"UBE2G2","Ubiquitin-conjugating enzyme E2 G2","UB2G2","P60604"
"X10560.1",146,-0.865488664103444,1.60751364257399,TRUE,6477,"ITM2C","Integral membrane protein 2C:N-term","ITM2C:N-term","Q9NQX7"
"X13534.20",132,-0.865528721716623,1.58159020551052,TRUE,6478,"MYOM2","Myomesin-2","MYOM2","P54296"
"X10583.1",145,-0.86558747167999,1.63678710564199,TRUE,6479,"TMEM108","Transmembrane protein 108","TM108","Q6UXF1"
"X7943.16",145,-0.865993220926159,1.56572564449131,TRUE,6480,"CUZD1","CUB and zona pellucida-like domain-containing protein 1","CUZD1","Q86UP6"
"X14128.121",146,-0.866313934340883,1.42522641368436,TRUE,6481,"IFNA10","Interferon alpha-10","IFN10","P01566"
"X16763.11",144,-0.866356640869144,1.60830364637506,TRUE,6482,"LECT2","Leukocyte cell-derived chemotaxin-2","LECT2","O14960"
"X12604.16",146,-0.866815266728112,1.5853644154235,TRUE,6483,"SCMH1","Polycomb protein SCMH1","SCMH1","Q96GD3"
"X16055.3",145,-0.866831747481468,1.57060681446904,TRUE,6484,"CFHR5","Complement factor H-related protein 5","complement factor H-related 5","Q9BXR6"
"X11120.49",146,-0.86705436371279,1.64624061958834,TRUE,6485,"NAT14","N-acetyltransferase 14","NAT14","Q8WUY8"
"X7221.56",146,-0.867081358533641,1.55498236341012,TRUE,6486,"CKAP4","Cytoskeleton-associated protein 4","CKAP4","Q07065"
"X6168.11",145,-0.86715456052154,1.52997909626652,TRUE,6487,"TP53","Cellular tumor antigen p53 R175H mutant","p53 R175H","P04637"
"X9457.3",142,-0.867478439468086,1.57323596624735,TRUE,6488,"CAV2","Caveolin-2","CAV2","P51636"
"X14597.5",146,-0.867559552502998,1.62322159211824,TRUE,6489,"SEMA6C","Semaphorin-6C, cytoplasmic","SEM6C","Q9H3T2"
"X10479.18",143,-0.867666191940045,1.55524032270109,TRUE,6490,"MMP10","Stromelysin-2","MMP-10","P09238"
"X7881.244",145,-0.867670013562111,1.58515582807542,TRUE,6491,"PARP16","Mono [ADP-ribose] polymerase PARP16","PAR16","Q8N5Y8"
"X8380.244",146,-0.86779093668172,1.43339078801413,TRUE,6492,"DLK1","Protein delta homolog 1:Cytoplasmic domain","DLK1:CD","P80370"
"X13985.12",143,-0.86828620621015,1.59388287422094,TRUE,6493,"SMURF2","E3 ubiquitin-protein ligase SMURF2","SMUF2","Q9HAU4"
"X4979.34",145,-0.868579403306478,1.4729993169594,TRUE,6494,"DPT","Dermatopontin","DERM","Q07507"
"X9890.8",146,-0.868731899008519,1.46710136025718,TRUE,6495,"TPM3","Tropomyosin alpha-3 chain","Tropomyosin alpha-3 chain","P06753"
"X11825.27",146,-0.86914067772426,1.51007651587578,TRUE,6496,"PPARGC1A","Peroxisome proliferator-activated receptor gamma coactivator 1-alpha","PRGC1","Q9UBK2"
"X17843.30",146,-0.869364349097023,1.54116199387233,TRUE,6497,"PPCS","Phosphopantothenate--cysteine ligase","PPCS","Q9HAB8"
"X9386.42",143,-0.869845823611376,1.53699389721265,TRUE,6498,"TTC9B","Tetratricopeptide repeat protein 9B","TTC9B","Q8N6N2"
"X15460.9",144,-0.870127051371198,1.51544013450221,TRUE,6499,"DPP4","Dipeptidyl peptidase 4","CD26","P27487"
"X10445.20",146,-0.870621536468075,1.63153568112909,TRUE,6500,"APOM","Apolipoprotein M","ApoM","O95445"
"X9991.112",142,-0.870781689461926,1.56766965020984,TRUE,6501,"EMILIN3","EMILIN-3:region 2","EMIL3:region 2","Q9NT22"
"X22548.18",144,-0.871091434164066,1.49258255428104,TRUE,6502,"RGS13","Regulator of G-protein signaling 13","RGS13","O14921"
"X23341.16",146,-0.871253986556579,1.59743273242526,TRUE,6503,"DMC1","Meiotic recombination protein DMC1/LIM15 homolog","DMC1","Q14565"
"X8479.4",144,-0.87131275698662,1.66147894003055,TRUE,6504,"MMP10","Stromelysin-2","MMP-10","P09238"
"X21203.14",144,-0.871328834350896,1.54035616154659,TRUE,6505,"MRFAP1L1","MORF4 family-associated protein 1-like 1","MR1L1","Q96HT8"
"X8070.88",144,-0.87162224624895,1.56528727701318,TRUE,6506,"DLG4","Disks large homolog 4","DLG4","P78352"
"X11667.29",144,-0.871654143044617,1.63900328265374,TRUE,6507,"TNS2","Tensin-2","TENC1","Q63HR2"
"X12503.5",141,-0.871780380874092,1.55266169436055,TRUE,6508,"GPR68","Ovarian cancer G-protein coupled receptor 1","SPR1","Q15743"
"X4124.24",144,-0.871823213302411,1.60537594986978,TRUE,6509,"HSPA1A","Heat shock 70 kDa protein 1A","HSP 70","P0DMV8"
"X21239.31",143,-0.872156257567238,1.50138008278587,TRUE,6510,"CYTH1","Cytohesin-1","CYH1","Q15438"
"X4123.60",146,-0.87230678456976,1.61084025337667,TRUE,6511,"FGF4","Fibroblast growth factor 4","FGF-4","P08620"
"X8337.65",146,-0.872372343420398,1.61303164965662,TRUE,6512,"PTPRU","Receptor-type tyrosine-protein phosphatase U","PTPRU","Q92729"
"X22826.2",143,-0.872447660363884,1.59137248224614,TRUE,6513,"VHLL","Von Hippel-Lindau-like protein","VHLL","Q6RSH7"
"X10420.30",144,-0.872563028165476,1.52612969986751,TRUE,6514,"FAIM","Fas apoptotic inhibitory molecule 1","FAIM1","Q9NVQ4"
"X11661.11",143,-0.872706229042598,1.58971677411943,TRUE,6515,"NLRP1","NACHT, LRR and PYD domains-containing protein 1","NALP1","Q9C000"
"X19170.25",144,-0.872869008454633,1.56212139490497,TRUE,6516,"POLE3","DNA polymerase epsilon subunit 3","DPOE3","Q9NRF9"
"X19555.1",145,-0.872894083652046,1.53520780338934,TRUE,6517,"SUMO2","Small ubiquitin-related modifier 2","SUMO2","P61956"
"X4464.10",145,-0.873831030661394,1.61913237398262,TRUE,6518,"SIGLEC1","Sialoadhesin","Sialoadhesin","Q9BZZ2"
"X15675.3",145,-0.873870646452797,1.602144237288,TRUE,6519,"CEBPB","CCAAT/enhancer-binding protein beta","CEBPB","P17676"
"X7721.81",141,-0.874002162115876,1.61815999537745,TRUE,6520,"FMR1","Fragile X mental retardation protein 1","FMR1","Q06787"
"X18179.56",146,-0.874963846222075,1.5928669026939,TRUE,6521,"SMS","Spermine synthase","SPSY","P52788"
"X18380.78",146,-0.875013979460798,1.56471685674671,TRUE,6522,"ALB","Serum albumin","Albumin","P02768"
"X8818.13",141,-0.875303713059394,1.5473475139953,TRUE,6523,"IFNGR2","Interferon gamma receptor 2:Cytoplasmic domain","INGR2:CD","P38484"
"X4428.1",146,-0.875307066087178,1.5500613293456,TRUE,6524,"CHST2","Carbohydrate sulfotransferase 2","CHST2","Q9Y4C5"
"X13924.13",145,-0.87550882220945,1.41649761180763,TRUE,6525,"MYZAP","Myocardial zonula adherens protein","MYZAP","P0CAP1"
"X9984.12",146,-0.876286592443764,1.48729207638316,TRUE,6526,"YIPF6","Protein YIPF6","YIPF6","Q96EC8"
"X18194.18",146,-0.876683801950569,1.5519438138229,TRUE,6527,"FABP9","Fatty acid-binding protein 9","FABP9","Q0Z7S8"
"X14129.1",144,-0.877077233182676,1.61899126070128,TRUE,6528,"IFNA7","Interferon alpha-7","IFNA7","P01567"
"X13088.397",145,-0.877170121802392,1.53111103620472,TRUE,6529,"BTC","Betacellulin","BTC","P35070"
"X15584.9",143,-0.87724990201088,1.69378902840907,TRUE,6530,"CFHR2","Complement factor H-related protein 2","FHR2","P36980"
"X16324.38",146,-0.877312395636094,1.45971330570293,TRUE,6531,"TLR1","Toll-like receptor 1:Extracellular domain","TLR1:ECD","Q15399"
"X21901.14",142,-0.877458890989341,1.41654039147021,TRUE,6532,"ITGA3|ITGB1","Integrin a3b1","Integrin a3b1","P26006|P05556"
"X16605.2",143,-0.878289527687029,1.52329012641157,TRUE,6533,"C1QTNF9","Complement C1q and tumor necrosis factor-related protein 9A","C1T9A","P0C862"
"X16932.5",145,-0.87873228707584,1.54210698005563,TRUE,6534,"SULT1E1","Estrogen sulfotransferase","SULT 1E","P49888"
"X14098.28",142,-0.878770604323633,1.46240472804408,TRUE,6535,"CARS1","Cysteine--tRNA ligase, cytoplasmic","SYCC","P49589"
"X10636.1",145,-0.878834881130003,1.54565198073182,TRUE,6536,"CD200R1","Cell surface glycoprotein CD200 receptor 1:Isoform 4, Cytoplasmic Domain","MO2R1:CD","Q8TD46"
"X2834.54",144,-0.878845002150347,1.49581362560238,TRUE,6537,"KLK8","Kallikrein-8","kallikrein 8","O60259"
"X23706.13",145,-0.879047465327124,1.56952669799785,TRUE,6538,"TRMT61B","tRNA (adenine(58)-N(1))-methyltransferase, mitochondrial","TR61B","Q9BVS5"
"X16902.17",144,-0.879387613194693,1.62149929038402,TRUE,6539,"LAMP1","Lysosome-associated membrane glycoprotein 1","LAMP1","P11279"
"X22512.18",146,-0.881400182793501,1.49549595027072,TRUE,6540,"NGDN","Neuroguidin","NGDN","Q8NEJ9"
"X8907.11",144,-0.881550018689936,1.53198009616632,TRUE,6541,"UGT2A1","UDP-glucuronosyltransferase 2A1","UD2A1","Q9Y4X1"
"X22375.15",144,-0.881622366829182,1.53731420785342,TRUE,6542,"HOXA11","Homeobox protein Hox-A11","HXA11","P31270"
"X5813.58",144,-0.881731364400036,1.45490930311264,TRUE,6543,"EPO","Erythropoietin","Epo","P01588"
"X25041.11",145,-0.88175571271945,1.51184199000187,TRUE,6544,"PFKFB4","6-phosphofructo-2-kinase/fructose-2,6-bisphosphatase 4","F264","Q16877"
"X4332.6",144,-0.882060475005727,1.47707159630147,TRUE,6545,"CLEC1B","C-type lectin domain family 1 member B","CLC1B","Q9P126"
"X23591.9",145,-0.882083855766978,1.56911306923046,TRUE,6546,"EXD1","piRNA biogenesis protein EXD1","EXD1","Q8NHP7"
"X11643.73",146,-0.88266508297051,1.55554921533433,TRUE,6547,"DTX3L","E3 ubiquitin-protein ligase DTX3L","DTX3L","Q8TDB6"
"X14634.13",146,-0.884053388042837,1.5542266249213,TRUE,6548,"LHCGR","Lutropin-choriogonadotropic hormone receptor","LSHR","P22888"
"X23406.3",146,-0.884481448773471,1.57574348353566,TRUE,6549,"RASSF5","Ras association domain-containing protein 5","RASF5","Q8WWW0"
"X8081.55",145,-0.884830542837684,1.61735754933322,TRUE,6550,"PLD5","Inactive phospholipase D5","PLD5","Q8N7P1"
"X3685.53",146,-0.88512932447389,1.55952614517804,TRUE,6551,"MFRP","Membrane frizzled-related protein","MFRP","Q9BY79"
"X9773.15",145,-0.885259422124153,1.56070576690937,TRUE,6552,"RNF149","E3 ubiquitin-protein ligase RNF149","RN149","Q8NC42"
"X10473.2",143,-0.885634897670629,1.5790102429821,TRUE,6553,"TFF2","Trefoil factor 2","Trefoil factor 2","Q03403"
"X23023.21",144,-0.885743569131833,1.71527775684483,TRUE,6554,"S100A14","Protein S100-A14","S100A14","Q9HCY8"
"X8899.75",144,-0.88619637696596,1.63440521446749,TRUE,6555,"UGT1A8","UDP-glucuronosyltransferase 1-8","UD18","Q9HAW9"
"X11556.19",144,-0.886569947728364,1.63084854280003,TRUE,6556,"ARFGAP1","ADP-ribosylation factor GTPase-activating protein 1","ARFG1","Q8N6T3"
"X12341.8",144,-0.886686736576406,1.61973682076839,TRUE,6557,"DUSP6","Dual specificity protein phosphatase 6","DUS6","Q16828"
"X12509.115",142,-0.887019669073342,1.51848344442417,TRUE,6558,"COMMD1","COMM domain-containing protein 1","COMD1","Q8N668"
"X18173.11",117,-0.887196972535502,1.57199330943459,TRUE,6559,"AKR7A3","Aflatoxin B1 aldehyde reductase member 3","ARK73","O95154"
"X22816.4",139,-0.887365737358028,1.47521450539986,TRUE,6560,"TRIM54","Tripartite motif-containing protein 54","TRI54","Q9BYV2"
"X2860.19",146,-0.887423884246208,1.53016791989313,TRUE,6561,"KPNA2","Importin subunit alpha-1","Karyopherin-a2","P52292"
"X10078.5",146,-0.888226016065775,1.61044183671571,TRUE,6562,"BAG3","BAG family molecular chaperone regulator 3","BAG3","O95817"
"X17820.170",142,-0.888272722700065,1.60063685390812,TRUE,6563,"MLF1","Myeloid leukemia factor 1","MLF1","P58340"
"X11355.10",141,-0.888648891648024,1.56176442946715,TRUE,6564,"EIF5A2","Eukaryotic translation initiation factor 5A-2","IF5A2","Q9GZV4"
"X20545.17",145,-0.889101692212908,1.58487646080028,TRUE,6565,"MFAP3","Microfibril-associated glycoprotein 3","MFAP3","P55082"
"X9095.5",146,-0.889745438839377,1.54549121830647,TRUE,6566,"MTFR1","Mitochondrial fission regulator 1","MTFR1","Q15390"
"X25904.17",146,-0.890011530644906,1.61314254199488,TRUE,6567,"DOCK2","Dedicator of cytokinesis protein 2","DOCK2","Q92608"
"X20398.60",143,-0.890662611661423,1.57563322095042,TRUE,6568,"POP7","Ribonuclease P protein subunit p20","POP7","O75817"
"X5660.51",143,-0.891376529351649,1.58891618897718,TRUE,6569,"SOD3","Extracellular superoxide dismutase [Cu-Zn]","SOD3","P08294"
"X2247.20",145,-0.891633023839003,1.6788165155093,TRUE,6570,"PROK1","Prokineticin-1","EG-VEGF","P58294"
"X7930.3",145,-0.892286736714472,1.5445887085058,TRUE,6571,"EXOSC1","Exosome complex component CSL4","EXOS1","Q9Y3B2"
"X16814.13",146,-0.892429495312542,1.50436232607359,TRUE,6572,"FHL1","Four and a half LIM domains protein 1","SLIM 1","Q13642"
"X22092.43",142,-0.892636410315522,1.59498362166979,TRUE,6573,"CASP4","Caspase-4","Caspase-4","P49662"
"X5692.79",146,-0.893177637490407,1.57403628276621,TRUE,6574,"TNF","Tumor necrosis factor","TNF-a","P01375"
"X8766.29",143,-0.893182405837906,1.54399014929767,TRUE,6575,"LILRA5","Leukocyte immunoglobulin-like receptor subfamily A member 5","LIRA5","A6NI73"
"X17806.6",145,-0.89322347170361,1.48890989195051,TRUE,6576,"SDCBP","Syntenin-1","Syntenin 1","O00560"
"X5201.50",146,-0.894002907727846,1.4814607945624,TRUE,6577,"PDE9A","High affinity cGMP-specific 3',5'-cyclic phosphodiesterase 9A","PDE9A","O76083"
"X22467.94",145,-0.894030505892334,1.44731851458059,TRUE,6578,"HHLA3","HERV-H LTR-associating protein 3","HHLA3","Q9XRX5"
"X8463.2",145,-0.89406614517926,1.56737628147276,TRUE,6579,"SOD3","Extracellular superoxide dismutase [Cu-Zn]","SOD3","P08294"
"X20219.25",146,-0.894457963279331,1.47077122916414,TRUE,6580,"MME","Neprilysin","Neprilysin","P08473"
"X7831.39",146,-0.894704773069967,1.58870164586774,TRUE,6581,"RBP4","Retinol-binding protein 4","RBP","P02753"
"X6357.83",146,-0.894793470338476,1.48528530889324,TRUE,6582,"CELA3B","Chymotrypsin-like elastase family member 3B","ELA3B","P08861"
"X22802.13",146,-0.895198392651238,1.64151927275757,TRUE,6583,"TEX30","Testis-expressed protein 30","TEX30","Q5JUR7"
"X8306.54",145,-0.895341444354993,1.49988170845085,TRUE,6584,"PRRG1","Transmembrane gamma-carboxyglutamic acid protein 1:Cytoplasmic domain","TMG1:CD","O14668"
"X23615.4",145,-0.895392622132814,1.614072622614,TRUE,6585,"TRMT112","TRM112-like protein","TR112","Q9UI30"
"X22792.21",146,-0.895541612516341,1.42216291516565,TRUE,6586,"WARS2","Tryptophan--tRNA ligase, mitochondrial","SYWM","Q9UGM6"
"X13700.10",139,-0.895744466913203,1.47601107290137,TRUE,6587,"ANXA2","Annexin A2","annexin II","P07355"
"X7797.11",145,-0.895762882011834,1.55639988841783,TRUE,6588,"CCDC167","Coiled-coil domain-containing protein 167","CC167","Q9P0B6"
"X4284.18",146,-0.896204913828675,1.52741042187498,TRUE,6589,"RBM39","RNA-binding protein 39","RBM39","Q14498"
"X13506.10",145,-0.896258911805115,1.57894034497699,TRUE,6590,"DUS2","tRNA-dihydrouridine(20) synthase [NAD(P)+]-like","DUS2L","Q9NX74"
"X22484.17",146,-0.897018614857178,1.58104024548659,TRUE,6591,"CSNK1A1L","Casein kinase I isoform alpha-like","KC1AL","Q8N752"
"X13102.1",141,-0.897041131314515,1.50226367746031,TRUE,6592,"FAM3D","Protein FAM3D","FAM3D","Q96BQ1"
"X14111.15",146,-0.897720480199299,1.58793700235839,TRUE,6593,"THBS2","Thrombospondin-2","TSP2","P35442"
"X3184.25",145,-0.898223146921558,1.55373214108934,TRUE,6594,"F7","Coagulation factor VII","Coagulation Factor VII","P08709"
"X5982.50",146,-0.898646016914183,1.47308724843367,TRUE,6595,"CFHR1","Complement factor H-related protein 1","FHR1","Q03591"
"X2952.75",145,-0.898790039229735,1.60779802576021,TRUE,6596,"IGF1","Insulin-like growth factor I","IGF-I","P05019"
"X23213.21",146,-0.898923677928649,1.59454227440556,TRUE,6597,"CFAP300","Uncharacterized protein C11orf70","CK070","Q9BRQ4"
"X11137.43",146,-0.899432723121835,1.61258335456682,TRUE,6598,"CSF2RB","Cytokine receptor common subunit beta:Cytoplasmic domain","IL3RB:CD","P32927"
"X10003.15",145,-0.899577389657759,1.56095507652784,TRUE,6599,"ZNF41","Zinc finger protein 41","ZNF41","P51814"
"X12431.13",144,-0.89963283245544,1.5927227478888,TRUE,6600,"PELO","Protein pelota homolog","PELO","Q9BRX2"
"X17333.20",145,-0.900612755470609,1.60506304562822,TRUE,6601,"ACADM","Medium-chain specific acyl-CoA dehydrogenase, mitochondrial","ACADM","P11310"
"X21546.20",146,-0.900952145895437,1.64280116293924,TRUE,6602,"ADGRD1","Adhesion G-protein coupled receptor D1","AGRD1","Q6QNK2"
"X11207.3",145,-0.90164812128346,1.47130990142376,TRUE,6603,"MSR1","Macrophage scavenger receptor types I and II:Cytoplasmic domain","Macrophage scavenger receptor:CD","P21757"
"X22505.24",144,-0.902169238375061,1.42010974434406,TRUE,6604,"NADK2","NAD kinase 2, mitochondrial","NAKD2","Q4G0N4"
"X19606.28",146,-0.902702952847761,1.62142539025025,TRUE,6605,"IHH","Indian hedgehog protein","ihh","Q14623"
"X16304.6",144,-0.903395137401174,1.53707224927088,TRUE,6606,"LGR4","Leucine-rich repeat-containing G-protein coupled receptor 4","LGR4","Q9BXB1"
"X18813.15",146,-0.903593781935837,1.60267413915446,TRUE,6607,"DDX19A","ATP-dependent RNA helicase DDX19A","DD19A","Q9NUU7"
"X12960.9",146,-0.903659340786475,1.63954613357932,TRUE,6608,"GCK","Glucokinase","HXK4","P35557"
"X10563.13",146,-0.903736468846049,1.62281451512075,TRUE,6609,"LYSMD3","LysM and putative peptidoglycan-binding domain-containing protein 3","LYSM3","Q7Z3D4"
"X13073.14",144,-0.903978134828525,1.60738926790406,TRUE,6610,"ANP32A","Acidic leucine-rich nuclear phosphoprotein 32 family member A","AN32A","P39687"
"X24268.21",140,-0.904149372148865,1.43072672620089,TRUE,6611,"GAB1","GRB2-associated-binding protein 1","GAB1","Q13480"
"X19209.6",145,-0.904467023860608,1.53653727887776,TRUE,6612,"NFKBIA","NF-kappa-B inhibitor alpha","IKB-alpha","P25963"
"X22553.4",145,-0.90458118944795,1.61382592219248,TRUE,6613,"RPL38","60S ribosomal protein L38","RL38","P63173"
"X23385.18",145,-0.904805583878244,1.56253471694461,TRUE,6614,"CASTOR1","Cytosolic arginine sensor for mTORC1 subunit 1","CAST1","Q8WTX7"
"X9444.70",144,-0.905244034293018,1.58830495490233,TRUE,6615,"DGCR6","Protein DGCR6","DGCR6","Q14129"
"X13691.10",144,-0.905288627722088,1.53755487454161,TRUE,6616,"SLC5A8","Sodium-coupled monocarboxylate transporter 1","SC5A8","Q8N695"
"X14329.4",144,-0.905657836826483,1.5521926068525,TRUE,6617,"DIDO1","Death-inducer obliterator 1","DIDO1","Q9BTC0"
"X3329.14",141,-0.905754365384327,1.461909624408,TRUE,6618,"PGLYRP1","Peptidoglycan recognition protein 1","PGRP-S","O75594"
"X9284.25",144,-0.90622073417284,1.69741700135733,TRUE,6619,"SFRP4","Secreted frizzled-related protein 4","SFRP4","Q6FHJ7"
"X14002.18",145,-0.906604676064988,1.58791885566065,TRUE,6620,"DOCK9","Dedicator of cytokinesis protein 9","DOCK9","Q9BZ29"
"X11516.7",143,-0.908150659350131,1.58991394147029,TRUE,6621,"FABP1","Fatty acid-binding protein, liver","FABPL","P07148"
"X23266.62",146,-0.908452849688981,1.4219918544711,TRUE,6622,"MITD1","MIT domain-containing protein 1","MITD1","Q8WV92"
"X6360.7",144,-0.908624300132236,1.5441324834409,TRUE,6623,"DEFB128","Beta-defensin 128","DB128","Q7Z7B8"
"X9012.1",146,-0.908676521061745,1.59039707957843,TRUE,6624,"PRPF6","Pre-mRNA-processing factor 6:region 1","PRP6:region 1","O94906"
"X6434.18",145,-0.90871477105863,1.5506465096556,TRUE,6625,"AOC2","Retina-specific copper amine oxidase","Amine oxidase","O75106"
"X19187.21",130,-0.908716209018576,1.63739501197663,TRUE,6626,"STAMBP","STAM-binding protein","STABP","O95630"
"X9606.4",145,-0.909183064879644,1.59847120797884,TRUE,6627,"NUP210L","Nuclear pore membrane glycoprotein 210-like","P210L","Q5VU65"
"X21951.32",146,-0.909440088851525,1.6127109470334,TRUE,6628,"ARNT","Aryl hydrocarbon receptor nuclear translocator","ARNT","P27540"
"X4961.17",139,-0.910103120426335,1.51389466156192,TRUE,6629,"ANXA2","Annexin A2","annexin II","P07355"
"X18243.9",146,-0.910469748446834,1.56036432863278,TRUE,6630,"CMPK1","UMP-CMP kinase","Cytidylate kinase","P30085"
"X12731.12",144,-0.910674164077541,1.59348909828945,TRUE,6631,"PLEKHA7","Pleckstrin homology domain-containing family A member 7","PKHA7","Q6IQ23"
"X3810.50",146,-0.911229459833635,1.5841977132549,TRUE,6632,"FGR","Tyrosine-protein kinase Fgr","FGR","P09769"
"X21380.77",144,-0.911337355353963,1.60410967788288,TRUE,6633,"QTRT1","Queuine tRNA-ribosyltransferase","TGT","Q9BXR0"
"X11396.39",144,-0.911570654849828,1.40386846423886,TRUE,6634,"DNAI1","Dynein intermediate chain 1, axonemal","DNAI1","Q9UI46"
"X6054.6",144,-0.912394442055169,1.57898672691317,TRUE,6635,"NXPH3","Neurexophilin-3","NXPH3","O95157"
"X7755.37",145,-0.912407264882399,1.58717196329246,TRUE,6636,"ITGB5","Integrin beta-5","ITB5","P18084"
"X22503.24",146,-0.912675610950642,1.59530908807841,TRUE,6637,"MKX","Homeobox protein Mohawk","MKX","Q8IYA7"
"X18449.33",145,-0.912966283686296,1.54382315486501,TRUE,6638,"PPIG","Peptidyl-prolyl cis-trans isomerase G","PPIG","Q13427"
"X17800.33",145,-0.913049126633257,1.53638824276156,TRUE,6639,"SCAND1","SCAN domain-containing protein 1","SCAND1","P57086"
"X10534.40",145,-0.913108519868671,1.54720916447224,TRUE,6640,"PARP1","Poly [ADP-ribose] polymerase 1:BRCA1 C-terminal:BRCA1 C-terminus domian","PARP:BRCT domain","P09874"
"X24638.3",146,-0.913539445217867,1.57735288709864,TRUE,6641,"FAM89B","Leucine repeat adapter protein 25","LRA25","Q8N5H3"
"X13470.43",145,-0.913631594797976,1.49923517703076,TRUE,6642,"PTH1R","Parathyroid hormone/parathyroid hormone-related peptide receptor","PTH1R","Q03431"
"X7048.4",144,-0.913857655322099,1.59142911666891,TRUE,6643,"CEACAM19","Carcinoembryonic antigen-related cell adhesion molecule 19","CEA19","Q7Z692"
"X15453.3",146,-0.91394436753063,1.58577683524593,TRUE,6644,"AMBP","Alpha-1-microglobulin","a1-Microglobulin","P02760"
"X14314.6",145,-0.914190782506683,1.60131170899013,TRUE,6645,"PPIL2","Peptidyl-prolyl cis-trans isomerase-like 2","PPIL2","Q13356"
"X17743.14",146,-0.91423745415701,1.4936528140997,TRUE,6646,"UBE2A","Ubiquitin-conjugating enzyme E2 A","UBE2A","P49459"
"X15692.300",145,-0.914281327627679,1.47915593434621,TRUE,6647,"NODAL","Nodal homolog","NODAL","Q96S42"
"X17724.3",143,-0.91466412749488,1.6345039805694,TRUE,6648,"WWOX","WW domain-containing oxidoreductase","WWOX","Q9NZC7"
"X13977.28",145,-0.914879545226393,1.5630255469841,TRUE,6649,"BARD1","BRCA1-associated RING domain protein 1","BARD1","Q99728"
"X24497.8",139,-0.914970728873397,1.56452139049122,TRUE,6650,"TRIML1","Probable E3 ubiquitin-protein ligase TRIML1","TRIML","Q8N9V2"
"X6609.22",143,-0.915264393479224,1.44531454260331,TRUE,6651,"CNP","2',3'-cyclic-nucleotide 3'-phosphodiesterase","CN37","P09543"
"X23006.19",146,-0.915421369871466,1.49029531090712,TRUE,6652,"PIP4K2B","Phosphatidylinositol 5-phosphate 4-kinase type-2 beta","PI42B","P78356"
"X19114.8",146,-0.915776158945505,1.64083036337614,TRUE,6653,"TK2","Thymidine kinase 2, mitochondrial","KITM","O00142"
"X13119.26",144,-0.916059912418382,1.53094290734232,TRUE,6654,"SERPINA10","Protein Z-dependent protease inhibitor","protein Z inhibitor","Q9UK55"
"X24441.7",146,-0.916489593496562,1.61142142704076,TRUE,6655,"NCBP1","Nuclear cap-binding protein subunit 1","NCBP1","Q09161"
"X9590.10",131,-0.917356916153039,1.47728719195529,TRUE,6656,"COX7A2L","Cytochrome c oxidase subunit 7A-related protein, mitochondrial","COX7R","O14548"
"X13078.3",146,-0.91749225827102,1.61662501832399,TRUE,6657,"CETN2","Centrin-2","CETN2","P41208"
"X11653.69",146,-0.917677365613997,1.57756828210515,TRUE,6658,"SLC6A9","Sodium- and chloride-dependent glycine transporter 1","SC6A9","P48067"
"X23680.1",146,-0.917858616553995,1.57375593023777,TRUE,6659,"ZC3H12A","MCP-1 Induced Protein","MCPIP","Q5D1E8"
"X25211.14",142,-0.918146818485708,1.50432083270931,TRUE,6660,"GNG12","Guanine nucleotide-binding protein G(I)/G(S)/G(O) gamma-12 subunit","GBG12","Q9UBI6"
"X8385.248",140,-0.918983698766145,1.6730412279299,TRUE,6661,"HGFAC","Hepatocyte growth factor activator","HGFA","Q04756"
"X22770.22",143,-0.919491403688062,1.57653319071563,TRUE,6662,"SLC25A38","Solute carrier family 25 member 38","S2538","Q96DW6"
"X12386.11",143,-0.919499116558827,1.56247126844461,TRUE,6663,"RNPEP","Aminopeptidase B","AMPB","Q9H4A4"
"X11421.10",146,-0.919856233296955,1.68308655929155,TRUE,6664,"EHD4","EH domain-containing protein 4","EHD4","Q9H223"
"X23152.49",145,-0.919993858702926,1.47898567973463,TRUE,6665,"TNFAIP1","BTB/POZ domain-containing adapter for CUL3-mediated RhoA degradation protein 2","BACD2","Q13829"
"X13043.157",143,-0.920066160068787,1.66878590427471,TRUE,6666,"ATAD2","ATPase family AAA domain-containing protein 2","ATAD2","Q6PL18"
"X15386.7",142,-0.920263399462638,1.57739396416268,TRUE,6667,"FABP4","Fatty acid-binding protein, adipocyte","FABPA","P15090"
"X15468.14",146,-0.920299719639503,1.50152815407745,TRUE,6668,"CFHR1","Complement factor H-related protein 1","FHR1","Q03591"
"X5460.60",146,-0.920299719639503,1.53064277370882,TRUE,6669,"DDX19B","ATP-dependent RNA helicase DDX19B","DEAD-box protein 19B","Q9UMR2"
"X21643.8",145,-0.920579962325282,1.54930960971815,TRUE,6670,"RPS20","40S ribosomal protein S20","RS20","P60866"
"X7713.50",146,-0.920739349579074,1.55444330025855,TRUE,6671,"FMR1","Fragile X mental retardation protein 1","FMR1","Q06787"
"X17738.7",142,-0.92112670152679,1.61694473119869,TRUE,6672,"CRNN","Cornulin","CRNN","Q9UBG3"
"X21406.25",143,-0.921296780826556,1.60393488771855,TRUE,6673,"MAP3K11","Mitogen-activated protein kinase kinase kinase 11","M3K11","Q16584"
"X3360.50",142,-0.9213989906611,1.6061322457356,TRUE,6674,"CHEK2","Serine/threonine-protein kinase Chk2","Chk2","O96017"
"X25414.11",142,-0.921541505289808,1.59761537766707,TRUE,6675,"LCE3B","Late cornified envelope protein 3B","LCE3B","Q5TA77"
"X15383.200",145,-0.922001129847864,1.57028223189108,TRUE,6676,"EDN3","Endothelin-3","Endothelin 3","P14138"
"X25492.7",146,-0.922601992217779,1.59950342809036,TRUE,6677,"TOM1","Target of Myb protein 1","TOM1","O60784"
"X13583.19",145,-0.922749112754487,1.62224863474455,TRUE,6678,"APAF1","Apoptotic protease-activating factor 1","Apaf-1","O14727"
"X17511.10",145,-0.922942013609352,1.53216233434994,TRUE,6679,"RPP30","Ribonuclease P protein subunit p30","RPP30","P78346"
"X9880.33",144,-0.923255010088506,1.60699351577227,TRUE,6680,"TDO2","Tryptophan 2,3-dioxygenase","T23O","P48775"
"X2755.8",145,-0.923268764036982,1.62032325264553,TRUE,6681,"C3","C3a anaphylatoxin des Arginine","C3adesArg","P01024"
"X6039.24",146,-0.923338565186708,1.63412737355419,TRUE,6682,"CRHBP","Corticotropin-releasing factor-binding protein","CRHBP","P24387"
"X21383.37",145,-0.923497095661109,1.626211089652,TRUE,6683,"NARS1","Asparaginyl-tRNA synthetase, cytoplasmic","SYNC","O43776"
"X23690.228",142,-0.923684695862115,1.61337770141527,TRUE,6684,"RBM41","RNA-binding protein 41","RBM41","Q96IZ5"
"X9025.5",143,-0.923693666516861,1.49672016472477,TRUE,6685,"AHSP","Alpha-hemoglobin-stabilizing protein","AHSP","Q9NZD4"
"X7823.22",146,-0.923874605200745,1.60282046888366,TRUE,6686,"ST6GALNAC2","Alpha-N-acetylgalactosaminide alpha-2,6-sialyltransferase 2","SIA7B","Q9UJ37"
"X20423.40",145,-0.924343497371234,1.62625757736763,TRUE,6687,"CIB1","Calcium and integrin-binding protein 1","CIB1","Q99828"
"X10990.21",141,-0.924698266450312,1.58876161815222,TRUE,6688,"LRRK2","Leucine-rich repeat serine/threonine-protein kinase 2","LRRK2","Q5S007"
"X6915.2",145,-0.924709615320265,1.57921130397286,TRUE,6689,"CD164L2","CD164 sialomucin-like 2 protein","C16L2","Q6UWJ8"
"X12599.10",146,-0.924773147094779,1.56062849690515,TRUE,6690,"FERMT3","Fermitin family homolog 3","URP2","Q86UX7"
"X23307.7",145,-0.924808034123768,1.56719669577918,TRUE,6691,"CLUAP1","Clusterin-associated protein 1","CLUA1","Q96AJ1"
"X11649.3",143,-0.925146573253793,1.62586198811957,TRUE,6692,"SMAP1","Stromal membrane-associated protein 1","SMAP1","Q8IYB5"
"X10895.28",145,-0.925150531559958,1.58088837337964,TRUE,6693,"TMPRSS11B","Transmembrane protease serine 11B","TM11B","Q86T26"
"X3427.63",146,-0.92515107458669,1.6310434786791,TRUE,6694,"CSNK2A1","Casein kinase II subunit alpha","CSK21","P68400"
"X22499.15",145,-0.925162341816378,1.48912888461178,TRUE,6695,"MED28","Mediator of RNA polymerase II transcription subunit 28","MED28","Q9H204"
"X11570.94",145,-0.925300275178433,1.62600269697198,TRUE,6696,"BCAP29","B-cell receptor-associated protein 29","BAP29","Q9UHQ4"
"X12817.1",144,-0.925380933049836,1.57729104921863,TRUE,6697,"GEM","GTP-binding protein GEM","GEM","P55040"
"X22123.15",142,-0.925397939829611,1.44647603632319,TRUE,6698,"DLX2","Homeobox protein DLX-2","DLX2","Q07687"
"X22530.111",144,-0.925400879835528,1.58007055259614,TRUE,6699,"PHYHD1","Phytanoyl-CoA dioxygenase domain-containing protein 1","PHYD1","Q5SRE7"
"X20093.9",146,-0.925544427690516,1.60586306621841,TRUE,6700,"VCAM1","Vascular cell adhesion protein 1","VCAM-1","P19320"
"X12428.2",144,-0.925766789792481,1.613676679959,TRUE,6701,"LYPLAL1","Lysophospholipase-like protein 1","LYPL1","Q5VWZ2"
"X18899.82",144,-0.925955550017786,1.53429054912201,TRUE,6702,"HDGFL3","Hepatoma-derived growth factor-related protein 3","HDGR3","Q9Y3E1"
"X23306.37",143,-0.926189054358823,1.59345729910973,TRUE,6703,"PMF1","Polyamine-modulated factor 1","PMF1","Q6P1K2"
"X5730.60",145,-0.927300141329124,1.65024585723676,TRUE,6704,"CXCL14","C-X-C motif chemokine 14","BRAK","O95715"
"X20142.42",146,-0.927889120701557,1.56992919727216,TRUE,6705,"UBE2C","Ubiquitin-conjugating enzyme E2 C","UBE2C","O00762"
"X10550.37",146,-0.928178350924958,1.65250996928199,TRUE,6706,"BMPR1B","Bone morphogenetic protein receptor type-1B","BMP RIB","O00238"
"X10703.203",144,-0.928363572054438,1.58800765527192,TRUE,6707,"SUDS3","Sin3 histone deacetylase corepressor complex component SDS3","SDS3","Q9H7L9"
"X22834.21",146,-0.928579416834741,1.61536987923083,TRUE,6708,"ZDHHC4","Probable palmitoyltransferase ZDHHC4","ZDHC4","Q9NPG8"
"X16769.20",146,-0.928594842446656,1.60893862073935,TRUE,6709,"RAC3","Ras-related C3 botulinum toxin substrate 3","RAC3","P60763"
"X23305.38",144,-0.92887402631854,1.62649426311161,TRUE,6710,"REEP2","Receptor expression-enhancing protein 2","REEP2","Q9BRK0"
"X17796.15",139,-0.92920377710943,1.58744711155938,TRUE,6711,"IMPA1","Inositol monophosphatase 1","IMPA1","P29218"
"X12876.39",144,-0.929359938745119,1.68215387387093,TRUE,6712,"SPEF1","Sperm flagellar protein 1","SPEF1","Q9Y4P9"
"X4960.72",146,-0.929501097146647,1.55736115152766,TRUE,6713,"ANXA1","Annexin A1","annexin I","P04083"
"X9253.52",146,-0.929720912116432,1.47514710637091,TRUE,6714,"ABO","Histo-blood group ABO system transferase","BGAT","P16442"
"X2828.82",145,-0.93065031080597,1.66446111657652,TRUE,6715,"SPINT1","Kunitz-type protease inhibitor 1","HAI-1","O43278"
"X7821.6",144,-0.930782927446874,1.63279360422491,TRUE,6716,"C1D","Nuclear nucleic acid-binding protein C1D","C1D","Q13901"
"X12033.3",145,-0.931736717890373,1.51926751320768,TRUE,6717,"BUB1","Mitotic checkpoint serine/threonine-protein kinase BUB1","BUB1","O43683"
"X6351.55",146,-0.9319884770679,1.481352136228,TRUE,6718,"CD79B","B-cell antigen receptor complex-associated protein beta chain","CD79B","P40259"
"X18422.41",144,-0.932077018768351,1.62829236969134,TRUE,6719,"MVD","Diphosphomevalonate decarboxylase","ERG19","P53602"
"X20110.25",146,-0.932474383843214,1.43645020858835,TRUE,6720,"JPT2","Hematological and neurological expressed 1-like protein","HN1L","Q9H910"
"X5726.49",145,-0.932795836499132,1.46932995817362,TRUE,6721,"SPAG11A","Sperm-associated antigen 11A","SG11A","Q6PDA7"
"X25291.27",144,-0.933359325072248,1.58644039297871,TRUE,6722,"PLEKHM2","Pleckstrin homology domain-containing family M member 2","PKHM2","Q8IWE5"
"X4156.74",143,-0.933617622071094,1.50442347135591,TRUE,6723,"TGFB2","Transforming growth factor beta-2","TGF-b2","P61812"
"X25251.6",146,-0.933731571214266,1.59881315582406,TRUE,6724,"ENPP3","Ectonucleotide pyrophosphatase/phosphodiesterase family member 3","ENPP3","O14638"
"X9802.27",146,-0.934267611228303,1.50961976314139,TRUE,6725,"PNPLA2","Patatin-like phospholipase domain-containing protein 2","PLPL2","Q96AD5"
"X3453.87",146,-0.934283036840218,1.5567340412033,TRUE,6726,"LYN","Tyrosine-protein kinase Lyn","LYN","P07948"
"X13530.5",145,-0.934516451590045,1.59850188452827,TRUE,6727,"UTS2R","Urotensin-2 receptor","UR2R","Q9UKP6"
"X9513.9",144,-0.934561108051946,1.5080430856251,TRUE,6728,"FGF22","Fibroblast growth factor 22","FGF22","Q9HCT0"
"X9045.3",139,-0.93552264952395,1.50087797927535,TRUE,6729,"SLC27A2","Very long-chain acyl-CoA synthetase","S27A2","O14975"
"X19120.33",143,-0.935653469430473,1.63283284561205,TRUE,6730,"DAO","D-amino-acid oxidase","OXDA","P14920"
"X9255.5",146,-0.935690623927438,1.59416439392577,TRUE,6731,"IL17C","Interleukin-17C","IL-17C","Q9P0M4"
"X7950.142",144,-0.936237045135281,1.55714986591781,TRUE,6732,"BTNL9","Butyrophilin-like protein 9","BTNL9","Q6UXG8"
"X9271.101",146,-0.936326930418921,1.60762802790354,TRUE,6733,"STIM1","Stromal interaction molecule 1:Extracellular domain","STIM1:ECD","Q13586"
"X11177.16",144,-0.936377722355419,1.6733039105199,TRUE,6734,"KRT5","Keratin, type II cytoskeletal 5","K2C5","P13647"
"X7765.15",143,-0.936408522095309,1.53512436630146,TRUE,6735,"ITM2A","Integral membrane protein 2A","ITM2A","O43736"
"X4973.18",146,-0.936893821656788,1.65421935683165,TRUE,6736,"BIRC3","Baculoviral IAP repeat-containing protein 3","cIAP-2","Q13489"
"X2607.54",146,-0.937622681819759,1.57050621662166,TRUE,6737,"CRLF1|CLCF1","Cytokine receptor-like factor 1:Cardiotrophin-like cytokine factor 1 Complex","CLF-1/CLC Complex","O75462|Q9UBD9"
"X13268.45",146,-0.937661245849546,1.50685632772267,TRUE,6738,"WNT5A","Protein Wnt-5a","WNT5A","P41221"
"X14095.1",141,-0.938788572896486,1.65728364090177,TRUE,6739,"KLRK1","NKG2-D type II integral membrane protein","NKG2D","P26718"
"X14115.34",145,-0.938795314477603,1.59436944695143,TRUE,6740,"ADM","Adrenomedullin","Adrenomedullin","P35318"
"X4261.55",145,-0.938811181928769,1.62787645695224,TRUE,6741,"PON1","Serum paraoxonase/arylesterase 1","paraoxonase 1","P27169"
"X25497.35",142,-0.93910459272424,1.60760540429396,TRUE,6742,"SEC14L4","SEC14-like protein 4","S14L4","Q9UDX3"
"X12730.3",146,-0.93982083151761,1.67211829356621,TRUE,6743,"NDC80","Kinetochore protein NDC80 homolog","KNTC2","O14777"
"X18182.24",146,-0.93987867756229,1.59024126792415,TRUE,6744,"PCK1","Phosphoenolpyruvate carboxykinase, cytosolic [GTP]","PCKGC","P35558"
"X12453.161",145,-0.94002358114532,1.58916250187119,TRUE,6745,"NXF1","Nuclear RNA export factor 1","NXF1","Q9UBU9"
"X9910.9",146,-0.940218041024415,1.59949243638878,TRUE,6746,"MTAP","S-methyl-5'-thioadenosine phosphorylase","MTAP","Q13126"
"X11186.12",145,-0.940244156887137,1.58561610463117,TRUE,6747,"TMEM52","Transmembrane protein 52","TMM52","Q8NDY8"
"X3761.4",145,-0.940385879685218,1.59704294314453,TRUE,6748,"PTGS2","Prostaglandin G/H synthase 2","COX-2","P35354"
"X25038.5",145,-0.940472488061823,1.51765326631864,TRUE,6749,"WEE2","Wee1-like protein kinase 2","WEE2","P0C1S8"
"X12461.8",142,-0.940496200324429,1.63577179194157,TRUE,6750,"SIRT5","NAD-dependent protein deacylase sirtuin-5, mitochondrial","SIRT5","Q9NXA8"
"X7735.17",146,-0.940626819740155,1.54554384295908,TRUE,6751,"SERPINF1","Pigment epithelium-derived factor","PEDF","P36955"
"X10048.7",146,-0.94081963988909,1.60106108414019,TRUE,6752,"CBFB","Core-binding factor subunit beta","PEBB","Q13951"
"X12473.48",146,-0.941047167664832,1.58287698805492,TRUE,6753,"KCTD5","BTB/POZ domain-containing protein KCTD5","KCTD5","Q9NXV2"
"X24708.7",143,-0.941362610301662,1.60603775565968,TRUE,6754,"DHRS3","Short-chain dehydrogenase/reductase 3","DHRS3","O75911"
"X13377.3",145,-0.94181514695809,1.60053387854683,TRUE,6755,"CYB561D1","Cytochrome b561 domain-containing protein 1","C56D1","Q8N8Q1"
"X8681.93",144,-0.941944520923727,1.5912622118245,TRUE,6756,"PGRMC2","Membrane-associated progesterone receptor component 2:N-term, Isoform 2","PGRC2:N-term","O15173"
"X5716.49",146,-0.942061401648227,1.64323689375882,TRUE,6757,"CSAG1","Putative chondrosarcoma-associated gene 1 protein","CSAG1","Q6PB30"
"X12821.6",145,-0.942217034519003,1.54602551370286,TRUE,6758,"NLRP10","NACHT, LRR and PYD domains-containing protein 10","NAL10","Q86W26"
"X11364.18",141,-0.942226551211106,1.62378695382625,TRUE,6759,"MFN1","Mitofusin-1","MFN1","Q8IWA4"
"X14043.12",146,-0.942296642229926,1.55233606440688,TRUE,6760,"EEA1","Early endosome antigen 1","EEA1","Q15075"
"X24971.2",143,-0.942655213031861,1.62732399797238,TRUE,6761,"INPP5F","Phosphatidylinositide phosphatase SAC2","SAC2","Q9Y2H2"
"X14670.1",146,-0.943029358795877,1.55201830715761,TRUE,6762,"SKIL","Ski-like protein","SKIL","P12757"
"X22544.10",146,-0.943040928004813,1.55760769134644,TRUE,6763,"RAD51C","DNA repair protein RAD51 homolog 3","RA51C","O43502"
"X10975.59",145,-0.943165221225351,1.59381900013888,TRUE,6764,"MUCL1","Mucin-like protein 1","MUCL1","Q96DR8"
"X12993.21",144,-0.943403544664012,1.57740297366729,TRUE,6765,"NPLOC4","Nuclear protein localization protein 4 homolog","NPL4","Q8TAT6"
"X15412.40",145,-0.943594881495318,1.53544999428039,TRUE,6766,"BIRC7","Baculoviral IAP repeat-containing protein 7","KIAP","Q96CA5"
"X12409.90",143,-0.943763710724993,1.56800414700589,TRUE,6767,"RAB7B","Ras-related protein Rab-7b","RAB7B","Q96AH8"
"X6899.37",146,-0.943800639391614,1.50752665928071,TRUE,6768,"PCBD2","Pterin-4-alpha-carbinolamine dehydratase 2","PHS2","Q9H0N5"
"X8055.33",146,-0.943839203421401,1.64016147833665,TRUE,6769,"DGCR2","Integral membrane protein DGCR2/IDD","IDD","P98153"
"X21624.64",145,-0.944357945251588,1.51711242775126,TRUE,6770,"NKIRAS2","NF-kappa-B inhibitor-interacting Ras-like protein 2","KBRS2","Q9NYR9"
"X10584.7",143,-0.945327089378573,1.58969695284066,TRUE,6771,"NDUFS4","NADH dehydrogenase [ubiquinone] iron-sulfur protein 4, mitochondrial","NDUS4","O43181"
"X14229.5",146,-0.945343200583088,1.49863102280041,TRUE,6772,"MOCS3","Adenylyltransferase and sulfurtransferase MOCS3","MOCS3","O95396"
"X22812.4",145,-0.945397247816579,1.60629186349901,TRUE,6773,"TRAPPC6B","Trafficking protein particle complex subunit 6B","TPC6B","Q86SZ2"
"X24299.1",146,-0.94580596894053,1.59480719770222,TRUE,6774,"CEACAM16","Carcinoembryonic antigen-related cell adhesion molecule 16","CEA16","Q2WEN9"
"X24937.7",145,-0.945936582859775,1.53749096816562,TRUE,6775,"ARHGAP26","Rho GTPase-activating protein 26","RHG26","Q9UNA1"
"X5755.29",145,-0.945999570894017,1.58225792589559,TRUE,6776,"GIP","Gastric inhibitory polypeptide","GIP","P09681"
"X6941.11",146,-0.94612990679074,1.60136725292884,TRUE,6777,"SUMF1","Sulfatase-modifying factor 1","SUMF1","Q8NBK3"
"X20426.34",145,-0.946200451150907,1.55953852228551,TRUE,6778,"LRATD1","Protein FAM84A","FA84A","Q96KN4"
"X20427.18",146,-0.94633429614861,1.52315835372387,TRUE,6779,"MED20","Mediator of RNA polymerase II transcription subunit 20","MED20","Q9H944"
"X13686.2",143,-0.946394198211361,1.50195684279623,TRUE,6780,"IL5RA","Interleukin-5 receptor subunit alpha","IL-5 Ra","Q01344"
"X11334.7",146,-0.946469270252864,1.61455032623316,TRUE,6781,"LILRB3","Leukocyte immunoglobulin-like receptor subfamily B member 3","LIRB3","O75022"
"X4133.54",145,-0.946995673517914,1.65297729666452,TRUE,6782,"GZMB","Granzyme B","Granzyme B","P10144"
"X5693.6",144,-0.947005094504567,1.55052342697468,TRUE,6783,"REG1B","Lithostathine-1-beta","REG1B","P48304"
"X18385.4",146,-0.947178848400942,1.62204655421603,TRUE,6784,"PSMD10","26S proteasome non-ATPase regulatory subunit 10","PSD10","O75832"
"X9106.87",146,-0.947259832863495,1.59494781786136,TRUE,6785,"LYSMD4","LysM and putative peptidoglycan-binding domain-containing protein 4","LYSM4","Q5XG99"
"X3191.50",146,-0.947545206683918,1.54699013559029,TRUE,6786,"WFIKKN1","WAP, kazal, immunoglobulin, kunitz and NTR domain-containing protein 1","WFKN1","Q96NZ8"
"X19338.3",146,-0.948085103100934,1.58032302058776,TRUE,6787,"LZIC","Protein LZIC","LZIC","Q8WZA0"
"X4301.58",145,-0.948097859784699,1.64367260327251,TRUE,6788,"TK1","Thymidine kinase, cytosolic","Thymidine kinase","P04183"
"X8017.23",145,-0.94810189869182,1.57373271737751,TRUE,6789,"FOXRED1","FAD-dependent oxidoreductase domain-containing protein 1","FXRD1","Q96CU9"
"X4212.5",145,-0.948157013113296,1.65657031635611,TRUE,6790,"EPS15L1","Epidermal growth factor receptor substrate 15-like 1","EP15R","Q9UBC2"
"X22967.15",146,-0.94830106166774,1.63825736407934,TRUE,6791,"GDF7","Growth/differentiation factor 7","GDF7","Q7Z4P5"
"X12030.82",146,-0.948636568726886,1.61185277908538,TRUE,6792,"DES","Desmin","Desmin","P17661"
"X21728.4",145,-0.948743588027573,1.56647123574251,TRUE,6793,"USP2","Ubiquitin carboxyl-terminal hydrolase 2","UBP2","O75604"
"X16309.30",144,-0.949131117198192,1.52170716918115,TRUE,6794,"DKKL1","Dickkopf-like protein 1","Soggy-1","Q9UK85"
"X21272.100",145,-0.949168656366811,1.51912948333988,TRUE,6795,"RTRAF","UPF0568 protein C14orf166","CN166","Q9Y224"
"X4567.82",144,-0.949211606249271,1.64953429245005,TRUE,6796,"SH2D1A","SH2 domain-containing protein 1A","SH21A","O60880"
"X10054.3",146,-0.950541631798356,1.5863288027233,TRUE,6797,"GAN","Gigaxonin","GAN","Q9H2C0"
"X18213.30",146,-0.950541631798356,1.53632837295312,TRUE,6798,"UBE2F","NEDD8-conjugating enzyme UBE2F","UBE2F","Q969M7"
"X4965.27",145,-0.950999246111965,1.60309791439957,TRUE,6799,"ATP5F1B","ATP synthase subunit beta, mitochondrial","ATP synthase beta chain","P06576"
"X16877.19",145,-0.951302471881803,1.52245315241617,TRUE,6800,"MSRB2","Methionine-R-sulfoxide reductase B2, mitochondrial","MSRB2","Q9Y3D2"
"X25114.256",145,-0.95143238444671,1.5755551041876,TRUE,6801,"TBC1D24","TBC1 domain family member 24","TBC24","Q9ULP9"
"X9372.157",145,-0.951463782864499,1.50342408857685,TRUE,6802,"MPZL2","Myelin protein zero-like protein 2","MPZL2","O60487"
"X17516.7",145,-0.951833932374605,1.58481243764187,TRUE,6803,"RAB3A","Ras-related protein Rab-3A","Rab3A","P20336"
"X25209.15",145,-0.952093757504419,1.59924773477138,TRUE,6804,"FXYD2","Sodium/potassium-transporting ATPase gamma chain","ATNG","P54710"
"X9936.27",145,-0.95250308542949,1.51278877953679,TRUE,6805,"LNX1","E3 ubiquitin-protein ligase LNX","LNX1","Q8TBB1"
"X15457.14",146,-0.952543104944294,1.6419540360466,TRUE,6806,"ANPEP","Aminopeptidase N","Aminopeptidase N","P15144"
"X9730.22",145,-0.952912600337773,1.53923821639453,TRUE,6807,"GHDC","GH3 domain-containing protein","GHDC","Q8N2G8"
"X23008.4",146,-0.953175555032799,1.46814613779298,TRUE,6808,"RAB2A","Ras-related protein Rab-2A","RAB2A","P61019"
"X14034.22",144,-0.953359472500618,1.66121975991346,TRUE,6809,"TACSTD2","Tumor-associated calcium signal transducer 2","GA733-1 protein","P09758"
"X25307.8",145,-0.953928280390683,1.59444399259996,TRUE,6810,"WDR18","WD repeat-containing protein 18","WDR18","Q9BV38"
"X24420.57",144,-0.954356454546368,1.54023908456407,TRUE,6811,"DOHH","Deoxyhypusine hydroxylase","DOHH","Q9BU89"
"X9583.17",145,-0.954518792049351,1.62775115798185,TRUE,6812,"RNF24","RING finger protein 24","RNF24","Q9Y225"
"X23274.27",146,-0.954910936373207,1.62308567497745,TRUE,6813,"EFCAB1","EF-hand calcium-binding domain-containing protein 1","EFCB1","Q9HAE3"
"X20464.7",142,-0.95492346126117,1.61840693502563,TRUE,6814,"KHDC1L","Putative KHDC1-like protein","KHDCL","Q5JSQ8"
"X3898.5",145,-0.954947808508503,1.61127673592903,TRUE,6815,"PSMD7","26S proteasome non-ATPase regulatory subunit 7","PSD7","P51665"
"X7215.18",143,-0.955144398590593,1.58002104082746,TRUE,6816,"CYB5R3","NADH-cytochrome b5 reductase 3","NADH-cytochrome b5 reductase","P00387"
"X5667.3",146,-0.955153889760864,1.60017218093457,TRUE,6817,"SEMA3B","Semaphorin-3B","SEM3B","Q13214"
"X7069.9",145,-0.955341483722514,1.57122838411839,TRUE,6818,"TSNARE1","t-SNARE domain-containing protein 1","TSNA1","Q96NA8"
"X9229.9",146,-0.9554006995515,1.51652278071194,TRUE,6819,"CTRL","Chymotrypsin-like protease CTRL-1","CTRL","P40313"
"X12990.39",146,-0.955470114805117,1.60233583218121,TRUE,6820,"MAP3K3","Mitogen-activated protein kinase kinase kinase 3","MAP3K3","Q99759"
"X7155.46",145,-0.95553438457738,1.57617096147752,TRUE,6821,"C4BPB","C4b-binding protein beta chain","C4b-binding protein beta chain","P20851"
"X12715.30",146,-0.955786339849369,1.60896818598354,TRUE,6822,"DCP1B","mRNA-decapping enzyme 1B","DCP1B","Q8IZD4"
"X14249.68",142,-0.95580807551567,1.55875284604264,TRUE,6823,"MID2","Probable E3 ubiquitin-protein ligase MID2","TRIM1","Q9UJV3"
"X18197.97",146,-0.956445784758724,1.59436305372554,TRUE,6824,"CKMT2","Creatine kinase S-type, mitochondrial","KCRS","P17540"
"X13642.90",145,-0.957305923040432,1.62646564919436,TRUE,6825,"IFIT3","Interferon-induced protein with tetratricopeptide repeats 3","CIG49","O14879"
"X5708.1",146,-0.957525577592756,1.58591165665247,TRUE,6826,"LEAP2","Liver-expressed antimicrobial peptide 2","LEAP2","Q969E1"
"X25078.13",145,-0.957597242698801,1.63484115727765,TRUE,6827,"ATG4C","Cysteine protease ATG4C","ATG4C","Q96DT6"
"X17195.43",142,-0.957795065681927,1.60239886029797,TRUE,6828,"BAG1","BAG family molecular chaperone regulator 1","BAG-1","Q99933"
"X9092.33",145,-0.957825574322928,1.60169274390135,TRUE,6829,"ANGPTL1","Angiopoietin-related protein 1:N-term","ANGL1:N-term","O95841"
"X9536.16",144,-0.957841216250163,1.58431631470281,TRUE,6830,"EDDM3A","Epididymal secretory protein E3-alpha","EP3A","Q14507"
"X9863.1",144,-0.958014131946398,1.55134629726344,TRUE,6831,"TPM4","Tropomyosin alpha-4 chain","Tropomyosin 4","P67936"
"X12986.12",145,-0.95801855781306,1.57009692268471,TRUE,6832,"LIN7C","Protein lin-7 homolog C","LIN7C","Q9NUP9"
"X14009.65",146,-0.958470396322534,1.5592073706664,TRUE,6833,"TNFAIP3","Tumor necrosis factor alpha-induced protein 3","TNFAIP3","P21580"
"X8864.59",144,-0.958472168072766,1.62440046661561,TRUE,6834,"CENPW","Centromere protein W","CENPW","Q5EE01"
"X12373.73",145,-0.958486948682468,1.64451359557885,TRUE,6835,"TRA2B","Transformer-2 protein homolog beta","TRA2B","P62995"
"X7249.37",144,-0.958693148818412,1.52777709540514,TRUE,6836,"BCL2L10","Bcl-2-like protein 10","B2L10","Q9HD36"
"X5036.50",145,-0.958805825605817,1.71372357729338,TRUE,6837,"TNFAIP6","Tumor necrosis factor-inducible gene 6 protein","TSG-6","P98066"
"X11911.13",146,-0.958983297918699,1.68577486890179,TRUE,6838,"LRRC4B","Leucine-rich repeat-containing protein 4B:Cytoplasmic domain","LRC4B:CD","Q9NT99"
"X13457.33",145,-0.959049904238504,1.60069885927164,TRUE,6839,"ELF5","ETS-related transcription factor Elf-5","ELF5","Q9UKW6"
"X2598.9",145,-0.95917596066405,1.59946365231942,TRUE,6840,"TNFRSF9","Tumor necrosis factor receptor superfamily member 9","4-1BB","Q07011"
"X13486.9",146,-0.95918768727657,1.62990788702012,TRUE,6841,"PKD2","Polycystin-2:Cytoplasmic domain 1","PKD2:CD 1","Q13563"
"X9306.7",146,-0.959330374186781,1.63938779433164,TRUE,6842,"DEFB118","Beta-defensin 118","DB118","Q96PH6"
"X13955.33",146,-0.959550189156566,1.5569894806965,TRUE,6843,"DAPK1","Death-associated protein kinase 1","DAPK1","P53355"
"X17702.53",143,-0.959601639246702,1.64791804297492,TRUE,6844,"UGT1A1","UDP-glucuronosyltransferase 1-1","UGT 1A1","P22309"
"X23522.1",130,-0.959864302337015,1.60496903136797,TRUE,6845,"GIMD1","GTPase IMAP family member GIMD1","GIMD1","P0DJR0"
"X23981.172",144,-0.959931349930466,1.59465901374966,TRUE,6846,"CPA1","Carboxypeptidase A1","CBPA1","P15085"
"X8069.85",144,-0.960252736166433,1.5185183400722,TRUE,6847,"CD3E","T-cell surface glycoprotein CD3 epsilon chain","CD3E","P07766"
"X14631.22",144,-0.960457802027754,1.5658158059809,TRUE,6848,"DUSP16","Dual specificity protein phosphatase 16","DUS16","Q9BY84"
"X24953.27",142,-0.960729248096507,1.63272766823702,TRUE,6849,"KIF3B","Kinesin-like protein KIF3B","KIF3B","O15066"
"X13007.66",145,-0.960951355522181,1.59827220926219,TRUE,6850,"LCN10","Epididymal-specific lipocalin-10","LCN10","Q6JVE6"
"X14197.2",145,-0.960971116106402,1.60346105310315,TRUE,6851,"PRDM1","PR domain zinc finger protein 1","PRDM1","O75626"
"X14030.21",145,-0.961049774325684,1.55487446794649,TRUE,6852,"TNFSF4","Tumor necrosis factor ligand superfamily member 4","OX40 Ligand","P23510"
"X3413.50",146,-0.961058042721232,1.6538401412536,TRUE,6853,"BCL2A1","Bcl-2-related protein A1","BFL1","Q16548"
"X13548.53",146,-0.961135170780806,1.55112458834826,TRUE,6854,"PLPP4","Phosphatidate phosphatase PPAPDC1A","PPC1A","Q5VZY2"
"X11071.1",145,-0.961778073471605,1.53809953965262,TRUE,6855,"IL5","Interleukin-5","IL-5","P05113"
"X2719.3",144,-0.962226232631422,1.53154003620064,TRUE,6856,"CSF3R","Granulocyte colony-stimulating factor receptor","G-CSF-R","Q99062"
"X11140.56",144,-0.962250348677838,1.65107549638092,TRUE,6857,"COL1A1","Collagen alpha-1(I) chain:C-term propeptide","CO1A1:C-term propeptide","P02452"
"X22136.9",143,-0.962285988684565,1.6266167416862,TRUE,6858,"EXOG","Nuclease EXOG, mitochondrial","EXOG","Q9Y2C4"
"X20165.4",146,-0.962461773405474,1.53684776942791,TRUE,6859,"DPYS","Dihydropyrimidinase","DPYS","Q14117"
"X9043.7",145,-0.962691399968112,1.54895541562478,TRUE,6860,"TFIP11","Tuftelin-interacting protein 11","TFP11","Q9UBB9"
"X9008.6",144,-0.962804942995581,1.60034257642286,TRUE,6861,"PRRG1","Transmembrane gamma-carboxyglutamic acid protein 1:Pro-form, Extracellular domain","TMG1:Pro-form, ECD","O14668"
"X11716.28",143,-0.962819465706816,1.62552389963848,TRUE,6862,"LRIT2","Leucine-rich repeat, immunoglobulin-like domain and transmembrane domain-containing protein 2","LRIT2","A6NDA9"
"X6555.58",144,-0.962889498487726,1.63462400619869,TRUE,6863,"STOML2","Stomatin-like protein 2, mitochondrial","Stomatin-like protein 2","Q9UJZ1"
"X22023.3",145,-0.963112705055174,1.64203291934988,TRUE,6864,"AADAT","Kynurenine/alpha-aminoadipate aminotransferase, mitochondrial","AADAT","Q8N5Z0"
"X7742.11",145,-0.963167819476649,1.69432684138429,TRUE,6865,"RNF148","RING finger protein 148:region 1","RN148:region 1","Q8N7C7"
"X3235.50",146,-0.963333320478657,1.60208850255889,TRUE,6866,"WFIKKN2","WAP, Kazal, immunoglobulin, Kunitz and NTR domain-containing protein 2","WFKN2","Q8TEU8"
"X10910.6",143,-0.963402346403338,1.54964497386006,TRUE,6867,"CEACAM4","Carcinoembryonic antigen-related cell adhesion molecule 4","CEAM4","O75871"
"X13653.335",144,-0.963411864716746,1.57856763554915,TRUE,6868,"MACROD1","O-acetyl-ADP-ribose deacetylase MACROD1","MACD1","Q9BQ69"
"X7153.66",146,-0.963595555881207,1.61718801177792,TRUE,6869,"NGRN","Neugrin","NGRN","Q9NPE2"
"X21969.5",145,-0.963813445556793,1.57187961457499,TRUE,6870,"DPP6","Dipeptidyl aminopeptidase-like protein 6","DPP6","P42658"
"X19302.7",144,-0.964195925618523,1.58206812730167,TRUE,6871,"GIMAP6","GTPase IMAP family member 6","GIMA6","Q6P9H5"
"X11416.23",140,-0.964204720655547,1.58626328784036,TRUE,6872,"FBXL4","F-box/LRR-repeat protein 4:Leucine-rich repeats 4 and 5","FBXL4:LRR4 and LRR5","Q9UKA2"
"X23312.16",142,-0.964253977834784,1.52337975235567,TRUE,6873,"RABL3","Rab-like protein 3","RABL3","Q5HYI8"
"X4318.12",146,-0.964339841656094,1.56615216822864,TRUE,6874,"PTPN6","Tyrosine-protein phosphatase non-receptor type 6","PTP-1C","P29350"
"X11534.6",143,-0.964362888645827,1.61181708378127,TRUE,6875,"LRIT3","Leucine-rich repeat, immunoglobulin-like domain and transmembrane domain-containing protein 3","LRIT3","Q3SXY7"
"X11544.39",145,-0.964419634157624,1.62147246152131,TRUE,6876,"PHF3","PHD finger protein 3","PHF3","Q92576"
"X9887.40",146,-0.964482528566305,1.55054239375118,TRUE,6877,"RBBP6","E3 ubiquitin-protein ligase RBBP6","RBBP6","Q7Z6E9"
"X17832.12",140,-0.96462890308923,1.64324986082885,TRUE,6878,"IDI2","Isopentenyl-diphosphate delta-isomerase 2","IDI2","Q9BXS1"
"X13076.4",141,-0.964721194684203,1.63197500382111,TRUE,6879,"FXR1","Fragile X mental retardation syndrome-related protein 1","FXR1","P51114"
"X2746.56",146,-0.965060989013108,1.54466954635967,TRUE,6880,"CRLF2","Cytokine receptor-like factor 2","TSLP R","Q9HC73"
"X7879.12",145,-0.965463281362258,1.51336763899238,TRUE,6881,"CYP3A4","Cytochrome P450 3A4","Cytochrome P450 3A4","P08684"
"X6350.43",143,-0.965499621382354,1.68799105814781,TRUE,6882,"APOC2","Apolipoprotein C-II","Apo C-II","P02655"
"X9928.125",146,-0.965643305862889,1.59884086571956,TRUE,6883,"CNMD","Leukocyte cell-derived chemotaxin 1","LECT1","O75829"
"X7131.8",145,-0.966108500825734,1.52122582051989,TRUE,6884,"CETP","Cholesteryl ester transfer protein","CETP","P11597"
"X14008.22",144,-0.966301844475617,1.60255780289762,TRUE,6885,"DCP1A","mRNA-decapping enzyme 1A","DCP1A","Q9NPI6"
"X14662.6",146,-0.966568842577774,1.54668319571175,TRUE,6886,"MZF1","Myeloid zinc finger 1","MZF1","P28698"
"X22977.18",146,-0.966869642010111,1.60731500248953,TRUE,6887,"HEXIM1","Protein HEXIM1","HEXI1","O94992"
"X22007.1",144,-0.967005229162731,1.54045251226644,TRUE,6888,"RETNLB","Resistin-like beta","RELM-beta","Q9BQ08"
"X5014.49",146,-0.967471240874786,1.62482763848629,TRUE,6889,"NCK1","Cytoplasmic protein NCK1","NCK1","P16333"
"X9317.4",146,-0.967586932964147,1.58956486730436,TRUE,6890,"LRRC25","Leucine-rich repeat-containing protein 25:Extracellular domain","LRC25:ECD","Q8N386"
"X7009.6",145,-0.9676753281775,1.61906883072615,TRUE,6891,"CD72","B-cell differentiation antigen CD72","CD72","P21854"
"X10817.26",146,-0.967698768650529,1.5444744591684,TRUE,6892,"TOMM20L","TOMM20-like protein 1","TO20L","Q6UXN7"
"X13067.5",146,-0.967756614695209,1.60389840480657,TRUE,6893,"PRKG1","cGMP-dependent protein kinase 1, beta isozyme","KGP1B","Q13976"
"X15389.1",144,-0.967885400317127,1.63310265945296,TRUE,6894,"FXN","Frataxin, mitochondrial","FRDA","Q16595"
"X17404.5",140,-0.967974806731327,1.61107462214962,TRUE,6895,"ARL5B","ADP-ribosylation factor-like protein 5B","ARL5B","Q96KC2"
"X24655.23",145,-0.968128054673614,1.57408398849134,TRUE,6896,"RILPL2","RILP-like protein 2","RIPL2","Q969X0"
"X7082.2",146,-0.968192388231801,1.59450556808517,TRUE,6897,"B3GNT6","UDP-GlcNAc:betaGal beta-1,3-N-acetylglucosaminyltransferase 6","B3GN6","Q6ZMB0"
"X12895.28",139,-0.96827971765463,1.57185051505796,TRUE,6898,"DGKB","Diacylglycerol kinase beta","DGKB","Q9Y6T7"
"X13408.23",146,-0.968292654709246,1.58177129908586,TRUE,6899,"WFIKKN2","WAP, Kazal, immunoglobulin, Kunitz and NTR domain-containing protein 2","WFKN2","Q8TEU8"
"X15455.40",146,-0.968331218739033,1.64195936697814,TRUE,6900,"ADAM15","Disintegrin and metalloproteinase domain-containing protein 15:Extracellular domain","ADA15:ECD","Q13444"
"X13991.47",143,-0.968434099873178,1.63012141442963,TRUE,6901,"EIF4G3","Eukaryotic translation initiation factor 4 gamma 3","IF4G3","O43432"
"X13966.30",145,-0.968600464930428,1.60918348886611,TRUE,6902,"MYOM3","Myomesin-3","MYOM3","Q5VTT5"
"X2696.87",144,-0.968850106713505,1.63390833657019,TRUE,6903,"PSPN","Persephin","Persephin","O60542"
"X9830.109",144,-0.969091267177659,1.52318173925881,TRUE,6904,"VAV3","Guanine nucleotide exchange factor VAV3","VAV3","Q9UKW4"
"X17453.34",146,-0.969507421647532,1.60048122257658,TRUE,6905,"CP","Ceruloplasmin","Ceruloplasmin","P00450"
"X12445.50",145,-0.969529718366415,1.64956238095941,TRUE,6906,"ANKRD27","Ankyrin repeat domain-containing protein 27","ANR27","Q96NW4"
"X12515.45",145,-0.969714565786081,1.6888490279071,TRUE,6907,"UCK2","Uridine-cytidine kinase 2","UCK2","Q9BZX2"
"X2734.49",145,-0.969734309121043,1.64317583804348,TRUE,6908,"NCR2","Natural cytotoxicity triggering receptor 2","NKp44","O95944"
"X8767.44",145,-0.969994134250857,1.52905894377057,TRUE,6909,"ECE1","Endothelin-converting enzyme 1:Cytoplasmic domain","Endothelin-converting enzyme 1:CD","P42892"
"X21370.45",145,-0.970131861512933,1.58124876911709,TRUE,6910,"SKA1","Spindle and kinetochore-associated protein 1","SKA1","Q96BD8"
"X23675.16",146,-0.970402107138588,1.57673692226757,TRUE,6911,"CEP76","Centrosomal protein of 76 kDa","CEP76","Q8TAP6"
"X14024.196",146,-0.970459953183268,1.58457745672922,TRUE,6912,"EDA","Ectodysplasin-A, secreted form","EDA","Q92838"
"X19202.10",146,-0.970567932466671,1.62134048458729,TRUE,6913,"BTK","Tyrosine-protein kinase BTK","BTK","Q06187"
"X14593.152",144,-0.970815564496356,1.61012619685898,TRUE,6914,"FAM210A","Protein FAM210A","F210A","Q96ND0"
"X21181.10",144,-0.971362194881771,1.61897317164318,TRUE,6915,"LRP2BP","LRP2-binding protein","LR2BP","Q9P2M1"
"X4967.1",144,-0.971587277981648,1.6323761382247,TRUE,6916,"C1QBP","Complement component 1 Q subcomponent-binding protein, mitochondrial","C1QBP","Q07021"
"X10819.108",139,-0.971613520222909,1.60686497973247,TRUE,6917,"FBLN1","Fibulin-1","fibulin 1","P23142"
"X25277.51",145,-0.971651447839018,1.61570070202892,TRUE,6918,"PANK1","Pantothenate kinase 1","PANK1","Q8TE04"
"X7002.1",146,-0.971913817106232,1.56670914123183,TRUE,6919,"MXRA8","Matrix-remodeling-associated protein 8:Cytoplasmic domain","MXRA8:CD","Q9BRK3"
"X16308.14",146,-0.972048791210486,1.62582860397612,TRUE,6920,"BTLA","B- and T-lymphocyte attenuator","BTLA","Q7Z6A9"
"X16899.59",140,-0.972462417936168,1.59054063114936,TRUE,6921,"OSBPL9","Oxysterol-binding protein-related protein 9","OSBL9","Q96SU4"
"X23567.37",145,-0.972655373459257,1.62092239102917,TRUE,6922,"GNAQ","Guanine nucleotide-binding protein G(q) subunit alpha","GNAQ","P50148"
"X9002.36",146,-0.973209568507071,1.59091464797603,TRUE,6923,"SERPINA11","Serpin A11","SPA11","Q86U17"
"X19613.16",140,-0.973223404371645,1.66419866485552,TRUE,6924,"RDH10","Retinol dehydrogenase 10","RDH10","Q8IZV5"
"X23661.61",144,-0.973420097509214,1.58433906316469,TRUE,6925,"XPNPEP3","Probable Xaa-Pro aminopeptidase 3","XPP3","Q9NQH7"
"X19574.5",143,-0.973708080065997,1.64683780436475,TRUE,6926,"ITGA2B|ITGB3","Integrin alpha-IIb: beta-3 complex","gpIIbIIIa","P08514|P05106"
"X12540.25",145,-0.97371430596044,1.63020692063215,TRUE,6927,"RHOG","Rho-related GTP-binding protein RhoG","RHOG","P84095"
"X11949.25",145,-0.973879700964896,1.61184676263249,TRUE,6928,"EGF","Epidermal growth factor:Cytoplasmic domain","EGF:CD","P01133"
"X9363.11",144,-0.97404706255916,1.62337893257671,TRUE,6929,"CT55","Cancer/testis antigen 55","CX048","Q8WUE5"
"X14692.3",146,-0.974073402774296,1.55026570754371,TRUE,6930,"ZNF276","Zinc finger protein 276","ZN276","Q8N554"
"X12605.1",135,-0.974194870193855,1.56240215623237,TRUE,6931,"EXOSC3","Exosome complex component RRP40","Exosome component 3","Q9NQT5"
"X25124.21",145,-0.974426858097801,1.62756030008528,TRUE,6932,"ZBTB7A","Zinc finger and BTB domain-containing protein 7A","ZBT7A","O95365"
"X22526.81",146,-0.974609442788334,1.63485299099722,TRUE,6933,"PDHB","Pyruvate dehydrogenase E1 component beta subunit","PDHB","P11177"
"X3348.49",145,-0.974777229038271,1.62837109920235,TRUE,6934,"BMP1","Bone morphogenetic protein 1","BMP-1","P13497"
"X5879.51",141,-0.97512919205196,1.64527088610486,TRUE,6935,"DCTN2","Dynactin subunit 2","Dynactin subunit 2","Q13561"
"X21769.10",145,-0.975131585681273,1.55220027133819,TRUE,6936,"XYLB","Xylulose kinase","XYLB","O75191"
"X7960.53",143,-0.975345631103824,1.65401887158242,TRUE,6937,"POTEG","POTE ankyrin domain family member G","POTEG","Q6S5H5"
"X22063.20",143,-0.975809413971356,1.57615351285786,TRUE,6938,"CAPNS2","Calpain small subunit 2","CPNS2","Q96L46"
"X22155.44",143,-0.976338913765293,1.64480402809316,TRUE,6939,"GEMIN7","Gem-associated protein 7","GEMI7","Q9H840"
"X5627.53",145,-0.976375596908868,1.64335490809977,TRUE,6940,"GNRH1","Progonadoliberin-1","GON1","P01148"
"X12690.33",145,-0.976603928083553,1.62582547696049,TRUE,6941,"SEPTIN10","Septin-10","SEP10","Q9P0V9"
"X25460.36",146,-0.976830730904056,1.57561878146715,TRUE,6942,"IRF5","Interferon regulatory factor 5","IRF5","Q13568"
"X15388.24",146,-0.977108391918522,1.55185013302984,TRUE,6943,"FCGR3A","Low affinity immunoglobulin gamma Fc region receptor III-A","FcRIIIa","P08637"
"X6530.63",145,-0.977111723057361,1.62309902971864,TRUE,6944,"OPRPN","Opiorphin prepropeptide","PROL1","Q99935"
"X20534.6",141,-0.97712443485409,1.58155505209623,TRUE,6945,"SCARB1","Scavenger receptor class B member 1","SCRB1","Q8WTV0"
"X5723.4",145,-0.977584133314175,1.60804045471885,TRUE,6946,"INSL3","Insulin-like 3","INSL3","P51460"
"X25947.116",143,-0.977787810383747,1.63436617809418,TRUE,6947,"PIK3C3","Phosphatidylinositol 3-kinase catalytic subunit type 3","PK3C3","Q8NEB9"
"X23381.8",146,-0.978296164035957,1.58417457056063,TRUE,6948,"SEPTIN1","Septin-1","SEPT1","Q8WYJ6"
"X13605.16",144,-0.978737643013467,1.59600431931531,TRUE,6949,"ANXA10","Annexin A10","ANX10","Q9UJ72"
"X23593.14",145,-0.978887239830405,1.61667062199697,TRUE,6950,"MB21D2","Protein MB21D2","M21D2","Q8IYB1"
"X12756.3",145,-0.979410786307189,1.48329794810259,TRUE,6951,"BACH2","Transcription regulator protein BACH2","BACH2","Q9BYV9"
"X22466.27",145,-0.979454131022727,1.57494342176482,TRUE,6952,"HES5","Transcription factor HES-5","HES5","Q5TA89"
"X7737.76",146,-0.979495505362328,1.57365897392306,TRUE,6953,"ITGB6","Integrin beta-6","ITB6","P18564"
"X4383.97",145,-0.979528929166158,1.61738622989272,TRUE,6954,"INHBA|INHBB","Inhibin beta A chain:Inhibin beta B chain heterodimer","Activin AB","P08476|P09529"
"X22857.5",144,-0.979738501670036,1.61716867292846,TRUE,6955,"KCTD7","BTB/POZ domain-containing protein KCTD7","KCTD7","Q96MP8"
"X21160.4",145,-0.979804501273537,1.55021292370721,TRUE,6956,"CHMP6","Charged multivesicular body protein 6","CHMP6","Q96FZ7"
"X19132.1",146,-0.98031306279381,1.61358944643917,TRUE,6957,"MRPL2","39S ribosomal protein L2, mitochondrial","RM02","Q5T653"
"X10953.14",145,-0.980418594855059,1.58856442670922,TRUE,6958,"CLEC2A","C-type lectin domain family 2 member A","CLC2A","Q6UVW9"
"X3364.76",144,-0.980445866400854,1.58363424234741,TRUE,6959,"CTSV","Cathepsin L2","Cathepsin V","O60911"
"X9778.45",142,-0.980450510114262,1.63632573820631,TRUE,6960,"TMEM52B","Transmembrane protein 52B","TM52B","Q4KMG9"
"X10672.75",145,-0.980599685453504,1.60983754886685,TRUE,6961,"SFTPB","Pulmonary surfactant-associated protein B","SP-B","P07988"
"X9021.1",145,-0.980607558957784,1.62275843789805,TRUE,6962,"HAVCR1","Hepatitis A virus cellular receptor 1","TIM-1","Q96D42"
"X9302.90",146,-0.980640857046998,1.64774432779921,TRUE,6963,"GADD45GIP1","Growth arrest and DNA damage-inducible proteins-interacting protein 1","G45IP","Q8TAE8"
"X10961.15",146,-0.980733410718486,1.62261692187561,TRUE,6964,"PLAAT4","Retinoic acid receptor responder protein 3","TIG3","Q9UL19"
"X21329.66",142,-0.980894736621495,1.64988801699975,TRUE,6965,"PHOSPHO2","Pyridoxal phosphate phosphatase PHOSPHO2","PHOP2","Q8TCD6"
"X21743.1",142,-0.980999526350425,1.58954875988012,TRUE,6966,"WDR48","WD repeat-containing protein 48","WDR48","Q8TAF3"
"X5623.11",144,-0.981072884867753,1.59683679405427,TRUE,6967,"CD300LF","CMRF35-like molecule 1","CLM1","Q8TDQ1"
"X21477.105",144,-0.981105153578405,1.61610602975988,TRUE,6968,"MAEA","Macrophage erythroblast attacher","MAEA","Q7L5Y9"
"X15413.3",139,-0.98117242226865,1.6517052707097,TRUE,6969,"LCAT","Phosphatidylcholine-sterol acyltransferase","LCAT","P04180"
"X9940.35",143,-0.981387235789042,1.59814035757919,TRUE,6970,"DUSP28","Dual specificity phosphatase 28","DUS28","Q4G0W2"
"X25282.6",145,-0.981406719642228,1.61166218227351,TRUE,6971,"AZIN1","Antizyme inhibitor 1","AZIN1","O14977"
"X11448.34",143,-0.981432268206043,1.60640876564248,TRUE,6972,"GALK1","Galactokinase","GALK1","P51570"
"X20241.9",144,-0.981623609561993,1.58802570173987,TRUE,6973,"SNAP23","Synaptosomal-associated protein 23","SNP23","O00161"
"X5724.58",143,-0.981797660578699,1.63734602795388,TRUE,6974,"SBSN","Suprabasin","SBSN","Q6UWP8"
"X11162.37",144,-0.98182852250735,1.58393725232038,TRUE,6975,"EQTN","Equatorin","EQTN","Q9NQ60"
"X3473.78",144,-0.981961233533295,1.62803455470813,TRUE,6976,"MPL","Thrombopoietin Receptor","Thrombopoietin Receptor","P40238"
"X11263.57",145,-0.98215470254885,1.62448101750878,TRUE,6977,"CASQ1","Calsequestrin-1","CASQ1","P31415"
"X8973.23",146,-0.982175705432515,1.64321643296639,TRUE,6978,"FCRL4","Fc receptor-like protein 4:Extracellular domain","FCRL4:ECD","Q96PJ5"
"X23210.4",140,-0.982539779735297,1.64930451955239,TRUE,6979,"ETV2","ETS translocation variant 2","ETV2","O00321"
"X13498.1",146,-0.982970124446124,1.62856336919496,TRUE,6980,"MIOX","Inositol oxygenase","MIOX","Q9UGB7"
"X22813.5",141,-0.983302435703674,1.65435320364447,TRUE,6981,"FLJ44635","TPT1-like protein","TPT1L","Q56UQ5"
"X21001.393",143,-0.983312196543417,1.65164635809062,TRUE,6982,"BRK1","Protein BRICK1","BRK1","Q8WUW1"
"X16823.75",146,-0.983313344311227,1.61050747374776,TRUE,6983,"APOL3","Apolipoprotein L3","APOL3","O95236"
"X22465.43",145,-0.983654637288056,1.59839291679608,TRUE,6984,"HES1","Transcription factor HES-1","HES1","Q14469"
"X20411.52",143,-0.9846582583963,1.5407877088362,TRUE,6985,"TTC33","Tetratricopeptide repeat protein 33","TTC33","Q6PID6"
"X14039.33",143,-0.984994777312399,1.63047903374109,TRUE,6986,"KLK5","Kallikrein-5","kallikrein 5","Q9Y337"
"X12632.14",145,-0.985083675502033,1.63680671861353,TRUE,6987,"NAT1","Arylamine N-acetyltransferase 1","ARY1","P18440"
"X4981.6",146,-0.985361094292909,1.64509143008935,TRUE,6988,"DSC3","Desmocollin-3","DSC3","Q14574"
"X24952.28",146,-0.985580909262694,1.64533878791786,TRUE,6989,"FUBP3","Far upstream element-binding protein 3","FUBP3","Q96I24"
"X9224.20",145,-0.985776514517758,1.61439721375307,TRUE,6990,"PRLR","Prolactin receptor","Prolactin Receptor","P16471"
"X4472.5",144,-0.985936325598781,1.61692884009929,TRUE,6991,"TPM2","Tropomyosin beta chain","Tropomyosin 2","P07951"
"X4815.25",143,-0.98597980287176,1.62649976013503,TRUE,6992,"TXNDC12","Thioredoxin domain-containing protein 12","TXD12","O95881"
"X22773.69",143,-0.986263054100255,1.59080432075553,TRUE,6993,"SDHB","Succinate dehydrogenase [ubiquinone] iron-sulfur subunit, mitochondrial","SDHB","P21912"
"X24261.202",145,-0.987008717937614,1.60080780186081,TRUE,6994,"DAPK3","Death-associated protein kinase 3","DAPK3","O43293"
"X18237.29",146,-0.987674936080121,1.60986515299276,TRUE,6995,"NRIP3","Nuclear receptor-interacting protein 3","NRIP3","Q9NQ35"
"X17752.24",146,-0.988214832497137,1.61731333625955,TRUE,6996,"ARG2","Arginase-2, mitochondrial","Arginase","P78540"
"X12704.26",138,-0.988665269234106,1.63094158133337,TRUE,6997,"SH2D3C","SH2 domain-containing protein 3C","SH2D3","Q8N5H7"
"X15569.15",146,-0.988681457257558,1.64915352885295,TRUE,6998,"COL2A1","Collagen Type II","Collagen II","P02458"
"X18322.15",145,-0.988953495238508,1.58584426551072,TRUE,6999,"JMJD6","Bifunctional arginine demethylase and lysyl-hydroxylase JMJD6","JMJD6","Q6NYC1"
"X12345.4",145,-0.990087277623151,1.67566643165044,TRUE,7000,"ANAPC10","Anaphase-promoting complex subunit 10","APC10","Q9UM13"
"X12352.70",142,-0.992245543807438,1.56897616280298,TRUE,7001,"ARRDC3","Arrestin domain-containing protein 3","ARRD3","Q96B67"
"X19163.26",146,-0.992908074922197,1.67052461147507,TRUE,7002,"LRRC59","Leucine-rich repeat-containing protein 59","LRC59","Q96AG4"
"X9865.40",146,-0.995877505215785,1.58732877294989,TRUE,7003,"UBE2B","Ubiquitin-conjugating enzyme E2 B","UBE2B","P63146"
"X16753.46",146,-0.996560088543012,1.64444780650975,TRUE,7004,"COL6A2","Collagen alpha-2(VI) chain","CO6A2","P12110"
"X13710.6",146,-0.997948393615339,1.58995845277305,TRUE,7005,"SERPING1","Plasma protease C1 inhibitor","C1-Esterase Inhibitor","P05155"
