"protein_id","n_valid","loess_corr","loess_mae_z","loess_converged","rank","EntrezGeneSymbol","TargetFullName","Target","UniProt"
"X12551.3",118,1,0.108569673880773,TRUE,1,"ITCH","E3 ubiquitin-protein ligase Itchy homolog","ITCH","Q96J02"
"X14066.49",125,1,0.154806652554649,TRUE,2,"MAGI2","Membrane-associated guanylate kinase, WW and PDZ domain-containing protein 2","MAGI2","Q86UL8"
"X4707.50",125,1,0.0770716290482967,TRUE,3,"YWHAH","14-3-3 protein eta","14-3-3 eta","Q04917"
"X8660.33",124,1,0.15216928865912,TRUE,4,"OLFML3","Olfactomedin-like protein 3","OLFL3","Q9NRN5"
"X17332.3",125,0.99999385492712,0.141544155646277,TRUE,5,"ADPRS","Poly(ADP-ribose) glycohydrolase ARH3","ARHL2","Q9NX46"
"X7745.3",125,0.99999385492712,0.145257627356833,TRUE,6,"CISD1","CDGSH iron-sulfur domain-containing protein 1","ZCD1","Q9NZ45"
"X12968.2",124,0.99999370503031,0.1115050032079,TRUE,7,"CSRP2","Cysteine and glycine-rich protein 2","CSRP2","Q16527"
"X12612.37",125,0.999987709854239,0.176353616892542,TRUE,8,"PSMB1","Proteasome subunit beta type-1","PSB1","P20618"
"X19121.3",125,0.999987709854239,0.019754301729446,TRUE,9,"UBQLN2","Ubiquilin-2","UBQL2","Q9UHD9"
"X3896.5",121,0.999986450048102,0.101619149081764,TRUE,10,"PGAM1","Phosphoglycerate mutase 1","Phosphoglycerate mutase 1","P18669"
"X18907.97",125,0.999981564781358,0.119389909487265,TRUE,11,"KIR3DL1","Killer cell immunoglobulin-like receptor 3DL1","KI3L1","P43629"
"X16919.1",125,0.999975419708478,0.101722371175992,TRUE,12,"DBI","Acyl-CoA-binding protein","ACBP","P07108"
"X17325.10",125,0.999975419708478,0.113003617502888,TRUE,13,"GUK1","Guanylate kinase","KGUA","Q16774"
"X19392.6",125,0.999975419708478,0.0568383653090414,TRUE,14,"DDAH1","N(G),N(G)-dimethylarginine dimethylaminohydrolase 1","DDAH1","O94760"
"X21118.48",125,0.999950839416956,0.0880481507820123,TRUE,15,"GCHFR","GTP cyclohydrolase I feedback regulatory protein","GFRP","P30047"
"X22049.24",125,0.999950839416956,0.0658323357300124,TRUE,16,"YWHAH","14-3-3 protein eta","14-3-3 eta","Q04917"
"X7832.181",125,0.999950839416956,0.0752625118634635,TRUE,17,"PDIA3","Protein disulfide-isomerase A3","Protein disulfide isomerase A3","P30101"
"X6520.87",125,0.999926259125433,0.156228564392965,TRUE,18,"MGP","Matrix Gla protein","MGP","P08493"
"X9038.12",125,0.999926259125433,0.0896896398673134,TRUE,19,"JTB","Protein JTB","JTB","O76095"
"X21661.82",125,0.999920114052553,0.131110996545642,TRUE,20,"FAM20C","Dentin matrix protein 4","DMP4","Q8IXL6"
"X3855.56",120,0.999916652196562,0.119513479963496,TRUE,21,"PRDX1","Peroxiredoxin-1","Peroxiredoxin-1","Q06830"
"X10620.21",123,0.999916152834034,0.10157440791324,TRUE,22,"MSMB","Beta-microseminoprotein","PSP-94","P08118"
"X17450.51",125,0.999901678833911,0.050807584443897,TRUE,23,"HARS1","Histidine--tRNA ligase, cytoplasmic","Histidyl-tRNA synthetase","P12081"
"X19158.1",125,0.999901678833911,0.06986208257372,TRUE,24,"PCLAF","PCNA-associated factor","PAF","Q15004"
"X21232.39",120,0.999881922304876,0.0938104744486752,TRUE,25,"KLK3","Benign Prostate specific Antigen","BPSA","P07288"
"X15339.32",125,0.999877098542389,0.286683904558437,TRUE,26,"CFL2","Cofilin-2","COF2","Q9Y281"
"X8957.72",125,0.999877098542389,0.10295862157193,TRUE,27,"ERLEC1","Endoplasmic reticulum lectin 1","XTP3B","Q96DZ1"
"X23265.15",125,0.999852518250867,0.0378815947665786,TRUE,28,"TPD52L2","Tumor protein D54","TPD54","O43399"
"X9816.37",125,0.999852518250867,0.309998892785212,TRUE,29,"ISOC1","Isochorismatase domain-containing protein 1","ISOC1","Q96CN7"
"X18236.3",124,0.999848920727447,0.133431999172789,TRUE,30,"LGALSL","Galectin-related protein","LEGL","Q3ZCW2"
"X9453.12",125,0.999846373177986,0.0763869218502934,TRUE,31,"VEGFB","Vascular endothelial growth factor B","VEGF-B","P49765"
"X10001.7",123,0.999845205731258,0.0473800675404449,TRUE,32,"RAF1","RAF proto-oncogene serine/threonine-protein kinase","c-Raf","P04049"
"X3362.61",125,0.999821792886464,0.134135012478149,TRUE,33,"CHRDL1","Chordin-like protein 1","CRDL1","Q9BU40"
"X24293.39",124,0.999817445878998,0.153094802134406,TRUE,34,"SCP2","Nonspecific lipid-transfer protein:isoform 6","NLTP:isoform 6","P22307"
"X9207.60",124,0.999817445878998,0.218530570803074,TRUE,35,"CRYZL1","Quinone oxidoreductase-like protein 1","QORL1","O95825"
"X3554.24",125,0.999815647813583,0.173541948129699,TRUE,36,"ADIPOQ","Adiponectin","Adiponectin","Q15848"
"X4891.50",120,0.999798573343613,0.171118163226617,TRUE,37,"GCG","Glucagon","Glucagon","P01275"
"X4250.23",125,0.999791067522061,0.0758412567114653,TRUE,38,"NSFL1C","NSFL1 cofactor p47","NSF1C","Q9UNZ2"
"X21955.36",124,0.9997859717042,0.188512640986969,TRUE,39,"BAG6","Large proline-rich protein BAT3","BAT3","P46379"
"X17706.4",123,0.999754909074491,0.0799604636154471,TRUE,40,"PPP1R1A","Protein phosphatase 1 regulatory subunit 1A","PPR1A","Q13522"
"X25451.39",124,0.999735612105188,0.0414147046644171,TRUE,41,"YAP1","Transcriptional coactivator YAP1","YAP1","P46937"
"X5029.3",122,0.999722392972576,0.058830185575879,TRUE,42,"FAP","Prolyl endopeptidase FAP","SEPR","Q12884"
"X12387.7",124,0.999716726363963,0.10187505448931,TRUE,43,"PDLIM4","PDZ and LIM domain protein 4","PDLI4","P50479"
"X17686.27",125,0.999705036501733,0.135728172245695,TRUE,44,"TBCB","Tubulin-folding cofactor B","TBCB","Q99426"
"X9971.5",125,0.999705036501733,0.274718768288101,TRUE,45,"CSMD2","CUB and sushi domain-containing protein 2","CSMD2","Q7Z408"
"X15367.38",125,0.999698891428852,0.168354948467715,TRUE,46,"BPIFB1","BPI fold-containing family B member 1","LPLC1","Q8TDL5"
"X25286.33",122,0.999669515443543,0.110867322240023,TRUE,47,"RABGAP1L","Rab GTPase-activating protein 1-like","RBG1L","Q5R372"
"X25280.2",125,0.99966816606445,0.136931031861754,TRUE,48,"LIMD1","LIM domain-containing protein 1","LIMD1","Q9UGP4"
"X9121.28",125,0.99966816606445,0.0902728005334886,TRUE,49,"FUT2","Galactoside 2-alpha-L-fucosyltransferase 2","FUT2","Q10981"
"X16803.4",122,0.99964968521242,0.090593063235892,TRUE,50,"CALB2","Calretinin","CALB2","P22676"
"X12546.1",125,0.999612860408524,0.103383965432807,TRUE,51,"SMTN","Smoothelin","SMTN","P53814"
"X3642.4",125,0.999575989971241,0.0518574059461836,TRUE,52,"CD84","SLAM family member 5","SLAF5","Q9UIB8"
"X6440.31",125,0.999575989971241,0.0549160146190845,TRUE,53,"MFAP5","Microfibrillar-associated protein 5","MFAP5","Q13361"
"X8485.7",125,0.999575989971241,0.122432083259861,TRUE,54,"KEAP1","Kelch-like ECH-associated protein 1","KEAP1","Q14145"
"X8922.4",125,0.99956984489836,0.170657021600317,TRUE,55,"TMCC3","Transmembrane and coiled-coil domains protein 3:region 1","TMCC3:region 1","Q9ULS5"
"X16885.49",125,0.99956369982548,0.0860864826392237,TRUE,56,"MAPRE3","Microtubule-associated protein RP/EB family member 3","MARE3","Q9UPY8"
"X13491.40",125,0.999539119533958,0.0636841403923365,TRUE,57,"PDE6D","Retinal rod rhodopsin-sensitive cGMP 3',5'-cyclic phosphodiesterase subunit delta","PDE6D","O43924"
"X9934.29",125,0.999526829388197,0.170050080811944,TRUE,58,"PITPNA","Phosphatidylinositol transfer protein alpha isoform","PIPNA","Q00169"
"X3214.3",125,0.999489958950913,0.243992510250048,TRUE,59,"NRP1","Neuropilin-1","NRP1","O14786"
"X21563.3",125,0.99945308851363,0.0703713139568247,TRUE,60,"PLA2G12A","sPLA(2)-XII","sPLA(2)-XII","Q9BZM1"
"X15321.8",125,0.999440798367869,0.0846073761731137,TRUE,61,"CPLX2","Complexin-2","CPLX2","Q6PUV4"
"X16558.2",124,0.999439749460995,0.178426154676761,TRUE,62,"MYOC","Myocilin","MYOC","Q99972"
"X17799.9",124,0.999439749460995,0.0830842101938294,TRUE,63,"PGLS","6-phosphogluconolactonase","6PGL","O95336"
"X4124.24",124,0.999439749460995,0.0710018257459683,TRUE,64,"HSPA1A","Heat shock 70 kDa protein 1A","HSP 70","P0DMV8"
"X4496.60",109,0.999406833463861,0.11661160176023,TRUE,65,"MMP12","Macrophage metalloelastase","MMP-12","P39900"
"X21487.20",123,0.999367923402636,0.15544639622972,TRUE,66,"BLOC1S6","Biogenesis of lysosome-related organelles complex 1 subunit 6","BL1S6","Q9UL45"
"X12577.100",125,0.999330187056019,0.0999261467179684,TRUE,67,"FEN1","Flap endonuclease 1","FLAP endonuclease-1","P39748"
"X8840.61",124,0.99931384830382,0.055283134573786,TRUE,68,"C1S","Complement C1s subcomponent","C1s","P09871"
"X16859.100",123,0.999296973762287,0.13541986398144,TRUE,69,"SH3GLB1","Endophilin-B1","SHLB1","Q9Y371"
"X3392.68",125,0.999293316618735,0.0636518333090337,TRUE,70,"AKT3","Protein kinase B gamma","PKB gamma","Q9Y243"
"X20107.11",125,0.999274881400094,0.0585193136661991,TRUE,71,"MYL4","Myosin light polypeptide 4","MYL4","P12829"
"X9053.16",123,0.999219576378318,0.0603808617945964,TRUE,72,"CRIP2","Cysteine-rich protein 2","CRIP2","P52943"
"X14208.3",125,0.999090529213677,0.140504337926321,TRUE,73,"RBP7","Retinoid-binding protein 7","RET7","Q96R05"
"X19297.4",125,0.999047513703513,0.117897381546891,TRUE,74,"G6PD","Glucose-6-phosphate 1-dehydrogenase","G6PD","P11413"
"X22958.6",125,0.999047513703513,0.0538304643908793,TRUE,75,"DSTN","Destrin","DEST","P60981"
"X23569.53",125,0.999047513703513,0.0463423610638946,TRUE,76,"STARD10","START domain-containing protein 10","STA10","Q9Y365"
"X4829.43",108,0.999018598978581,0.190231128364064,TRUE,77,"SFN","14-3-3 protein sigma","STRATIFIN","P31947"
"X10981.56",125,0.999004498193349,0.097494660792047,TRUE,78,"NRG3","Pro-neuregulin-3, membrane-bound isoform","NRG3","P56975"
"X19290.5",125,0.998998353120468,0.129536975319488,TRUE,79,"HPRT1","Hypoxanthine-guanine phosphoribosyltransferase","HPRT","P00492"
"X11636.33",125,0.998979917901826,0.280200243048205,TRUE,80,"TAGLN2","Transgelin-2","Transgelin-2","P37802"
"X13732.79",120,0.998972022337677,0.193500395390158,TRUE,81,"CTF1","Cardiotrophin-1","Cardiotrophin-1","Q16619"
"X5885.55",125,0.998961482683185,0.0867485954853458,TRUE,82,"EIF4H","Eukaryotic translation initiation factor 4H","eIF-4H","Q15056"
"X24434.16",121,0.998916007520198,0.168512521663301,TRUE,83,"PHYHIP","Phytanoyl-CoA hydroxylase-interacting protein","PHYIP","Q92561"
"X4179.57",125,0.998900031954379,0.135882371802281,TRUE,84,"YWHAG","14-3-3 protein gamma","14-3-3 protein gamma","P61981"
"X8901.40",125,0.998900031954379,0.0971349421159279,TRUE,85,"YWHAG","14-3-3 protein gamma","14-3-3 protein gamma","P61981"
"X11490.42",125,0.998893886881499,0.0751308443355726,TRUE,86,"UBL4A","Ubiquitin-like protein 4A","UBL4A","P11441"
"X13422.66",121,0.998868582849206,0.229997281227982,TRUE,87,"ENOX2","Ecto-NOX disulfide-thiol exchanger 2","ENOX2","Q16206"
"X11263.57",121,0.998848265793155,0.2701522231311,TRUE,88,"CASQ1","Calsequestrin-1","CASQ1","P31415"
"X4542.24",121,0.998848265793155,0.199302311956614,TRUE,89,"CLU","Clusterin","Clusterin","P10909"
"X12813.18",123,0.998826139676479,0.178721196307551,TRUE,90,"EHBP1","EH domain-binding protein 1","EHBP1","Q8NDI1"
"X12764.3",121,0.998814379208954,0.156847862494115,TRUE,91,"ELMO1","Engulfment and cell motility protein 1","ELMO1","Q92556"
"X22586.24",124,0.998785074673843,0.12700188545785,TRUE,92,"BTN2A2","Butyrophilin subfamily 2 member A2","BT2A2","Q8WVV5"
"X11514.196",125,0.998777130496768,0.0914614407283886,TRUE,93,"CD59","CD59 glycoprotein","CD59","P13987"
"X17746.77",125,0.998777130496768,0.175902532016099,TRUE,94,"FIS1","Mitochondrial fission 1 protein","FIS1","Q9Y3D6"
"X5091.28",125,0.998770985423887,0.138476611787773,TRUE,95,"LILRB2","Leukocyte immunoglobulin-like receptor subfamily B member 2","ILT-4","Q8N423"
"X21271.53",119,0.998760705827888,0.311682978856223,TRUE,96,"AKR1C2","Aldo-keto reductase family 1 member C2","AK1C2","P52895"
"X15653.9",122,0.998711110229819,0.161528284317963,TRUE,97,"COL10A1","Collagen alpha-1(X) chain","COAA1","Q03692"
"X10041.3",124,0.998684351334848,0.0968823664645095,TRUE,98,"HNF4A","Hepatocyte nuclear factor 4-alpha","HNF4A","P41235"
"X13095.51",124,0.998684351334848,0.150770088134907,TRUE,99,"REG1A","Lithostathine-1-alpha","PSP","P05451"
"X15304.1",124,0.998684351334848,0.195831581194111,TRUE,100,"REG3A","Regenerating islet-derived protein 3-alpha","PAP1","Q06141"
"X16770.3",124,0.998684351334848,0.159663584572309,TRUE,101,"REG1B","Lithostathine-1-beta","REG1B","P48304"
"X2836.68",124,0.998684351334848,0.0841149128933989,TRUE,102,"LCN2","Neutrophil gelatinase-associated lipocalin","Lipocalin 2","P80188"
"X2900.53",124,0.998684351334848,0.153110524653455,TRUE,103,"CCL14","C-C motif chemokine 14","HCC-1","Q16627"
"X4982.54",124,0.998684351334848,0.135472736574995,TRUE,104,"PI3","Elafin","Elafin","P19957"
"X5015.15",125,0.998666519184918,0.0963318362172271,TRUE,105,"PLA2G7","Platelet-activating factor acetylhydrolase","PAFAH","Q13093"
"X18877.15",124,0.998665466425779,0.260239309221532,TRUE,106,"CNN2","Calponin-2","CNN2","Q99439"
"X22077.46",124,0.998665466425779,0.070291371447654,TRUE,107,"ATP23","Mitochondrial inner membrane protease ATP23 homolog","ATP23","Q9Y6H3"
"X9910.9",124,0.998665466425779,0.170873004399684,TRUE,108,"MTAP","S-methyl-5'-thioadenosine phosphorylase","MTAP","Q13126"
"X14109.15",123,0.998651999909703,0.127739513731183,TRUE,109,"CCL15","C-C motif chemokine 15","MIP-5","Q16663"
"X10382.1",123,0.99865199556255,0.180169684196706,TRUE,110,"ANGPTL3","Angiopoietin-related protein 3","ANGL3","Q9Y5C1"
"X10391.1",123,0.99865199556255,0.181285336305273,TRUE,111,"ANGPTL3","Angiopoietin-related protein 3","ANGL3","Q9Y5C1"
"X4983.6",123,0.99865199556255,0.131391548576446,TRUE,112,"ERP29","Endoplasmic reticulum resident protein 29","ERP29","P30040"
"X25276.32",125,0.998648083966276,0.0935068564359997,TRUE,113,"RABL6","Rab-like protein 6","RABL6","Q3YEC7"
"X9991.112",124,0.99864658151671,0.443940037186844,TRUE,114,"EMILIN3","EMILIN-3:region 2","EMIL3:region 2","Q9NT22"
"X10976.44",124,0.998633991577331,0.345167305310066,TRUE,115,"MUC1","Mucin-1:region 3","MUC1:region 3","P15941"
"X12457.10",124,0.998633991577331,0.157092341953603,TRUE,116,"ADI1","1,2-dihydroxy-3-keto-5-methylthiopentene dioxygenase","MTND","Q9BV57"
"X12730.3",124,0.998633991577331,0.257415685880321,TRUE,117,"NDC80","Kinetochore protein NDC80 homolog","KNTC2","O14777"
"X13660.76",124,0.998633991577331,0.237365370452989,TRUE,118,"ANGPT2","Angiopoietin-2","Angiopoietin-2","O15123"
"X23258.56",124,0.998633991577331,0.0793186651432999,TRUE,119,"COA7","Cytochrome c oxidase assembly factor 7","COA7","Q96BR5"
"X24443.8",124,0.998633991577331,0.234885196102923,TRUE,120,"MORF4L2","Mortality factor 4-like protein 2","MO4L2","Q15014"
"X25307.8",124,0.998633991577331,0.232321287112625,TRUE,121,"WDR18","WD repeat-containing protein 18","WDR18","Q9BV38"
"X2602.2",124,0.998633991577331,0.236981265351768,TRUE,122,"ANGPT2","Angiopoietin-2","Angiopoietin-2","O15123"
"X4962.52",124,0.998633991577331,0.198909739026988,TRUE,123,"CDNF","Cerebral dopamine neurotrophic factor","ARMEL","Q49AH0"
"X22023.3",123,0.99863265062611,0.16521474440123,TRUE,124,"AADAT","Kynurenine/alpha-aminoadipate aminotransferase, mitochondrial","AADAT","Q8N5Z0"
"X11180.17",123,0.998632646216558,0.111431179814443,TRUE,125,"SMARCC1","SWI/SNF complex subunit SMARCC1","SMRC1","Q92922"
"X14131.37",125,0.998629648747634,0.226525435267181,TRUE,126,"EFNB2","Ephrin-B2:Extracellular domain","EFNB2:ECD","P52799"
"X14618.26",124,0.998627696607641,0.108761986396273,TRUE,127,"VOPP1","Vesicular, overexpressed in cancer, prosurvival protein 1","ECOP","Q96AW1"
"X23520.60",123,0.998626200864913,0.273607612760072,TRUE,128,"MBLAC2","Beta-lactamase-like protein FLJ75971","YE006","Q68D91"
"X5708.1",122,0.998618574554011,0.37052916467915,TRUE,129,"LEAP2","Liver-expressed antimicrobial peptide 2","LEAP2","Q969E1"
"X13231.90",122,0.998618569988598,0.139831121677663,TRUE,130,"IGHG4","Ig gamma-4, Kappa","IgG4, Kappa","P01861"
"X13268.45",122,0.998618569988598,0.265242488466875,TRUE,131,"WNT5A","Protein Wnt-5a","WNT5A","P41221"
"X23617.15",121,0.998617918951786,0.0944142178296071,TRUE,132,"HYPK","Huntingtin-interacting protein K","HYPK","Q9NX55"
"X21133.33",125,0.998611213528993,0.0880637172785907,TRUE,133,"CMC4","Cx9C motif-containing protein 4","CMC4","P56277"
"X10938.13",124,0.998608811698572,0.123038738177085,TRUE,134,"CD58","Lymphocyte function-associated antigen 3","sLFA-3","P19256"
"X22527.4",123,0.998600410847138,0.122812867782568,TRUE,135,"PDLIM3","PDZ and LIM domain protein 3","PDLI3","Q53GG5"
"X9744.139",123,0.998600401820123,0.26717872392804,TRUE,136,"DNAJA4","DnaJ homolog subfamily A member 4","DNJA4","Q8WW22"
"X15363.32",123,0.998600397306571,0.272905189244897,TRUE,137,"APOA5","Apolipoprotein A-V","Apo A-V","Q6Q788"
"X19311.15",123,0.998600397306571,0.100930023775854,TRUE,138,"CRYGS","Beta-crystallin S","CRBS","P22914"
"X13605.16",122,0.998598754742422,0.215613208780283,TRUE,139,"ANXA10","Annexin A10","ANX10","Q9UJ72"
"X24904.121",122,0.998598754742422,0.182295301136179,TRUE,140,"STXBP4","Syntaxin-binding protein 4","STXB4","Q6ZWJ1"
"X8220.15",122,0.998598750111538,0.237065482647132,TRUE,141,"FAM241B","Uncharacterized protein C10orf35","CJ035","Q96D05"
"X6252.62",122,0.998598745480623,0.156242104777019,TRUE,142,"SCGB3A1","Secretoglobin family 3A member 1","Secretoglobin family 3A member 1","Q96QR1"
"X11493.169",124,0.998596221759192,0.130549111972756,TRUE,143,"DYNLL2","Dynein light chain 2, cytoplasmic","DYL2","Q96FJ2"
"X17702.53",121,0.998584049212758,0.221784885427743,TRUE,144,"UGT1A1","UDP-glucuronosyltransferase 1-1","UGT 1A1","P22309"
"X21549.144",121,0.998563719694994,0.295239361362134,TRUE,145,"TECTB","Beta-tectorin","TECTB","Q96PL2"
"X12403.30",124,0.998552156971364,0.140408559223473,TRUE,146,"RAB39B","Ras-related protein Rab-39B","RB39B","Q96DA2"
"X14341.8",124,0.998552156971364,0.233150556976447,TRUE,147,"DIPK1C","Protein FAM69C","FA69C","Q0P6D2"
"X16926.44",124,0.998552156971364,0.0971295564680745,TRUE,148,"ALPL","Alkaline phosphatase, tissue-nonspecific isozyme","Alkaline phosphatase, liver","P05186"
"X17505.125",124,0.998552156971364,0.209607546303029,TRUE,149,"NAALADL1","N-acetylated-alpha-linked acidic dipeptidase-like protein","NALDL","Q9UQQ1"
"X21154.8",124,0.998552156971364,0.189734277961103,TRUE,150,"CAB39L","Calcium-binding protein 39-like","CB39L","Q9H9S4"
"X19335.2",120,0.998548333883207,0.158170036838935,TRUE,151,"JPT1","Hematological and neurological expressed 1 protein","HN1","Q9UK76"
"X19334.62",125,0.998543617727306,0.0827653289014859,TRUE,152,"TXNDC12","Thioredoxin domain-containing protein 12","TXD12","O95881"
"X9738.7",125,0.998543617727306,0.098255381248367,TRUE,153,"FAF2","FAS-associated factor 2","FAF2","Q96CS3"
"X7717.95",123,0.998542353969344,0.143396608827583,TRUE,154,"CFTR","Cystic fibrosis transmembrane conductance regulator","CFTR","P13569"
"X10054.3",124,0.998533272062295,0.252108498317355,TRUE,155,"GAN","Gigaxonin","GAN","Q9H2C0"
"X13583.19",124,0.998533272062295,0.214283215752479,TRUE,156,"APAF1","Apoptotic protease-activating factor 1","Apaf-1","O14727"
"X13652.2",124,0.998533272062295,0.148264733607404,TRUE,157,"TOM1L1","TOM1-like protein 1","TM1L1","O75674"
"X14186.13",124,0.998533272062295,0.237098939770268,TRUE,158,"RFFL","E3 ubiquitin-protein ligase rififylin","RFFL","Q8WZ73"
"X23178.95",124,0.998533272062295,0.294521453816666,TRUE,159,"HNMT","Histamine N-methyltransferase","HNMT","P50135"
"X23310.51",124,0.998533272062295,0.236665108802473,TRUE,160,"RAB38","Ras-related protein Rab-38","RAB38","P57729"
"X18931.40",120,0.99852752213926,0.141198127431736,TRUE,161,"SLIT3","Slit homolog 3 protein","SLIT3","O75094"
"X22572.19",120,0.998527496570526,0.208162854300631,TRUE,162,"PGA4","Pepsin A-4","PEPA4","P0DJD7"
"X14043.12",123,0.998516564492358,0.134363275924692,TRUE,163,"EEA1","Early endosome antigen 1","EEA1","Q15075"
"X9745.20",123,0.998516564492358,0.153755767022477,TRUE,164,"EIF4E2","Eukaryotic translation initiation factor 4E type 2","IF4E2","O60573"
"X9199.6",123,0.998516554924554,0.252272466468658,TRUE,165,"UBE2G2","Ubiquitin-conjugating enzyme E2 G2","UB2G2","P60604"
"X25083.26",123,0.998516550140605,0.0948886884530625,TRUE,166,"DIAPH1","Protein diaphanous homolog 1","Diaphanous-related formin-1","O60610"
"X4696.2",123,0.998516550140605,0.218714953575576,TRUE,167,"FABP3","Fatty acid-binding protein, heart","FABP","P05413"
"X7918.114",123,0.998516550140605,0.282136660736397,TRUE,168,"AMY1A","Alpha-amylase 1","Amylase, alpha 1A","P04745"
"X9388.18",123,0.998516550140605,0.267247654170186,TRUE,169,"MCEE","Methylmalonyl-CoA epimerase, mitochondrial","MCEE","Q96PE7"
"X23318.60",124,0.998501797213846,0.182537824528784,TRUE,170,"PCTP","Phosphatidylcholine transfer protein","PPCT","Q9UKL6"
"X5654.70",125,0.998500602217142,0.188497014059495,TRUE,171,"TMX3","Protein disulfide-isomerase TMX3","TMX3","Q96JJ7"
"X13101.60",123,0.998497205640961,0.123261334214234,TRUE,172,"SOST","Sclerostin","SOST","Q9BQB4"
"X18415.16",123,0.998497205640961,0.341131152161561,TRUE,173,"ARL6","ADP-ribosylation factor-like protein 6","ARL6","Q9H0F7"
"X24445.38",123,0.998497205640961,0.177445954931465,TRUE,174,"AFAP1L2","Actin filament-associated protein 1-like 2","AF1L2","Q8N4X5"
"X7785.1",123,0.998497205640961,0.223937904610407,TRUE,175,"EFNB3","Ephrin-B3:Cytoplasmic domain","Ephrin-B3:CD","Q15768"
"X23578.6",123,0.998497200794613,0.191797574658254,TRUE,176,"SMIM3","Small integral membrane protein 3","SMIM3","Q9BZL3"
"X11654.77",124,0.998495502244157,0.0982376028188738,TRUE,177,"NRSN1","Neurensin-1","NRSN1","Q8IZ57"
"X6380.23",119,0.998490071507934,0.148610406006935,TRUE,178,"MRPL58","Peptidyl-tRNA hydrolase ICT1, mitochondrial","ICT1","Q14197"
"X8005.1",124,0.998489221539924,0.120268700338857,TRUE,179,"MXRA7","Matrix-remodeling-associated protein 7","MXRA7","P84157"
"X5129.12",125,0.998488312071381,0.322320475430891,TRUE,180,"SCARF1","Scavenger receptor class F member 1","SREC-I","Q14162"
"X17467.1",122,0.998479766016161,0.388881981914747,TRUE,181,"DHRS9","Dehydrogenase/reductase SDR family member 9","DHRS9","Q9BPW9"
"X9102.28",122,0.998479766016161,0.195991972319086,TRUE,182,"ZFYVE27","Protrudin:Cytoplasmic domain, region 2, isoform 5","ZFY27:CD region 2","Q5T4F4"
"X16850.5",122,0.998473171441035,0.262421919647009,TRUE,183,"RGS5","Regulator of G-protein signaling 5","RGS5","O15539"
"X25308.8",123,0.998464956834973,0.17775886155653,TRUE,184,"LIMK1","LIM domain kinase 1","LIMK1","P53667"
"X4588.1",123,0.998464951884626,0.289935642962123,TRUE,185,"PPY","Pancreatic hormone","PH","P01298"
"X9730.22",124,0.998464027395708,0.304462317553542,TRUE,186,"GHDC","GH3 domain-containing protein","GHDC","Q8N2G8"
"X9266.1",122,0.998459947056549,0.376968390553053,TRUE,187,"TREM1","Triggering receptor expressed on myeloid cells 1","sTREM-1","Q9NP99"
"X19373.3",122,0.998459941966912,0.119844653535674,TRUE,188,"MYL12A","Myosin regulatory light chain 12A","MLRM","P19105"
"X21191.24",122,0.998459941966912,0.107086301941225,TRUE,189,"DUSP21","Dual specificity protein phosphatase 21","DUS21","Q9H596"
"X8325.37",122,0.998459941966912,0.143271554538217,TRUE,190,"ADH4","Alcohol dehydrogenase 4","ADH4","P08319"
"X13738.8",124,0.998457732426018,0.078862130214337,TRUE,191,"INHBA","Inhibin beta A chain","Inhibin bA chain","P08476"
"X12414.31",125,0.998451441634098,0.147688207598717,TRUE,192,"YWHAB","14-3-3 protein beta/alpha","14-3-3 protein beta/alpha","P31946"
"X3709.4",121,0.998441760810284,0.241127603630288,TRUE,193,"GPT","Alanine aminotransferase 1","ALT","P24298"
"X6420.4",121,0.998441760810284,0.25962044737811,TRUE,194,"SDHAF2","Succinate dehydrogenase assembly factor 2, mitochondrial","SDHF2","Q9NX18"
"X22576.1",122,0.998426909107734,0.326242915709023,TRUE,195,"CD209","CD209 antigen","DC-SIGN","Q9NNX6"
"X13518.5",121,0.998421457340393,0.0943129467761863,TRUE,196,"ASAP2","Arf-GAP with SH3 domain, ANK repeat and PH domain-containing protein 2","ASAP2","O43150"
"X20173.39",121,0.998421446645913,0.156907841310883,TRUE,197,"CAPN9","Calpain-9","CAN9","O14815"
"X3503.4",121,0.998421435951288,0.200309459785566,TRUE,198,"ITGA1|ITGB1","Integrin alpha-I: beta-1 complex","Integrin a1b1","P56199|P05556"
"X13107.9",123,0.998419818698382,0.192669677666362,TRUE,199,"LYPD3","Ly6/PLAUR domain-containing protein 3","LYPD3","O95274"
"X11682.7",123,0.99841980850659,0.298057614809625,TRUE,200,"TXNIP","Thioredoxin-interacting protein","TXNIP","Q9H3M7"
"X8467.9",123,0.99841980850659,0.094663885334712,TRUE,201,"INHBA|INHBB","Inhibin beta A chain:Inhibin beta B chain heterodimer","Activin AB","P08476|P09529"
"X12851.5",123,0.998419803410645,0.277651373106029,TRUE,202,"POLM","DNA-directed DNA/RNA polymerase mu","DPOLM","Q9NP87"
"X3074.6",119,0.998411720505543,0.135047201523798,TRUE,203,"LBP","Lipopolysaccharide-binding protein","LBP","P18428"
"X9278.9",119,0.998411714849398,0.191770570612174,TRUE,204,"CXCL12","Stromal cell-derived factor 1","SDF-1","P48061"
"X16825.20",125,0.998408426123934,0.0750645985561992,TRUE,205,"ATXN3","Ataxin-3","ATX3","P54252"
"X17775.8",125,0.998408426123934,0.171564194694634,TRUE,206,"TAGLN3","Transgelin-3","TAGL3","Q9UI15"
"X3232.28",125,0.998408426123934,0.159557024638689,TRUE,207,"ACP5","Tartrate-resistant acid phosphatase type 5","TrATPase","P13686"
"X9757.29",125,0.998408426123934,0.0435042424899938,TRUE,208,"ENAH","Protein enabled homolog","ENAH","Q8N8S7"
"X12756.3",120,0.998402489338353,0.176802401414122,TRUE,209,"BACH2","Transcription regulator protein BACH2","BACH2","Q9BYV9"
"X12562.1",120,0.998402472694438,0.188199442805416,TRUE,210,"PKN1","Serine/threonine-protein kinase N1","PKN1","Q16512"
"X3509.1",121,0.998401111092292,0.280333724829468,TRUE,211,"CCL15","C-C motif chemokine 15","MIP-5","Q16663"
"X21537.33",124,0.998401077698811,0.251982515187078,TRUE,212,"SCLY","Selenocysteine lyase","SCLY","Q96I15"
"X7721.81",120,0.998381646622469,0.0720250251028472,TRUE,213,"FMR1","Fragile X mental retardation protein 1","FMR1","Q06787"
"X12817.1",122,0.998380620321563,0.186339993300769,TRUE,214,"GEM","GTP-binding protein GEM","GEM","P55040"
"X19581.15",125,0.998377700759531,0.0652727906303268,TRUE,215,"IGFBP5","Insulin-like growth factor-binding protein 5","IGFBP-5","P24593"
"X20439.14",125,0.998377700759531,0.139696831336373,TRUE,216,"PLPBP","Proline synthase co-transcribed bacterial homolog protein","PROSC","O94903"
"X9288.7",125,0.998377700759531,0.0829404306349523,TRUE,217,"FKBP7","Peptidyl-prolyl cis-trans isomerase FKBP7","FKBP7","Q9Y680"
"X9762.14",125,0.998377700759531,0.0717344155380476,TRUE,218,"VASP","Vasodilator-stimulated phosphoprotein","VASP","P50552"
"X24704.38",124,0.998369607981996,0.142176287223533,TRUE,219,"COMMD5","COMM domain-containing protein 5","COMD5","Q9GZQ3"
"X19196.73",125,0.99836541061377,0.143522084549346,TRUE,220,"HOPX","Homeodomain-only protein","HOP","Q9BPY8"
"X2789.26",119,0.998361875865802,0.175556854438652,TRUE,221,"MMP7","Matrilysin","MMP-7","P09237"
"X16606.85",125,0.998359265540889,0.0578871960149168,TRUE,222,"AKR1B1","Aldose reductase","Aldose reductase","P15121"
"X18814.21",121,0.998340136515303,0.135742687811149,TRUE,223,"INHBA|INHBC","Inhibin beta A chain:Inhibin beta C chain heterodimer","Activin AC","P08476|P55103"
"X15617.8",124,0.998338128001914,0.0933029955148497,TRUE,224,"XCL2","Cytokine SCM-1 beta","lymphotactin beta","Q9UBD3"
"X10758.2",117,0.998328843192284,0.41469783193023,TRUE,225,"KERA","Keratocan","KERA","O60938"
"X24637.3",125,0.998316250030726,0.153064604231024,TRUE,226,"TCEAL5","Transcription elongation factor A protein-like 5","TCAL5","Q5H9L2"
"X13565.2",124,0.998287768244396,0.322282829156935,TRUE,227,"RBL2","Retinoblastoma-like protein 2","p130","Q08999"
"X13534.20",115,0.998287502318185,0.154805610663925,TRUE,228,"MYOM2","Myomesin-2","MYOM2","P54296"
"X2625.53",125,0.998273234520561,0.0878252939949227,TRUE,229,"HSP90AA1","Hsp90alpha","HSP 90a","P07900"
"X5467.15",125,0.998273234520561,0.114514703526163,TRUE,230,"HSP90AB1","Heat shock protein HSP 90-beta","HSP 90b","P08238"
"X10699.52",125,0.998248654229039,0.133566191455756,TRUE,231,"LRP1","Prolow-density lipoprotein receptor-related protein 1","LRP1","Q07954"
"X13545.97",125,0.998248654229039,0.105812265881261,TRUE,232,"EIF1AD","Probable RNA-binding protein EIF1AD","EIF1A","Q8N9N8"
"X23528.199",125,0.998242509156159,0.0790818773282097,TRUE,233,"PHYHIPL","Phytanoyl-CoA hydroxylase-interacting protein-like","PHIPL","Q96FC7"
"X10058.1",125,0.998236364083278,0.0938640798083778,TRUE,234,"RAD23A","UV excision repair protein RAD23 homolog A","RD23A","P54725"
"X10342.55",125,0.998236364083278,0.387987349390302,TRUE,235,"PIAS4","E3 SUMO-protein ligase PIAS4","PIAS4","Q8N2W9"
"X10472.53",125,0.998236364083278,0.209547004504772,TRUE,236,"TNFRSF14","Tumor necrosis factor receptor superfamily member 14","HVEM","Q92956"
"X10521.10",125,0.998236364083278,0.189082742709307,TRUE,237,"MXRA8","Matrix-remodeling-associated protein 8:Extracellular domain","MXRA8:ECD","Q9BRK3"
"X10560.1",125,0.998236364083278,0.296550999882419,TRUE,238,"ITM2C","Integral membrane protein 2C:N-term","ITM2C:N-term","Q9NQX7"
"X10569.28",125,0.998236364083278,0.272757974218112,TRUE,239,"MFAP2","Microfibrillar-associated protein 2","MFAP2","P55001"
"X10575.31",125,0.998236364083278,0.316027772444061,TRUE,240,"PUF60","Poly(U)-binding-splicing factor PUF60","PUF60","Q9UHX1"
"X10615.18",125,0.998236364083278,0.0807599879506428,TRUE,241,"MPZ","Myelin protein P0","MYP0","P25189"
"X10647.18",125,0.998236364083278,0.233313834199092,TRUE,242,"ASCC1","Activating signal cointegrator 1 complex subunit 1","ASCC1","Q8N9N2"
"X10721.76",125,0.998236364083278,0.236356295493994,TRUE,243,"HSPA1A","Heat shock 70 kDa protein 1A","HSP 70","P0DMV8"
"X10738.11",125,0.998236364083278,0.200995770171593,TRUE,244,"FBLN5","Fibulin-5","fibulin 5","Q9UBX5"
"X10741.22",125,0.998236364083278,0.0934917844570614,TRUE,245,"CSF1","Macrophage colony-stimulating factor 1","CSF-1","P09603"
"X10749.18",125,0.998236364083278,0.0844285735917135,TRUE,246,"HSPA1A","Heat shock 70 kDa protein 1A","HSP 70","P0DMV8"
"X10767.52",125,0.998236364083278,0.336488795817149,TRUE,247,"ADGRG2","G-protein coupled receptor 64","GPR64","Q8IZP9"
"X10900.272",125,0.998236364083278,0.0506232711078732,TRUE,248,"STMN2","Stathmin-2","STMN2","Q93045"
"X10903.50",125,0.998236364083278,0.169938324691942,TRUE,249,"STX8","Syntaxin-8","STX8","Q9UNK0"
"X10939.16",125,0.998236364083278,0.336658840653949,TRUE,250,"PLEKHA4","Pleckstrin homology domain-containing family A member 4","PKHA4","Q9H4M7"
"X10945.11",125,0.998236364083278,0.21146496372784,TRUE,251,"STX6","Syntaxin-6","Syntaxin-6","O43752"
"X10961.15",125,0.998236364083278,0.164204339075169,TRUE,252,"PLAAT4","Retinoic acid receptor responder protein 3","TIG3","Q9UL19"
"X11083.23",125,0.998236364083278,0.0815809735224198,TRUE,253,"ENO2","Gamma-enolase","NSE","P09104"
"X11102.22",125,0.998236364083278,0.135432882650712,TRUE,254,"REG4","Regenerating islet-derived protein 4","REG4","Q9BYZ8"
"X11103.24",125,0.998236364083278,0.219069741153699,TRUE,255,"HSPB1","Heat shock protein beta-1","HSP 27","P04792"
"X11142.11",125,0.998236364083278,0.106591977403847,TRUE,256,"ANGPTL1","Angiopoietin-related protein 1:C-Term, Fibrinogen domian","ANGL1:C-term","O95841"
"X11161.5",125,0.998236364083278,0.129557163586649,TRUE,257,"SPART","Spartin","SPG20","Q8N0X7"
"X11196.31",125,0.998236364083278,0.181462322992732,TRUE,258,"COL6A3","Collagen alpha-3(VI) chain:Bovine pancreatic trypsin inhibitor/Kunitz inhibitor domain, isoform 1","Collagen alpha-3(VI):BPTI/Kunitz inhibitor","P12111"
"X11245.43",125,0.998236364083278,0.0991642806906597,TRUE,259,"FLNA","Filamin-A:Calponin Homology 1","filamin A:CH1","P21333"
"X11270.17",125,0.998236364083278,0.140218590580287,TRUE,260,"CHCHD10","Coiled-coil-helix-coiled-coil-helix domain-containing protein 10, mitochondrial","CHC10","Q8WYQ3"
"X11277.23",125,0.998236364083278,0.141010087164609,TRUE,261,"ATF6","Cyclic AMP-dependent transcription factor ATF-6 alpha","ATF6A","P18850"
"X11286.78",125,0.998236364083278,0.229610296796865,TRUE,262,"SELENOS","Selenoprotein S","SELS","Q9BQE4"
"X11348.132",125,0.998236364083278,0.138886677110507,TRUE,263,"P4HA2","Prolyl 4-hydroxylase subunit alpha-2","P4HA2","O15460"
"X11454.87",125,0.998236364083278,0.152155103957794,TRUE,264,"EIF3G","Eukaryotic translation initiation factor 3 subunit G","EIF3G","O75821"
"X11556.19",125,0.998236364083278,0.245061908602729,TRUE,265,"ARFGAP1","ADP-ribosylation factor GTPase-activating protein 1","ARFG1","Q8N6T3"
"X11571.75",125,0.998236364083278,0.258397283448238,TRUE,266,"KLRC3","NKG2-E type II integral membrane protein:Isoform E, Extracellular domain","NKG2E:ECD","Q07444"
"X11608.5",125,0.998236364083278,0.0953097300466775,TRUE,267,"MAP1LC3B","Microtubule-associated proteins 1A/1B light chain 3B","MLP3B","Q9GZQ8"
"X11626.7",125,0.998236364083278,0.103312383510088,TRUE,268,"UBE2V1","Ubiquitin-conjugating enzyme E2 variant 1","UB2V1","Q13404"
"X11664.32",125,0.998236364083278,0.069029443096324,TRUE,269,"ARFGAP2","ADP-ribosylation factor GTPase-activating protein 2","ARFG2","Q8N6H7"
"X11666.72",125,0.998236364083278,0.289503231192687,TRUE,270,"RGS8","Regulator of G-protein signaling 8","RGS8","P57771"
"X11681.8",125,0.998236364083278,0.217129616739384,TRUE,271,"AGFG1","Arf-GAP domain and FG repeat-containing protein 1","NUPL","P52594"
"X11851.21",125,0.998236364083278,0.202327581213234,TRUE,272,"TREM2","Triggering receptor expressed on myeloid cells 2","TREM2","Q9NZC2"
"X11926.23",125,0.998236364083278,0.214855046598762,TRUE,273,"AAGAB","Alpha- and gamma-adaptin-binding protein p34","P34","Q6PD74"
"X11955.1",125,0.998236364083278,0.0956713791296737,TRUE,274,"ARHGAP1","Rho GTPase-activating protein 1:Rho-GTPase activating protein domain","RHG01:Rho-GAP","Q07960"
"X12347.29",125,0.998236364083278,0.359778699087706,TRUE,275,"CCM2","Cerebral cavernous malformations 2 protein","CCM2","Q9BSQ5"
"X12381.26",125,0.998236364083278,0.210903310310735,TRUE,276,"CBR1","Carbonyl reductase [NADPH] 1","CBR1","P16152"
"X12460.18",125,0.998236364083278,0.330261495383845,TRUE,277,"PSMA7","Proteasome subunit alpha type-7","PSA7","O14818"
"X12469.19",125,0.998236364083278,0.0994073158780455,TRUE,278,"MAPRE1","Microtubule-associated protein RP/EB family member 1","MARE1","Q15691"
"X12491.23",125,0.998236364083278,0.0644465455057344,TRUE,279,"CLIC4","Chloride intracellular channel protein 4","CLIC4","Q9Y696"
"X12494.99",125,0.998236364083278,0.10766829970121,TRUE,280,"GABARAPL2","Gamma-aminobutyric acid receptor-associated protein-like 2","GBRL2","P60520"
"X12498.12",125,0.998236364083278,0.0966726845681677,TRUE,281,"TAX1BP3","Tax1-binding protein 3","TX1B3","O14907"
"X12517.52",125,0.998236364083278,0.0754952882665449,TRUE,282,"PDCD5","Programmed cell death protein 5","TFAR19","O14737"
"X12522.6",125,0.998236364083278,0.125469856673645,TRUE,283,"RAD23B","UV excision repair protein RAD23 homolog B","RD23B","P54727"
"X12524.18",125,0.998236364083278,0.2560162469258,TRUE,284,"SAT2","Diamine acetyltransferase 2","SAT2","Q96F10"
"X12587.65",125,0.998236364083278,0.280327008564099,TRUE,285,"ARL2","ADP-ribosylation factor-like protein 2","ARL2","P36404"
"X12599.10",125,0.998236364083278,0.106261242870949,TRUE,286,"FERMT3","Fermitin family homolog 3","URP2","Q86UX7"
"X12616.45",125,0.998236364083278,0.217738998006431,TRUE,287,"NRBP1","Nuclear receptor-binding protein","NRBP","Q9UHY1"
"X12720.71",125,0.998236364083278,0.090092597570502,TRUE,288,"UBQLN4","Ubiquilin-4","UBQL4","Q9NRR5"
"X12835.101",125,0.998236364083278,0.152241880432392,TRUE,289,"PYDC1","Pyrin domain-containing protein 1","PYDC1","Q8WXC3"
"X12861.13",125,0.998236364083278,0.0841701523763765,TRUE,290,"TMOD3","Tropomodulin-3","TMOD3","Q9NYL9"
"X12881.17",125,0.998236364083278,0.289431294969782,TRUE,291,"RDH16","Retinol dehydrogenase 16","RDH16","O75452"
"X12894.3",125,0.998236364083278,0.199253329333948,TRUE,292,"PAXIP1","PAX-interacting protein 1","PAXI1","Q6ZW49"
"X12895.28",125,0.998236364083278,0.0699516803527417,TRUE,293,"DGKB","Diacylglycerol kinase beta","DGKB","Q9Y6T7"
"X12960.9",125,0.998236364083278,0.176970968875654,TRUE,294,"GCK","Glucokinase","HXK4","P35557"
"X12975.11",125,0.998236364083278,0.262847014723433,TRUE,295,"KRT20","Keratin, type I cytoskeletal 20","Keratin 20","P35900"
"X13022.20",125,0.998236364083278,0.165600356667133,TRUE,296,"TP53I11","Tumor protein p53-inducible protein 11","P5I11","O14683"
"X13067.5",125,0.998236364083278,0.158485423509033,TRUE,297,"PRKG1","cGMP-dependent protein kinase 1, beta isozyme","KGP1B","Q13976"
"X13090.17",125,0.998236364083278,0.0741956865495425,TRUE,298,"S100A6","Protein S100-A6","S100A6","P06703"
"X13093.6",125,0.998236364083278,0.207783033069424,TRUE,299,"SECTM1","Secreted and transmembrane protein 1","SECTM1","Q8WVN6"
"X13104.32",125,0.998236364083278,0.169753403138171,TRUE,300,"EFNB1","Ephrin-B1","EFNB1","P98172"
"X13122.19",125,0.998236364083278,0.271027261289246,TRUE,301,"FLRT2","Leucine-rich repeat transmembrane protein FLRT2","FLRT2","O43155"
"X13126.52",125,0.998236364083278,0.282100105748842,TRUE,302,"DSC2","Desmocollin-2","DSC2","Q02487"
"X13131.5",125,0.998236364083278,0.167362338491671,TRUE,303,"HK1","Hexokinase-1","HXK1","P19367"
"X13392.13",125,0.998236364083278,0.335004100425111,TRUE,304,"ATP1B1","Sodium/potassium-transporting ATPase subunit beta-1","AT1B1","P05026"
"X13434.172",125,0.998236364083278,0.10084020077408,TRUE,305,"PARVA","Alpha-parvin","PARVA","Q9NVD7"
"X13590.1",125,0.998236364083278,0.11383299079064,TRUE,306,"REXO2","Oligoribonuclease, mitochondrial","ORN","Q9Y3B8"
"X13613.23",125,0.998236364083278,0.333573193376629,TRUE,307,"AK5","Adenylate kinase isoenzyme 5","Adenylate kinase isoenzyme 5","Q9Y6K8"
"X13628.58",125,0.998236364083278,0.112316942960347,TRUE,308,"GRB14","Growth factor receptor-bound protein 14","GRB14","Q14449"
"X13645.14",125,0.998236364083278,0.183769076166364,TRUE,309,"DHX38","Pre-mRNA-splicing factor ATP-dependent RNA helicase PRP16","PRP16","Q92620"
"X13678.169",125,0.998236364083278,0.113498304754962,TRUE,310,"CFD","Complement factor D","Factor D","P00746"
"X13726.4",125,0.998236364083278,0.184874327629745,TRUE,311,"CD80","T-lymphocyte activation antigen CD80","B7","P33681"
"X13961.18",125,0.998236364083278,0.191616609390902,TRUE,312,"KIF3A","Kinesin-like protein KIF3A","KIF3A","Q9Y496"
"X13967.14",125,0.998236364083278,0.121665812744304,TRUE,313,"TXNRD1","Thioredoxin reductase 1, cytoplasmic","Thioredoxin reductase 1","Q16881"
"X13969.24",125,0.998236364083278,0.26955622332501,TRUE,314,"KPNA6","Importin subunit alpha-7","IMA7","O60684"
"X14024.196",125,0.998236364083278,0.18793542743161,TRUE,315,"EDA","Ectodysplasin-A, secreted form","EDA","Q92838"
"X14029.42",125,0.998236364083278,0.165889639857264,TRUE,316,"COPS2","COP9 signalosome complex subunit 2","CSN2","P61201"
"X14037.18",125,0.998236364083278,0.153510706309864,TRUE,317,"RANBP3","Ran-binding protein 3","RANB3","Q9H6Z4"
"X14054.17",125,0.998236364083278,0.276010237064664,TRUE,318,"IL15RA","Interleukin-15 receptor subunit alpha","IL-15 Ra","Q13261"
"X14105.5",125,0.998236364083278,0.107757483546622,TRUE,319,"SERPINA4","Kallistatin","Kallistatin","P29622"
"X14108.15",125,0.998236364083278,0.168401442352608,TRUE,320,"TGFB1","Transforming growth factor beta-1","TGF-b1","P01137"
"X14115.34",125,0.998236364083278,0.172767199848389,TRUE,321,"ADM","Adrenomedullin","Adrenomedullin","P35318"
"X14136.234",125,0.998236364083278,0.151524261311096,TRUE,322,"CD93","Complement component C1q receptor","C1QR1","Q9NPY3"
"X14156.33",125,0.998236364083278,0.0810694230124692,TRUE,323,"YWHAB","14-3-3 protein beta/alpha","14-3-3 protein beta/alpha","P31946"
"X14206.28",125,0.998236364083278,0.139583899071251,TRUE,324,"APBB1","Amyloid beta A4 precursor protein-binding family B member 1:Phosphotyrosine Interaction Domain 2","APBB1:PID 2","O00213"
"X14593.152",125,0.998236364083278,0.344820241610345,TRUE,325,"FAM210A","Protein FAM210A","F210A","Q96ND0"
"X14623.26",125,0.998236364083278,0.0943805709697095,TRUE,326,"SUMO3","Small ubiquitin-related modifier 3","SUMO3","P55854"
"X14663.44",125,0.998236364083278,0.106544119980317,TRUE,327,"RNF8","E3 ubiquitin-protein ligase RNF8","RNF8","O76064"
"X14689.3",125,0.998236364083278,0.237655852842721,TRUE,328,"SEC13","Protein SEC13 homolog","SEC13","P55735"
"X14711.27",125,0.998236364083278,0.236481802830587,TRUE,329,"CST6","Cystatin-M","Cystatin M","Q15828"
"X14747.9",125,0.998236364083278,0.264585300886441,TRUE,330,"CRLF1","Cytokine receptor-like factor 1","CRLF1","O75462"
"X14748.31",125,0.998236364083278,0.368867290359417,TRUE,331,"ARHGAP5","Rho GTPase-activating protein 5","RHG05","Q13017"
"X15314.49",125,0.998236364083278,0.0842209091004712,TRUE,332,"CLIC4","Chloride intracellular channel protein 4","CLIC4","Q9Y696"
"X15322.35",125,0.998236364083278,0.304358158974435,TRUE,333,"CRADD","Death domain-containing protein CRADD","CRADD","P78560"
"X15325.14",125,0.998236364083278,0.0955586508572246,TRUE,334,"GAP43","Neuromodulin","NEUM","P17677"
"X15387.44",125,0.998236364083278,0.184261204192123,TRUE,335,"NRP2","Neuropilin-2","Neuropilin-2","O60462"
"X15391.114",125,0.998236364083278,0.18132070482511,TRUE,336,"GAS6","Growth arrest-specific protein 6","GAS-6","Q14393"
"X15436.40",125,0.998236364083278,0.118585067035915,TRUE,337,"RAMP1","Receptor activity-modifying protein 1","RAMP1","O60894"
"X15441.6",125,0.998236364083278,0.329397590796965,TRUE,338,"GM2A","Ganglioside GM2 activator","SAP3","P17900"
"X15455.40",125,0.998236364083278,0.16234084553963,TRUE,339,"ADAM15","Disintegrin and metalloproteinase domain-containing protein 15:Extracellular domain","ADA15:ECD","Q13444"
"X15465.79",125,0.998236364083278,0.270484893492125,TRUE,340,"CNPY4","Protein canopy homolog 4","CNPY4","Q8N129"
"X15480.2",125,0.998236364083278,0.354059717877417,TRUE,341,"VNN2","Vascular non-inflammatory molecule 2","VNN2","O95498"
"X15487.164",125,0.998236364083278,0.164237585881345,TRUE,342,"CES1","Liver carboxylesterase 1","carboxylesterase, liver","P23141"
"X15503.15",125,0.998236364083278,0.119160660524578,TRUE,343,"LEFTY2","Left-right determination factor 2","Lefty-A","O00292"
"X15524.30",125,0.998236364083278,0.159197690481321,TRUE,344,"PGAM2","Phosphoglycerate mutase 2","PGAM2","P15259"
"X15585.304",125,0.998236364083278,0.315204894444048,TRUE,345,"FBLN5","Fibulin-5","fibulin 5","Q9UBX5"
"X15587.20",125,0.998236364083278,0.221407214783351,TRUE,346,"FOLR2","Folate receptor beta","FOLR2","P14207"
"X15594.47",125,0.998236364083278,0.249062474810653,TRUE,347,"HTRA1","Serine protease HTRA1","HTRA1","Q92743"
"X15627.83",125,0.998236364083278,0.1176232490298,TRUE,348,"AKT1","RAC-alpha serine/threonine-protein kinase","PKB","P31749"
"X15635.4",125,0.998236364083278,0.114316774918919,TRUE,349,"SMOC2","SPARC-related modular calcium-binding protein 2","SMOC2","Q9H3U7"
"X15640.54",125,0.998236364083278,0.0874893061635831,TRUE,350,"TAGLN","Transgelin","TAGL","Q01995"
"X16300.4",125,0.998236364083278,0.124677005232394,TRUE,351,"TREM2","Triggering receptor expressed on myeloid cells 2","TREM2","Q9NZC2"
"X16591.71",125,0.998236364083278,0.271388126259907,TRUE,352,"CHIA","Acidic mammalian chitinase","CHIA","Q9BZP6"
"X16610.13",125,0.998236364083278,0.149923962886917,TRUE,353,"LRP10","Low-density lipoprotein receptor-related protein 10","LRP10","Q7Z4F1"
"X16754.40",125,0.998236364083278,0.1241564031609,TRUE,354,"CASK","Peripheral plasma membrane protein CASK","CSKP","O14936"
"X16765.52",125,0.998236364083278,0.120836064630689,TRUE,355,"PPBP","Platelet basic protein","PBP","P02775"
"X16768.3",125,0.998236364083278,0.289307538200904,TRUE,356,"JUP","Junction plakoglobin","PLAK","P14923"
"X16780.6",125,0.998236364083278,0.0990909717583896,TRUE,357,"HSPA1A","Heat shock 70 kDa protein 1A","HSP 70","P0DMV8"
"X17151.84",125,0.998236364083278,0.147892695513764,TRUE,358,"IRF3","Interferon regulatory factor 3","IRF-3","Q14653"
"X17156.72",125,0.998236364083278,0.205877345671051,TRUE,359,"DCLK1","Serine/threonine-protein kinase DCLK1","DCAK1","O15075"
"X17165.1",125,0.998236364083278,0.157222639555302,TRUE,360,"PPBP","Beta-thromboglobulin","BTG","P02775"
"X17344.23",125,0.998236364083278,0.251007415184898,TRUE,361,"STOML1","Stomatin-like protein 1","STML1","Q9UBI4"
"X17367.5",125,0.998236364083278,0.104961700390856,TRUE,362,"STMN1","Stathmin","Stathmin","P16949"
"X17380.2",125,0.998236364083278,0.124660114315426,TRUE,363,"UBE2K","Ubiquitin-conjugating enzyme E2 K","UBE2K","P61086"
"X17722.5",125,0.998236364083278,0.101832186279958,TRUE,364,"FKBP4","Peptidyl-prolyl cis-trans isomerase FKBP4","FKBP52 protein","Q02790"
"X17757.86",125,0.998236364083278,0.11627478794339,TRUE,365,"CAB39","Calcium-binding protein 39","CAB39","Q9Y376"
"X17771.35",125,0.998236364083278,0.206936998486367,TRUE,366,"CRCP","DNA-directed RNA polymerase III subunit RPC9","RPC9","O75575"
"X17781.191",125,0.998236364083278,0.0827332014583145,TRUE,367,"MAP1LC3A","Microtubule-associated proteins 1A/1B light chain 3A","MLP3A","Q9H492"
"X18165.181",125,0.998236364083278,0.0419055493136571,TRUE,368,"UBE2V2","Ubiquitin-conjugating enzyme E2 variant 2","UB2V2","Q15819"
"X18178.13",125,0.998236364083278,0.22334732883762,TRUE,369,"SARS1","Serine--tRNA ligase, cytoplasmic","SYSC","P49591"
"X18181.2",125,0.998236364083278,0.139902497370252,TRUE,370,"TSSC4","Protein TSSC4","TSSC4","Q9Y5U2"
"X18194.18",125,0.998236364083278,0.246436589212754,TRUE,371,"FABP9","Fatty acid-binding protein 9","FABP9","Q0Z7S8"
"X18205.123",125,0.998236364083278,0.173334089068336,TRUE,372,"MAGEA6","Melanoma-associated antigen 6","MAGE-6","P43360"
"X18226.148",125,0.998236364083278,0.187877424409867,TRUE,373,"COX5A","Cytochrome c oxidase subunit 5A, mitochondrial","COX5A","P20674"
"X18275.5",125,0.998236364083278,0.104773620109734,TRUE,374,"CRIP1","Cysteine-rich protein 1","CRIP1","P50238"
"X18285.6",125,0.998236364083278,0.243796826047667,TRUE,375,"SVIP","Small VCP/p97-interacting protein","SVIP","Q8NHG7"
"X18289.16",125,0.998236364083278,0.139938313690059,TRUE,376,"CCL15","C-C motif chemokine 15","MIP-5","Q16663"
"X18295.102",125,0.998236364083278,0.0893397885581773,TRUE,377,"GRHPR","Glyoxylate reductase/hydroxypyruvate reductase","GRHPR","Q9UBQ7"
"X18299.13",125,0.998236364083278,0.074144952752374,TRUE,378,"CAPNS1","Calpain small subunit 1","CPNS1","P04632"
"X18310.26",125,0.998236364083278,0.253834536218029,TRUE,379,"SELENOW","Selenoprotein W","SELW","P63302"
"X18312.68",125,0.998236364083278,0.204688145148298,TRUE,380,"NDRG3","Protein NDRG3","NDRG3","Q9UGV2"
"X18332.17",125,0.998236364083278,0.0822474604448513,TRUE,381,"CPLX1","Complexin-1","CPLX1","O14810"
"X18347.15",125,0.998236364083278,0.18413752050518,TRUE,382,"LAMA2|LAMB1|LAMC1","Laminin-2","Laminin-2","P24043|P07942|P11047"
"X18373.13",125,0.998236364083278,0.153655327278018,TRUE,383,"RDX","Radixin","Radixin","P35241"
"X18382.109",125,0.998236364083278,0.180124784396127,TRUE,384,"COMT","Catechol O-methyltransferase","Catechol O-methyltransferase","P21964"
"X18387.7",125,0.998236364083278,0.144630317764082,TRUE,385,"ST13","Hsc70-interacting protein","suppression of tumorigenicity 13","P50502"
"X18824.7",125,0.998236364083278,0.154736256990907,TRUE,386,"EIF4A2","Eukaryotic initiation factor 4A-II","IF4A2","Q14240"
"X18871.24",125,0.998236364083278,0.090318161458871,TRUE,387,"AIF1L","Allograft inflammatory factor 1-like","AIF1L","Q9BQI0"
"X18893.26",125,0.998236364083278,0.165218251633843,TRUE,388,"ADGRG1","Adhesion G-protein coupled receptor G1","GPR56","Q9Y653"
"X18901.26",125,0.998236364083278,0.0928797342390989,TRUE,389,"HSPA1B","Heat shock 70 kDa protein 1B","HS71B","P0DMV9"
"X19113.66",125,0.998236364083278,0.141766960830075,TRUE,390,"SH3BGRL2","SH3 domain-binding glutamic acid-rich-like protein 2","SH3L2","Q9UJC5"
"X19127.1",125,0.998236364083278,0.095695113975111,TRUE,391,"HSPB6","Heat shock protein beta-6","HSPB6","O14558"
"X19175.18",125,0.998236364083278,0.12010768841254,TRUE,392,"MARCKSL1","MARCKS-related protein","MARCKSL1","P49006"
"X19233.75",125,0.998236364083278,0.202572048086591,TRUE,393,"ATOX1","Copper transport protein ATOX1","ATOX1","O00244"
"X19239.5",125,0.998236364083278,0.148792566020331,TRUE,394,"ARF1","ADP-ribosylation factor 1","ARF1","P84077"
"X19272.9",125,0.998236364083278,0.184289798617386,TRUE,395,"PEF1","Peflin","PEF1","Q9UBV8"
"X19280.29",125,0.998236364083278,0.220922121435174,TRUE,396,"UBE2D3","Ubiquitin-conjugating enzyme E2 D3","UB2D3","P61077"
"X19282.3",125,0.998236364083278,0.161216456873702,TRUE,397,"RAB13","Ras-related protein Rab-13","RAB13","P51153"
"X19293.6",125,0.998236364083278,0.123155671157887,TRUE,398,"VPS26A","Vacuolar protein sorting-associated protein 26A","VP26A","O75436"
"X19491.11",125,0.998236364083278,0.126024453849875,TRUE,399,"HSD17B8","Estradiol 17-beta-dehydrogenase 8","DHB8","Q92506"
"X19523.215",125,0.998236364083278,0.182429608729476,TRUE,400,"PARK7","Protein DJ-1","PARK7","Q99497"
"X19601.15",125,0.998236364083278,0.090742788414,TRUE,401,"ASB9","Ankyrin repeat and SOCS box protein 9","ASB9","Q96DX5"
"X19616.100",125,0.998236364083278,0.0876544554668359,TRUE,402,"EFHD1","EF-hand domain-containing protein D1","EFHD1","Q9BUP0"
"X19620.16",125,0.998236364083278,0.152506771547938,TRUE,403,"DLG2","Disks large homolog 2","DLG2","Q15700"
"X19622.7",125,0.998236364083278,0.0713364070555551,TRUE,404,"INHBA","Activin A","Activin A","P08476"
"X19630.2",125,0.998236364083278,0.0507004990876031,TRUE,405,"SNCG","Gamma-synuclein","g-Synuclein","O76070"
"X19636.23",125,0.998236364083278,0.249409373453507,TRUE,406,"HLA-G","HLA class I histocompatibility antigen, alpha chain G","HLA-G","P17693"
"X19768.13",125,0.998236364083278,0.140813009496927,TRUE,407,"CSTB","Cystatin B","Cystatin B","P04080"
"X19802.22",125,0.998236364083278,0.201648074509157,TRUE,408,"EBAG9","Receptor-binding cancer antigen expressed on SiSo cells","RCAS1","O00559"
"X20054.28",125,0.998236364083278,0.23792076201597,TRUE,409,"ACO1","Cytoplasmic aconitate hydratase","Aconitase 1","P21399"
"X20064.24",125,0.998236364083278,0.15195020137892,TRUE,410,"FN1","Fibronectin-1 Fragment 2","FN1.2","P02751"
"X20067.26",125,0.998236364083278,0.166841205152133,TRUE,411,"HABP2","Factor seven-activating protease","FSAP","Q14520"
"X20105.7",125,0.998236364083278,0.110886745336857,TRUE,412,"MYL6","Myosin light polypeptide 6","Myosin light polypeptide 6","P60660"
"X20133.1",125,0.998236364083278,0.275990045579709,TRUE,413,"MAGEA3","Melanoma-associated antigen 3","MAGE-3","P43357"
"X20243.26",125,0.998236364083278,0.105752469723514,TRUE,414,"PFN1","Profilin-1","Profilin-1","P07737"
"X20398.60",125,0.998236364083278,0.204859652111323,TRUE,415,"POP7","Ribonuclease P protein subunit p20","POP7","O75817"
"X20444.12",125,0.998236364083278,0.141823691322294,TRUE,416,"TPPP3","Tubulin polymerization-promoting protein family member 3","TPPP3","Q9BW30"
"X20915.68",125,0.998236364083278,0.215311071409271,TRUE,417,"NECAP2","Adaptin ear-binding coat-associated protein 2","NECP2","Q9NVZ3"
"X20941.7",125,0.998236364083278,0.315942456669413,TRUE,418,"UBL3","Ubiquitin-like protein 3","UBL3","O95164"
"X20965.18",125,0.998236364083278,0.17507326913103,TRUE,419,"MAP1LC3B2","Microtubule-associated proteins 1A/1B light chain 3 beta 2","MP3B2","A6NCE7"
"X20986.58",125,0.998236364083278,0.433436269615031,TRUE,420,"EGLN3","Egl nine homolog 3","EGLN3","Q9H6Z9"
"X20988.63",125,0.998236364083278,0.0951521676673434,TRUE,421,"RP9","Retinitis pigmentosa 9 protein","RP9","Q8TA86"
"X21110.5",125,0.998236364083278,0.0695107036746227,TRUE,422,"UBE2Z","Ubiquitin-conjugating enzyme E2 Z","UBE2Z","Q9H832"
"X21115.48",125,0.998236364083278,0.249310831854518,TRUE,423,"BCDIN3D","Pre-miRNA 5'-monophosphate methyltransferase","BN3D2","Q7Z5W3"
"X21130.82",125,0.998236364083278,0.129058249402394,TRUE,424,"ITPK1","Inositol-tetrakisphosphate 1-kinase","ITPK1","Q13572"
"X21152.25",125,0.998236364083278,0.108864095867211,TRUE,425,"EYA2","Eyes absent homolog 2","EYA2","O00167"
"X21180.16",125,0.998236364083278,0.0978697121325868,TRUE,426,"PLCXD3","PI-PLC X domain-containing protein 3","PLCX3","Q63HM9"
"X21207.1",125,0.998236364083278,0.214841137081302,TRUE,427,"COASY","Bifunctional coenzyme A synthase","COASY","Q13057"
"X21236.12",125,0.998236364083278,0.0849377263128147,TRUE,428,"TMED9","Transmembrane emp24 domain-containing protein 9","TMED9","Q9BVK6"
"X21323.2",125,0.998236364083278,0.088069314349345,TRUE,429,"RWDD1","RWD domain-containing protein 1","RWDD1","Q9H446"
"X21351.8",125,0.998236364083278,0.0877388175999924,TRUE,430,"GARS1","Glycyl t-RNA synthetase","Glycyl t-RNA synthetase","P41250"
"X21491.7",125,0.998236364083278,0.182020170915428,TRUE,431,"AOC3","Vascular adhesion protein-1","VAP-1","Q16853"
"X21590.9",125,0.998236364083278,0.0832954410255447,TRUE,432,"ANKRA2","Ankyrin repeat family A protein 2","ANRA2","Q9H9E1"
"X21600.10",125,0.998236364083278,0.0530446635716003,TRUE,433,"CTNNBIP1","Beta-catenin-interacting protein 1","CNBP1","Q9NSA3"
"X21722.21",125,0.998236364083278,0.110825657438906,TRUE,434,"GALNT4","Polypeptide N-acetylgalactosaminyltransferase 4","GALT4","Q8N4A0"
"X21747.114",125,0.998236364083278,0.0988301544786528,TRUE,435,"UBE2N|UBE2V1","UBE2N (Ubc13)/Uev1a Complex","UBE2N/UB2V1 Complex","P61088|Q13404"
"X21747.8",125,0.998236364083278,0.108422034217041,TRUE,436,"UBE2N|UBE2V1","UBE2N (Ubc13)/Uev1a Complex","UBE2N/UB2V1 Complex","P61088|Q13404"
"X21756.5",125,0.998236364083278,0.107801796118135,TRUE,437,"UBE2N|UBE2V2","UBE2N/UBE2V2 Complex","UBE2N/UBE2V2 Complex","P61088|Q15819"
"X21764.99",125,0.998236364083278,0.312567023402771,TRUE,438,"USP30","Ubiquitin carboxyl-terminal hydrolase 30","UBP30","Q70CQ3"
"X21786.25",125,0.998236364083278,0.238360684333167,TRUE,439,"CDKL2","Cyclin-dependent kinase-like 2","CDKL2","Q92772"
"X21817.5",125,0.998236364083278,0.0647281875031032,TRUE,440,"MYL9","Myosin, light chain 9, regulatory","MYL9","P24844"
"X21823.5",125,0.998236364083278,0.149956065449788,TRUE,441,"PPM1G","Protein phosphatase 1G","PPM1G","O15355"
"X21987.76",125,0.998236364083278,0.171736882988567,TRUE,442,"LPL","Lipoprotein lipase","LPL","P06858"
"X22009.1",125,0.998236364083278,0.128169538071685,TRUE,443,"PPM1B","Protein phosphatase 1B","PPM1B","O75688"
"X22037.47",125,0.998236364083278,0.148034042181494,TRUE,444,"EFHD2","EF-hand domain-containing protein D2","EFHD2","Q96C19"
"X22043.174",125,0.998236364083278,0.116383236297059,TRUE,445,"HSPA2","Heat shock-related 70 kDa protein 2","HSP70 protein 2","P54652"
"X22055.31",125,0.998236364083278,0.296888706341763,TRUE,446,"FOXO1","Forkhead box protein O1A","FOXO1A","Q12778"
"X22057.9",125,0.998236364083278,0.298816868532489,TRUE,447,"ALDH1B1","Aldehyde dehydrogenase X, mitochondrial","AL1B1","P30837"
"X22068.5",125,0.998236364083278,0.176782043357544,TRUE,448,"PPP2R5D","Serine/threonine-protein phosphatase 2A 56 kDa regulatory subunit delta isoform","2A5D","Q14738"
"X2211.9",125,0.998236364083278,0.134405138365272,TRUE,449,"TIMP1","Metalloproteinase inhibitor 1","TIMP-1","P01033"
"X22119.18",125,0.998236364083278,0.161396970726903,TRUE,450,"COPS8","COP9 signalosome complex subunit 8","CSN8","Q99627"
"X22142.4",125,0.998236364083278,0.105748729543241,TRUE,451,"FAM86B1","Putative protein N-methyltransferase FAM86B1","F86B1","Q8N7N1"
"X22381.1",125,0.998236364083278,0.0643681379685202,TRUE,452,"LACTB2","Endoribonuclease LACTB2","LACB2","Q53H82"
"X22544.10",125,0.998236364083278,0.252177748992415,TRUE,453,"RAD51C","DNA repair protein RAD51 homolog 3","RA51C","O43502"
"X22770.22",125,0.998236364083278,0.255531818869602,TRUE,454,"SLC25A38","Solute carrier family 25 member 38","S2538","Q96DW6"
"X22772.125",125,0.998236364083278,0.222187460261246,TRUE,455,"SAMM50","Sorting and assembly machinery component 50 homolog","SAM50","Q9Y512"
"X22786.57",125,0.998236364083278,0.214114235280396,TRUE,456,"SPATA46","Spermatogenesis-associated protein 46","SPT46","Q5T0L3"
"X22858.3",125,0.998236364083278,0.200504821763406,TRUE,457,"MAPK6","Mitogen-activated protein kinase 6","MK06","Q16659"
"X22966.20",125,0.998236364083278,0.0807508365769253,TRUE,458,"GABARAP","Gamma-aminobutyric acid receptor-associated protein","GBRAP","O95166"
"X23031.6",125,0.998236364083278,0.109734621669852,TRUE,459,"SIRT2","NAD-dependent protein deacetylase sirtuin-2","SIRT2","Q8IXJ6"
"X23148.100",125,0.998236364083278,0.119486013654363,TRUE,460,"LIPG","Endothelial cell-derived lipase","Endothelial lipase","Q9Y5X9"
"X23173.3",125,0.998236364083278,0.184659098070194,TRUE,461,"TIMP1","Metalloproteinase inhibitor 1","TIMP-1","P01033"
"X23284.5",125,0.998236364083278,0.292497660519499,TRUE,462,"LMO4","LIM domain only transcription factor protein 4","LMO4","P61968"
"X23285.51",125,0.998236364083278,0.247951506226801,TRUE,463,"KCTD2","BTB/POZ domain-containing protein KCTD2","KCTD2","Q14681"
"X23321.42",125,0.998236364083278,0.299009686535531,TRUE,464,"INO80E","Coiled-coil domain-containing protein 95","CCD95","Q8NBZ0"
"X23341.16",125,0.998236364083278,0.214451509092804,TRUE,465,"DMC1","Meiotic recombination protein DMC1/LIM15 homolog","DMC1","Q14565"
"X23369.17",125,0.998236364083278,0.13766327521607,TRUE,466,"PHYH","Phytanoyl-CoA dioxygenase, peroxisomal","PAHX","O14832"
"X23409.83",125,0.998236364083278,0.205310911943524,TRUE,467,"SYAP1","Synapse-associated protein 1","SYAP1","Q96A49"
"X23414.12",125,0.998236364083278,0.227313308284373,TRUE,468,"ZNF483","Zinc finger protein 483","ZN483","Q8TF39"
"X23416.47",125,0.998236364083278,0.116514314709557,TRUE,469,"SNX15","Sorting nexin-15","Sorting nexin-15","Q9NRS6"
"X2358.19",125,0.998236364083278,0.209349413941034,TRUE,470,"FLT4","Vascular endothelial growth factor receptor 3","VEGF sR3","P35916"
"X23588.9",125,0.998236364083278,0.114481108060268,TRUE,471,"HSDL2","Hydroxysteroid dehydrogenase-like protein 2","HSDL2","Q6YN16"
"X23601.43",125,0.998236364083278,0.282166798734605,TRUE,472,"ACOT12","Acyl-coenzyme A thioesterase 12","ACO12","Q8WYK0"
"X23621.326",125,0.998236364083278,0.257555300101532,TRUE,473,"TIMM13","Mitochondrial import inner membrane translocase subunit Tim13","TIM13","Q9Y5L4"
"X23631.1",125,0.998236364083278,0.261179069174513,TRUE,474,"GALK2","N-acetylgalactosamine kinase","GALK2","Q01415"
"X23632.22",125,0.998236364083278,0.130315441522501,TRUE,475,"SLFNL1","Schlafen-like protein 1","SLNL1","Q499Z3"
"X23640.10",125,0.998236364083278,0.138212253666731,TRUE,476,"EHD2","EH domain-containing protein 2","EHD2","Q9NZN4"
"X23677.30",125,0.998236364083278,0.320531572434882,TRUE,477,"NCKIPSD","NCK-interacting protein with SH3 domain","SPN90","Q9NZQ3"
"X24235.2",125,0.998236364083278,0.083471878029845,TRUE,478,"EHD1","EH domain-containing protein 1","EHD1","Q9H4M9"
"X24255.38",125,0.998236364083278,0.281866949247072,TRUE,479,"EPN1","Epsin-1","EPN1","Q9Y6I3"
"X2436.49",125,0.998236364083278,0.229062932821521,TRUE,480,"CXCL16","C-X-C motif chemokine 16","CXCL16, soluble","Q9H2A7"
"X24413.96",125,0.998236364083278,0.203762270593899,TRUE,481,"NUDT7","Peroxisomal coenzyme A diphosphatase NUDT7","NUDT7","P0C024"
"X24455.2",125,0.998236364083278,0.26614225697868,TRUE,482,"ASAP3","Arf-GAP with SH3 domain, ANK repeat and PH domain-containing protein 3","ASAP3","Q8TDY4"
"X24493.10",125,0.998236364083278,0.284271593678619,TRUE,483,"MTMR7","Myotubularin-related protein 7","MTMR7","Q9Y216"
"X24645.2",125,0.998236364083278,0.267908566151632,TRUE,484,"BIN3","Bridging integrator 3","BIN3","Q9NQY0"
"X24671.15",125,0.998236364083278,0.146502189775808,TRUE,485,"PYCARD","Apoptosis-associated speck-like protein containing a CARD","ASC","Q9ULZ3"
"X24717.26",125,0.998236364083278,0.157751193557119,TRUE,486,"PTPA","Serine/threonine-protein phosphatase 2A regulatory subunit B'","PTPA","Q15257"
"X24891.54",125,0.998236364083278,0.142109227554537,TRUE,487,"EPS8L2","Epidermal growth factor receptor kinase substrate 8-like protein 2","ES8L2","Q9H6S3"
"X24895.25",125,0.998236364083278,0.207436642586671,TRUE,488,"FCHSD1","F-BAR and double SH3 domains protein 1","FCSD1","Q86WN1"
"X24940.3",125,0.998236364083278,0.381001704450213,TRUE,489,"IKBKB","Inhibitor of nuclear factor kappa B kinase beta subunit","IKK-beta","O14920"
"X25108.6",125,0.998236364083278,0.307613307820174,TRUE,490,"ATE1","Arginyl-tRNA--protein transferase 1","ATE1","O95260"
"X25232.4",125,0.998236364083278,0.0980818756543779,TRUE,491,"EHD3","EH domain-containing protein 3","EHD3","Q9NZN3"
"X25245.22",125,0.998236364083278,0.172912729836741,TRUE,492,"RIC8A","Synembryn-A","RIC8A","Q9NPQ8"
"X25249.33",125,0.998236364083278,0.124220317966552,TRUE,493,"PDHA2","Pyruvate dehydrogenase E1 component subunit alpha, testis-specific form, mitochondrial","ODPAT","P29803"
"X25292.4",125,0.998236364083278,0.16328137928425,TRUE,494,"CES3","Carboxylesterase 3","EST3","Q6UWW8"
"X25412.53",125,0.998236364083278,0.186254194575109,TRUE,495,"FXYD6","FXYD domain-containing ion transport regulator 6","FXYD6","Q9H0Q3"
"X25456.73",125,0.998236364083278,0.253381903534875,TRUE,496,"PSMC5","26S protease regulatory subunit 8","PRS8","P62195"
"X25463.3",125,0.998236364083278,0.162198553627192,TRUE,497,"PRKAR2B","cAMP-dependent protein kinase type II-beta regulatory subunit","KAP3","P31323"
"X25889.108",125,0.998236364083278,0.192545895755116,TRUE,498,"AIM2","Absent in melanoma 2","AIM2","O14862"
"X25904.17",125,0.998236364083278,0.224759781938484,TRUE,499,"DOCK2","Dedicator of cytokinesis protein 2","DOCK2","Q92608"
"X25917.12",125,0.998236364083278,0.330729116052831,TRUE,500,"HEXA","Beta-hexosaminidase alpha chain","Hexosaminidase A","P06865"
"X2637.77",125,0.998236364083278,0.204665200209268,TRUE,501,"MRC1","Macrophage mannose receptor 1","Macrophage mannose receptor","P22897"
"X2642.4",125,0.998236364083278,0.12398792157294,TRUE,502,"PAFAH1B2","Platelet-activating factor acetylhydrolase IB subunit beta","PAFAH beta subunit","P68402"
"X2654.19",125,0.998236364083278,0.257483235901215,TRUE,503,"TNFRSF1A","Tumor necrosis factor receptor superfamily member 1A","TNF sR-I","P19438"
"X2668.70",125,0.998236364083278,0.126177499108015,TRUE,504,"CAPN1|CAPNS1","Calpain I","Calpain I","P07384|P04632"
"X2748.3",125,0.998236364083278,0.0705180917095543,TRUE,505,"INHBA","Activin A","Activin A","P08476"
"X2770.51",125,0.998236364083278,0.237537316140494,TRUE,506,"CCL1","C-C motif chemokine 1","I-309","P22362"
"X2790.54",125,0.998236364083278,0.152530706073658,TRUE,507,"PPBP","Neutrophil-activating peptide 2","NAP-2","P02775"
"X2811.27",125,0.998236364083278,0.116142896232258,TRUE,508,"ANGPT1","Angiopoietin-1","Angiopoietin-1","Q15389"
"X2844.53",125,0.998236364083278,0.205649797995464,TRUE,509,"TIE1","Tyrosine-protein kinase receptor Tie-1, soluble","sTie-1","P35590"
"X2888.49",125,0.998236364083278,0.174839705211228,TRUE,510,"C7","Complement component C7","C7","P10643"
"X2913.1",125,0.998236364083278,0.140291374571557,TRUE,511,"CCL23","C-C motif chemokine 23","MPIF-1","P55773"
"X2946.52",125,0.998236364083278,0.0983201236844644,TRUE,512,"CFD","Complement factor D","Factor D","P00746"
"X2950.57",125,0.998236364083278,0.066480155697275,TRUE,513,"IGFBP4","Insulin-like growth factor-binding protein 4","IGFBP-4","P22692"
"X3029.52",125,0.998236364083278,0.262444564636859,TRUE,514,"CD209","CD209 antigen","DC-SIGN","Q9NNX6"
"X3030.3",125,0.998236364083278,0.149667733525188,TRUE,515,"CLEC4M","C-type lectin domain family 4 member M","DC-SIGNR","Q9H2X3"
"X3034.1",125,0.998236364083278,0.310153934045022,TRUE,516,"GFAP","Glial fibrillary acidic protein","GFAP","P14136"
"X3066.12",125,0.998236364083278,0.116357436014958,TRUE,517,"LGALS3","Galectin-3","Galectin-3","P17931"
"X3078.1",125,0.998236364083278,0.146677729335147,TRUE,518,"PGF","Placenta growth factor","PlGF","P49763"
"X3152.57",125,0.998236364083278,0.13372263949414,TRUE,519,"TNFRSF1B","Tumor necrosis factor receptor superfamily member 1B","TNF sR-II","P20333"
"X3280.49",125,0.998236364083278,0.16272974618633,TRUE,520,"ACAN","Aggrecan core protein","Aggrecan","P16112"
"X3290.50",125,0.998236364083278,0.246306892627181,TRUE,521,"CD109","CD109 antigen","CD109","Q6YHK3"
"X3303.23",125,0.998236364083278,0.254447882763733,TRUE,522,"CST6","Cystatin-M","Cystatin M","Q15828"
"X3311.27",125,0.998236364083278,0.150984123706797,TRUE,523,"FCGR3B","Low affinity immunoglobulin gamma Fc region receptor III-B","FCG3B","O75015"
"X3366.51",125,0.998236364083278,0.202226068792672,TRUE,524,"ECM1","Extracellular matrix protein 1","ECM1","Q16610"
"X3397.7",125,0.998236364083278,0.0863030606843184,TRUE,525,"PTPN11","Tyrosine-protein phosphatase non-receptor type 11","SHP-2","Q06124"
"X3405.6",125,0.998236364083278,0.133487780883396,TRUE,526,"UFC1","Ubiquitin-fold modifier-conjugating enzyme 1","UFC1","Q9Y3C8"
"X3434.34",125,0.998236364083278,0.14399914018427,TRUE,527,"FN1","Fibronectin Fragment 3","FN1.3","P02751"
"X3435.53",125,0.998236364083278,0.136553433821488,TRUE,528,"FN1","Fibronectin Fragment 4","FN1.4","P02751"
"X3474.19",125,0.998236364083278,0.0952908633528048,TRUE,529,"THBS1","Thrombospondin-1","Thrombospondin-1","P07996"
"X3516.60",125,0.998236364083278,0.315679051871926,TRUE,530,"CXCL12","Stromal cell-derived factor 1","SDF-1","P48061"
"X3580.25",125,0.998236364083278,0.104908291762333,TRUE,531,"SERPINA1","Alpha-1-antitrypsin","a1-Antitrypsin","P01009"
"X3592.4",125,0.998236364083278,0.182867809566056,TRUE,532,"CAMK1","Calcium/calmodulin-dependent protein kinase type 1","CAMK1","Q14012"
"X3623.84",125,0.998236364083278,0.280204549654651,TRUE,533,"LY86","Lymphocyte antigen 86","LY86","O95711"
"X3708.62",125,0.998236364083278,0.343014893214215,TRUE,534,"A2M","Alpha-2-macroglobulin","a2-Macroglobulin","P01023"
"X3738.54",125,0.998236364083278,0.15862437854831,TRUE,535,"CSF1","Macrophage colony-stimulating factor 1","CSF-1","P09603"
"X3872.2",125,0.998236364083278,0.069609393321486,TRUE,536,"TPT1","Translationally-controlled tumor protein","TCTP","P13693"
"X3905.62",125,0.998236364083278,0.0766392178726633,TRUE,537,"UBE2N","Ubiquitin-conjugating enzyme E2 N","UBE2N","P61088"
"X4127.75",125,0.998236364083278,0.119842441589407,TRUE,538,"C6","Complement component C6","C6","P13671"
"X4153.11",125,0.998236364083278,0.169502412019934,TRUE,539,"SERPINA3","Alpha-1-antichymotrypsin complex","alpha-1-antichymotrypsin complex","P01011"
"X4230.1",125,0.998236364083278,0.0956851720717905,TRUE,540,"EIF4G2","Eukaryotic translation initiation factor 4 gamma 2","IF4G2","P78344"
"X4276.10",125,0.998236364083278,0.098166984743263,TRUE,541,"PEBP1","Phosphatidylethanolamine-binding protein 1","prostatic binding protein","P30086"
"X4413.3",125,0.998236364083278,0.169588614436999,TRUE,542,"SLPI","Antileukoproteinase","SLPI","P03973"
"X4479.14",125,0.998236364083278,0.215189105403215,TRUE,543,"SERPING1","Plasma protease C1 inhibitor","C1-Esterase Inhibitor","P05155"
"X4544.4",125,0.998236364083278,0.16636908474097,TRUE,544,"PPBP","Connective tissue-activating peptide III","CTAP-III","P02775"
"X4719.58",125,0.998236364083278,0.104674020997018,TRUE,545,"PDIA3","Protein disulfide-isomerase A3","Protein disulfide isomerase A3","P30101"
"X4775.34",125,0.998236364083278,0.196634013992651,TRUE,546,"GSN","Gelsolin","Gelsolin","P06396"
"X4878.3",125,0.998236364083278,0.111057169766565,TRUE,547,"F10","Coagulation Factor X","Coagulation Factor X","P00742"
"X4911.49",125,0.998236364083278,0.208967646231581,TRUE,548,"GSTP1","Glutathione S-transferase P","Glutathione S-transferase Pi","P09211"
"X4968.50",125,0.998236364083278,0.239698330144004,TRUE,549,"CAPG","Macrophage-capping protein","CAPG","P40121"
"X4976.57",125,0.998236364083278,0.136268765852877,TRUE,550,"CRK","Adapter molecule crk","CRK","P46108"
"X4995.16",125,0.998236364083278,0.356738642694072,TRUE,551,"HPGD","15-hydroxyprostaglandin dehydrogenase [NAD(+)]","HPG-","P15428"
"X5019.16",125,0.998236364083278,0.0783640458321207,TRUE,552,"UCHL1","Ubiquitin carboxyl-terminal hydrolase isozyme L1","PGP9.5","P09936"
"X5028.59",125,0.998236364083278,0.168607919423535,TRUE,553,"CD163","Scavenger receptor cysteine-rich type 1 protein M130","sCD163","Q86VB7"
"X5066.134",125,0.998236364083278,0.161269256378154,TRUE,554,"CD300C","CMRF35-like molecule 6","CLM6","Q08708"
"X5108.72",125,0.998236364083278,0.293691137335144,TRUE,555,"NOTCH3","Neurogenic locus notch homolog protein 3","Notch-3","Q9UM47"
"X5250.53",125,0.998236364083278,0.239117775526446,TRUE,556,"IMPDH2","Inosine-5'-monophosphate dehydrogenase 2","IMDH2","P12268"
"X5272.55",125,0.998236364083278,0.101949599231637,TRUE,557,"SHC1","SHC-transforming protein 1:Src Homology domain","SHC1:SH2","P29353"
"X5307.12",125,0.998236364083278,0.136277900388974,TRUE,558,"F9","Coagulation factor IXab","Coagulation Factor IXab","P00740"
"X5392.73",125,0.998236364083278,0.223440362837395,TRUE,559,"FAS","Tumor necrosis factor receptor superfamily member 6","Fas, soluble","P25445"
"X5437.63",125,0.998236364083278,0.11964225574626,TRUE,560,"FABP3","Fatty acid-binding protein, heart","FABP","P05413"
"X5464.52",125,0.998236364083278,0.120454276761556,TRUE,561,"GRB2","Growth factor receptor-bound protein 2","GRB2 adapter protein","P62993"
"X5494.52",125,0.998236364083278,0.282235443111346,TRUE,562,"SNRPF","Small nuclear ribonucleoprotein F","RUXF","P62306"
"X5542.22",125,0.998236364083278,0.272535426888068,TRUE,563,"NRP1","Neuropilin-1","NRP1","O14786"
"X5596.75",125,0.998236364083278,0.0867515505825906,TRUE,564,"CD5","T-cell surface glycoprotein CD5:Extracellular domain","CD5:ECD","P06127"
"X5599.88",125,0.998236364083278,0.161640365974953,TRUE,565,"PCYOX1L","Prenylcysteine oxidase-like","PCYXL","Q8NBM8"
"X5605.77",125,0.998236364083278,0.303782086331445,TRUE,566,"MFNG","Beta-1,3-N-acetylglucosaminyltransferase manic fringe","MFNG","O00587"
"X5609.92",125,0.998236364083278,0.172275280265423,TRUE,567,"TAFA5","Protein FAM19A5","F19A5","Q7Z5A7"
"X5620.13",125,0.998236364083278,0.171180806918433,TRUE,568,"PAM","Peptidyl-glycine alpha-amidating monooxygenase","AMD","P19021"
"X5630.48",125,0.998236364083278,0.309008716097291,TRUE,569,"CD300A","CMRF35-like molecule 8","CM35H","Q9UGN4"
"X5650.9",125,0.998236364083278,0.125704232845241,TRUE,570,"PDIA6","Protein disulfide-isomerase A6","PDIA6","Q15084"
"X5682.13",125,0.998236364083278,0.370833055619872,TRUE,571,"VASN","Vasorin","VASN","Q6EMK4"
"X5738.25",125,0.998236364083278,0.297441467698606,TRUE,572,"TNC","Tenascin","Tenascin","P24821"
"X5810.25",125,0.998236364083278,0.256102717060567,TRUE,573,"TDGF1","Teratocarcinoma-derived growth factor 1","Cripto","P13385"
"X5858.6",125,0.998236364083278,0.100206309999151,TRUE,574,"YWHAZ","14-3-3 protein zeta/delta","14-3-3 protein zeta/delta","P63104"
"X5864.10",125,0.998236364083278,0.173307974200469,TRUE,575,"ALDOA","Fructose-bisphosphate aldolase A","aldolase A","P04075"
"X5903.91",125,0.998236364083278,0.172828813984579,TRUE,576,"HSPA8","Heat shock cognate 71 kDa protein","HSP70 protein 8","P11142"
"X5980.55",125,0.998236364083278,0.0437390950981516,TRUE,577,"BOLA3","BolA-like protein 3","BOLA3","Q53S33"
"X5982.50",125,0.998236364083278,0.112436337780417,TRUE,578,"CFHR1","Complement factor H-related protein 1","FHR1","Q03591"
"X6022.57",125,0.998236364083278,0.207681824672265,TRUE,579,"NELL2","Protein kinase C-binding protein NELL2","NELL2","Q99435"
"X6064.4",125,0.998236364083278,0.0917907269340419,TRUE,580,"ERP44","Endoplasmic reticulum resident protein 44","TXNDC4","Q9BS26"
"X6069.71",125,0.998236364083278,0.101128642248445,TRUE,581,"SUMF2","Sulfatase-modifying factor 2","SUMF2","Q8NBJ7"
"X6117.4",125,0.998236364083278,0.212774531468153,TRUE,582,"PCSK2","Neuroendocrine convertase 2","NEC2","P16519"
"X6172.7",125,0.998236364083278,0.0926102998429186,TRUE,583,"UBC","PolyUbiquitin K63-linked","PolyUbiquitin K63","P0CG48"
"X6225.3",125,0.998236364083278,0.173567452573719,TRUE,584,"PRSS8","Prostasin","Prostasin","Q16651"
"X6227.1",125,0.998236364083278,0.22876871524738,TRUE,585,"KLK10","Kallikrein-10","kallikrein 10","O43240"
"X6260.14",125,0.998236364083278,0.299942395843639,TRUE,586,"TNC","Tenascin","Tenascin","P24821"
"X6276.16",125,0.998236364083278,0.357805380288729,TRUE,587,"FURIN","Furin","Furin","P09958"
"X6324.11",125,0.998236364083278,0.114838226716073,TRUE,588,"DNASE1L2","Deoxyribonuclease-1-like 2","DNSL2","Q92874"
"X6357.83",125,0.998236364083278,0.220939061720196,TRUE,589,"CELA3B","Chymotrypsin-like elastase family member 3B","ELA3B","P08861"
"X6390.18",125,0.998236364083278,0.279337281275642,TRUE,590,"NPS","Neuropeptide S","NPS","P0C0P6"
"X6392.7",125,0.998236364083278,0.110842568050644,TRUE,591,"CCN5","WNT1-inducible-signaling pathway protein 2","WISP-2","O76076"
"X6414.8",125,0.998236364083278,0.169115745068248,TRUE,592,"OAF","Out at first protein homolog","OAF","Q86UD1"
"X6439.59",125,0.998236364083278,0.0851368744537539,TRUE,593,"C14orf93","Uncharacterized protein C14orf93","CN093","Q9H972"
"X6442.6",125,0.998236364083278,0.150800981205833,TRUE,594,"BAGE3","B melanoma antigen 3","BAGE3","Q86Y29"
"X6563.78",125,0.998236364083278,0.164427411395146,TRUE,595,"HSPA1A","Heat shock 70 kDa protein 1A","HSP 70","P0DMV8"
"X6590.54",125,0.998236364083278,0.24469038178356,TRUE,596,"NRP2","Neuropilin-2","Neuropilin-2","O60462"
"X7009.8",125,0.998236364083278,0.294458966236567,TRUE,597,"CD72","B-cell differentiation antigen CD72","CD72","P21854"
"X7020.13",125,0.998236364083278,0.154898445130277,TRUE,598,"CHST5","Carbohydrate sulfotransferase 5","CHST5","Q9GZS9"
"X7048.4",125,0.998236364083278,0.323740096373135,TRUE,599,"CEACAM19","Carcinoembryonic antigen-related cell adhesion molecule 19","CEA19","Q7Z692"
"X7115.5",125,0.998236364083278,0.0890824089231508,TRUE,600,"SEMG1","Semenogelin-1","Semenogelin","P04279"
"X7156.2",125,0.998236364083278,0.144880522748161,TRUE,601,"FUT10","Alpha-(1,3)-fucosyltransferase 10","FUT10","Q6P4F1"
"X7186.111",125,0.998236364083278,0.152510822580056,TRUE,602,"STX3","Syntaxin-3","STX3","Q13277"
"X7625.27",125,0.998236364083278,0.130997261842016,TRUE,603,"YWHAQ","14-3-3 protein theta","14-3-3 protein theta","P27348"
"X7655.11",125,0.998236364083278,0.497829355510642,TRUE,604,"NPPB","N-terminal pro-BNP","N-terminal pro-BNP","P16860"
"X7660.21",125,0.998236364083278,0.0898138704510458,TRUE,605,"TPM4","Tropomyosin alpha-4 chain","Tropomyosin 4","P67936"
"X7695.106",125,0.998236364083278,0.279735985804462,TRUE,606,"SQSTM1","Sequestosome-1","SQSTM","Q13501"
"X7738.299",125,0.998236364083278,0.105887389239674,TRUE,607,"STX2","Syntaxin-2","STX2","P32856"
"X7761.125",125,0.998236364083278,0.183043035958211,TRUE,608,"CHKB","Choline/ethanolamine kinase","CHKB","Q9Y259"
"X7797.11",125,0.998236364083278,0.204080048020295,TRUE,609,"CCDC167","Coiled-coil domain-containing protein 167","CC167","Q9P0B6"
"X7882.31",125,0.998236364083278,0.186689722464065,TRUE,610,"SLAMF7","SLAM family member 7","SLAF7","Q9NQ25"
"X7922.5",125,0.998236364083278,0.156631636798494,TRUE,611,"ADM","Adrenomedullin","Adrenomedullin","P35318"
"X7934.11",125,0.998236364083278,0.0986688453416673,TRUE,612,"NDRG4","Protein NDRG4","NDRG4","Q9ULP0"
"X7943.16",125,0.998236364083278,0.248766870404743,TRUE,613,"CUZD1","CUB and zona pellucida-like domain-containing protein 1","CUZD1","Q86UP6"
"X7965.25",125,0.998236364083278,0.181157615349301,TRUE,614,"HBQ1","Hemoglobin subunit theta-1","HBAT","P09105"
"X7970.315",125,0.998236364083278,0.317248407924837,TRUE,615,"ART3","Ecto-ADP-ribosyltransferase 3","NAR3","Q13508"
"X8017.23",125,0.998236364083278,0.342854616874813,TRUE,616,"FOXRED1","FAD-dependent oxidoreductase domain-containing protein 1","FXRD1","Q96CU9"
"X8018.43",125,0.998236364083278,0.125878407228021,TRUE,617,"VSIG2","V-set and immunoglobulin domain-containing protein 2","VSIG2","Q96IQ7"
"X8019.73",125,0.998236364083278,0.17755034860077,TRUE,618,"STMN3","Stathmin-3","STMN3","Q9NZ72"
"X8043.153",125,0.998236364083278,0.294317219254179,TRUE,619,"COMP","Cartilage oligomeric matrix protein","COMP","P49747"
"X8071.114",125,0.998236364083278,0.338051603890638,TRUE,620,"PCDHB7","Protocadherin beta-7","PCDB7","Q9Y5E2"
"X8080.24",125,0.998236364083278,0.117055310235018,TRUE,621,"MSMP","Prostate-associated microseminoprotein","PSMP","Q1L6U9"
"X8098.37",125,0.998236364083278,0.185944937868374,TRUE,622,"TBXAS1","Thromboxane-A synthase","THAS","P24557"
"X8274.64",125,0.998236364083278,0.140465559881207,TRUE,623,"STX7","Syntaxin-7","Syntaxin-7","O15400"
"X8289.8",125,0.998236364083278,0.234366115625626,TRUE,624,"GPNMB","Transmembrane glycoprotein NMB:Extracellular domain","GPNMB:ECD","Q14956"
"X8304.50",125,0.998236364083278,0.156289739161452,TRUE,625,"TNFRSF11B","Tumor necrosis factor receptor superfamily member 11B","OPG","O00300"
"X8368.102",125,0.998236364083278,0.135183434699386,TRUE,626,"TNFRSF1B","Tumor necrosis factor receptor superfamily member 1B","TNF sR-II","P20333"
"X8369.102",125,0.998236364083278,0.339057175127357,TRUE,627,"DAG1","Dystroglycan","DAG1","Q14118"
"X8469.41",125,0.998236364083278,0.11678818333404,TRUE,628,"IGFBP2","Insulin-like growth factor-binding protein 2","IGFBP-2","P18065"
"X8475.15",125,0.998236364083278,0.242638571061738,TRUE,629,"MMP7","Matrilysin","MMP-7","P09237"
"X8760.10",125,0.998236364083278,0.237943187624037,TRUE,630,"DCUN1D5","DCN1-like protein 5","DCNL5","Q9BTE7"
"X8887.21",125,0.998236364083278,0.195156150848583,TRUE,631,"NUDC","Nuclear migration protein nudC:CS domain","NUDC:CS","Q9Y266"
"X8889.5",125,0.998236364083278,0.129877969479975,TRUE,632,"CCPG1","Cell cycle progression protein 1","CCPG1","Q9ULG6"
"X8905.20",125,0.998236364083278,0.157161268047794,TRUE,633,"KCNMB3","Calcium-activated potassium channel subunit beta-3","KCMB3","Q9NPA1"
"X8908.14",125,0.998236364083278,0.164244945798162,TRUE,634,"KCNE5","Potassium voltage-gated channel subfamily E regulatory beta subunit 5:Cytoplasmic domain","KCE1L:CD","Q9UJ90"
"X8956.96",125,0.998236364083278,0.13319966894588,TRUE,635,"SCARF2","Scavenger receptor class F member 2:Extracellular domain","SREC-II:ECD","Q96GP6"
"X8963.8",125,0.998236364083278,0.219290014506508,TRUE,636,"VTI1B","Vesicle transport through interaction with t-SNAREs homolog 1B","Vti1-rp1","Q9UEU0"
"X8967.6",125,0.998236364083278,0.209376245996575,TRUE,637,"DUSP26","Dual specificity protein phosphatase 26","DUS26","Q9BV47"
"X9044.1",125,0.998236364083278,0.234767911607854,TRUE,638,"CNTNAP5","Contactin-associated protein-like 5","CNTP5","Q8WYK1"
"X9100.32",125,0.998236364083278,0.214100169990895,TRUE,639,"C5orf46","Uncharacterized protein C5orf46","CE046","Q6UWT4"
"X9169.14",125,0.998236364083278,0.0841410338516581,TRUE,640,"SUMO3","Small ubiquitin-related modifier 3","SUMO3","P55854"
"X9197.4",125,0.998236364083278,0.412109427374816,TRUE,641,"LGALS9","Galectin-9","LEG9","O00182"
"X9201.13",125,0.998236364083278,0.117093152020618,TRUE,642,"TAGLN2","Transgelin-2","Transgelin-2","P37802"
"X9232.1",125,0.998236364083278,0.185520581877064,TRUE,643,"ROBO4","Roundabout homolog 4","ROBO4","Q8WZ75"
"X9294.45",125,0.998236364083278,0.238653741907904,TRUE,644,"MFAP2","Microfibrillar-associated protein 2","MFAP2","P55001"
"X9401.57",125,0.998236364083278,0.0982972845666549,TRUE,645,"TRABD2A","Metalloprotease TIKI1","CB089","Q86V40"
"X9459.7",125,0.998236364083278,0.250652966674546,TRUE,646,"FAS","Tumor necrosis factor receptor superfamily member 6","Fas, soluble","P25445"
"X9581.4",125,0.998236364083278,0.328532188346832,TRUE,647,"PRPF6","Pre-mRNA-processing factor 6:region 2","PRP6:region 2","O94906"
"X9753.17",125,0.998236364083278,0.109426184677721,TRUE,648,"EZR","Ezrin","Ezrin","P15311"
"X9756.6",125,0.998236364083278,0.0879646966333902,TRUE,649,"TAGLN","Transgelin","TAGL","Q01995"
"X9768.5",125,0.998236364083278,0.387415384461648,TRUE,650,"IL10RA","Interleukin-10 receptor subunit alpha:Cytoplasmic domain","IL-10 Ra:CD","Q13651"
"X9789.52",125,0.998236364083278,0.205007785314913,TRUE,651,"SYNE2","Nesprin-2","Nesprin-2","Q8WXH0"
"X9815.5",125,0.998236364083278,0.105791277254322,TRUE,652,"ARHGAP1","Rho GTPase-activating protein 1:Cellular retinaldehyde-TRIO domain","RHG01:CRAL-TRIO","Q07960"
"X9819.110",125,0.998236364083278,0.240436805783705,TRUE,653,"MCL1","Induced myeloid leukemia cell differentiation protein Mcl-1","Mcl-1","Q07820"
"X9846.32",125,0.998236364083278,0.105987861203309,TRUE,654,"ARHGDIB","Rho GDP-dissociation inhibitor 2","Rho-GDI beta","P52566"
"X9870.17",125,0.998236364083278,0.137234541755907,TRUE,655,"WARS1","Tryptophan--tRNA ligase, cytoplasmic","SYWC","P23381"
"X9877.28",125,0.998236364083278,0.119137392352955,TRUE,656,"CRKL","Crk-like protein","CRKL","P46109"
"X9926.4",125,0.998236364083278,0.178660880811027,TRUE,657,"S100P","Protein S100-P","S100P","P25815"
"X9960.2",125,0.998236364083278,0.444864698525295,TRUE,658,"TBC1D5","TBC1 domain family member 5","TBCD5","Q92609"
"X9963.19",125,0.998236364083278,0.166169102336821,TRUE,659,"PCDHB10","Protocadherin beta-10","PCDBA","Q9UN67"
"X9986.14",125,0.998236364083278,0.14052457344773,TRUE,660,"NPW","Neuropeptide W","Neuropeptide W","Q8N729"
"X9997.12",125,0.998236364083278,0.149704603130037,TRUE,661,"UBXN4","UBX domain-containing protein 4:Cytoplasmic domain 1","UBXN4:CD 1","Q92575"
"X9999.1",125,0.998236364083278,0.217654032355099,TRUE,662,"IRF6","Interferon regulatory factor 6","IRF6","O14896"
"X9749.190",125,0.998230219010398,0.136181229953641,TRUE,663,"LCP1","Plastin-2","L-plastin","P13796"
"X17777.31",125,0.998217928864636,0.13068451687596,TRUE,664,"SDSL","Serine dehydratase-like","SDSL","Q96GA7"
"X21373.8",125,0.998217928864636,0.286742872871493,TRUE,665,"QTRT2","Queuine tRNA-ribosyltransferase subunit QTRTD1","QTRD1","Q9H974"
"X23274.27",125,0.998217928864636,0.299486417399121,TRUE,666,"EFCAB1","EF-hand calcium-binding domain-containing protein 1","EFCB1","Q9HAE3"
"X7202.107",125,0.998217928864636,0.357175729009777,TRUE,667,"SEMA6C","Semaphorin-6C","SEMA6C","Q9H3T2"
"X9377.25",125,0.998217928864636,0.150762041835326,TRUE,668,"KITLG","Kit ligand","SCF","P21583"
"X15303.63",125,0.998211783791756,0.344699316030691,TRUE,669,"S100A5","Protein S100-A5","S100A5","P33763"
"X2889.37",125,0.998211783791756,0.227634869840076,TRUE,670,"CTF1","Cardiotrophin-1","Cardiotrophin-1","Q16619"
"X11678.105",125,0.998199493645995,0.236918870014753,TRUE,671,"GJD2","Gap junction delta-2 protein","CXD2","Q9UKL4"
"X12433.8",125,0.998199493645995,0.201213069008896,TRUE,672,"ARL11","ADP-ribosylation factor-like protein 11","ARL11","Q969Q4"
"X20942.4",125,0.998199493645995,0.15273551746889,TRUE,673,"DNAJB8","DnaJ homolog subfamily B member 8","DNJB8","Q8NHS0"
"X10889.2",124,0.998193360758159,0.202370434983278,TRUE,674,"MRAP2","Melanocortin-2 receptor accessory protein 2","MRAP2","Q96G30"
"X12945.33",124,0.998193360758159,0.293691300783982,TRUE,675,"RAB18","Ras-related protein Rab-18","RAB18","Q9NP72"
"X12986.12",124,0.998193360758159,0.271350682131554,TRUE,676,"LIN7C","Protein lin-7 homolog C","LIN7C","Q9NUP9"
"X13729.26",124,0.998193360758159,0.334120858478622,TRUE,677,"SFXN5","Sideroflexin-5","SFXN5","Q8TD22"
"X15626.223",124,0.998193360758159,0.102525161241098,TRUE,678,"HSPG2","Basement membrane-specific heparan sulfate proteoglycan core protein","Perlecan","P98160"
"X17475.18",124,0.998193360758159,0.240603542714519,TRUE,679,"PBK","Lymphokine-activated killer T-cell-originated protein kinase","TOPK","Q96KB5"
"X19374.72",124,0.998193360758159,0.351445192249197,TRUE,680,"MTCP1","Protein p13 MTCP-1","MTCP1","P56278"
"X21754.5",124,0.998193360758159,0.308787490953052,TRUE,681,"ZRANB1","Ubiquitin thioesterase ZRANB1","ZRAN1","Q9UGI0"
"X22466.27",124,0.998193360758159,0.156283683184364,TRUE,682,"HES5","Transcription factor HES-5","HES5","Q5TA89"
"X23543.92",124,0.998193360758159,0.153211854714282,TRUE,683,"TRUB1","Probable tRNA pseudouridine synthase 1","TRUB1","Q8WWH5"
"X23554.2",124,0.998193360758159,0.139809826294107,TRUE,684,"SHD","SH2 domain-containing adapter protein D","SHD","Q96IW2"
"X23703.8",124,0.998193360758159,0.153039372009527,TRUE,685,"PDLIM5","PDZ and LIM domain protein 5","PDLI5","Q96HC4"
"X2816.50",124,0.998193360758159,0.26589522714486,TRUE,686,"BCAM","Basal Cell Adhesion Molecule","BCAM","P50895"
"X5762.35",124,0.998193360758159,0.179941782235928,TRUE,687,"SPAG11B","Sperm-associated antigen 11B","Sperm-associated antigen 11","Q08648"
"X9343.16",124,0.998193360758159,0.186734472585962,TRUE,688,"IL2RB","Interleukin-2 receptor subunit beta","IL-2 sRb","P14784"
"X10346.5",124,0.998193349385455,0.15843443547744,TRUE,689,"STAT3","Signal transducer and activator of transcription 3","STAT3","P40763"
"X11212.7",124,0.998193349385455,0.177742137278008,TRUE,690,"TXNDC5","Thioredoxin domain-containing protein 5","TXND5","Q8NBS9"
"X11486.26",124,0.998193349385455,0.269790364096538,TRUE,691,"ZNF174","Zinc finger protein 174","ZN174","Q15697"
"X12358.6",124,0.998193349385455,0.0858540430332261,TRUE,692,"IGBP1","Immunoglobulin-binding protein 1","IGBP1","P78318"
"X12800.5",124,0.998193349385455,0.146971320557086,TRUE,693,"TPPP2","Tubulin polymerization-promoting protein family member 2","TPPP2","P59282"
"X13114.50",124,0.998193349385455,0.0957031873416027,TRUE,694,"LUM","Lumican","Lumican","P51884"
"X13378.80",124,0.998193349385455,0.222554667687796,TRUE,695,"C5orf63","Glutaredoxin-like protein C5orf63","YD286","A6NC05"
"X13575.40",124,0.998193349385455,0.132178510663307,TRUE,696,"DVL2","Segment polarity protein dishevelled homolog DVL-2","DVL2","O14641"
"X13939.14",124,0.998193349385455,0.0880002929529446,TRUE,697,"UGP2","UTP--glucose-1-phosphate uridylyltransferase","UGPA1","Q16851"
"X14675.20",124,0.998193349385455,0.107081324370853,TRUE,698,"EIF4B","Eukaryotic translation initiation factor 4B","IF4B","P23588"
"X15398.2",124,0.998193349385455,0.120751120692991,TRUE,699,"GFER","FAD-linked sulfhydryl oxidase ALR","HERV1","P55789"
"X15540.6",124,0.998193349385455,0.148431005611686,TRUE,700,"VIM","Vimentin","Vimentin","P08670"
"X15566.10",124,0.998193349385455,0.0956893924465636,TRUE,701,"CNN1","Calponin-1","Calponin-1","P51911"
"X15612.5",124,0.998193349385455,0.198545972714427,TRUE,702,"LIN7B","Protein lin-7 homolog B","LIN7B","Q9HAP6"
"X16308.14",124,0.998193349385455,0.177373023496466,TRUE,703,"BTLA","B- and T-lymphocyte attenuator","BTLA","Q7Z6A9"
"X19112.2",124,0.998193349385455,0.0997944308476372,TRUE,704,"TCEAL3","Transcription elongation factor A protein-like 3","TCAL3","Q969E4"
"X19134.66",124,0.998193349385455,0.12356677063072,TRUE,705,"POLR2K","DNA-directed RNA polymerases I, II, and III subunit RPABC4","RPAB4","P53803"
"X19213.1",124,0.998193349385455,0.162753860959571,TRUE,706,"SPINK4","Serine protease inhibitor Kazal-type 4","ISK4","O60575"
"X19243.2",124,0.998193349385455,0.277200381938038,TRUE,707,"PFDN2","Prefoldin subunit 2","PFD2","Q9UHV9"
"X19274.80",124,0.998193349385455,0.154146466130915,TRUE,708,"SNTA1","Alpha-1-syntrophin","Alpha-1-syntrophin","Q13424"
"X19338.3",124,0.998193349385455,0.188715708917278,TRUE,709,"LZIC","Protein LZIC","LZIC","Q8WZA0"
"X20087.3",124,0.998193349385455,0.174222016555607,TRUE,710,"SELENOF","15 kDa selenoprotein","selenoprotein15","O60613"
"X20549.1",124,0.998193349385455,0.13266623731203,TRUE,711,"IZUMO4","Izumo sperm-egg fusion protein 4","IZUM4","Q1ZYL8"
"X20593.10",124,0.998193349385455,0.257418728159244,TRUE,712,"B3GALT5","Beta-1,3-galactosyltransferase 5","B3GT5","Q9Y2C3"
"X21311.22",124,0.998193349385455,0.180341879059777,TRUE,713,"JDP2","Jun dimerization protein 2","JDP2","Q8WYK2"
"X21742.43",124,0.998193349385455,0.243290682394232,TRUE,714,"OTUD7B","OTU domain-containing protein 7B","OTU7B","Q6GQQ9"
"X22063.20",124,0.998193349385455,0.266519614374502,TRUE,715,"CAPNS2","Calpain small subunit 2","CPNS2","Q96L46"
"X23253.5",124,0.998193349385455,0.178282203195377,TRUE,716,"COMTD1","Catechol O-methyltransferase domain-containing protein 1","CMTD1","Q86VU5"
"X24222.10",124,0.998193349385455,0.212564851462917,TRUE,717,"NELFA","Negative elongation factor A","NELFA","Q9H3P2"
"X24475.45",124,0.998193349385455,0.14890868551623,TRUE,718,"SNX12","Sorting nexin-12","SNX12","Q9UMY4"
"X25219.17",124,0.998193349385455,0.126951125995084,TRUE,719,"ATP6V1F","V-type proton ATPase subunit F","VATF","Q16864"
"X25288.16",124,0.998193349385455,0.21267503777621,TRUE,720,"FMO3","Dimethylaniline monooxygenase [N-oxide-forming] 3","FMO3","P31513"
"X2570.72",124,0.998193349385455,0.11159473443985,TRUE,721,"IGFBP2","Insulin-like growth factor-binding protein 2","IGFBP-2","P18065"
"X3050.7",124,0.998193349385455,0.146316649434007,TRUE,722,"VWF","von Willebrand factor","vWF","P04275"
"X3438.10",124,0.998193349385455,0.178998338214354,TRUE,723,"FSTL3","Follistatin-related protein 3","FSTL3","O95633"
"X4374.45",124,0.998193349385455,0.174253260583849,TRUE,724,"GDF15","Growth/differentiation factor 15","MIC-1","Q99988"
"X5007.1",124,0.998193349385455,0.132227381925801,TRUE,725,"MAPK14","Mitogen-activated protein kinase 14","MAPK14","Q16539"
"X5644.60",124,0.998193349385455,0.199170099503496,TRUE,726,"RNASE4","Ribonuclease 4","RNAS4","P34096"
"X5927.4",124,0.998193349385455,0.32536157053705,TRUE,727,"CCN6","WNT1-inducible-signaling pathway protein 3","WISP-3","O95389"
"X6075.61",124,0.998193349385455,0.294495194192137,TRUE,728,"HEXB","Beta-hexosaminidase subunit beta","Hexosaminidase B","P07686"
"X6248.68",124,0.998193349385455,0.192637360748163,TRUE,729,"FAS","Tumor necrosis factor receptor superfamily member 6","Fas, soluble","P25445"
"X6375.75",124,0.998193349385455,0.0987466318892226,TRUE,730,"XXYLT1","Xyloside xylosyltransferase 1","XXLT1","Q8NBI6"
"X6385.63",124,0.998193349385455,0.148923487113484,TRUE,731,"VWA1","von Willebrand factor A domain-containing protein 1","VWA1","Q6PCB0"
"X6599.5",124,0.998193349385455,0.0878168330727025,TRUE,732,"APCDD1","Protein APCDD1","APCD1","Q8J025"
"X6624.94",124,0.998193349385455,0.242225185341687,TRUE,733,"WNT11","Protein Wnt-11","WNT11","O96014"
"X7008.13",124,0.998193349385455,0.278288815617175,TRUE,734,"EVA1C","Protein eva-1 homolog C:Cytoplasmic domain","F176C:CD","P58658"
"X7145.1",124,0.998193349385455,0.166220554882034,TRUE,735,"ITIH3","Inter-alpha-trypsin inhibitor heavy chain H3","ITIH3","Q06033"
"X7211.2",124,0.998193349385455,0.230596674427576,TRUE,736,"RNASE1","Ribonuclease pancreatic","RNase 1","P07998"
"X7810.20",124,0.998193349385455,0.143722697152581,TRUE,737,"C1QTNF5","Complement C1q tumor necrosis factor-related protein 5","C1QTNF5","Q9BXJ0"
"X7831.39",124,0.998193349385455,0.192056770993755,TRUE,738,"RBP4","Retinol-binding protein 4","RBP","P02753"
"X8086.49",124,0.998193349385455,0.153268644422681,TRUE,739,"ITM2B","Integral membrane protein 2B","ITM2B","Q9Y287"
"X8394.56",124,0.998193349385455,0.145526592793083,TRUE,740,"RNASE2","Non-secretory ribonuclease","RNase 2","P10153"
"X8974.172",124,0.998193349385455,0.144911495664058,TRUE,741,"COL15A1","Collagen alpha-1(XV) chain","COFA1","P39059"
"X9008.6",124,0.998193349385455,0.17847235049868,TRUE,742,"PRRG1","Transmembrane gamma-carboxyglutamic acid protein 1:Pro-form, Extracellular domain","TMG1:Pro-form, ECD","O14668"
"X10082.251",124,0.99819334369905,0.272665944434232,TRUE,743,"NEFL","Neurofilament light polypeptide","NFL","P07196"
"X10086.39",124,0.99819334369905,0.187667919921494,TRUE,744,"CBS","Cystathionine beta-synthase","CBS","P35520"
"X10354.57",124,0.99819334369905,0.183774438114168,TRUE,745,"STAT3","Signal transducer and activator of transcription 3","STAT3","P40763"
"X10557.6",124,0.99819334369905,0.299854363445427,TRUE,746,"TEX29","Testis-expressed sequence 29 protein","TEX29","Q8N6K0"
"X10702.1",124,0.99819334369905,0.124665050962871,TRUE,747,"COL28A1","Collagen alpha-1(XXVIII) chain","COSA1","Q2UY09"
"X11313.100",124,0.99819334369905,0.121086193097691,TRUE,748,"PCBD1","Pterin-4-alpha-carbinolamine dehydratase","PHS","P61457"
"X11430.49",124,0.99819334369905,0.31332408140591,TRUE,749,"DTX1","E3 ubiquitin-protein ligase DTX1","DTX1","Q86Y01"
"X11464.9",124,0.99819334369905,0.1457267242382,TRUE,750,"RELB","Transcription factor RelB","RELB","Q01201"
"X12016.60",124,0.99819334369905,0.207863264682163,TRUE,751,"CBL","E3 ubiquitin-protein ligase CBL","CBL","P22681"
"X12399.194",124,0.99819334369905,0.221631359694739,TRUE,752,"CCDC50","Coiled-coil domain-containing protein 50","CCD50","Q8IVM0"
"X12619.14",124,0.99819334369905,0.159180816896061,TRUE,753,"PPM1A","Protein phosphatase 1A","Protein phophatase 2Ca","P35813"
"X12620.3",124,0.99819334369905,0.164336555146806,TRUE,754,"SEPTIN11","Septin-11","Septin-11","Q9NVA2"
"X12742.160",124,0.99819334369905,0.162095961115108,TRUE,755,"TMEM8B","Transmembrane protein 8B","TMM8B","A6NDV4"
"X12821.6",124,0.99819334369905,0.236695742954536,TRUE,756,"NLRP10","NACHT, LRR and PYD domains-containing protein 10","NAL10","Q86W26"
"X13053.6",124,0.99819334369905,0.197845232099941,TRUE,757,"SLC6A14","Sodium- and chloride-dependent neutral and basic amino acid transporter B(0+)","S6A14","Q9UN76"
"X13486.9",124,0.99819334369905,0.233931291411275,TRUE,758,"PKD2","Polycystin-2:Cytoplasmic domain 1","PKD2:CD 1","Q13563"
"X13622.16",124,0.99819334369905,0.112329875255564,TRUE,759,"PPP2R5A","Serine/threonine-protein phosphatase 2A 56 kDa regulatory subunit alpha isoform","2A5A","Q15172"
"X13722.105",124,0.99819334369905,0.128061657599167,TRUE,760,"C9","Complement component C9","C9","P02748"
"X14116.129",124,0.99819334369905,0.148025123387272,TRUE,761,"S100A4","Protein S100-A4","S100A4","P26447"
"X14619.8",124,0.99819334369905,0.471719480302685,TRUE,762,"ZNF526","Zinc finger protein 526","ZN526","Q8TF50"
"X15584.9",124,0.99819334369905,0.195035188963329,TRUE,763,"CFHR2","Complement factor H-related protein 2","FHR2","P36980"
"X16914.104",124,0.99819334369905,0.144711227199859,TRUE,764,"CD14","Monocyte differentiation antigen CD14, soluble","sCD14","P08571"
"X17158.17",124,0.99819334369905,0.22501581183551,TRUE,765,"UBE2G1","Ubiquitin-conjugating enzyme E2 G1","UB2G1","P62253"
"X17398.55",124,0.99819334369905,0.141825905303279,TRUE,766,"HMOX1","Heme oxygenase 1","HO-1","P09601"
"X17441.4",124,0.99819334369905,0.136266422975761,TRUE,767,"ALPI","Intestinal-type alkaline phosphatase","Alkaline phosphatase, intestine","P09923"
"X17672.184",124,0.99819334369905,0.228559954838932,TRUE,768,"CBLIF","Gastric intrinsic factor","Gastric intrinsic factor","P27352"
"X17685.9",124,0.99819334369905,0.113878225024627,TRUE,769,"APOA4","Apolipoprotein A-IV","Apo A-IV","P06727"
"X17818.22",124,0.99819334369905,0.127069290771156,TRUE,770,"SUGT1","Protein SGT1 homolog","SUGT1","Q9Y2Z0"
"X19136.22",124,0.99819334369905,0.153219330772984,TRUE,771,"ALDH6A1","Methylmalonate-semialdehyde dehydrogenase [acylating], mitochondrial","MMSA","Q02252"
"X20203.45",124,0.99819334369905,0.081281087797939,TRUE,772,"C1S","Complement C1s subcomponent","C1s","P09871"
"X20960.47",124,0.99819334369905,0.136533101611296,TRUE,773,"FUBP1","Far upstream element-binding protein 1","FUBP1","Q96AE4"
"X21136.1",124,0.99819334369905,0.138592407449115,TRUE,774,"PSMG2","Proteasome assembly chaperone 2","PSMG2","Q969U7"
"X21194.39",124,0.99819334369905,0.284242205327574,TRUE,775,"POU6F1","POU domain, class 6, transcription factor 1","PO6F1","Q14863"
"X21356.6",124,0.99819334369905,0.0774193823266078,TRUE,776,"B9D2","B9 domain-containing protein 2","B9D2","Q9BPU9"
"X21508.7",124,0.99819334369905,0.18595057446859,TRUE,777,"ST8SIA1","Alpha-N-acetylneuraminide alpha-2,8-sialyltransferase","SIA8A","Q92185"
"X21528.12",124,0.99819334369905,0.109306157474772,TRUE,778,"BMF","Bcl-2-modifying factor","BMF","Q96LC9"
"X21545.51",124,0.99819334369905,0.230073481327677,TRUE,779,"MUSTN1","Musculoskeletal embryonic nuclear protein 1","MSTN1","Q8IVN3"
"X21569.49",124,0.99819334369905,0.229492592713086,TRUE,780,"STK10","Serine/threonine kinase 10","STK10","O94804"
"X22089.13",124,0.99819334369905,0.263718882012957,TRUE,781,"BTG4","Protein BTG4","BTG4","Q9NY30"
"X22154.37",124,0.99819334369905,0.196003813044099,TRUE,782,"GATAD1","GATA zinc finger domain-containing protein 1","GATD1","Q8WUU5"
"X23537.4",124,0.99819334369905,0.247899205904951,TRUE,783,"SP6","Transcription factor Sp6","SP6","Q3SY56"
"X23705.42",124,0.99819334369905,0.198100733097289,TRUE,784,"CTPS1","CTP synthase 1","PYRG1","P17812"
"X24428.76",124,0.99819334369905,0.169105587015119,TRUE,785,"GDPD1","Lysophospholipase D GDPD1","GDPD1","Q8N9F7"
"X25902.27",124,0.99819334369905,0.17163345750151,TRUE,786,"GLUD1","Glutamate dehydrogenase 1, mitochondrial","DHE3","P00367"
"X2605.49",124,0.99819334369905,0.236925304192009,TRUE,787,"TNFRSF8","Tumor necrosis factor receptor superfamily member 8","CD30","P28908"
"X2753.2",124,0.99819334369905,0.113989940466093,TRUE,788,"C1QA|C1QB|C1QC","Complement C1q subcomponent","C1q","P02745|P02746|P02747"
"X2822.56",124,0.99819334369905,0.100227265614728,TRUE,789,"ADGRE5","CD97 antigen","CD97","P48960"
"X3234.23",124,0.99819334369905,0.153711002260147,TRUE,790,"CCDC80","Coiled-coil domain-containing protein 80","URB","Q76M96"
"X3431.54",124,0.99819334369905,0.18538000659924,TRUE,791,"EPHA1","Ephrin type-A receptor 1","EphA1","P21709"
"X3450.4",124,0.99819334369905,0.234223995813014,TRUE,792,"KLK6","Kallikrein-6","Kallikrein 6","Q92876"
"X3457.57",124,0.99819334369905,0.129968398935096,TRUE,793,"POSTN","Periostin","Periostin","Q15063"
"X3651.50",124,0.99819334369905,0.152283504425928,TRUE,794,"KDR","Vascular endothelial growth factor receptor 2","VEGF sR2","P35968"
"X4154.57",124,0.99819334369905,0.0732352307005998,TRUE,795,"SELP","P-selectin","P-Selectin","P16109"
"X4721.54",124,0.99819334369905,0.188874805495078,TRUE,796,"TFF3","Trefoil factor 3","TFF3","Q07654"
"X5675.6",124,0.99819334369905,0.234633114216196,TRUE,797,"TNC","Tenascin","Tenascin","P24821"
"X6245.4",124,0.99819334369905,0.0980104961403306,TRUE,798,"NECTIN2","Nectin-2","Nectin-2","Q92692"
"X6257.56",124,0.99819334369905,0.438126500585529,TRUE,799,"CGREF1","Cell growth regulator with EF hand domain protein 1","CGRE1","Q99674"
"X6259.60",124,0.99819334369905,0.233795340520557,TRUE,800,"TNC","Tenascin","Tenascin","P24821"
"X6352.8",124,0.99819334369905,0.133990100474665,TRUE,801,"INSRR","Insulin receptor-related protein","INSRR","P14616"
"X6415.90",124,0.99819334369905,0.106814467769557,TRUE,802,"CPN2","Carboxypeptidase N subunit 2","CPN2","P22792"
"X6425.87",124,0.99819334369905,0.12285738147419,TRUE,803,"MMP19","Matrix metalloproteinase-19","MMP19","Q99542"
"X6645.53",124,0.99819334369905,0.109225422176904,TRUE,804,"POSTN","Periostin","Periostin","Q15063"
"X7009.6",124,0.99819334369905,0.193414670441602,TRUE,805,"CD72","B-cell differentiation antigen CD72","CD72","P21854"
"X7841.84",124,0.99819334369905,0.365320365307908,TRUE,806,"ESAM","Endothelial cell-selective adhesion molecule","ESAM","Q96AP7"
"X8323.163",124,0.99819334369905,0.151353388765543,TRUE,807,"TFF3","Trefoil factor 3","TFF3","Q07654"
"X8327.26",124,0.99819334369905,0.227811948485661,TRUE,808,"DPEP2","Dipeptidase 2","DPEP2","Q9H4A9"
"X8876.51",124,0.99819334369905,0.214674069658336,TRUE,809,"NRXN2","Neurexin-2-beta","NRX2B","P58401"
"X8877.22",124,0.99819334369905,0.277357924114577,TRUE,810,"EVA1C","Protein eva-1 homolog C:Extracellular domain","F176C:ECD","P58658"
"X8982.65",124,0.99819334369905,0.0770815435996643,TRUE,811,"THBS3","Thrombospondin-3","TSP3","P49746"
"X8992.1",124,0.99819334369905,0.228219149337966,TRUE,812,"CEMIP2","Transmembrane protein 2","TMEM2","Q9UHN6"
"X9025.5",124,0.99819334369905,0.293585977153945,TRUE,813,"AHSP","Alpha-hemoglobin-stabilizing protein","AHSP","Q9NZD4"
"X9076.25",124,0.99819334369905,0.238239372363188,TRUE,814,"PENK","Proenkephalin-A","PENK","P01210"
"X9761.89",124,0.99819334369905,0.134785542435303,TRUE,815,"LDHA","L-lactate dehydrogenase A chain","LDHA","P00338"
"X9878.3",124,0.99819334369905,0.227864978853085,TRUE,816,"SULT1E1","Estrogen sulfotransferase","SULT 1E","P49888"
"X9900.36",124,0.99819334369905,0.133391755484317,TRUE,817,"NEFH","Neurofilament heavy polypeptide","NFH","P12036"
"X9927.96",124,0.99819334369905,0.122224866972898,TRUE,818,"TNS4","Tensin-4","TENS4","Q8IZW8"
"X22430.15",123,0.998187617103477,0.0748638112439271,TRUE,819,"CHN1","N-chimaerin","CHIN","P15882"
"X25941.4",124,0.998187054435579,0.389967545500178,TRUE,820,"OASL","2'-5'-oligoadenylate synthetase like protein","OA synthetase","Q15646"
"X12796.44",124,0.99818704872936,0.207697092089127,TRUE,821,"NUDT3","Diphosphoinositol polyphosphate phosphohydrolase 1","NUDT3","O95989"
"X10418.36",125,0.998174913354473,0.2054882928335,TRUE,822,"STX12","Syntaxin-12","STX12","Q86Y82"
"X13743.56",125,0.998174913354473,0.277806204733077,TRUE,823,"CUL4B","Cullin-4B","CUL4B","Q13620"
"X9092.33",124,0.998174476027408,0.138059089944673,TRUE,824,"ANGPTL1","Angiopoietin-related protein 1:N-term","ANGL1:N-term","O95841"
"X24921.73",124,0.998174464535826,0.493540554158744,TRUE,825,"HIRIP3","HIRA-interacting protein 3","HIRP3","Q9BW71"
"X13604.27",124,0.998168163820291,0.301862529055818,TRUE,826,"NEURL1","E3 ubiquitin-protein ligase NEURL1","NEUL1","O76050"
"X5358.3",123,0.998161818058686,0.0775970620690206,TRUE,827,"OMD","Osteomodulin","OMD","Q99983"
"X15582.25",125,0.998156478135831,0.182300606614545,TRUE,828,"FCN1","Ficolin-1","FCN1","O00602"
"X22098.10",125,0.998156478135831,0.267215697147055,TRUE,829,"CCNYL1","Cyclin-Y-like protein 1","CCYL1","Q8N7R7"
"X2943.5",125,0.998156478135831,0.241838254898809,TRUE,830,"CYP3A4","Cytochrome P450 3A4","Cytochrome P450 3A4","P08684"
"X14008.22",124,0.998155573880912,0.366342945812568,TRUE,831,"DCP1A","mRNA-decapping enzyme 1A","DCP1A","Q9NPI6"
"X20241.9",124,0.998155573880912,0.409460341809828,TRUE,832,"SNAP23","Synaptosomal-associated protein 23","SNP23","O00161"
"X18833.76",123,0.998148936444668,0.124012905327566,TRUE,833,"PEA15","Astrocytic phosphoprotein PEA-15","PEA15","Q15121"
"X21498.3",123,0.998148936444668,0.161667459791982,TRUE,834,"ALDH7A1","Alpha-aminoadipic semialdehyde dehydrogenase","AL7A1","P49419"
"X25114.256",123,0.998148936444668,0.265981886681701,TRUE,835,"TBC1D24","TBC1 domain family member 24","TBC24","Q9ULP9"
"X4992.49",123,0.998148936444668,0.323587270564025,TRUE,836,"GRN","Granulins","GRN","P28799"
"X7911.29",123,0.998148936444668,0.2398802074048,TRUE,837,"SCN4B","Sodium channel subunit beta-4","SCN4B","Q8IWT1"
"X11118.107",123,0.998148930475247,0.230930212321466,TRUE,838,"RAB17","Ras-related protein Rab-17","RAB17","Q9H0T7"
"X13573.5",123,0.998148930475247,0.303974163985283,TRUE,839,"ARPC3","Actin-related protein 2/3 complex subunit 3","p21-ARC","O15145"
"X20389.36",123,0.998148930475247,0.127880983384819,TRUE,840,"IMMP2L","Mitochondrial inner membrane protease subunit 2","IMP2L","Q96T52"
"X21157.6",123,0.998148930475247,0.149082966471338,TRUE,841,"HYKK","Hydroxylysine kinase","HYKK","A2RU49"
"X21523.71",123,0.998148930475247,0.238615849253765,TRUE,842,"ILKAP","Integrin-linked kinase-associated serine/threonine phosphatase 2C","ILKAP","Q9H0C8"
"X5695.5",123,0.998148930475247,0.130444094942744,TRUE,843,"BPIFA2","BPI fold-containing family A member 2","SPLC2","Q96DR5"
"X6574.11",123,0.998148930475247,0.181886041715117,TRUE,844,"FCMR","Fas apoptotic inhibitory molecule 3","FAIM3","O60667"
"X12623.84",123,0.998148924505789,0.176738043330519,TRUE,845,"JARID2","Protein Jumonji","JARD2","Q92833"
"X13594.158",123,0.998148924505789,0.158572755301871,TRUE,846,"GGA1","ADP-ribosylation factor-binding protein GGA1","GGA1","Q9UJY5"
"X23550.10",123,0.998148924505789,0.188501192277466,TRUE,847,"KDF1","Keratinocyte differentiation factor 1","KDF1","Q8NAX2"
"X5657.28",123,0.998148924505789,0.206219427997143,TRUE,848,"ST3GAL1","CMP-N-acetylneuraminate-beta-galactosamide-alpha-2,3-sialyltransferase 1","SIA4A","Q11201"
"X11184.51",123,0.998148918536291,0.196282259672738,TRUE,849,"CHGA","Chromogranin-A","CgA","P10645"
"X11696.7",123,0.998148918536291,0.309449839713604,TRUE,850,"CRABP2","Cellular retinoic acid-binding protein 2","RABP2","P29373"
"X14121.24",123,0.998148918536291,0.127136456518307,TRUE,851,"TNFRSF10D","Tumor necrosis factor receptor superfamily member 10D","TRAIL R4","Q9UBN6"
"X14178.18",123,0.998148918536291,0.246423295122577,TRUE,852,"CDKN3","Cyclin-dependent kinase inhibitor 3","CDKN3","Q16667"
"X18307.71",123,0.998148918536291,0.224799584788172,TRUE,853,"PPA2","Inorganic pyrophosphatase 2, mitochondrial","PPase 2","Q9H2U2"
"X19823.75",123,0.998148918536291,0.302499646241377,TRUE,854,"SIRT1","NAD-dependent protein deacetylase sirtuin-1","SIR1","Q96EB6"
"X20521.83",123,0.998148918536291,0.323991846163981,TRUE,855,"CD28","CD28","CD28","P10747"
"X21114.18",123,0.998148918536291,0.332655863542432,TRUE,856,"DNAJC12","DnaJ homolog subfamily C member 12","DJC12","Q9UKB3"
"X23264.42",123,0.998148918536291,0.185841664047996,TRUE,857,"MED10","Mediator of RNA polymerase II transcription subunit 10","MED10","Q9BTT4"
"X23525.27",123,0.998148918536291,0.385045079378271,TRUE,858,"NOSIP","Nitric oxide synthase-interacting protein","NOSIP","Q9Y314"
"X25118.45",123,0.998148918536291,0.178671176189865,TRUE,859,"BICD1","Protein bicaudal D homolog 1","BICD1","Q96G01"
"X25297.11",123,0.998148918536291,0.240174878283813,TRUE,860,"SH3PXD2B","SH3 and PX domain-containing protein 2B","SPD2B","A1X283"
"X2841.13",123,0.998148918536291,0.156280341165686,TRUE,861,"FRZB","Secreted frizzled-related protein 3","sFRP-3","Q92765"
"X3005.5",123,0.998148918536291,0.102279900228002,TRUE,862,"PTPN1","Tyrosine-protein phosphatase non-receptor type 1","PTP-1B","P18031"
"X4192.10",123,0.998148918536291,0.180481835651515,TRUE,863,"AKR1A1","Alcohol dehydrogenase [NADP(+)]","AK1A1","P14550"
"X4929.55",123,0.998148918536291,0.23281083582404,TRUE,864,"SHBG","Sex hormone-binding globulin","SHBG","P04278"
"X5424.55",123,0.998148918536291,0.110888851452656,TRUE,865,"TNFRSF11A","Tumor necrosis factor receptor superfamily member 11A","RANK","Q9Y6Q6"
"X5635.66",123,0.998148918536291,0.104274907941193,TRUE,866,"TREM2","Triggering receptor expressed on myeloid cells 2","TREM2","Q9NZC2"
"X6955.68",123,0.998148918536291,0.328406556910361,TRUE,867,"SNX1","Sorting nexin-1","SNX1","Q13596"
"X7809.22",123,0.998148918536291,0.0925069048043927,TRUE,868,"SPATA9","Spermatogenesis-associated protein 9","SPAT9","Q9BWV2"
"X9380.2",123,0.998148918536291,0.301449614041687,TRUE,869,"PLA2G12B","Group XIIB secretory phospholipase A2-like protein","sPLA(2)-XIII","Q9BX93"
"X9578.263",123,0.998148918536291,0.298827809760819,TRUE,870,"MANSC4","MANSC domain-containing protein 4","MANS4","A6NHS7"
"X9805.51",123,0.998148918536291,0.101691797874749,TRUE,871,"SEMA4B","Semaphorin-4B","SEM4B","Q9NPR2"
"X9853.3",123,0.998148918536291,0.220628211372991,TRUE,872,"IFIT2","Interferon-induced protein with tetratricopeptide repeats 2","IFIT2","P09913"
"X9928.125",123,0.998148918536291,0.220264167604798,TRUE,873,"CNMD","Leukocyte cell-derived chemotaxin 1","LECT1","O75829"
"X11416.23",123,0.998148912566755,0.291723662063754,TRUE,874,"FBXL4","F-box/LRR-repeat protein 4:Leucine-rich repeats 4 and 5","FBXL4:LRR4 and LRR5","Q9UKA2"
"X13672.3",123,0.998148912566755,0.236112656001618,TRUE,875,"HSPA6","Heat shock 70 kDa protein 6","HSP76","P17066"
"X14125.5",123,0.998148912566755,0.13818772735688,TRUE,876,"APOM","Apolipoprotein M","ApoM","O95445"
"X15576.158",123,0.998148912566755,0.157657202742704,TRUE,877,"RNASE3","Eosinophil cationic protein","ECP","P12724"
"X17509.6",123,0.998148912566755,0.1487584691622,TRUE,878,"HPD","4-hydroxyphenylpyruvate dioxygenase","HPPD","P32754"
"X17678.28",123,0.998148912566755,0.265762774172154,TRUE,879,"VSIG4","V-set and immunoglobulin domain-containing protein 4","VSIG4","Q9Y279"
"X20923.10",123,0.998148912566755,0.107933243473328,TRUE,880,"MDP1","Magnesium-dependent phosphatase 1","MGDP1","Q86V88"
"X21122.3",123,0.998148912566755,0.0951169860355436,TRUE,881,"DBNDD2","Dysbindin domain-containing protein 2","DBND2","Q9BQY9"
"X21360.27",123,0.998148912566755,0.380822900824754,TRUE,882,"SPECC1","Sperm antigen with calponin homology and coiled-coil domains 1","SPEC1","Q5M775"
"X23307.7",123,0.998148912566755,0.252967193663914,TRUE,883,"CLUAP1","Clusterin-associated protein 1","CLUA1","Q96AJ1"
"X23325.18",123,0.998148912566755,0.507616102501669,TRUE,884,"BMERB1","Uncharacterized protein C16orf45","CP045","Q96MC5"
"X25116.11",123,0.998148912566755,0.156083606886724,TRUE,885,"CCDC9","Coiled-coil domain-containing protein 9","CCDC9","Q9Y3X0"
"X2783.18",123,0.998148912566755,0.33087233762799,TRUE,886,"CCL3L1","C-C motif chemokine 3-like 1","LD78-beta","P16619"
"X4978.54",123,0.998148912566755,0.14977964224786,TRUE,887,"DBNL","Drebrin-like protein","DBNL","Q9UJU6"
"X5741.55",123,0.998148912566755,0.170417446558466,TRUE,888,"RNASE3","Eosinophil cationic protein","ECP","P12724"
"X8791.151",123,0.998148912566755,0.122970836177981,TRUE,889,"CA5A","Carbonic anhydrase 5A, mitochondrial","Carbonic Anhydrase VA","P35218"
"X9218.7",123,0.998148912566755,0.166235236188973,TRUE,890,"FAS","Tumor necrosis factor receptor superfamily member 6","Fas, soluble","P25445"
"X14334.3",125,0.99814418799007,0.234208297347338,TRUE,891,"RCVRN","Recoverin","RECO","P35243"
"X3336.50",125,0.99814418799007,0.154381155083916,TRUE,892,"TFPI","Tissue factor pathway inhibitor","TFPI","P10646"
"X3449.58",125,0.99814418799007,0.108943447671732,TRUE,893,"SERPINA4","Kallistatin","Kallistatin","P29622"
"X24471.2",124,0.998142983941532,0.336719762247551,TRUE,894,"SETBP1","SET-binding protein","SETBP","Q9Y6X0"
"X16845.15",125,0.998138042917189,0.216527164791318,TRUE,895,"MPZL1","Myelin protein zero-like protein 1","MPZL1","O95297"
"X6107.3",125,0.998138042917189,0.326511587421733,TRUE,896,"CELA1","Chymotrypsin-like elastase family member 1","ELA1","Q9UNI1"
"X9974.8",124,0.998130399886691,0.222182270894432,TRUE,897,"DLL3","Delta-like protein 3","DLL3","Q9NYJ7"
"X4917.62",124,0.998124104936814,0.0896692009425396,TRUE,898,"ITGAV|ITGB5","Integrin alpha-V: beta-5 complex","Integrin aVb5","P06756|P18084"
"X13242.134",125,0.998119607698547,0.170709070150065,TRUE,899,"SHANK3","SH3 and multiple ankyrin repeat domains protein 3","SHAN3","Q9BYB0"
"X5803.24",124,0.998111509093084,0.195443423732899,TRUE,900,"C3","Complement C3d fragment","C3d","P01024"
"X22479.64",123,0.998110232157657,0.348819286456325,TRUE,901,"IP6K2","Inositol hexakisphosphate kinase 2","IP6K2","Q9UHH9"
"X11539.4",122,0.998103049991573,0.182198843019691,TRUE,902,"ATP5MF","ATP synthase subunit f, mitochondrial","ATPK","P56134"
"X7962.11",122,0.998103043722529,0.188378370306711,TRUE,903,"SPINK8","Serine protease inhibitor Kazal-type 8","ISK8","P0C7L1"
"X17209.27",122,0.998103037453443,0.201224609006804,TRUE,904,"SULT2B1","Sulfotransferase family cytosolic 2B member 1","ST2B1","O00204"
"X23252.4",122,0.998103037453443,0.201648987994278,TRUE,905,"DNAJB3","DnaJ homolog subfamily B member 3","DNJB3","Q8WWF6"
"X13676.46",122,0.998103031184317,0.137334579844413,TRUE,906,"INHBB","Inhibin beta B chain","Inhibin bB chain","P09529"
"X14028.22",122,0.998103031184317,0.209237761626403,TRUE,907,"PIK3C2A","Phosphatidylinositol 4-phosphate 3-kinase C2 domain-containing subunit alpha","P3C2A","O00443"
"X17405.2",122,0.998103031184317,0.27072421034666,TRUE,908,"UCHL5","Ubiquitin carboxyl-terminal hydrolase isozyme L5","UCHL5","Q9Y5K5"
"X20458.22",122,0.998103031184317,0.369435875380132,TRUE,909,"NDUFA2","NADH dehydrogenase [ubiquinone] 1 alpha subcomplex subunit 2","NDUA2","O43678"
"X9940.35",122,0.998103031184317,0.357463283761775,TRUE,910,"DUSP28","Dual specificity phosphatase 28","DUS28","Q4G0W2"
"X10894.25",122,0.998103024915148,0.167867540301275,TRUE,911,"SCGN","Secretagogin","Secretagogin","O76038"
"X17403.14",122,0.998103024915148,0.168336306976355,TRUE,912,"ACADSB","Short/branched chain specific acyl-CoA dehydrogenase, mitochondrial","acyl-Coenzyme A dehydrogenase","P45954"
"X20367.6",122,0.998103024915148,0.241042150847244,TRUE,913,"IL4I1","L-amino-acid oxidase","OXLA","Q96RQ9"
"X20514.8",122,0.998103024915148,0.161116873168806,TRUE,914,"BAMBI","BMP and activin membrane-bound inhibitor homolog:Extracellular domain","BAMBI:ECD","Q13145"
"X21002.1",122,0.998103024915148,0.14807229801484,TRUE,915,"NUDCD2","NudC domain-containing protein 2","NUDC2","Q8WVJ2"
"X5465.32",122,0.998103024915148,0.242847966016006,TRUE,916,"HS6ST1","Heparan-sulfate 6-O-sulfotransferase 1","H6ST1","O60243"
"X8464.31",122,0.998103024915148,0.343108915197488,TRUE,917,"RSPO4","R-spondin-4","RSPO4","Q2I0M5"
"X13731.14",122,0.998103018645938,0.186383367714586,TRUE,918,"C7","Complement component C7","C7","P10643"
"X14148.2",122,0.998103018645938,0.262113565466305,TRUE,919,"ISG15","Ubiquitin-like protein ISG15","UCRP","P05161"
"X14151.4",122,0.998103018645938,0.268616013523924,TRUE,920,"ISG15","Ubiquitin-like protein ISG15","UCRP","P05161"
"X21143.10",122,0.998103018645938,0.101432102277043,TRUE,921,"CAPS","Calcyphosin","Calcyphosin","Q13938"
"X24674.22",122,0.998103018645938,0.259730727300928,TRUE,922,"EGLN2","Egl nine homolog 2","EGLN2","Q96KS0"
"X3325.2",122,0.998103018645938,0.140376585676481,TRUE,923,"MATN2","Matrilin-2","MATN2","O00339"
"X9543.131",122,0.998103018645938,0.103600905893845,TRUE,924,"COG8","Conserved oligomeric Golgi complex subunit 8","COG8","Q96MW5"
"X12677.164",124,0.998092630187432,0.14226506415078,TRUE,925,"FLII","Protein flightless-1 homolog","FLII","Q13045"
"X20126.19",123,0.998090870685513,0.169113351718124,TRUE,926,"GFAP","Glial fibrillary acidic protein","GFAP","P14136"
"X20134.27",123,0.998090870685513,0.320358953241516,TRUE,927,"MARCO","Macrophage receptor MARCO","MARCO","Q9UEW3"
"X12503.5",122,0.998083202241992,0.168441950544697,TRUE,928,"GPR68","Ovarian cancer G-protein coupled receptor 1","SPR1","Q15743"
"X21355.4",124,0.998073757463403,0.416332733165744,TRUE,929,"USF1","Upstream stimulatory factor 1","USF1","P22415"
"X17449.23",124,0.998073739274945,0.263081404438394,TRUE,930,"CD9","CD9 antigen","CD9","P21926"
"X18821.9",125,0.998070447115503,0.288201634524012,TRUE,931,"C4A|C4B","C4a anaphylatoxin","C4a","P0C0L4|P0C0L5"
"X9470.15",124,0.99806115543805,0.202561842722931,TRUE,932,"METTL24","Methyltransferase-like protein 24","MET24","Q5JXM2"
"X22484.17",125,0.998058156969742,0.326361893282142,TRUE,933,"CSNK1A1L","Casein kinase I isoform alpha-like","KC1AL","Q8N752"
"X18895.54",121,0.998055614835591,0.26434852999314,TRUE,934,"GSTM4","Glutathione S-transferase Mu 4","GSTM4","Q03013"
"X5002.76",121,0.998055614835591,0.194489020623414,TRUE,935,"MMP14","Matrix metalloproteinase-14","MMP-14","P50281"
"X15305.7",121,0.998055595075981,0.187828090180246,TRUE,936,"SCGN","Secretagogin","Secretagogin","O76038"
"X3340.53",121,0.998055595075981,0.166437597702234,TRUE,937,"THBS4","Thrombospondin-4","TSP4","P35443"
"X14023.84",121,0.998055588489355,0.166142159170416,TRUE,938,"IBSP","Bone sialoprotein 2","BSP","P21815"
"X7928.183",121,0.998055588489355,0.197058833275008,TRUE,939,"TPST1","Protein-tyrosine sulfotransferase 1","TPST1","O60507"
"X22862.44",123,0.998052184681271,0.201884889240803,TRUE,940,"PPM1M","Protein phosphatase 1M","PPM1M","Q96MI6"
"X25424.234",122,0.998050160448661,0.199851840670648,TRUE,941,"SYT12","Synaptotagmin-12","SYT12","Q8IV01"
"X7767.1",124,0.998048577822402,0.37507048552624,TRUE,942,"CLPSL2","Colipase-like protein 2","CF126","Q6UWE3"
"X11368.32",125,0.99804586682398,0.199151404131091,TRUE,943,"AK2","Adenylate kinase 2, mitochondrial","KAD2","P54819"
"X19194.9",125,0.99804586682398,0.149772219418198,TRUE,944,"DTD1","D-tyrosyl-tRNA(Tyr) deacylase 1","Histidyl-tRNA synthetase-related","Q8TEA8"
"X23559.10",125,0.99804586682398,0.230099505196932,TRUE,945,"DDRGK1","DDRGK domain-containing protein 1","DDRGK","Q96HY6"
"X2981.9",125,0.99804586682398,0.268441552595182,TRUE,946,"ESAM","Endothelial cell-selective adhesion molecule","ESAM","Q96AP7"
"X8044.90",125,0.99804586682398,0.362478207765503,TRUE,947,"XG","Glycoprotein Xg","XG","P55808"
"X9391.60",123,0.998045716054797,0.267828388054181,TRUE,948,"PCSK1N","ProSAAS","PCSK1","Q9UHG2"
"X19438.68",124,0.998042264426497,0.185909866973964,TRUE,949,"SYF2","Pre-mRNA-splicing factor SYF2","SYF2","O95926"
"X14685.17",125,0.9980397217511,0.297374309108814,TRUE,950,"AKT2","RAC-beta serine/threonine-protein kinase","PKB beta","P31751"
"X17735.130",125,0.99803357667822,0.211656423315307,TRUE,951,"GABARAP","Gamma-aminobutyric acid receptor-associated protein","GBRAP","O95166"
"X3009.3",124,0.998023379517428,0.111628245084226,TRUE,952,"TGFBR3","Transforming growth factor beta receptor type 3","TGF-b R III","Q03167"
"X10990.21",123,0.99801346714481,0.258103137165806,TRUE,953,"LRRK2","Leucine-rich repeat serine/threonine-protein kinase 2","LRRK2","Q5S007"
"X6373.54",125,0.998008996386697,0.259651167652176,TRUE,954,"DLK1","Protein delta homolog 1","DLK1","P80370"
"X6508.68",120,0.998006584522205,0.196483240379744,TRUE,955,"SCGB1D2","Secretoglobin family 1D member 2","SG1D2","O95969"
"X11545.9",120,0.998006570676446,0.0867967707039456,TRUE,956,"TNFRSF14","Tumor necrosis factor receptor superfamily member 14","HVEM","Q92956"
"X13707.27",124,0.998004500889162,0.383944243642811,TRUE,957,"SPARCL1","SPARC-like protein 1","SPARCL1","Q14515"
"X23037.37",124,0.997998205939285,0.260677337355836,TRUE,958,"UBE2D3","Ubiquitin-conjugating enzyme E2 D3","UB2D3","P61077"
"X11178.21",124,0.997998199638669,0.236545999991781,TRUE,959,"SVEP1","Sushi, von Willebrand factor type A, EGF and pentraxin domain-containing protein 1:EGF-like domains 4-6","SVEP1:EGF-like domains 4-6","Q4LDE5"
"X13706.12",124,0.997998199638669,0.326195434291435,TRUE,960,"IL12RB1","Interleukin-12 receptor subunit beta-1","IL-12 Rb1","P42701"
"X25209.15",124,0.9979793147296,0.359062699158754,TRUE,961,"FXYD2","Sodium/potassium-transporting ATPase gamma chain","ATNG","P54710"
"X25240.1",123,0.997974768452826,0.170420272855665,TRUE,962,"EEF2KMT","Protein-lysine N-methyltransferase EEF2KMT","EF2KT","Q96G04"
"X25049.8",125,0.997972125949414,0.086791995882739,TRUE,963,"SCP2","Nonspecific lipid-transfer protein:isoform SCPx","NLTP:isoform SCPx","P22307"
"X7863.50",125,0.997965980876533,0.281373539424955,TRUE,964,"PGRMC1","Membrane-associated progesterone receptor component 1","PGRC1","O00264"
"X12501.10",119,0.997955905971675,0.284240552199979,TRUE,965,"TBCA","Tubulin-specific chaperone A","TBCA","O75347"
"X23356.32",119,0.997955905971675,0.280138419521352,TRUE,966,"CCDC24","Coiled-coil domain-containing protein 24","CCD24","Q8N4L8"
"X2871.73",119,0.997955905971675,0.253521376045616,TRUE,967,"RAD51","DNA repair protein RAD51 homolog 1","RAD51","Q06609"
"X9188.119",119,0.997955891412963,0.368665782039963,TRUE,968,"CXCL9","C-X-C motif chemokine 9","MIG","Q07325"
"X24323.43",123,0.997955438887294,0.312294998722629,TRUE,969,"BROX","BRO1 domain-containing protein BROX","BROX","Q5VW32"
"X15467.10",125,0.997953690730772,0.129129578816602,TRUE,970,"CTHRC1","Collagen triple helix repeat-containing protein 1","CTHR1","Q96CG8"
"X8819.3",125,0.997953690730772,0.130171703108411,TRUE,971,"IGFBP2","Insulin-like growth factor-binding protein 2","IGFBP-2","P18065"
"X13381.49",120,0.99795100470227,0.0627288251703887,TRUE,972,"B4GALT1","Beta-1,4-galactosyltransferase 1","B4GT1","P15291"
"X25285.14",123,0.997948969324837,0.225600759171922,TRUE,973,"KBTBD11","Kelch repeat and BTB domain-containing protein 11","KBTBB","O94819"
"X12988.49",122,0.997944392852304,0.371273819664746,TRUE,974,"EWSR1","RNA-binding protein EWS","EWS","Q01844"
"X9297.12",125,0.99792911043925,0.312377544970238,TRUE,975,"B3GNT8","UDP-GlcNAc:betaGal beta-1,3-N-acetylglucosaminyltransferase 8","B3GN8","Q7Z7M8"
"X16312.45",124,0.997928961490644,0.244730431166821,TRUE,976,"CDH6","Cadherin-6","Cadherin-6","P55285"
"X12591.27",121,0.99792687842768,0.152985825181525,TRUE,977,"OPHN1","Oligophrenin-1","Oligophrenin-1","O60890"
"X21768.9",118,0.997903479712331,0.196721293079103,TRUE,978,"MGAT5","Alpha-1,6-mannosylglycoprotein 6-beta-N-acetylglucosaminyltransferase A","MGT5A","Q09328"
"X21836.9",118,0.997903464397246,0.173932303688492,TRUE,979,"SSTR1","Somatostatin receptor type 1","SSR1","P30872"
"X19332.1",125,0.997892240001966,0.338444378534417,TRUE,980,"MOB4","MOB-like protein phocein","MOBL3","Q9Y3A3"
"X3890.8",122,0.997891508529806,0.33141728282568,TRUE,981,"LDHB","L-lactate dehydrogenase B chain","LDH-H 1","P07195"
"X8955.60",123,0.99789094169131,0.282864080085917,TRUE,982,"GLT8D1","Glycosyltransferase 8 domain-containing protein 1","GL8D1","Q68CQ7"
"X23387.18",120,0.997888507647214,0.100759204640781,TRUE,983,"TIPRL","TIP41-like protein","TIPRL","O75663"
"X23392.41",123,0.997878021722866,0.455306269056837,TRUE,984,"PLEKHA3","Pleckstrin homology domain-containing family A member 3","PKHA3","Q9HB20"
"X13578.98",123,0.997852222594876,0.191656718245784,TRUE,985,"ABLIM3","Actin-binding LIM protein 3","ABLM3","O94929"
"X10781.19",117,0.997849268976267,0.263398413478806,TRUE,986,"CLEC4G","C-type lectin domain family 4 member G","CLC4G","Q6UXB4"
"X14254.27",122,0.997832014144786,0.234959129955917,TRUE,987,"PTPN4","Tyrosine-protein phosphatase non-receptor type 4","PTN4","P29074"
"X22070.5",123,0.997826423466887,0.360993065345187,TRUE,988,"ARHGEF16","Rho guanine nucleotide exchange factor 16","ARHGG","Q5VV41"
"X6557.50",120,0.997825988810441,0.383002223453694,TRUE,989,"LRRC15","Leucine-rich repeat-containing protein 15","LRC15","Q8TF66"
"X6641.60",125,0.99782464420028,0.153599006612068,TRUE,990,"UBB","PolyUbiquitin K48-linked","PolyUbiquitin K48","P0CG47"
"X7096.30",125,0.997812354054519,0.319415542289453,TRUE,991,"RMDN1","Regulator of microtubule dynamics protein 1","RMD1","Q96DB5"
"X9823.2",119,0.99780633030398,0.245782245569276,TRUE,992,"DHFR","Dihydrofolate reductase","DYR","P00374"
"X7955.195",125,0.997806208981639,0.126993539125967,TRUE,993,"ITIH1","Inter-alpha-trypsin inhibitor heavy chain H1","ITI heavy chain H1","P19827"
"X18231.147",123,0.997800624338897,0.313807344236881,TRUE,994,"PRND","Prion-like protein doppel","PRND","Q9UKY0"
"X4136.40",124,0.997796767543238,0.325006274708469,TRUE,995,"IL17D","Interleukin-17D","IL-17D","Q8TAD2"
"X5861.78",116,0.997793181931773,0.155168796772465,TRUE,996,"HAAO","3-hydroxyanthranilate 3,4-dioxygenase","3HAO","P46952"
"X13116.25",116,0.99779312253937,0.195116071529716,TRUE,997,"CD177","CD177 antigen","CD177","Q8N6Q3"
"X21111.49",120,0.997791260197189,0.357617046799476,TRUE,998,"HSPBP1","Hsp70-binding protein 1","HPBP1","Q9NZL4"
"X15667.39",125,0.997781628690116,0.145722013204518,TRUE,999,"BMP4","Bone morphogenetic protein 4","BMP-4","P12644"
"X21234.7",125,0.997769338544355,0.282545609578124,TRUE,1000,"ASB13","Ankyrin repeat and SOCS box protein 13","ASB-13","Q8WXK3"
"X17812.2",125,0.997757048398594,0.274268488636198,TRUE,1001,"PTP4A1","Protein tyrosine phosphatase type IVA 1","TP4A1","Q93096"
"X4876.32",124,0.99774011299435,0.173076237418941,TRUE,1002,"F9","Coagulation factor IX","Coagulation Factor IX","P00740"
"X10580.14",124,0.99774010588139,0.335360900344517,TRUE,1003,"SFTA2","Surfactant-associated protein 2","SFTA2","Q6UW10"
"X20956.13",125,0.997738613179952,0.126348220286592,TRUE,1004,"PFDN4","Prefoldin subunit 4","PFD4","Q9NQP4"
"X2827.23",115,0.99772720098488,0.286458190458116,TRUE,1005,"CX3CL1","Fractalkine","Fractalkine/CX3CL-1","P78423"
"X23618.23",124,0.997714926002631,0.321854722023316,TRUE,1006,"ZNF593","Zinc finger protein 593","ZN593","O00488"
"X5256.86",124,0.997702343295091,0.173559748852168,TRUE,1007,"PDE5A","cGMP-specific 3',5'-cyclic phosphodiesterase","PDE5A","O76074"
"X23359.25",125,0.997695597669788,0.154171788322727,TRUE,1008,"WTAP","Pre-mRNA-splicing regulator WTAP","FL2D","Q15007"
"X9557.5",125,0.997646437086744,0.174735808310726,TRUE,1009,"MANSC1","MANSC domain-containing protein 1","MANS1","Q9H8J5"
"X13570.43",124,0.997633113745881,0.13330613340281,TRUE,1010,"HDLBP","Vigilin","VIGLN","Q00341"
"X19176.27",125,0.997628001868102,0.183216942168626,TRUE,1011,"CYRIB","Protein FAM49B","FA49B","Q9NUQ9"
"X15299.102",125,0.997621856795222,0.28083505068704,TRUE,1012,"MESD","LDLR chaperone MESD","MESD2","Q14696"
"X11128.29",124,0.997620501457286,0.206867188796706,TRUE,1013,"TMEM132C","Transmembrane protein 132C:Cytoplasmic domain","T132C:CD","Q8N3T6"
"X18917.53",125,0.99760956664946,0.190553141361997,TRUE,1014,"AMY2A","Pancreatic alpha-amylase","Pancreatic alpha-amylase","P04746"
"X10974.20",121,0.997594907979824,0.271597097640269,TRUE,1015,"SPINK7","Serine protease inhibitor Kazal-type 7","ISK7","P58062"
"X13658.31",125,0.997572696212177,0.187546289528039,TRUE,1016,"PDGFC","Platelet-derived growth factor C","PDGF-CC","Q9NRA1"
"X17797.1",125,0.997572696212177,0.397457287650766,TRUE,1017,"CUL1","Cullin-1","CUL1","Q13616"
"X22144.65",125,0.997572696212177,0.264913200809969,TRUE,1018,"FBXO48","F-box only protein 48","FBX48","Q5FWF7"
"X7206.20",124,0.997563854397809,0.175487546929605,TRUE,1019,"FBP1","Fructose-1,6-bisphosphatase 1","F16P1","P09467"
"X16292.288",125,0.997560406066416,0.192364962848033,TRUE,1020,"GIP","Gastric inhibitory polypeptide","GIP","P09681"
"X6986.17",125,0.997554260993536,0.183952984529691,TRUE,1021,"HS3ST3B1","Heparan sulfate glucosamine 3-O-sulfotransferase 3B1","HS3SB","Q9Y662"
"X19173.5",125,0.997541970847774,0.145300250777718,TRUE,1022,"ZFAND1","AN1-type zinc finger protein 1","ZFAN1","Q8TCF1"
"X18179.56",125,0.997505100410491,0.309984645786808,TRUE,1023,"SMS","Spermine synthase","SPSY","P52788"
"X8867.18",124,0.997494609949168,0.116788478569303,TRUE,1024,"PAEP","Glycodelin","Glycodelin","P09466"
"X4920.10",125,0.99749281026473,0.256335938282199,TRUE,1025,"LYZ","Lysozyme C","Lysozyme","P61626"
"X14069.61",125,0.997462084900327,0.21546799780423,TRUE,1026,"CA4","Carbonic anhydrase 4","Carbonic Anhydrase IV","P22748"
"X13996.16",124,0.997450537275663,0.196977502994305,TRUE,1027,"PPCDC","Phosphopantothenoylcysteine decarboxylase","COAC","Q96CD2"
"X13062.4",123,0.997413662441025,0.296005026903197,TRUE,1028,"GMFG","Glia maturation factor gamma","GMFG","O60234"
"X20575.82",125,0.997412924317282,0.189049426004113,TRUE,1029,"CLEC9A","C-type lectin domain family 9 member A","CLC9A","Q6UXN8"
"X15481.45",123,0.997407187637058,0.395979394107288,TRUE,1030,"CAMP","Antibacterial protein LL-37","LL-37","P49913"
"X21141.9",124,0.997400185701021,0.0738834780084681,TRUE,1031,"LRATD2","Protein FAM84B","FA84B","Q96KN1"
"X19231.22",123,0.997387863562631,0.117049381474447,TRUE,1032,"PTP4A3","Protein tyrosine phosphatase type IVA 3","PRL-3","O75365"
"X6583.67",125,0.997345328515596,0.133395457355331,TRUE,1033,"SERPINA10","Protein Z-dependent protease inhibitor","protein Z inhibitor","Q9UK55"
"X21647.9",124,0.997337227821248,0.131842191743911,TRUE,1034,"SRM","Spermidine synthase","SPEE","P19623"
"X21562.3",125,0.997320748224074,0.306287198179555,TRUE,1035,"SCGB1D1","Secretoglobin family 1D member 1","SG1D1","O95968"
"X13576.15",125,0.997314603151193,0.181120169673594,TRUE,1036,"GSTP1","Glutathione S-transferase P","Glutathione S-transferase Pi","P09211"
"X17728.61",125,0.997314603151193,0.124188450657351,TRUE,1037,"CHMP2A","Charged multivesicular body protein 2a","CHM2A","O43633"
"X9778.45",124,0.997299483502614,0.275402513426576,TRUE,1038,"TMEM52B","Transmembrane protein 52B","TM52B","Q4KMG9"
"X22485.1",124,0.997299466502998,0.251432721800863,TRUE,1039,"KCTD7","BTB/POZ domain-containing protein KCTD7","KCTD7","Q96MP8"
"X13960.15",125,0.997296167932552,0.212986939879032,TRUE,1040,"AGAP3","Arf-GAP with GTPase, ANK repeat and PH domain-containing protein 3","AGAP3","Q96P47"
"X6555.58",121,0.997276487346167,0.16401403316281,TRUE,1041,"STOML2","Stomatin-like protein 2, mitochondrial","Stomatin-like protein 2","Q9UJZ1"
"X13682.47",124,0.997274286703492,0.176295636087778,TRUE,1042,"CSF1R","Macrophage colony-stimulating factor 1 receptor","M-CSF R","P07333"
"X18891.98",123,0.997258842651118,0.375745965453985,TRUE,1043,"GBP2","Guanylate-binding protein 2","GBP2","P32456"
"X21708.149",124,0.997249106903986,0.174944015548458,TRUE,1044,"FCGRT","IgG receptor FcRn large subunit p51","FCGRN","P55899"
"X6575.79",124,0.997249106903986,0.189482270245391,TRUE,1045,"ADAMTSL1","ADAMTS-like protein 1","ATL1","Q8N6G6"
"X10854.15",124,0.997242803275902,0.190775517494054,TRUE,1046,"GCNT4","Beta-1,3-galactosyl-O-glycosyl-glycoprotein beta-1,6-N-acetylglucosaminyltransferase 4","GCNT4","Q9P109"
"X23302.19",125,0.997216281985104,0.32512910503703,TRUE,1047,"AKT1S1","Proline-rich AKT1 substrate 1","AKTS1","Q96B36"
"X6510.56",125,0.997210136912224,0.326419456230834,TRUE,1048,"RNF128","E3 ubiquitin-protein ligase RNF128:region 1","RN128:region 1","Q8TEB7"
"X25465.42",125,0.997203991839343,0.544161488341039,TRUE,1049,"MLIP","Muscular LMNA-interacting protein","MLIP","Q5VWP3"
"X8476.11",125,0.997185556620702,0.119466321316695,TRUE,1050,"CHGA","Chromogranin-A","CgA","P10645"
"X25275.30",124,0.997167263639625,0.166859932286305,TRUE,1051,"HDAC4","Histone deacetylase 4","HDAC4","P56524"
"X19503.2",122,0.997151223123343,0.281821291760243,TRUE,1052,"SNX3","Sorting nexin-3","SNX3","O60493"
"X23702.98",122,0.997137994282598,0.42187033859704,TRUE,1053,"SHKBP1","SH3KBP1-binding protein 1","SHKB1","Q8TBC3"
"X25089.21",125,0.997124105891896,0.223212328441202,TRUE,1054,"TRIM28","Transcription intermediary factor 1-beta","KRIP-1","Q13263"
"X21238.40",125,0.997111815746135,0.281081162852112,TRUE,1055,"CDK5RAP3","CDK5 regulatory subunit-associated protein 3","CK5P3","Q96JB5"
"X22047.46",124,0.997098028106951,0.214025854147237,TRUE,1056,"COL5A1","Collagen alpha-1(V) chain","CO5A1","P20908"
"X9995.6",125,0.997093380527493,0.224879327077279,TRUE,1057,"DUT","Deoxyuridine 5'-triphosphate nucleotidohydrolase, mitochondrial","DUT","P33316"
"X4240.31",125,0.997074945308851,0.154324902858271,TRUE,1058,"PKM","Pyruvate kinase PKM","M2-PK","P14618"
"X21357.12",123,0.997071808416293,0.22776073317585,TRUE,1059,"FBLIM1","Filamin-binding LIM protein 1","FBLI1","Q8WUP2"
"X18225.13",125,0.99706265516309,0.158416365856836,TRUE,1060,"HEBP1","Heme-binding protein 1","HEBP1","Q9NRV9"
"X16785.45",123,0.997039559610305,0.168953844538863,TRUE,1061,"DEFA5","Defensin-5","HD-5","Q01523"
"X15475.4",105,0.997024272398312,0.282621356493235,TRUE,1062,"PLTP","Phospholipid transfer protein","PLTP","P55058"
"X3028.36",123,0.997007310804317,0.183694105687369,TRUE,1063,"CCL23","Ck-beta-8-1","Ck-b-8-1","P55773"
"X18280.29",125,0.996995059361404,0.128353570228395,TRUE,1064,"DTD2","Putative D-tyrosyl-tRNA(Tyr) deacylase 2","DTD2","Q96FN9"
"X22832.9",122,0.996992590536244,0.19537255027319,TRUE,1065,"ZC3H8","Zinc finger CCCH domain-containing protein 8","ZC3H8","Q8N5P1"
"X5018.68",124,0.996984719009175,0.0982196891062133,TRUE,1066,"PRDX6","Peroxiredoxin-6","Peroxiredoxin-6","P30041"
"X18407.36",124,0.996965834159545,0.35098661503508,TRUE,1067,"ARL2BP","ADP-ribosylation factor-like protein 2-binding protein","AR2BP","Q9Y2Y0"
"X8954.30",117,0.99696497354656,0.187228425249313,TRUE,1068,"MAP4K1","Mitogen-activated protein kinase kinase kinase kinase 1","M4K1","Q92918"
"X17852.5",125,0.996964333997001,0.0747638301762876,TRUE,1069,"PPME1","Protein phosphatase methylesterase 1","PPME1","Q9Y570"
"X5631.83",120,0.99695776291388,0.18092402761748,TRUE,1070,"MLN","Promotilin","MOTI","P12872"
"X8062.15",123,0.996955712714737,0.0834638747829692,TRUE,1071,"EVA1B","Protein eva-1 homolog B","F176B","Q9NVM1"
"X20388.8",124,0.996915464852037,0.3072361287411,TRUE,1072,"TSR2","Pre-rRNA-processing protein TSR2 homolog","TSR2","Q969E8"
"X13112.179",125,0.996890593122434,0.368588636763968,TRUE,1073,"FSTL1","Follistatin-related protein 1","FSTL1","Q12841"
"X4811.33",125,0.996884448049554,0.15504273659288,TRUE,1074,"ITIH4","Inter-alpha-trypsin inhibitor heavy chain H4","ITI heavy chain H4","Q14624"
"X8382.47",125,0.996866012830912,0.198249539349047,TRUE,1075,"MAPKAPK5","MAP kinase-activated protein kinase 5","MAPK5","Q8IW41"
"X3316.58",121,0.996863196761572,0.151674099993339,TRUE,1076,"SERPIND1","Heparin cofactor 2","Heparin cofactor II","P05546"
"X7924.7",123,0.996858956167282,0.209093574671989,TRUE,1077,"CD3G","T-cell surface glycoprotein CD3 gamma chain","CD3G","P09693"
"X3332.57",124,0.99685251515514,0.145342153214482,TRUE,1078,"HJV","Hemojuvelin","RGM-C","Q6ZVN8"
"X7776.20",125,0.996822997320748,0.275578187322092,TRUE,1079,"UNC5B","Netrin receptor UNC5B","UNC5B","Q8IZJ1"
"X15336.7",125,0.996816852247868,0.241590957439926,TRUE,1080,"SELENOM","Selenoprotein M","SELM","Q8WWX9"
"X2682.68",123,0.996807368207192,0.133935623010134,TRUE,1081,"HSPD1","60 kDa heat shock protein, mitochondrial","HSP 60","P10809"
"X20426.34",124,0.996789595772338,0.295213341168068,TRUE,1082,"LRATD1","Protein FAM84A","FA84A","Q96KN4"
"X4831.4",125,0.996786126883465,0.368242764809094,TRUE,1083,"SELL","L-Selectin","sL-Selectin","P14151"
"X8307.47",123,0.99676223032023,0.230025067844122,TRUE,1084,"C11orf68","UPF0696 protein C11orf68","CK068","Q9H3H3"
"X16536.3",124,0.996726615761345,0.207710279563939,TRUE,1085,"HMGA1","High mobility group protein HMG-I/HMG-Y","HMGA1","P17096"
"X23923.26",124,0.996701446264734,0.225813097369417,TRUE,1086,"PPM1F","Protein phosphatase 1F","PPM1F","P49593"
"X7089.42",125,0.996693950790256,0.296713615239038,TRUE,1087,"SYT11","Synaptotagmin-11","SYT11","Q9BT88"
"X9451.20",125,0.996663225425854,0.129268013560928,TRUE,1088,"UMOD","Uromodulin","Uromodulin","P07911"
"X9449.150",124,0.996657371094758,0.152616359923568,TRUE,1089,"C4BPA","C4b-binding protein alpha chain","C4b-binding protein alpha chain","P04003"
"X15530.33",124,0.996638486185689,0.378448903811651,TRUE,1090,"EPHB4","Ephrin type-B receptor 4","EphB4","P54760"
"X13931.22",121,0.996632848359614,0.110323161777743,TRUE,1091,"PSMD9","26S proteasome non-ATPase regulatory subunit 9","PSMD9","O00233"
"X21483.155",125,0.996614064842809,0.210269175725801,TRUE,1092,"PRKAR1A","cAMP-dependent protein kinase type I-alpha regulatory subunit","KAP0","P10644"
"X8660.5",121,0.99659221018543,0.155476851254047,TRUE,1093,"OLFML3","Olfactomedin-like protein 3","OLFL3","Q9NRN5"
"X23696.256",122,0.996582812272793,0.170573584226387,TRUE,1094,"TRMT6","tRNA (adenine(58)-N(1))-methyltransferase non-catalytic subunit TRM6","TRM6","Q9UJA5"
"X11214.40",125,0.996552614114003,0.334515512739233,TRUE,1095,"DNAJB9","DnaJ homolog subfamily B member 9","DNJB9","Q9UBS3"
"X3387.1",120,0.996547987831136,0.14110039019323,TRUE,1096,"PAK3","Serine/threonine-protein kinase PAK 3","PAK3","O75914"
"X2201.17",121,0.996537987290145,0.227116534184281,TRUE,1097,"COL18A1","Endostatin","Endostatin","P39060"
"X16293.1",121,0.996524472658169,0.218409427689491,TRUE,1098,"GHRH","Somatoliberin","Growth hormone-releasing factor","P01286"
"X21940.12",124,0.996481111943446,0.336877770828949,TRUE,1099,"WNT10B","Protein Wnt-10b","WN10B","O00744"
"X9796.4",120,0.99646459033701,0.0965288239336836,TRUE,1100,"CEL","Bile salt-activated lipase","CEL","P19835"
"X22510.6",123,0.996426866865317,0.260272853329137,TRUE,1101,"NFE2L2","Nuclear factor erythroid 2-related factor 2","NF2L2","Q16236"
"X7161.25",123,0.996426855342464,0.158040394385182,TRUE,1102,"H6PD","GDH/6PGL endoplasmic bifunctional protein","G6PE","O95479"
"X2330.2",125,0.996417422510631,0.217119010949719,TRUE,1103,"CXCL12","Stromal cell-derived factor 1","SDF-1","P48061"
"X4472.5",125,0.996417422510631,0.411695842752706,TRUE,1104,"TPM2","Tropomyosin beta chain","Tropomyosin 2","P07951"
"X7144.234",122,0.996404328025751,0.185415684890762,TRUE,1105,"KAZALD1","Kazal-type serine protease inhibitor domain-containing protein 1","KAZD1","Q96I82"
"X8246.9",125,0.996398987291989,0.147805575887707,TRUE,1106,"PCSK9","Proprotein convertase subtilisin/kexin type 9","PCSK9","Q8NBP7"
"X13680.3",123,0.996394583490546,0.34572247484813,TRUE,1107,"NAB2","NGFI-A-binding protein 2","NAB2","Q15742"
"X23305.38",124,0.99638039242841,0.234535647039532,TRUE,1108,"REEP2","Receptor expression-enhancing protein 2","REEP2","Q9BRK0"
"X23407.9",125,0.996368261927586,0.25706924837145,TRUE,1109,"OLAH","S-acyl fatty acid synthase thioesterase, medium chain","SAST","Q9NV23"
"X15556.49",124,0.996361507519341,0.169221158924534,TRUE,1110,"AMY2B","Alpha-amylase 2B","Alpha-amylase 2B","P19961"
"X23259.23",121,0.996355075286665,0.225594133686201,TRUE,1111,"EEF1AKMT1","EEF1A lysine methyltransferase 1","EFMT1","Q8WVE0"
"X22587.37",125,0.996349826708945,0.204452786655948,TRUE,1112,"EPHA6","Ephrin type-A receptor 6","EPHA6","Q9UF33"
"X11173.29",124,0.996348917579962,0.494106697265426,TRUE,1113,"MILR1","Allergin-1","MILR1","Q7Z6M3"
"X10924.258",124,0.996330032670893,0.128602826008928,TRUE,1114,"CYB5D2","Neuferricin","NEUFC","Q8WUJ1"
"X22486.58",123,0.996323659828889,0.467208737449056,TRUE,1115,"KRT6A","Keratin, type II cytoskeletal 6A","Keratin 6A","P02538"
"X23340.37",121,0.996321250368383,0.441994415330425,TRUE,1116,"MRI1","Methylthioribose-1-phosphate isomerase","MTNA","Q9BV20"
"X2728.62",125,0.996319101344542,0.159904526575204,TRUE,1117,"TNC","Tenascin","Tenascin","P24821"
"X14149.9",121,0.996307688138533,0.16326465728507,TRUE,1118,"IL36B","Interleukin-36 beta","IL-1F8","Q9NZH7"
"X18842.24",121,0.996307688138533,0.183237880597323,TRUE,1119,"UBE2D2","Ubiquitin-conjugating enzyme E2 D2","UB2D2","P62837"
"X8053.16",123,0.996284937550187,0.13714190279406,TRUE,1120,"DNAJB14","DnaJ homolog subfamily B member 14:Cytoplasmic domain","DJB14:CD","Q8TBM8"
"X18888.37",125,0.996282230907259,0.274697079071229,TRUE,1121,"FABP12","Fatty acid-binding protein 12","FBP12","A6NFH5"
"X19228.11",125,0.996282230907259,0.229303009583832,TRUE,1122,"BAG2","BAG family molecular chaperone regulator 2","BAG-2","O95816"
"X10584.7",124,0.996172670475111,0.0810429186704749,TRUE,1123,"NDUFS4","NADH dehydrogenase [ubiquinone] iron-sulfur protein 4, mitochondrial","NDUS4","O43181"
"X10708.3",123,0.996136593042642,0.210350440986263,TRUE,1124,"GNRH2","Progonadoliberin-2","GON2","O43555"
"X11149.3",122,0.996133369025312,0.397147324432679,TRUE,1125,"TLR1","Toll-like receptor 1:Cytoplasmic domain","TLR1:CD","Q15399"
"X12557.18",122,0.996133330689457,0.469541295759586,TRUE,1126,"NOVA1","RNA-binding protein Nova-1","NOVA1","P51513"
"X21495.134",125,0.996128604085245,0.281702667519073,TRUE,1127,"GPR37","Prosaposin receptor GPR37","GPR37","O15354"
"X2614.28",124,0.996116015926223,0.312536562333,TRUE,1128,"EFNA4","Ephrin-A4","Ephrin-A4","P52798"
"X12661.44",125,0.996104023793722,0.222120502075084,TRUE,1129,"GABARAPL1","Gamma-aminobutyric acid receptor-associated protein-like 1","GBRL1","Q9H0R8"
"X14332.3",124,0.996090836126717,0.181237098652668,TRUE,1130,"RALA","Ras-related protein Ral-A","RALA","P11233"
"X5260.80",125,0.99607329842932,0.281476469397576,TRUE,1131,"TYK2","Non-receptor tyrosine-protein kinase TYK2","TYK2","P29597"
"X8759.29",119,0.996040027064564,0.190083331959288,TRUE,1132,"A4GALT","Lactosylceramide 4-alpha-galactosyltransferase","a1,4-Galactosyltransferase","Q9NPC4"
"X5364.7",124,0.996034181577829,0.247929448548515,TRUE,1133,"SET","Protein SET","SET","Q01105"
"X18240.6",124,0.995977514368268,0.196587186860474,TRUE,1134,"OMP","Olfactory marker protein","OMP","P47874"
"X17455.42",124,0.995939757329682,0.330018868521024,TRUE,1135,"FOLR1","Folate receptor alpha","FOLR1","P15328"
"X13615.60",125,0.995895091315783,0.222463329769158,TRUE,1136,"NCK2","Cytoplasmic protein NCK2","NCK2","O43639"
"X21849.2",125,0.995882801170022,0.18231071713486,TRUE,1137,"UBQLN3","Ubiquilin-3","UBQL3","Q9H347"
"X6496.60",125,0.99586436595138,0.308125518250667,TRUE,1138,"DLK1","Protein delta homolog 1:Extracellular domain","DLK1:ECD","P80370"
"X20545.17",124,0.995864217931165,0.379836117319253,TRUE,1139,"MFAP3","Microfibril-associated glycoprotein 3","MFAP3","P55082"
"X10561.5",124,0.995864204913853,0.372774384059641,TRUE,1140,"PGLYRP3","Peptidoglycan recognition protein 3","PGRP-I-alpha","Q96LB9"
"X12729.12",124,0.995839025035095,0.291983448001266,TRUE,1141,"PSMG3","Proteasome assembly chaperone 3","PSMG3","Q9BT73"
"X23354.12",121,0.995799571827321,0.226797539277503,TRUE,1142,"CRYBA2","Beta-crystallin A2","CRBA2","P53672"
"X5668.49",123,0.995794742137716,0.227424075499823,TRUE,1143,"AGR3","Anterior gradient protein 3","AGR3","Q8TD06"
"X2743.5",124,0.995757190429128,0.251374091504116,TRUE,1144,"SHH","Sonic hedgehog protein","Sonic Hedgehog","Q15465"
"X13525.17",123,0.995736721596956,0.0927497367661885,TRUE,1145,"KCNG4","Potassium voltage-gated channel subfamily G member 4","KCNG4","Q8TDN1"
"X15678.71",125,0.995692303910724,0.22443893107447,TRUE,1146,"DKK2","Dickkopf-related protein 2","DKK2","Q9UBU2"
"X7105.7",125,0.995661578546322,0.154756879892752,TRUE,1147,"CABLES2","CDK5 and ABL1 enzyme substrate 2","CABL2","Q9BTV7"
"X23396.21",124,0.995643880974713,0.253704045898664,TRUE,1148,"TWF2","Twinfilin-2","TWF2","Q6IBS0"
"X17721.82",123,0.99563351166923,0.154339398873316,TRUE,1149,"GAS7","Growth arrest-specific protein 7","GAS7","O60861"
"X10977.55",124,0.995618701095954,0.326562094555327,TRUE,1150,"UCMA","Unique cartilage matrix-associated protein","UCMA","Q8WVF2"
"X12603.87",122,0.995611165090255,0.381969393744035,TRUE,1151,"PABPC4","Polyadenylate-binding protein 4","PABP4","Q13310"
"X8039.41",125,0.995606272890396,0.249488489689623,TRUE,1152,"FAM177A1","Protein FAM177A1","F177A","Q8N128"
"X11659.31",125,0.995600127817516,0.299167124674107,TRUE,1153,"CLINT1","Clathrin interactor 1","EPN4","Q14677"
"X15313.28",125,0.995587837671755,0.193982049456124,TRUE,1154,"MAD2L1","Mitotic spindle assembly checkpoint protein MAD2A","MD2L1","Q13257"
"X20451.126",125,0.995575547525994,0.352505115653693,TRUE,1155,"IFT22","Intraflagellar transport protein 22 homolog","IFT22","Q9H7X7"
"X3077.66",125,0.995557112307352,0.140183373487098,TRUE,1156,"F10","Coagulation factor Xa","Coagulation Factor Xa","P00742"
"X4834.61",123,0.995549664773662,0.121640836196236,TRUE,1157,"EPHA2","Ephrin type-A receptor 2","Epithelial cell kinase","P29317"
"X21861.8",125,0.99553867708871,0.304016828007074,TRUE,1158,"PSMB10","Proteasome subunit beta type-10","PSB10","P40306"
"X5254.69",124,0.995524276550608,0.106227607568205,TRUE,1159,"PDE3A","cGMP-inhibited 3',5'-cyclic phosphodiesterase A","PDE3A","Q14432"
"X7948.129",125,0.995514096797188,0.346883142967127,TRUE,1160,"GLTPD2","Glycolipid transfer protein domain-containing protein 2","GLTD2","A6NH11"
"X8024.64",124,0.99549911083833,0.142398524023465,TRUE,1161,"TPST2","Protein-tyrosine sulfotransferase 2","TPST2","O60704"
"X8969.49",124,0.99549909667185,0.136027779823238,TRUE,1162,"CD14","Monocyte differentiation antigen CD14","CD14","P08571"
"X9312.8",125,0.995477226359905,0.181999699487634,TRUE,1163,"AZGP1","Zinc-alpha-2-glycoprotein","AZGP1","P25311"
"X16913.8",124,0.995423571439812,0.387398507292571,TRUE,1164,"RNASET2","Ribonuclease T2","RNT2","O00584"
"X12392.30",124,0.995423557035573,0.308993675492151,TRUE,1165,"ARL1","ADP-ribosylation factor-like protein 1","ARL1","P40616"
"X14314.6",125,0.995397340412457,0.276543080126586,TRUE,1166,"PPIL2","Peptidyl-prolyl cis-trans isomerase-like 2","PPIL2","Q13356"
"X9627.15",125,0.995385050266696,0.130178611429091,TRUE,1167,"VIT","Vitrin","VITRN","Q6UXI7"
"X7124.18",125,0.995372760120935,0.345375612668246,TRUE,1168,"IL21","Interleukin-21","IL-21","Q9HBE4"
"X2944.66",125,0.995360469975174,0.291800750149404,TRUE,1169,"NBL1","Neuroblastoma suppressor of tumorigenicity 1","DAN","P41271"
"X18881.7",125,0.995305164319249,0.308049868748056,TRUE,1170,"ADGRE5","CD97 antigen","CD97","P48960"
"X25479.8",125,0.995305164319249,0.157249658354755,TRUE,1171,"LRRFIP2","Leucine-rich repeat flightless-interacting protein 2","LRRF2","Q9Y608"
"X5846.24",123,0.995259410231934,0.137953001550253,TRUE,1172,"NOG","Noggin","Noggin","Q13253"
"X8067.21",123,0.995214261757953,0.246493081943468,TRUE,1173,"KCNE3","Potassium voltage-gated channel subfamily E member 3","KCNE3","Q9Y6H6"
"X8305.18",124,0.995209528066122,0.169017598488768,TRUE,1174,"SULF2","Extracellular sulfatase Sulf-2","SULF2","Q8IWU5"
"X22488.17",122,0.995181567015215,0.258250671655384,TRUE,1175,"KLF9","Krueppel-like factor 9","KLF9","Q13886"
"X12774.12",124,0.995165478494877,0.288803479054015,TRUE,1176,"HCN1","Potassium/sodium hyperpolarization-activated cyclic nucleotide-gated channel 1","HCN1","O60741"
"X11162.37",123,0.995162663501974,0.310089369228404,TRUE,1177,"EQTN","Equatorin","EQTN","Q9NQ60"
"X24316.10",123,0.995046567426021,0.336223570991231,TRUE,1178,"BMT2","Probable methyltransferase BMT2 homolog","BMT2","Q1RMZ1"
"X7223.60",125,0.995034781112504,0.372844929419873,TRUE,1179,"S100A13","Protein S100-A13","S100A13","Q99584"
"X23320.11",125,0.995016345893862,0.226022224520145,TRUE,1180,"MVB12B","Multivesicular body subunit 12B","MB12B","Q9H7P6"
"X5404.53",125,0.995016345893862,0.358010133637541,TRUE,1181,"TNFRSF21","Tumor necrosis factor receptor superfamily member 21","DR6","O75509"
"X19742.3",123,0.994982085788274,0.244612366427656,TRUE,1182,"SEPTIN5","Septin-5","Septin-5","Q99719"
"X11448.34",124,0.99496404009883,0.471206006032503,TRUE,1183,"GALK1","Galactokinase","GALK1","P51570"
"X16599.38",125,0.994948750092176,0.335686844564482,TRUE,1184,"GPN1","GPN-loop GTPase 1","GPN1","Q9HCN4"
"X21706.29",124,0.994926254430085,0.380714099536281,TRUE,1185,"LILRA1","Leukocyte immunoglobulin-like receptor subfamily A member 1","LIRA1","O75019"
"X23380.16",125,0.994924169800654,0.109687743249707,TRUE,1186,"L3HYPDH","Trans-3-hydroxy-L-proline dehydratase","T3HPD","Q96EM0"
"X15386.7",120,0.99490180416399,0.17108064182288,TRUE,1187,"FABP4","Fatty acid-binding protein, adipocyte","FABPA","P15090"
"X16057.6",125,0.994899589509132,0.474485515771427,TRUE,1188,"IGF2R","Cation-independent mannose-6-phosphate receptor","IGF-II receptor","P11717"
"X21345.93",123,0.994840174402105,0.399607790661169,TRUE,1189,"RDH12","Retinol dehydrogenase 12","RDH12","Q96NR8"
"X20533.39",125,0.994788978197282,0.405473834433802,TRUE,1190,"IL12A|EBI3","Interleukin-35","IL-35","P29459|Q14213"
"X16802.31",125,0.994764397905759,0.28466846960499,TRUE,1191,"OCIAD1","OCIA domain-containing protein 1","OCAD1","Q9NX40"
"X10825.12",125,0.994758252832879,0.259837162068951,TRUE,1192,"VSIG10","V-set and immunoglobulin domain-containing protein 10","VSI10","Q8N0Z9"
"X10463.23",125,0.994752107759998,0.37313422439577,TRUE,1193,"ALPI","Intestinal-type alkaline phosphatase","Alkaline phosphatase, intestine","P09923"
"X17355.56",125,0.994715237322715,0.252604967619106,TRUE,1194,"SYT4","Synaptotagmin-4","SYT4","Q9H2B2"
"X7104.71",125,0.994696802104073,0.271719279751848,TRUE,1195,"CABP7","Calcium-binding protein 7","CABP7","Q86V35"
"X14684.17",125,0.994690657031193,0.252827256000638,TRUE,1196,"CAPN2","Calpain-2 catalytic subunit","CAN2","P17655"
"X21863.11",124,0.994674455642496,0.227278551495402,TRUE,1197,"NUBP2","Cytosolic Fe-S cluster assembly factor NUBP2","NUBP2","Q9Y5Y2"
"X13228.75",124,0.994655587554884,0.315002057145786,TRUE,1198,"MDM2","E3 ubiquitin-protein ligase Mdm2","MDM2","Q00987"
"X9577.26",125,0.994623061229506,0.444294977739986,TRUE,1199,"SYT2","Synaptotagmin-2","SYT2","Q8N9I0"
"X13690.26",121,0.994566506100825,0.093307101822782,TRUE,1200,"BGN","Biglycan","BGN","P21810"
"X24926.9",124,0.994548556248702,0.329182574888544,TRUE,1201,"KHSRP","Far upstream element-binding protein 2","FUBP2","Q92945"
"X5231.79",125,0.994530885136298,0.180539655459003,TRUE,1202,"PCSK9","Proprotein convertase subtilisin/kexin type 9","PCSK9","Q8NBP7"
"X14318.1",118,0.994514003535582,0.269224672521537,TRUE,1203,"VPS29","Vacuolar protein sorting-associated protein 29","VPS29","Q9UBQ0"
"X9843.5",125,0.994487869626134,0.16202709310768,TRUE,1204,"ACTN1","Alpha-actinin-1","ACTN1","P12814"
"X16317.20",120,0.994457332573937,0.180843311299664,TRUE,1205,"DSG3","Desmoglein-3","Desmoglein-3","P32926"
"X19361.78",121,0.994349746619333,0.272471674903815,TRUE,1206,"MATN3","Matrilin-3","MATN3","O15232"
"X21755.27",122,0.994348714084591,0.450268355312515,TRUE,1207,"USP12","Ubiquitin carboxyl-terminal hydrolase 12","UBP12","O75317"
"X24426.191",125,0.994297372366836,0.281392066333682,TRUE,1208,"CTNNA1","Catenin alpha-1","CTNA1","P35221"
"X8778.3",125,0.994291227293956,0.101337053945611,TRUE,1209,"NOG","Noggin","Noggin","Q13253"
"X23644.19",125,0.994260501929553,0.160013467862443,TRUE,1210,"TKFC","Dihydroxyacetone kinase","DAK","Q3LXA3"
"X23246.67",125,0.99422363149227,0.435680231359042,TRUE,1211,"BLOC1S1","Biogenesis of lysosome-related organelles complex 1 subunit 1","BL1S1","P78537"
"X18323.39",124,0.994107908370421,0.110753884333583,TRUE,1212,"CRMP1","Dihydropyrimidinase-related protein 1","DRP-1","Q14194"
"X11380.84",124,0.994076489454452,0.303536349337397,TRUE,1213,"RBM24","RNA-binding protein 24","RBM24","Q9BX46"
"X2647.66",125,0.993996263795689,0.170817650180025,TRUE,1214,"GDI2","Rab GDP dissociation inhibitor beta","Rab GDP dissociation inhibitor beta","P50395"
"X9595.11",123,0.993950123996659,0.180127036826459,TRUE,1215,"B4GALT2","Beta-1,4-galactosyltransferase 2","B4GT2","O60909"
"X20972.37",125,0.993916377848241,0.186759328547008,TRUE,1216,"NUDT21","Cleavage and polyadenylation specificity factor subunit 5","CPSF5","O43809"
"X13133.73",125,0.993867217265197,0.255672017345016,TRUE,1217,"LTBP4","Latent-transforming growth factor beta-binding protein 4","LTBP4","Q8N2S1"
"X4467.49",123,0.993859847141152,0.278282940083335,TRUE,1218,"SPARCL1","SPARC-like protein 1","SPARCL1","Q14515"
"X18402.1",124,0.99384353902082,0.292472373830763,TRUE,1219,"AMMECR1L","AMMECR1-like protein","AMERL","Q6DCA0"
"X20382.8",124,0.993837224673763,0.221120899542236,TRUE,1220,"MOSPD1","Motile sperm domain-containing protein 1","MSPD1","Q9UJG1"
"X21829.8",124,0.993786864916245,0.277995668384676,TRUE,1221,"RPS12","40S ribosomal protein S12","RS12","P25398"
"X21544.4",125,0.993750460880466,0.44432244172102,TRUE,1222,"ATL3","Atlastin-3","ATLA3","Q6DD88"
"X25117.17",122,0.993720772675447,0.165511045776193,TRUE,1223,"PGM5","PGM5","PGM5","Q15124"
"X3630.27",125,0.993719735516063,0.220226643686435,TRUE,1224,"CADM3","Cell adhesion molecule 3","Nectin-like protein 1","Q8N126"
"X10970.3",125,0.993713590443183,0.412364080036872,TRUE,1225,"ART3","Ecto-ADP-ribosyltransferase 3","NAR3","Q13508"
"X19286.30",123,0.993711482832348,0.533154738923972,TRUE,1226,"MYL5","Myosin light chain 5","MLR5","Q02045"
"X11303.7",125,0.993670574933019,0.362637386789855,TRUE,1227,"SAMHD1","Deoxynucleoside triphosphate triphosphohydrolase SAMHD1","SAMH1","Q9Y3Z3"
"X5746.37",125,0.993602979131333,0.319397969882852,TRUE,1228,"EFNB1","Ephrin-B1","EFNB1","P98172"
"X7981.230",125,0.993596834058452,0.225342860455374,TRUE,1229,"B3GALT6","Beta-1,3-galactosyltransferase 6","B3GT6","Q96L58"
"X24023.35",124,0.993491062801172,0.23589280288112,TRUE,1230,"PROCR","soluble Endothelial protein C receptor","sEPCR","Q9UNN8"
"X17750.8",124,0.993390302629715,0.297204523277478,TRUE,1231,"RRM2","Ribonucleoside-diphosphate reductase subunit M2","RIR2","P31350"
"X21595.8",124,0.993333627098586,0.220315971573281,TRUE,1232,"CCDC43","Coiled-coil domain-containing protein 43","CCD43","Q96MW1"
"X10089.7",125,0.993326450851707,0.366449627057562,TRUE,1233,"ASMTL","N-acetylserotonin O-methyltransferase-like protein","ASML","O95671"
"X17795.176",122,0.99332425608418,0.404594721020755,TRUE,1234,"LSM1","U6 snRNA-associated Sm-like protein LSm1","LSM1","O15116"
"X7909.37",123,0.993311619207327,0.294490823363486,TRUE,1235,"SHBG","Sex hormone-binding globulin","SHBG","P04278"
"X20993.13",125,0.993308015633065,0.243165786760452,TRUE,1236,"BEND6","BEN domain-containing protein 6","BEND6","Q5SZJ8"
"X12423.38",123,0.993305126286732,0.291898856762199,TRUE,1237,"A1CF","APOBEC1 complementation factor","A1CF","Q9NQ94"
"X21655.18",120,0.993297424196646,0.332124603013214,TRUE,1238,"CEP20","LisH domain-containing protein FOPNL","FOPNL","Q96NB1"
"X8429.16",123,0.993279348832109,0.181003953950584,TRUE,1239,"AXIN2","Axin-2","AXIN2","Q9Y2T1"
"X7953.20",125,0.99324656490426,0.170526557323854,TRUE,1240,"SLAMF1","Signaling lymphocytic activation molecule","SLAF1","Q13291"
"X7765.15",124,0.99324556130141,0.186763567561203,TRUE,1241,"ITM2A","Integral membrane protein 2A","ITM2A","O43736"
"X17699.43",124,0.993195137765412,0.34368712442968,TRUE,1242,"TIMELESS","Protein timeless homolog","TIMELESS","Q9UNS1"
"X25256.153",125,0.993166678956813,0.239697381462012,TRUE,1243,"EEF1A1","Elongation factor 1-alpha 1","EF-1-alpha-1","P68104"
"X11237.49",124,0.993157367947273,0.123415690021377,TRUE,1244,"PCOLCE","Procollagen C-endopeptidase enhancer 1","PCOC1","Q15113"
"X13563.259",121,0.993137042356576,0.083788213098518,TRUE,1245,"ACBD7","Acyl-CoA-binding domain-containing protein 7","ACBD7","Q8N6N7"
"X18177.49",123,0.993131026476184,0.470863341705886,TRUE,1246,"NAE1","NEDD8-activating enzyme E1 regulatory subunit","ULA1","Q13564"
"X7203.125",125,0.993105228228007,0.301872900888897,TRUE,1247,"RFNG","Beta-1,3-N-acetylglucosaminyltransferase radical fringe","RFNG","Q9Y644"
"X19110.6",123,0.992860114354266,0.342435529372357,TRUE,1248,"MEMO1","Protein MEMO1","MEMO1","Q9Y316"
"X20213.82",125,0.992840990094143,0.220540106134842,TRUE,1249,"HSPA6","Heat shock 70 kDa protein 6","HSP76","P17066"
"X21958.4",125,0.992785684438218,0.181268359704377,TRUE,1250,"ABR","Active breakpoint cluster region-related protein","ABR","Q12979"
"X5737.61",125,0.992785684438218,0.271864012993074,TRUE,1251,"SEMA4D","Semaphorin-4D","SEM4D","Q92854"
"X12540.25",124,0.99277966976589,0.228780397756382,TRUE,1252,"RHOG","Rho-related GTP-binding protein RhoG","RHOG","P84095"
"X21547.6",125,0.992779539365337,0.144828855879023,TRUE,1253,"FAM20C","Dentin matrix protein 4","DMP4","Q8IXL6"
"X17161.1",123,0.992711769846721,0.125498907076691,TRUE,1254,"DDOST","Dolichyl-diphosphooligosaccharide--protein glycosyltransferase 48 kDa subunit","OST48","P39656"
"X17342.13",123,0.992685947214984,0.41145056959885,TRUE,1255,"AGR3","Anterior gradient protein 3","AGR3","Q8TD06"
"X23591.9",124,0.99266013464813,0.292443314734036,TRUE,1256,"EXD1","piRNA biogenesis protein EXD1","EXD1","Q8NHP7"
"X13427.66",123,0.992627946725144,0.191902974987182,TRUE,1257,"MAN1C1","Mannosyl-oligosaccharide 1,2-alpha-mannosidase IC","MA1C1","Q9NR34"
"X21529.6",125,0.99259518717892,0.202018884124955,TRUE,1258,"UBASH3A","Ubiquitin-associated and SH3 domain-containing protein A","UBS3A","P57075"
"X19237.17",125,0.992558316741637,0.280448023078745,TRUE,1259,"DDT","D-dopachrome decarboxylase","D-dopachrome decarboxylase","P30046"
"X15439.21",124,0.992553074296146,0.138393142589201,TRUE,1260,"RND3","Rho-related GTP-binding protein RhoE","RND3","P61587"
"X3083.71",124,0.992534165947991,0.330389925961406,TRUE,1261,"EDA2R","Tumor necrosis factor receptor superfamily member 27","XEDAR","Q9HAV5"
"X18306.1",122,0.992531123074534,0.372695481312994,TRUE,1262,"PALM","Paralemmin-1","PALM","O75781"
"X13044.5",121,0.99247982764578,0.130450231668778,TRUE,1263,"TSG101","Tumor susceptibility gene 101 protein","TS101","Q99816"
"X5725.1",123,0.992473104409071,0.220256811967656,TRUE,1264,"OMD","Osteomodulin","OMD","Q99983"
"X18829.4",125,0.992453850502667,0.195799926209681,TRUE,1265,"EIF4A1","Eukaryotic initiation factor 4A-I","IF4A1","P60842"
"X19615.213",125,0.992398544846742,0.39352141889888,TRUE,1266,"NT5C3A","Cytosolic 5'-nucleotidase 3A","5NT3","Q9H0P0"
"X21876.266",124,0.992395676614817,0.355061321746142,TRUE,1267,"PICK1","PRKCA-binding protein","PICK1","Q9NRD5"
"X10085.25",124,0.992389381645127,0.0838432840487708,TRUE,1268,"STAR","Steroidogenic acute regulatory protein, mitochondrial","STAR","P49675"
"X25938.13",121,0.992344303111397,0.17524498123747,TRUE,1269,"NEUROG3","Neurogenin-3","NGN3","Q9Y4Z2"
"X23289.25",124,0.992313842008851,0.210363500106119,TRUE,1270,"NEUROG1","Neurogenin-1","NGN1","Q92886"
"X15316.262",124,0.992282391451458,0.0935339851857534,TRUE,1271,"TXNL4B","Thioredoxin-like protein 4B","TXN4B","Q9NX01"
"X5350.14",125,0.992226482806086,0.16067633528918,TRUE,1272,"GPC6","Glypican-6","GPC6","Q9Y625"
"X10439.57",124,0.992206827524125,0.216093320980002,TRUE,1273,"AMY2B","Alpha-amylase 2B","Alpha-amylase 2B","P19961"
"X4480.59",125,0.992189612368803,0.335274777086658,TRUE,1274,"C3","Complement C3b","C3b","P01024"
"X20464.7",124,0.992169057705987,0.348738029948368,TRUE,1275,"KHDC1L","Putative KHDC1-like protein","KHDCL","Q5JSQ8"
"X3365.7",125,0.992134306712878,0.238107504426156,TRUE,1276,"DKK4","Dickkopf-related protein 4","Dkk-4","Q9UBT3"
"X21935.16",124,0.992024273403124,0.193742955489366,TRUE,1277,"UBE2H","Ubiquitin-conjugating enzyme E2 H","UBE2H","P62256"
"X2567.5",124,0.992005413656894,0.274461554774126,TRUE,1278,"CFI","Complement factor I","Factor I","P05156"
"X4908.6",125,0.991962244672222,0.401855659581198,TRUE,1279,"ENG","Endoglin","Endoglin","P17813"
"X6351.55",124,0.991942464158129,0.186444424436921,TRUE,1280,"CD79B","B-cell antigen receptor complex-associated protein beta chain","CD79B","P40259"
"X12513.8",125,0.991765602340044,0.37221530110051,TRUE,1281,"GLTP","Glycolipid transfer protein","GLTP","Q9NZD2"
"X9082.25",124,0.991753667572085,0.295559868897026,TRUE,1282,"SEL1L2","Protein sel-1 homolog 2","SE1L2","Q5TEA6"
"X12860.7",124,0.991728487931083,0.238258394184889,TRUE,1283,"ARPP21","cAMP-regulated phosphoprotein 21","cAMP-regulated phosphoprotein 21","Q9UBL0"
"X5139.32",125,0.991636555809552,0.296607843018218,TRUE,1284,"UNC5C","Netrin receptor UNC5C","UNC5H3","O95185"
"X7210.25",125,0.99161812059091,0.123410196028284,TRUE,1285,"APLP1","Amyloid-like protein 1","Amyloid-like protein 1","P51693"
"X6019.12",124,0.991552177265788,0.185934301042897,TRUE,1286,"C1QTNF9","Complement C1q and tumor necrosis factor-related protein 9A","C1T9A","P0C862"
"X13741.36",125,0.991329302165524,0.396378315018213,TRUE,1287,"IGFBP1","Insulin-like growth factor-binding protein 1","IGFBP-1","P08833"
"X20585.9",124,0.991262609571471,0.144524782835596,TRUE,1288,"CD300LG","CMRF35-like molecule 9","CLM9","Q6UXG3"
"X17682.1",125,0.991237126072315,0.415329200844014,TRUE,1289,"CD46","Membrane cofactor protein","CD46","P15529"
"X7999.23",125,0.991212545780793,0.262387326190224,TRUE,1290,"ENTPD1","Ectonucleoside triphosphate diphosphohydrolase 1","CD39","P49961"
"X22808.59",125,0.991132659833346,0.287867191404851,TRUE,1291,"THRB","Thyroid hormone receptor beta","THB","P10828"
"X21813.171",118,0.99112448728391,0.227605482923072,TRUE,1292,"MGAT5","Alpha-1,6-mannosylglycoprotein 6-beta-N-acetylglucosaminyltransferase A","MGT5A","Q09328"
"X8597.1",123,0.991073616862092,0.419226340028588,TRUE,1293,"TMEM9","Transmembrane protein 9:Cytoplasmic domain","TMEM9:CD","Q9P0T7"
"X21124.17",124,0.991035963161837,0.2175752877197,TRUE,1294,"YAE1","Yae1 domain-containing protein 1","YAED1","Q9NRH1"
"X8983.7",125,0.990954452719809,0.165980119956801,TRUE,1295,"GOLM1","Golgi membrane protein 1","GOLM1","Q8NBJ4"
"X22120.4",125,0.990923727355407,0.184740901870521,TRUE,1296,"DCAF11","DDB1- and CUL4-associated factor 11","DCA11","Q8TEB1"
"X3186.2",124,0.990922653707422,0.181796168260862,TRUE,1297,"C2","Complement C2","C2","P06681"
"X7939.1",123,0.990918706947705,0.217805609644289,TRUE,1298,"SLC66A1L","Putative uncharacterized protein PQLC2L","CC055","A1A4F0"
"X20442.12",124,0.990872293949905,0.192441122823479,TRUE,1299,"RCAN3","Calcipressin-3","RCAN3","Q9UKA8"
"X24669.12",125,0.99085613155372,0.165449320683303,TRUE,1300,"DNAJC5B","DnaJ homolog subfamily C member 5B","DNJ5B","Q9UF47"
"X12731.12",124,0.990765279465179,0.244101180655336,TRUE,1301,"PLEKHA7","Pleckstrin homology domain-containing family A member 7","PKHA7","Q6IQ23"
"X19215.7",124,0.99075898449549,0.313054178276104,TRUE,1302,"NDRG1","Protein NDRG1","NDRG1","Q92597"
"X19553.14",125,0.99074552024187,0.329598004308031,TRUE,1303,"STX1A","Syntaxin-1A","STX1a","Q16623"
"X10870.32",125,0.990555022982573,0.203618707735273,TRUE,1304,"SPAST","Spastin:Microtubule interacting and trafficking domain","Spastin:MIT","Q9UBP0"
"X13529.39",123,0.990486571553882,0.342953244511766,TRUE,1305,"NAP1L2","Nucleosome assembly protein 1-like 2","NP1L2","Q9ULW6"
"X6467.65",125,0.990468991962245,0.143146220124943,TRUE,1306,"POGLUT1","Protein O-glucosyltransferase 1","KTEL1","Q8NBL1"
"X9490.3",124,0.990456825950383,0.191741182040382,TRUE,1307,"FAM241A","Uncharacterized protein C4orf32","CD032","Q8N8J7"
"X7748.11",125,0.990389106014797,0.134303646725036,TRUE,1308,"NDUFV2","NADH dehydrogenase [ubiquinone] flavoprotein 2, mitochondrial","NDUV2","P19404"
"X9216.100",125,0.990352235577514,0.175246074986586,TRUE,1309,"PLXNB2","Plexin-B2","PLXB2","O15031"
"X11949.25",123,0.990267373125953,0.313909057767152,TRUE,1310,"EGF","Epidermal growth factor:Cytoplasmic domain","EGF:CD","P01133"
"X10613.33",125,0.990253914411425,0.216052910581622,TRUE,1311,"GOLM2","Protein CASC4","CASC4","Q6P4E1"
"X8006.12",125,0.990186318609739,0.286776345452748,TRUE,1312,"DNAJB12","DnaJ homolog subfamily B member 12","DJB12","Q9NXW2"
"X9735.44",116,0.990103958416633,0.258819335588965,TRUE,1313,"CD96","T-cell surface protein tactile","TACT","P40200"
"X23322.2",125,0.990100287589411,0.261389870310114,TRUE,1314,"MSC","Musculin","MUSC","O60682"
"X25247.12",124,0.990054041804499,0.195147770175182,TRUE,1315,"ARMC8","Armadillo repeat-containing protein 8","ARMC8","Q8IUR7"
"X21862.145",125,0.990014256569083,0.117314621745839,TRUE,1316,"LASP1","LIM and SH3 domain protein 1","LASP-1","Q14847"
"X9107.59",124,0.989965818314585,0.167531819518052,TRUE,1317,"ARMC10","Armadillo repeat-containing protein 10","ARM10","Q8N2F6"
"X6342.10",123,0.98977067874062,0.197261707612541,TRUE,1318,"NPNT","Nephronectin","Nephronectin","Q6UXI9"
"X3184.25",123,0.989654549676221,0.250984801809751,TRUE,1319,"F7","Coagulation factor VII","Coagulation Factor VII","P08709"
"X23606.18",125,0.989498070447116,0.45179332821966,TRUE,1320,"SAMD4B","Sterile alpha motif domain-containing protein 4B","SAM4B","Q5PRF9"
"X9087.8",124,0.989462220739407,0.334068446426633,TRUE,1321,"NHLRC3","NHL repeat-containing protein 3","NHLC3","Q5JS37"
"X9231.23",125,0.989387459135265,0.154770570293814,TRUE,1322,"BPNT2","Inositol monophosphatase 3","IMPA3","Q9NX62"
"X18302.204",124,0.989241930661127,0.341316350452413,TRUE,1323,"ZWILCH","Protein zwilch homolog","ZWILC","Q9H900"
"X22074.35",125,0.989239977386132,0.378896229569553,TRUE,1324,"RBFOX1","Ataxin-2-binding protein 1","Ataxin-2-binding protein 1","Q9NWB1"
"X18396.10",125,0.98921539709461,0.180742107684869,TRUE,1325,"TLE5","Amino-terminal enhancer of split","AES","Q08117"
"X17676.13",125,0.989141656220043,0.187667599509018,TRUE,1326,"TRIP10","Cdc42-interacting protein 4","CIP4","Q15642"
"X9739.4",124,0.988889413468045,0.56722126666983,TRUE,1327,"MSH2","DNA mismatch repair protein Msh2","MSH2","P43246"
"X6210.100",121,0.988814666269207,0.451556565555663,TRUE,1328,"IFNA5","Interferon alpha-5","IFNA5","P01569"
"X18331.3",124,0.988763514470516,0.218955991731283,TRUE,1329,"GBA","Glucosylceramidase","GLCM","P04062"
"X2992.59",125,0.988637760243837,0.232941829865563,TRUE,1330,"IL17RA","Interleukin-17 receptor A","IL-17 sR","Q96F46"
"X5586.66",124,0.988625025573234,0.167686204010807,TRUE,1331,"MINPP1","Multiple inositol polyphosphate phosphatase 1","MINP1","Q9UNW1"
"X22991.9",125,0.988588599660792,0.111321672928997,TRUE,1332,"MAGEA6","Melanoma-associated antigen 6","MAGE-6","P43360"
"X14070.56",125,0.988551729223509,0.134803993576403,TRUE,1333,"ITSN1","Intersectin-1","ITSN1","Q15811"
"X3358.51",122,0.98847930836192,0.14410857658034,TRUE,1334,"CDK5|CDK5R1","Cyclin-dependent kinase 5:Cyclin-dependent kinase 5 activator 1 complex","CDK5/p35","Q00535|Q15078"
"X12704.26",115,0.988478171659459,0.24760758922479,TRUE,1335,"SH2D3C","SH2 domain-containing protein 3C","SH2D3","Q8N5H7"
"X22970.8",125,0.988391957328614,0.189815948322259,TRUE,1336,"GIPC1","PDZ domain-containing protein GIPC1","GIPC1","O14908"
"X21430.4",125,0.98834894181845,0.128335513982647,TRUE,1337,"PLA2G4A","Cytosolic phospholipase A2 alpha","cPLA2-alpha","P47712"
"X11279.42",124,0.988341752828793,0.102487417468761,TRUE,1338,"GABBR1","Gamma-aminobutyric acid type B receptor subunit 1","GABR1","Q9UBS5"
"X19590.46",125,0.988336651672689,0.16947650051659,TRUE,1339,"SFTPD","Pulmonary surfactant-associated protein D","SP-D","P35247"
"X12650.43",118,0.988239118445226,0.324319815941232,TRUE,1340,"GNAI3","Guanine nucleotide-binding protein G(k) subunit alpha","GNAI3","P08754"
"X3518.54",125,0.988226040360839,0.182135110548202,TRUE,1341,"CPB2","Carboxypeptidase B2","TAFI","Q96IY4"
"X11699.16",125,0.988207605142197,0.188959044717093,TRUE,1342,"PTP4A2","Protein tyrosine phosphatase type IVA 2","TP4A2","Q12974"
"X11546.7",121,0.988184441945231,0.250166729497119,TRUE,1343,"CYGB","Cytoglobin","CYGB","Q8WWM9"
"X2925.9",122,0.988148823805463,0.222369863761636,TRUE,1344,"SERPINE1","Plasminogen activator inhibitor 1","PAI-1","P05121"
"X4280.47",124,0.988014415435217,0.294591829474562,TRUE,1345,"PSMA2","Proteasome subunit alpha type-2","PSA2","P25787"
"X8907.11",124,0.987857003468528,0.22555397227442,TRUE,1346,"UGT2A1","UDP-glucuronosyltransferase 2A1","UD2A1","Q9Y4X1"
"X25960.15",122,0.987772030999554,0.238813668496509,TRUE,1347,"PLS3","Plastin-3","T-plastin","P13797"
"X5918.5",124,0.987768873892872,0.245157552677228,TRUE,1348,"PSME1","Proteasome activator complex subunit 1","PSME1","Q06323"
"X22007.1",122,0.987752444719109,0.362205148019444,TRUE,1349,"RETNLB","Resistin-like beta","RELM-beta","Q9BQ08"
"X20161.41",125,0.987734434530394,0.301889810078225,TRUE,1350,"NCAM1","Neural cell adhesion molecule 1","NCAM1","P13591"
"X10851.77",123,0.987719654679785,0.437313736749572,TRUE,1351,"EBI3","Interleukin-27 subunit beta","IL27B","Q14213"
"X13374.4",121,0.98760856898958,0.381883375411187,TRUE,1352,"DEFB113","Beta-defensin 113","DB113","Q30KQ7"
"X4212.5",125,0.987580807708379,0.475014028371115,TRUE,1353,"EPS15L1","Epidermal growth factor receptor substrate 15-like 1","EP15R","Q9UBC2"
"X13591.31",124,0.987347110923661,0.298332014381836,TRUE,1354,"PRIM1","DNA primase small subunit","PRI1","P49642"
"X9851.9",122,0.98725651550303,0.186151537342297,TRUE,1355,"FABP4","Fatty acid-binding protein, adipocyte","FABPA","P15090"
"X8853.2",124,0.987246431550289,0.189424005525779,TRUE,1356,"CLEC4A","C-type lectin domain family 4 member A","CLC4A","Q9UMR7"
"X19567.1",123,0.987210123545176,0.503389227130006,TRUE,1357,"EGFR","Epidermal growth factor receptor variant III","EGFRvIII","P00533"
"X9607.39",124,0.987152007302142,0.367791090402718,TRUE,1358,"PRR27","Proline-rich protein 27","CD040","Q6MZM9"
"X6393.63",124,0.98713308195421,0.342713460823099,TRUE,1359,"HSP90B1","Endoplasmin","Endoplasmin","P14625"
"X12923.51",120,0.986976770030596,0.363292138180524,TRUE,1360,"KRT17","Keratin, type I cytoskeletal 17","Keratin 17","Q04695"
"X9883.29",125,0.986960155347443,0.171727041188868,TRUE,1361,"GLO1","Lactoylglutathione lyase","Glyoxalase I","Q04760"
"X21368.46",123,0.986778032184205,0.47518237437366,TRUE,1362,"POLR3K","DNA-directed RNA polymerase III subunit RPC10","RPC10","Q9Y2Y1"
"X2851.63",124,0.98669243407593,0.226003010722317,TRUE,1363,"C5","C5a anaphylatoxin","C5a","P01031"
"X5400.52",120,0.986546088502705,0.204913672258861,TRUE,1364,"LEPR","Leptin receptor, soluble","sLeptin R","P48357"
"X25460.36",124,0.986528807264372,0.408931740554668,TRUE,1365,"IRF5","Interferon regulatory factor 5","IRF5","Q13568"
"X12391.27",123,0.986507230112354,0.347394880946792,TRUE,1366,"PDZD7","PDZ domain-containing protein 7","PDZD7","Q9H5P4"
"X6998.106",125,0.986505419954281,0.0928561463259753,TRUE,1367,"ASPH","Aspartyl/asparaginyl beta-hydroxylase","HAAH","Q12797"
"X4979.34",125,0.986431679079714,0.276220052750352,TRUE,1368,"DPT","Dermatopontin","DERM","Q07507"
"X4763.31",125,0.986419388933953,0.228855593859351,TRUE,1369,"AFM","Afamin","Afamin","P43652"
"X4874.3",125,0.986407098788192,0.151483522198147,TRUE,1370,"ANG","Angiogenin","Angiogenin","P03950"
"X21290.66",125,0.986321067767864,0.265161151597373,TRUE,1371,"HUS1","Checkpoint protein HUS1","HUS1","O60921"
"X4568.17",125,0.986296487476341,0.253917965419332,TRUE,1372,"SLITRK5","SLIT and NTRK-like protein 5","SLIK5","O94991"
"X12350.86",124,0.986264376137029,0.322422014831564,TRUE,1373,"ETS2","Protein C-ets-2","ETS2","P15036"
"X23664.17",124,0.986138520372031,0.351291812519093,TRUE,1374,"RTKN","Rhotekin","RTKN","Q9BST9"
"X7995.16",124,0.986138476743234,0.296548450797955,TRUE,1375,"None","von Willebrand factor C domain-containing protein 2-like","VWC2L","B2RUY7"
"X2972.57",125,0.986044539488238,0.126776598827794,TRUE,1376,"BMP7","Bone morphogenetic protein 7","BMP-7","P18075"
"X12458.79",125,0.986019959196716,0.234494406089263,TRUE,1377,"CHP1","Calcineurin B homologous protein 1","CHP1","Q99653"
"X17393.13",125,0.985964653540791,0.182221147653375,TRUE,1378,"ACADS","Short-chain specific acyl-CoA dehydrogenase, mitochondrial","SCAD","P16219"
"X23650.2",125,0.985897057739105,0.425594680396446,TRUE,1379,"DMTN","Dematin","Dematin","Q08495"
"X24725.4",124,0.985836318198128,0.163925496428631,TRUE,1380,"COPS5","COP9 signalosome complex subunit 5","CSN5","Q92905"
"X20370.6",122,0.985802430375396,0.26555880855174,TRUE,1381,"ACYP1","Acylphosphatase-1","ACYP1","P07311"
"X8262.20",125,0.985724995698449,0.381300149501144,TRUE,1382,"APOD","Apolipoprotein D","Apo D","P05090"
"X21705.33",124,0.985704123834644,0.294612508217933,TRUE,1383,"METRNL","Meteorin-like protein","METRL","Q641Q3"
"X9061.3",122,0.985617312103005,0.338329167863072,TRUE,1384,"ARHGEF10","Rho guanine nucleotide exchange factor 10","ARHGA","O15013"
"X25060.18",125,0.985473047710346,0.298808827045915,TRUE,1385,"ME1","NADP-dependent malic enzyme","MAOX","P48163"
"X17350.13",125,0.985399306835779,0.203969422971249,TRUE,1386,"CHMP2B","Charged multivesicular body protein 2b","CHM2B","Q9UQN3"
"X19279.42",124,0.985357900501709,0.280023773133601,TRUE,1387,"RBP1","Retinol-binding protein 1","CRBP","P09455"
"X22019.21",125,0.985116633483273,0.358872461347946,TRUE,1388,"SH2B3","SH2B adapter protein 3","SH2B3","Q9UQQ2"
"X19379.154",125,0.985042892608706,0.124983958858495,TRUE,1389,"RAB3D","Ras-related protein Rab-3D","RAB3D","O95716"
"X9257.14",125,0.985042892608706,0.163361798665067,TRUE,1390,"TACO1","Translational activator of cytochrome c oxidase 1","TACO1","Q9BSH4"
"X19247.1",124,0.984973907350636,0.301157013984401,TRUE,1391,"UBE2D1","Ubiquitin-conjugating enzyme E2 D1","UB2D1","P51668"
"X7952.2",125,0.984876975640931,0.138219707290699,TRUE,1392,"VTI1A","Vesicle transport through interaction with t-SNAREs homolog 1A","VTI1A","Q96AJ9"
"X14614.41",124,0.984854350597233,0.250657669182603,TRUE,1393,"NCMAP","Noncompact myelin-associated protein","CA130","Q5T1S8"
"X10666.7",124,0.984848151027487,0.271472785619882,TRUE,1394,"GNPTG","N-acetylglucosamine-1-phosphotransferase subunit gamma","GNPTG","Q9UJJ9"
"X20511.3",124,0.984740993472116,0.272893468063215,TRUE,1395,"F11R","Junctional adhesion molecule A","JAM-A","Q9Y624"
"X11226.16",124,0.984684338744909,0.226794529576842,TRUE,1396,"UBE3A","Ubiquitin-protein ligase E3A","UBE3A","Q05086"
"X12808.103",125,0.984655753017231,0.288911966119352,TRUE,1397,"CARHSP1","Calcium-regulated heat-stable protein 1","CHSP1","Q9Y2V2"
"X15623.1",125,0.984508271268097,0.134778807269136,TRUE,1398,"PDCD1","Programmed cell death protein 1","PD-1","Q15116"
"X11308.8",122,0.984487003651867,0.370121430391106,TRUE,1399,"CREB3L4","Cyclic AMP-responsive element-binding protein 3-like protein 4","CR3L4","Q8TEY5"
"X14237.1",125,0.984483690976575,0.321420135232307,TRUE,1400,"HSPA1A","Heat shock 70 kDa protein 1A","HSP 70","P0DMV8"
"X12532.28",123,0.984430276469014,0.237872812732696,TRUE,1401,"CDC34","Ubiquitin-conjugating enzyme E2 R1","UB2R1","P49427"
"X3166.92",122,0.984394519244116,0.182598718532425,TRUE,1402,"CD33","Myeloid cell surface antigen CD33","Siglec-3","P20138"
"X13453.2",123,0.984327231918269,0.415905552899446,TRUE,1403,"MRPL33","39S ribosomal protein L33, mitochondrial","RM33","O75394"
"X15491.20",125,0.984225597915591,0.299369703084534,TRUE,1404,"CD248","Endosialin","CD248","Q9HCU0"
"X6586.19",125,0.984176437332547,0.181099101327555,TRUE,1405,"ADAM11","Disintegrin and metalloproteinase domain-containing protein 11","ADA11","O75078"
"X10693.43",123,0.98394649260855,0.247981988680096,TRUE,1406,"KLRG2","Killer cell lectin-like receptor subfamily G member 2:C-term","KLRG2:C-term","A4D1S0"
"X19329.31",124,0.983935389041191,0.326544360508212,TRUE,1407,"HIPK3","Homeodomain-interacting protein kinase 3","HIPK3","Q9H422"
"X7788.1",122,0.983799754121115,0.254065431153711,TRUE,1408,"ATP5PF","ATP synthase-coupling factor 6, mitochondrial","CF6","P18859"
"X2638.12",125,0.983684831502102,0.329008393668678,TRUE,1409,"CSF1R","Macrophage colony-stimulating factor 1 receptor","M-CSF R","P07333"
"X14112.40",124,0.983620488867346,0.290554478276394,TRUE,1410,"RELT","Tumor necrosis factor receptor superfamily member 19L","RELT","Q969Z4"
"X20935.4",123,0.983598257274524,0.400195137508979,TRUE,1411,"PDCL3","Phosducin-like protein 3","PDCL3","Q9H2J4"
"X22095.29",124,0.983563834140139,0.339395462788967,TRUE,1412,"CBX2","Chromobox protein homolog 2","CBX2","Q14781"
"X2723.9",117,0.983506004458849,0.222102625547289,TRUE,1413,"IL37","Interleukin-37","IL-1F7","Q9NZH6"
"X13632.10",123,0.983398261138773,0.296133443567292,TRUE,1414,"ZYX","Zyxin","Zyxin","Q15942"
"X8032.23",125,0.983383722930954,0.399965828428411,TRUE,1415,"MCCD1","Mitochondrial coiled-coil domain protein 1","MCCD1","P59942"
"X19135.5",124,0.983362395110068,0.148768074330245,TRUE,1416,"NT5C3B","7-methylguanosine phosphate-specific 5'-nucleotidase","Cytosolic 5'-nucleotidase III-like protein","Q969T7"
"X8925.25",124,0.983267970564722,0.164072255815678,TRUE,1417,"RRM2B","Ribonucleoside-diphosphate reductase subunit M2 B","RIR2B","Q7LG56"
"X22094.15",124,0.983211315837514,0.147040843544304,TRUE,1418,"C2orf73","Uncharacterized protein C2orf73","CB073","Q8N5S3"
"X12864.9",124,0.983160956079996,0.273877725225329,TRUE,1419,"NIPAL4","Magnesium transporter NIPA4","NIPA4","Q0D2K0"
"X11089.7",125,0.983076469286926,0.264539217342184,TRUE,1420,"IGHA1|IGHA2","Immunoglobulin A","IgA","P01876|P01877"
"X18339.207",125,0.983021163631001,0.341275085710923,TRUE,1421,"PSMB3","Proteasome subunit beta type-3","PSB3","P49720"
"X12689.56",125,0.98300887348524,0.16398606115595,TRUE,1422,"ARPC1B","Actin-related protein 2/3 complex subunit 1B","ARC1B","O15143"
"X10563.13",125,0.982978148120837,0.197702789518238,TRUE,1423,"LYSMD3","LysM and putative peptidoglycan-binding domain-containing protein 3","LYSM3","Q7Z3D4"
"X8950.4",122,0.982900842069084,0.240954767302052,TRUE,1424,"CLCA2","Calcium-activated chloride channel regulator 2","CLCA2","Q9UQC9"
"X3073.51",124,0.982839912625821,0.336942549738974,TRUE,1425,"IL18BP","Interleukin-18-binding protein","IL-18 BPa","O95998"
"X12427.8",120,0.982746645181007,0.338543008001816,TRUE,1426,"CDC25B","M-phase inducer phosphatase 2","MPIP2","P30305"
"X5115.31",125,0.982541847946317,0.25640726341042,TRUE,1427,"RELT","Tumor necrosis factor receptor superfamily member 19L","RELT","Q969Z4"
"X24898.39",125,0.982388221124303,0.212904608010285,TRUE,1428,"SCFD1","Sec1 family domain-containing protein 1","SCFD1","Q8WVM8"
"X11450.110",123,0.982366296019195,0.172574613714932,TRUE,1429,"P4HB","Protein disulfide-isomerase","Protein disulfide-isomerase","P07237"
"X5069.9",125,0.982326770395497,0.239863856206731,TRUE,1430,"CD55","Complement decay-accelerating factor","DAF","P08174"
"X15513.108",124,0.982298545232505,0.142041855441315,TRUE,1431,"PRSS8","Prostasin","Prostasin","Q16651"
"X2774.10",124,0.982279660323436,0.20428835029747,TRUE,1432,"IL16","Interleukin-16","IL-16","Q14005"
"X24447.26",119,0.982187117176149,0.238970844233467,TRUE,1433,"FAM221A","Protein FAM221A","F221A","A4D161"
"X2687.2",125,0.982173143573483,0.357200835201964,TRUE,1434,"MIA","Melanoma-derived growth regulatory protein","MIA","Q16674"
"X7713.102",125,0.9821362731362,0.366831985098578,TRUE,1435,"FMR1","Fragile X mental retardation protein 1","FMR1","Q06787"
"X7148.42",123,0.981934160625371,0.338178836162881,TRUE,1436,"ANTKMT","Protein FAM173A","F173A","Q9BQD7"
"X16927.9",125,0.981908905439619,0.197939974068158,TRUE,1437,"F13A1|F13B","Coagulation factor XIII","Coagulation factor XIII","P00488|P05160"
"X13475.10",125,0.981902760366738,0.208794272658166,TRUE,1438,"UBE2D4","Ubiquitin-conjugating enzyme E2 D4","UB2D4","Q9Y2X8"
"X12382.2",124,0.981813832566396,0.432156195327858,TRUE,1439,"DDX58","Probable ATP-dependent RNA helicase DDX58","DDX58","O95786"
"X6464.40",125,0.981699972961679,0.402776537452853,TRUE,1440,"PVRIG","Transmembrane protein PVRIG","PVRIG","Q6DKI7"
"X9874.28",125,0.981681537743038,0.431294322364716,TRUE,1441,"CDKN2B","Cyclin-dependent kinase 4 inhibitor B","p15-INK4b","P42772"
"X9097.5",121,0.981667101389872,0.270882581013579,TRUE,1442,"ELAPOR1","UPF0577 protein KIAA1324:Cytoplasmic domain","K1324:CD","Q6UXG2"
"X11989.35",124,0.981562033778807,0.217801712493847,TRUE,1443,"EMC1","ER membrane protein complex subunit 1","EMC1","Q8N766"
"X5343.74",123,0.981534333691295,0.137023581085745,TRUE,1444,"CPE","Carboxypeptidase E","CBPE","P16870"
"X21536.65",125,0.981503330629501,0.161521453938035,TRUE,1445,"CPLX3","Complexin-3","CPLX3","Q8WVH0"
"X17796.15",116,0.981499352169751,0.247561056212006,TRUE,1446,"IMPA1","Inositol monophosphatase 1","IMPA1","P29218"
"X5065.8",125,0.981497185556621,0.103791144718842,TRUE,1447,"CD83","CD83 antigen","CD83","Q01151"
"X18910.45",125,0.981435734827815,0.398991455094019,TRUE,1448,"LIN7A","Protein lin-7 homolog A","LIN7A","O14910"
"X19266.35",125,0.981411154536293,0.298582037536358,TRUE,1449,"G3BP1","Ras GTPase-activating protein-binding protein 1","G3BP1","Q13283"
"X13943.38",125,0.981282108005801,0.513850600017364,TRUE,1450,"DPY30","Protein dpy-30 homolog","DPY30","Q9C005"
"X8952.65",125,0.981239092495637,0.354633411787937,TRUE,1451,"CSF3","Granulocyte colony-stimulating factor","G-CSF","P09919"
"X12432.23",124,0.981096206021768,0.327036919180197,TRUE,1452,"CACYBP","Calcyclin-binding protein","CYBP","Q9HB71"
"X23290.3",125,0.98104859523634,0.152204955044108,TRUE,1453,"SMN1","Survival motor neuron protein","SMN","Q16637"
"X20165.4",125,0.981011724799056,0.307525443390957,TRUE,1454,"DPYS","Dihydropyrimidinase","DPYS","Q14117"
"X21548.20",124,0.980907356931076,0.252587575345369,TRUE,1455,"GGT5","Gamma-glutamyltransferase 5","GGT5","P36269"
"X21389.32",125,0.980808937393998,0.237011626942555,TRUE,1456,"STK3","Serine/threonine-protein kinase 3","STK3","Q13188"
"X18830.1",125,0.980692181009267,0.33640156714643,TRUE,1457,"ITLN1","Intelectin-1","Omentin","Q8WWA0"
"X8104.21",124,0.980687032991936,0.337381248470665,TRUE,1458,"IL10RA","Interleukin-10 receptor subunit alpha:Extracellular domain","IL-10 Ra:ECD","Q13651"
"X15668.19",123,0.980508758803952,0.318643801366721,TRUE,1459,"BMP8B","Bone morphogenetic protein 8B","BMP-8","P34820"
"X10440.26",125,0.980501683749969,0.243594499284229,TRUE,1460,"CLMP","CXADR-like membrane protein:Extracellular domain","ACAM:ECD","Q9H6B4"
"X16320.139",125,0.980470958385567,0.325208171534688,TRUE,1461,"CD320","CD320 antigen","CD320","Q9NPF0"
"X21105.23",121,0.980420385833573,0.191826039893956,TRUE,1462,"UNC119B","Protein unc-119 homolog B","U119B","A6NIH7"
"X12658.72",124,0.980353399598381,0.260642580402413,TRUE,1463,"PANK3","Pantothenate kinase 3","PANK3","Q9H999"
"X21733.11",122,0.980243567923063,0.394460403357495,TRUE,1464,"OGT","UDP-N-acetylglucosamine--peptide N-acetylglucosaminyltransferase 110 kDa subunit","OGT1","O15294"
"X7224.11",124,0.980221205234897,0.26802722237233,TRUE,1465,"TRAT1","T-cell receptor-associated transmembrane adapter 1","TRAT1","Q6PIZ9"
"X3421.54",123,0.980205619050076,0.292221978603822,TRUE,1466,"TNFSF8","Tumor necrosis factor ligand superfamily member 8","CD30 Ligand","P32971"
"X17836.17",124,0.980158255538,0.206140775392557,TRUE,1467,"S100A16","Protein S100-A16","S100A16","Q96FQ6"
"X3044.3",124,0.980076420932033,0.20861731104773,TRUE,1468,"CCL18","C-C motif chemokine 18","PARC","P55774"
"X9962.1",123,0.980070237899442,0.315559725869536,TRUE,1469,"CDHR5","Cadherin-related family member 5","MUCDL","Q9HBB8"
"X23929.159",125,0.979917901826316,0.167096220422797,TRUE,1470,"PRRT2","Proline-rich transmembrane protein 2","PRRT2","Q7Z6L0"
"X10530.8",125,0.97975198485854,0.204901411167054,TRUE,1471,"PSMB6","Proteasome subunit beta type-6","PSB6","P28072"
"X7244.16",125,0.979727404567018,0.138164059488202,TRUE,1472,"IGFLR1","IGF-like family receptor 1","TM149","Q9H665"
"X19252.67",124,0.979635837149647,0.465212898287157,TRUE,1473,"PSMB2","Proteasome subunit beta type-2","PSB2","P49721"
"X10737.96",125,0.979567632672124,0.38422580448301,TRUE,1474,"SERPINB1","Leukocyte elastase inhibitor","Serpin B1","P30740"
"X20971.1",125,0.979340264975543,0.371167853845953,TRUE,1475,"MSRB1","Methionine-R-sulfoxide reductase B1","MSRB1","Q9NZV6"
"X2571.12",123,0.979315615839324,0.444763798326489,TRUE,1476,"IGFBP3","Insulin-like growth factor-binding protein 3","IGFBP-3","P17936"
"X19602.36",124,0.9792391899633,0.225878306606399,TRUE,1477,"JUND","Transcription factor jun-D","jun-D","P17535"
"X18301.10",125,0.979217363517931,0.288067839429727,TRUE,1478,"NAIF1","Nuclear apoptosis-inducing factor 1","NAIF1","Q69YI7"
"X8089.173",124,0.979050406811136,0.444700563371474,TRUE,1479,"NR4A1","Nuclear receptor subfamily 4 group A member 1","NR4A1","P22736"
"X21281.13",125,0.978860949290859,0.171828432622025,TRUE,1480,"CAMK2N2","Calcium/calmodulin-dependent protein kinase II inhibitor 2","CK2N2","Q96S95"
"X11246.3",124,0.978842606872848,0.180142782841003,TRUE,1481,"BPIFB1","BPI fold-containing family B member 1","LPLC1","Q8TDL5"
"X9028.5",122,0.978763202770764,0.230971455298622,TRUE,1482,"MTPAP","Poly(A) RNA polymerase, mitochondrial","PAPD1","Q9NVV4"
"X22981.3",124,0.978741954267189,0.217620097882069,TRUE,1483,"HPCAL1","Hippocalcin-like protein 1","HPCL1","P37235"
"X16079.2",125,0.978738047833247,0.473892464210484,TRUE,1484,"TEC","Tyrosine-protein kinase Tec","TEC","P42680"
"X5034.79",123,0.978657671370708,0.298014376630144,TRUE,1485,"PRSS2","Trypsin-2","Trypsin 2","P07478"
"X6909.40",119,0.978433739659341,0.139197188213972,TRUE,1486,"MGAT2","Alpha-1,6-mannosyl-glycoprotein 2-beta-N-acetylglucosaminyltransferase","MGAT2","Q10469"
"X9326.33",125,0.978184991273997,0.188245717284184,TRUE,1487,"ITIH2","Inter-alpha-trypsin inhibitor heavy chain H2","ITI heavy chain H2","P19823"
"X22959.32",125,0.978068234889266,0.562530300368791,TRUE,1488,"DKK4","Dickkopf-related protein 4","Dkk-4","Q9UBT3"
"X22465.43",123,0.978032042516963,0.284237031751418,TRUE,1489,"HES1","Transcription factor HES-1","HES1","Q14469"
"X19238.12",124,0.97801174008152,0.414316891477798,TRUE,1490,"GLUL","Glutamine synthetase","GLNA","P15104"
"X18212.43",123,0.977819271241482,0.223821357871263,TRUE,1491,"GSTM5","Glutathione S-transferase Mu 5","GSTM5-5","P46439"
"X9569.14",124,0.977791346934664,0.147821022715087,TRUE,1492,"SCARA3","Scavenger receptor class A member 3:region 1","SCAR3:region 1","Q6AZY7"
"X9495.10",123,0.977632444564839,0.293622877497696,TRUE,1493,"CXCL17","C-X-C motif chemokine 17","VCC1","Q6UXB2"
"X8659.68",123,0.977600051597923,0.202893015993918,TRUE,1494,"MPIG6B","Protein G6b:Isoform B, Cytoplasmic domain","G6B:CD","O95866"
"X4420.7",124,0.97758368348992,0.285040383447157,TRUE,1495,"ADAM12","Disintegrin and metalloproteinase domain-containing protein 12","ADAM12","O43184"
"X9081.39",124,0.977470303480489,0.42276292938037,TRUE,1496,"SLC30A3","Zinc transporter 3","ZNT3","Q99726"
"X3676.15",125,0.97745987267409,0.45092632662396,TRUE,1497,"IGF2R","Cation-independent mannose-6-phosphate receptor","IGF-II receptor","P11717"
"X23638.3",124,0.977419943722971,0.372213978204183,TRUE,1498,"CARNMT1","Carnosine N-methyltransferase","CARME","Q8N4J0"
"X23250.3",124,0.977331814147315,0.262052522929005,TRUE,1499,"TCEAL4","Transcription elongation factor A protein-like 4","TCAL4","Q96EI5"
"X21204.70",124,0.977287749359487,0.285955390554289,TRUE,1500,"DESI1","Desumoylating isopeptidase 1","DESI1","Q6ICB0"
"X12980.31",125,0.977281665560554,0.355169211481945,TRUE,1501,"RBM22","Pre-mRNA-splicing factor RBM22","RBM22","Q9NW64"
"X16322.10",120,0.977280620111965,0.303980048389008,TRUE,1502,"MZB1","Marginal zone B- and B1-cell-specific protein","PACAP","Q8WU39"
"X16890.37",125,0.977257085269031,0.36476115638542,TRUE,1503,"ADAMTSL1","ADAMTS-like protein 1","ATL1","Q8N6G6"
"X8773.172",124,0.9772185046929,0.20215314523434,TRUE,1504,"EMILIN3","EMILIN-3:region 1","EMIL3:region 1","Q9NT22"
"X15297.3",123,0.977174515950105,0.384016640355689,TRUE,1505,"S100A3","Protein S100-A3","S100A3","P33764"
"X23680.1",124,0.977155554996003,0.42619166753259,TRUE,1506,"ZC3H12A","MCP-1 Induced Protein","MCPIP","Q5D1E8"
"X19572.10",125,0.977140328884301,0.191215168283069,TRUE,1507,"CEBPG","CCAAT/enhancer-binding protein gamma","CEBPG","P53567"
"X9191.8",122,0.976978369714295,0.193285403293673,TRUE,1508,"TFF2","Trefoil factor 2","Trefoil factor 2","Q03403"
"X21452.3",123,0.9769613787054,0.291917747823751,TRUE,1509,"DNM1L","Dynamin-1-like protein","DNM1L","O00429"
"X8959.61",124,0.976947893552397,0.203735235625073,TRUE,1510,"ADAM17","Disintegrin and metalloproteinase domain-containing protein 17:Extracellular domain","ADAM 17:ECD","P78536"
"X18303.39",125,0.976925251333481,0.233471469395015,TRUE,1511,"NRGN","Neurogranin","NEUG","Q92686"
"X15596.7",123,0.97691637911574,0.318780350482402,TRUE,1512,"HEXIM1","Protein HEXIM1","HEXI1","O94992"
"X2700.56",122,0.976753716298837,0.204890363277607,TRUE,1513,"PROS1","Vitamin K-dependent protein S","Protein S","P07225"
"X6304.8",125,0.976544256814886,0.448616004412798,TRUE,1514,"C1QTNF1","Complement C1q tumor necrosis factor-related protein 1","C1QT1","Q9BXJ1"
"X19130.81",125,0.976531966669125,0.177328047881539,TRUE,1515,"SERPINB8","Serpin B8","SPB8","P50452"
"X9064.12",123,0.976529243311576,0.12878618540129,TRUE,1516,"RNF215","RING finger protein 215:Cytoplasmic domain","RN215:CD","Q9Y6U7"
"X5658.64",124,0.976456813360444,0.181715228175342,TRUE,1517,"F13B","Coagulation factor XIII B chain","coagulation factor XIII B","P05160"
"X21433.3",121,0.976335169339377,0.414471894423197,TRUE,1518,"BTN3A2","Butyrophilin subfamily 3 member A2","BT3A2","P78410"
"X23379.60",122,0.976291037919798,0.510092604602736,TRUE,1519,"C16orf72","UPF0472 protein C16orf72","CP072","Q14CZ0"
"X5131.15",125,0.9762554383895,0.311995256555786,TRUE,1520,"TNFRSF19","Tumor necrosis factor receptor superfamily member 19","TAJ","Q9NS68"
"X6217.23",123,0.975974639538971,0.147724625570062,TRUE,1521,"QSOX1","Sulfhydryl oxidase 1","QSCN6","O00391"
"X3026.5",124,0.975783251603644,0.249730682209371,TRUE,1522,"CAST","Calpastatin","Calpastatin","P20810"
"X21390.68",125,0.975579480372637,0.18150286592491,TRUE,1523,"DCT","L-dopachrome tautomerase","L-dopachrome tautomerase","P40126"
"X20995.47",118,0.97552120618873,0.180945172594785,TRUE,1524,"POLR2C","DNA-directed RNA polymerase II subunit RPB3","RPB3","P19387"
"X23269.40",124,0.975084509968084,0.230671172972843,TRUE,1525,"CMTM4","CKLF-like MARVEL transmembrane domain-containing protein 4","CKLF4","Q8IZR5"
"X17490.4",125,0.974995698448984,0.305287364310993,TRUE,1526,"SH3BGRL3","SH3 domain-binding glutamic acid-rich-like protein 3","SH3BGRL3-like protein","Q9H299"
"X18322.15",125,0.974866651918492,0.431441175909858,TRUE,1527,"JMJD6","Bifunctional arginine demethylase and lysyl-hydroxylase JMJD6","JMJD6","Q6NYC1"
"X2877.3",125,0.974799056116806,0.176944029694948,TRUE,1528,"UBE2I","SUMO-conjugating enzyme UBC9","UBC9","P63279"
"X15526.33",122,0.974790554720161,0.183388821824339,TRUE,1529,"GSS","Glutathione synthetase","GSHB","P48637"
"X21667.57",125,0.974737605388,0.26948864935474,TRUE,1530,"PDE1B","Calcium/calmodulin-dependent 3',5'-cyclic nucleotide phosphodiesterase 1B","PDE1B","Q01064"
"X15364.101",103,0.974681458699473,0.209615561425898,TRUE,1531,"APOC1","Apolipoprotein C-I","Apo C-I","P02654"
"X22833.74",122,0.974665053902031,0.269798533604986,TRUE,1532,"ZCCHC18","Zinc finger CCHC domain-containing protein 18","ZCC18","P0CG32"
"X12892.10",125,0.974565543347344,0.37468203796224,TRUE,1533,"SYTL1","Synaptotagmin-like protein 1","SYTL1","Q8IYJ3"
"X8681.93",124,0.974549437544458,0.293329160827886,TRUE,1534,"PGRMC2","Membrane-associated progesterone receptor component 2:N-term, Isoform 2","PGRC2:N-term","O15173"
"X24938.7",125,0.974381191160927,0.191591478982255,TRUE,1535,"AP2B1","AP-2 complex subunit beta-1","AP2B1","P63010"
"X9012.1",125,0.974276724921958,0.430366128939528,TRUE,1536,"PRPF6","Pre-mRNA-processing factor 6:region 1","PRP6:region 1","O94906"
"X15457.14",123,0.974200872010526,0.300483190681394,TRUE,1537,"ANPEP","Aminopeptidase N","Aminopeptidase N","P15144"
"X21827.7",125,0.97419069390163,0.169259184901652,TRUE,1538,"RHOQ","Rho-related GTP-binding protein RhoQ","RHOQ","P17081"
"X12732.13",124,0.974184329302454,0.344549102996186,TRUE,1539,"MPP7","MAGUK p55 subfamily member 7","MPP7","Q5T2T1"
"X3396.54",119,0.97398906714624,0.16935500257199,TRUE,1540,"REN","Renin","Renin","P00797"
"X3600.2",118,0.973928542730454,0.285453064119422,TRUE,1541,"CHIT1","Chitotriosidase-1","Chitotriosidase-1","Q13231"
"X12401.3",125,0.973908020549124,0.171467677485713,TRUE,1542,"STAMBPL1","AMSH-like protease","STALP","Q96FJ0"
"X10552.88",124,0.97359889712131,0.272493184218074,TRUE,1543,"KLRC4","NKG2-F type II integral membrane protein","NKG2F","O43908"
"X21891.31",125,0.973594621832215,0.173085399045022,TRUE,1544,"FBLN7","Fibulin-7","FBLN7","Q53RD9"
"X5268.49",121,0.973570997879447,0.251724018641933,TRUE,1545,"MMP16","Matrix metalloproteinase-16","MMP-16","P51512"
"X12431.13",124,0.973542325669232,0.287028180067118,TRUE,1546,"PELO","Protein pelota homolog","PELO","Q9BRX2"
"X2966.65",123,0.973510830761491,0.159215320543665,TRUE,1547,"CLEC11A","Stem cell growth factor-beta","SCGF-beta","Q9Y240"
"X9168.31",123,0.973020909923507,0.316920142926665,TRUE,1548,"CCL26","C-C motif chemokine 26","Eotaxin-3","Q9Y258"
"X9243.10",117,0.972932060370798,0.310635017097212,TRUE,1549,"LYG1","Lysozyme g-like protein 1","LYG1","Q8N1E2"
"X23381.8",123,0.972833605835744,0.465764457879198,TRUE,1550,"SEPTIN1","Septin-1","SEPT1","Q8WYJ6"
"X11187.11",125,0.972771182066219,0.371991384275716,TRUE,1551,"CLEC12A","C-type lectin domain family 12 member A","CL12A","Q5QGZ9"
"X5012.67",123,0.972743309178978,0.287807191130446,TRUE,1552,"AK1","Adenylate kinase isoenzyme 1","Myokinase, human","P00568"
"X11833.83",125,0.972642135535728,0.468453461544467,TRUE,1553,"FXN","Frataxin, mitochondrial","FRDA","Q16595"
"X2849.49",125,0.972642135535728,0.20168194589694,TRUE,1554,"AIF1","Allograft inflammatory factor 1","AIF1","P55008"
"X8838.10",122,0.972126840391956,0.220047923593039,TRUE,1555,"GOLM2","Protein CASC4","CASC4","Q6P4E1"
"X5457.5",124,0.971937025123224,0.472192620378616,TRUE,1556,"COLEC12","Collectin-12","COLEC12","Q5KU26"
"X24266.2",122,0.971724208585186,0.194556497825528,TRUE,1557,"MEF2D","Myocyte-specific enhancer factor 2D","MEF2D","Q14814"
"X21339.19",122,0.971486075171272,0.206180775509622,TRUE,1558,"GPT2","Alanine aminotransferase 2","ALAT2","Q8TD30"
"X6400.33",125,0.971167318044392,0.334215623787979,TRUE,1559,"TP53I13","Tumor protein p53-inducible protein 13","P5I13","Q8NBR0"
"X16792.4",120,0.971126330119745,0.287139446591971,TRUE,1560,"SIGLEC5","Sialic acid-binding Ig-like lectin 5","Siglec-5","O15389"
"X15569.15",124,0.97112497403325,0.213241268500674,TRUE,1561,"COL2A1","Collagen Type II","Collagen II","P02458"
"X12854.3",123,0.971117969357185,0.176242128031358,TRUE,1562,"TEAD3","Transcriptional enhancer factor TEF-5","TEAD3","Q99594"
"X20931.156",123,0.971001967170821,0.370410264762602,TRUE,1563,"AUH","Methylglutaconyl-CoA hydratase, mitochondrial","AUHM","Q13825"
"X9118.7",124,0.970992779669766,0.459279180128497,TRUE,1564,"PSD2","PH and SEC7 domain-containing protein 2","PSD2","Q9BQI7"
"X21217.20",125,0.970589681193619,0.327507254807118,TRUE,1565,"PHB2","Prohibitin-2","PHB2","Q99623"
"X4967.1",122,0.970567337213183,0.360484906211637,TRUE,1566,"C1QBP","Complement component 1 Q subcomponent-binding protein, mitochondrial","C1QBP","Q07021"
"X15688.30",124,0.970526951912727,0.433847405021382,TRUE,1567,"LMAN1","Protein ERGIC-53","Mannose-binding lectin","P49257"
"X24909.40",125,0.970515940319052,0.1346386485213,TRUE,1568,"PLCD1","1-phosphatidylinositol-4,5-bisphosphate phosphodiesterase delta-1","Phospholipase C-delta-1","P51178"
"X15558.63",119,0.970449244137391,0.297002814602904,TRUE,1569,"ENPEP","Glutamyl aminopeptidase","AMPE","Q07075"
"X8009.121",124,0.970369670931495,0.149700610342292,TRUE,1570,"SURF1","Surfeit locus protein 1","SURF1","Q15526"
"X20913.27",125,0.970362313497038,0.230943336475747,TRUE,1571,"EIF1","Eukaryotic translation initiation factor 1","EIF1","P41567"
"X18392.19",122,0.970183683316479,0.306321666080011,TRUE,1572,"MAT2B","Methionine adenosyltransferase 2 subunit beta","MAT2B","Q9NZL9"
"X6391.52",121,0.970088582510459,0.255885185096372,TRUE,1573,"LILRA3","Leukocyte immunoglobulin-like receptor subfamily A member 3","LIRA3","Q8N6C8"
"X18218.48",124,0.970067513337425,0.193266460229517,TRUE,1574,"CNRIP1","CB1 cannabinoid receptor-interacting protein 1","CB032","Q96F85"
"X6356.3",125,0.97006120492589,0.514904184858921,TRUE,1575,"CPB1","Carboxypeptidase B","Carboxypeptidase B1","P15086"
"X4900.8",125,0.970030479561488,0.256566112420863,TRUE,1576,"C3","C3a anaphylatoxin","C3a","P01024"
"X23241.27",124,0.969865980095306,0.224536667823991,TRUE,1577,"TIMM10B","Mitochondrial import inner membrane translocase subunit Tim10 B","T10B","Q9Y5J6"
"X9000.177",125,0.969753951281862,0.310137531979243,TRUE,1578,"SLC3A1","Neutral and basic amino acid transport protein rBAT","SLC31","Q07837"
"X7846.44",124,0.969746375671201,0.331195729766983,TRUE,1579,"PSG11","Pregnancy-specific beta-1-glycoprotein 11","PSG11","Q9UQ72"
"X9457.3",125,0.969667920261534,0.392971110554291,TRUE,1580,"CAV2","Caveolin-2","CAV2","P51636"
"X21951.32",124,0.96953864167144,0.340766221984223,TRUE,1581,"ARNT","Aryl hydrocarbon receptor nuclear translocator","ARNT","P27540"
"X13972.4",124,0.969368966721957,0.192128819961271,TRUE,1582,"HSD17B14","17-beta-hydroxysteroid dehydrogenase 14","DHB14","Q9BPX1"
"X7132.55",124,0.969211400154226,0.361962187495219,TRUE,1583,"C1QL4","Complement C1q-like protein 4","C1QL4","Q86Z23"
"X12504.26",125,0.969207039795492,0.190155847543963,TRUE,1584,"LMOD1","Leiomodin-1","LMOD1","P29536"
"X9361.7",123,0.969053945976626,0.374929767217046,TRUE,1585,"PCDHAC2","Protocadherin alpha-C2","PCDC2","Q9Y5I4"
"X13659.36",125,0.968985817171792,0.245888388201331,TRUE,1586,"ATP13A1","Manganese-transporting ATPase 13A1","AT131","Q9HD20"
"X6036.78",124,0.96887766985402,0.307295566022266,TRUE,1587,"EPHA10","Ephrin type-A receptor 10","EPHAA","Q5JZY3"
"X10513.13",122,0.968861950903539,0.197908466356933,TRUE,1588,"KCNIP3","Calsenilin","CSEN","Q9Y2W7"
"X14114.18",125,0.968844480495539,0.303434846343194,TRUE,1589,"PIANP","PILR alpha-associated neural protein","PIANP","Q8IYJ0"
"X7198.197",125,0.968826045276897,0.213990584972603,TRUE,1590,"FAM20B","Glycosaminoglycan xylosylkinase","FA20B","O75063"
"X15370.5",124,0.968770655369294,0.175506125439053,TRUE,1591,"BOLA1","BolA-like protein 1","BOLA1","Q9Y3E2"
"X24907.3",125,0.968727724110808,0.278533840760569,TRUE,1592,"PMPCA","Mitochondrial-processing peptidase subunit alpha","MPPA","Q10713"
"X4930.21",125,0.968617112798958,0.414464777517627,TRUE,1593,"STC1","Stanniocalcin-1","Stanniocalcin-1","P52823"
"X15686.49",125,0.968580242361674,0.18761833384194,TRUE,1594,"INHBC","Inhibin beta C chain","INHBC","P55103"
"X22590.68",125,0.968574097288794,0.163555444116681,TRUE,1595,"FZD1","Frizzled-1","FZD1","Q9UP38"
"X16882.27",125,0.968543371924391,0.174585499563696,TRUE,1596,"PHPT1","14 kDa phosphohistidine phosphatase","PHP14","Q9NRX4"
"X24929.26",122,0.968531260534195,0.215421885851147,TRUE,1597,"SOX6","Transcription factor SOX-6","SOX6","P35712"
"X6404.20",125,0.968457340904063,0.386732618672076,TRUE,1598,"C1QL1","C1q-related factor","C1QRF","O75973"
"X19273.3",125,0.968236118280363,0.250923884663722,TRUE,1599,"GSR","Glutathione reductase, mitochondrial","Glutathione reductase","P00390"
"X8397.147",122,0.968174337213222,0.218367568237343,TRUE,1600,"QSOX2","Sulfhydryl oxidase 2","QSOX2","Q6ZRP7"
"X10490.3",125,0.968070201312588,0.181685651312149,TRUE,1601,"RPN1","Dolichyl-diphosphooligosaccharide--protein glycosyltransferase subunit 1:Cytoplasmic domain","RPN1:CD","P04843"
"X5316.54",124,0.968046733854977,0.250534242134992,TRUE,1602,"F2","Prothrombin","Prothrombin","P00734"
"X9536.16",123,0.968041330203039,0.509697522888092,TRUE,1603,"EDDM3A","Epididymal secretory protein E3-alpha","EP3A","Q14507"
"X3504.58",124,0.967920834461182,0.398880605544632,TRUE,1604,"HAMP","Hepcidin","LEAP-1","P81172"
"X7056.16",124,0.967908345529799,0.214595430511312,TRUE,1605,"SLC3A2","4F2 cell-surface antigen heavy chain:Extracellular domain","4F2:ECD","P08195"
"X23536.14",124,0.967864179733975,0.209641415673373,TRUE,1606,"None","Uncharacterized protein C19orf84","CS084","I3L1E1"
"X15418.25",125,0.967818253324484,0.179842399305681,TRUE,1607,"MAPK10","Mitogen-activated protein kinase 10","MK10","P53779"
"X12348.46",124,0.967788640097698,0.196392759323066,TRUE,1608,"SARS2","Serine--tRNA ligase, mitochondrial","SYSM","Q9NP81"
"X24304.3",123,0.967686800606276,0.407848023553914,TRUE,1609,"CRACR2A","EF-hand calcium-binding domain-containing protein 4B","EFC4B","Q9BSW2"
"X7766.25",123,0.967660897355275,0.348482775421376,TRUE,1610,"ZP4","Zona pellucida sperm-binding protein 4","ZP4","Q12836"
"X16916.19",125,0.967406533441487,0.246363944854938,TRUE,1611,"SLITRK6","SLIT and NTRK-like protein 6","SLIK6","Q9H5Y7"
"X20950.159",124,0.967209606093511,0.28856999159224,TRUE,1612,"PRTFDC1","Phosphoribosyltransferase domain-containing protein 1","PRDC1","Q9NRG1"
"X15385.116",124,0.967190617977175,0.208612412397865,TRUE,1613,"FABP2","Fatty acid-binding protein, intestinal","FABP2","P12104"
"X3581.53",125,0.967148440380503,0.197281382678437,TRUE,1614,"AHSG","Alpha-2-HS-glycoprotein","a2-HS-Glycoprotein","P02765"
"X6223.5",123,0.96713191094141,0.300330028729607,TRUE,1615,"GUCA2B","Guanylate cyclase activator 2B","GUC2B","Q16661"
"X17736.105",123,0.967048170041504,0.290770537498484,TRUE,1616,"APTX","Aprataxin","APTX","Q7Z2E3"
"X3195.50",125,0.966921072683922,0.167672125730164,TRUE,1617,"GNLY","Granulysin","Granulysin","P22749"
"X11457.53",125,0.966724430351744,0.311636322230447,TRUE,1618,"GALE","UDP-glucose 4-epimerase","GALE","Q14376"
"X21181.10",124,0.966611796032318,0.378227467295676,TRUE,1619,"LRP2BP","LRP2-binding protein","LR2BP","Q9P2M1"
"X2750.3",125,0.966564658456849,0.235002241360826,TRUE,1620,"APOA1","Apolipoprotein A-I","Apo A-I","P02647"
"X23394.125",125,0.966294275250104,0.369927853099431,TRUE,1621,"GAS2","Growth arrest-specific protein 2","GAS2","O43903"
"X9482.110",123,0.9662548494142,0.285901244317483,TRUE,1622,"NUDT9","ADP-ribose pyrophosphatase, mitochondrial","NUDT9","Q9BW91"
"X21167.33",123,0.966100383112109,0.38737800012025,TRUE,1623,"PTPMT1","Phosphatidylglycerophosphatase and protein-tyrosine phosphatase 1","PTPM1","Q8WUK0"
"X17787.1",125,0.966079197699285,0.215361232517391,TRUE,1624,"ECHS1","Enoyl-CoA hydratase, mitochondrial","Enoyl-CoA hydratase","P30084"
"X5021.13",123,0.965996749309873,0.198958324437277,TRUE,1625,"PPA1","Inorganic pyrophosphatase","PPase","Q15181"
"X20585.5",122,0.965986529449479,0.264768243843533,TRUE,1626,"CD300LG","CMRF35-like molecule 9","CLM9","Q6UXG3"
"X13522.20",124,0.96541554537872,0.185174102327574,TRUE,1627,"VSNL1","Visinin-like protein 1","VISL1","P62760"
"X8923.94",125,0.965335643880736,0.222382323583542,TRUE,1628,"GALNT16","Polypeptide N-acetylgalactosaminyltransferase 16","GLTL1","Q8N428"
"X10756.34",118,0.965315976711738,0.336731518193801,TRUE,1629,"UCN3","Urocortin-3","UCN3","Q969E3"
"X18934.50",124,0.965062918222049,0.272819849942537,TRUE,1630,"TGM2","Protein-glutamine gamma-glutamyltransferase 2","Tissue transglutaminase","P21980"
"X21173.25",125,0.965003809945186,0.17526954531035,TRUE,1631,"ELAVL2","ELAV-like protein 2","ELAV2","Q12926"
"X18166.4",124,0.964779644586011,0.16484939102658,TRUE,1632,"RHOB","Rho-related GTP-binding protein RhoB","RHOB","P62745"
"X21853.3",125,0.964678121082516,0.281248321597924,TRUE,1633,"CLEC1A","CLEC-1","CLC1A","Q8NC01"
"X8986.2",125,0.964635105572352,0.120031157678142,TRUE,1634,"PHGDH","D-3-phosphoglycerate dehydrogenase","SERA","O43175"
"X8076.4",122,0.964624933076877,0.176085229322431,TRUE,1635,"SPACA3","Sperm acrosome membrane-associated protein 3","SACA3","Q8IXA5"
"X24642.21",122,0.964393711560642,0.249506715235345,TRUE,1636,"FAM92A","Protein FAM92A","FA92A","A1XBS5"
"X21636.63",124,0.964326743611453,0.42214494583149,TRUE,1637,"NCBP2","Nuclear cap-binding protein subunit 2","NCBP2","P52298"
"X21663.149",124,0.964320111798662,0.231337930596617,TRUE,1638,"ST8SIA1","Alpha-N-acetylneuraminide alpha-2,8-sialyltransferase","SIA8A","Q92185"
"X24423.9",125,0.964186515252071,0.342448911351837,TRUE,1639,"None","Protein phosphatase 1 regulatory subunit 3G","PP13G","B7ZBB8"
"X23287.109",123,0.964049031084624,0.317060239213456,TRUE,1640,"NDUFB6","NADH dehydrogenase","NDUB6","O95139"
"X21909.10",124,0.963848330432429,0.360505991774321,TRUE,1641,"ITGA5|ITGB1","Integrin a5b1","Integrin a5b1","P08648|P05556"
"X3685.53",125,0.963479831870806,0.209313966000411,TRUE,1642,"MFRP","Membrane frizzled-related protein","MFRP","Q9BY79"
"X4155.3",125,0.963424526214881,0.398810259617245,TRUE,1643,"TNC","Tenascin","Tenascin","P24821"
"X5633.65",125,0.963350785340314,0.392944640640215,TRUE,1644,"LILRB2","Leukocyte immunoglobulin-like receptor subfamily B member 2","ILT-4","Q8N423"
"X11109.56",125,0.963326205048792,0.25410931338049,TRUE,1645,"SVEP1","Sushi, von Willebrand factor type A, EGF and pentraxin domain-containing protein 1:Sushi 15-18","SVEP1:Sushi 15-18","Q4LDE5"
"X7885.17",124,0.963168132345443,0.193913577617424,TRUE,1646,"CFHR5","Complement factor H-related protein 5","complement factor H-related 5","Q9BXR6"
"X4238.4",124,0.963155542406063,0.358740526260039,TRUE,1647,"LIN7B","Protein lin-7 homolog B","LIN7B","Q9HAP6"
"X15581.16",123,0.962856064832581,0.334051624964337,TRUE,1648,"FANK1","Fibronectin type 3 and ankyrin repeat domains protein 1","FANK1","Q8TC84"
"X23324.6",124,0.96254493034616,0.365201748434291,TRUE,1649,"HSPB3","Heat shock protein beta-3","HSPB3","Q12988"
"X22385.2",125,0.96243516948111,0.407206569083959,TRUE,1650,"PWWP3A","PWWP domain-containing protein MUM1","MUM1","Q2TAK8"
"X6444.15",124,0.962110935203341,0.170663388416363,TRUE,1651,"PSG3","Pregnancy-specific beta-1-glycoprotein 3","PSG3","Q16557"
"X13699.6",120,0.96197216848934,0.432641530552765,TRUE,1652,"KLK3","Prostate-specific antigen","PSA","P07288"
"X21370.45",125,0.96177764668289,0.321684639012278,TRUE,1653,"SKA1","Spindle and kinetochore-associated protein 1","SKA1","Q96BD8"
"X8033.1",125,0.96134134650837,0.218028207715048,TRUE,1654,"DNAJC18","DnaJ homolog subfamily C member 18","DJC18","Q9H819"
"X14049.17",122,0.96132669720344,0.478687300507524,TRUE,1655,"IL7","Interleukin-7","IL-7","P13232"
"X11282.16",124,0.961172749161985,0.244619331014012,TRUE,1656,"MSR1","Macrophage scavenger receptor types I and II:Extracellular domain","Macrophage scavenger receptor:ECD","P21757"
"X9223.11",125,0.960954206916894,0.204366349621262,TRUE,1657,"MANF","Mesencephalic astrocyte-derived neurotrophic factor","ARMET","P55145"
"X6546.41",123,0.960907997381397,0.296634763939293,TRUE,1658,"DKK2","Dickkopf-related protein 2","DKK2","Q9UBU2"
"X24490.16",123,0.960798225019994,0.229263101071194,TRUE,1659,"THAP4","THAP domain-containing protein 4","THAP4","Q8WY91"
"X16810.3",125,0.960702258928791,0.227274110874261,TRUE,1660,"GDI1","Rab GDP dissociation inhibitor alpha","RhoGDI","P31150"
"X13438.115",125,0.960450310940688,0.227102232539201,TRUE,1661,"CHRD","Chordin","CHRD","Q9H2X0"
"X3844.2",125,0.96025981368139,0.233695017585085,TRUE,1662,"PPIA","Peptidyl-prolyl cis-trans isomerase A","Cyclophilin A","P62937"
"X10356.21",124,0.960197031931133,0.346246927161091,TRUE,1663,"JUN","Transcription factor AP-1","c-Jun","P05412"
"X6626.81",124,0.960190611682205,0.279533706664128,TRUE,1664,"CHST12","Carbohydrate sulfotransferase 12","CHSTC","Q9NRB3"
"X15434.5",124,0.959831798409891,0.417972658429986,TRUE,1665,"PNOC","Prepronociceptin","PNOC","Q13519"
"X22589.3",125,0.959780497996706,0.15106508132905,TRUE,1666,"FZD2","Frizzled-2","FZD2","Q14332"
"X3805.16",124,0.95963035937982,0.22523094274773,TRUE,1667,"ESM1","Endothelial cell-specific molecule 1","Endocan","Q9NQ30"
"X12632.14",124,0.959366354334203,0.378793079708074,TRUE,1668,"NAT1","Arylamine N-acetyltransferase 1","ARY1","P18440"
"X5014.49",124,0.9587238837445,0.286106791935308,TRUE,1669,"NCK1","Cytoplasmic protein NCK1","NCK1","P16333"
"X22817.126",125,0.958723545461249,0.258489709386464,TRUE,1670,"TRIM9","E3 ubiquitin-protein ligase TRIM9","TRIM9","Q9C026"
"X14102.6",125,0.958674384878205,0.204137831401245,TRUE,1671,"GNLY","Granulysin","Granulysin","P22749"
"X6408.2",125,0.958533048201952,0.195179042436523,TRUE,1672,"INHBC","Inhibin beta C chain","INHBC","P55103"
"X17712.7",125,0.958459307327385,0.160238393667565,TRUE,1673,"IDI1","Isopentenyl-diphosphate Delta-isomerase 1","IDI1","Q13907"
"X11988.24",124,0.958421725199393,0.309139137777767,TRUE,1674,"PTPRH","Receptor-type tyrosine-protein phosphatase H","PTPRH","Q9HD43"
"X7991.54",124,0.958402971216342,0.544539379256487,TRUE,1675,"IQCF1","IQ domain-containing protein F1","IQCF1","Q8N6M8"
"X9220.7",123,0.958308878067658,0.405643700472301,TRUE,1676,"EPHB3","Ephrin type-B receptor 3","EPHB3","P54753"
"X17784.23",123,0.958193052384454,0.531461002913385,TRUE,1677,"GMFB","Glia maturation factor beta","GMFB","P60983"
"X12842.43",123,0.958179613529063,0.350404043050299,TRUE,1678,"STX10","Syntaxin-10","STX10","O60499"
"X5601.2",124,0.958025142108941,0.260078797397294,TRUE,1679,"PGLYRP2","N-acetylmuramoyl-L-alanine amidase","PGRP-L","Q96PD5"
"X21839.3",125,0.957814074674926,0.400700245722854,TRUE,1680,"POU2AF1","POU domain class 2-associating factor 1","OBF1","Q16633"
"X13621.31",125,0.95764815770715,0.175867802225412,TRUE,1681,"AP2A2","AP-2 complex subunit alpha-2","AP2A2","O94973"
"X6321.65",125,0.957512966103778,0.313809334053334,TRUE,1682,"PCDHGA10","Protocadherin gamma-A10","PCDGA","Q9Y5H3"
"X20576.71",125,0.957445370302092,0.15760214095856,TRUE,1683,"FZD7","Frizzled-7","FZD7","O75084"
"X9392.43",122,0.957321224379185,0.387775244644971,TRUE,1684,"MGAT4A","Alpha-1,3-mannosyl-glycoprotein 4-beta-N-acetylglucosaminyltransferase A","MGT4A","Q9UM21"
"X6334.9",124,0.957068306716103,0.269874968793623,TRUE,1685,"GGT2","Inactive gamma-glutamyltranspeptidase 2","GGT2","P36268"
"X9930.48",123,0.956973504295555,0.39407638795136,TRUE,1686,"GABBR2","Gamma-aminobutyric acid type B receptor subunit 2:Cytoplasmic domain","GABR2:CD","O75899"
"X23386.38",125,0.95676941228523,0.431991937321931,TRUE,1687,"None","T-complex protein 10A homolog 2","TCP2L","B9ZVM9"
"X23374.42",125,0.956763267212349,0.215599842058641,TRUE,1688,"NECAB3","N-terminal EF-hand calcium-binding protein 3","NECA3","Q96P71"
"X20457.13",125,0.956738686920827,0.329982545423845,TRUE,1689,"COA4","Cytochrome c oxidase assembly factor 4 homolog, mitochondrial","COA4","Q9NYJ1"
"X5583.62",122,0.956673761021587,0.291711368829092,TRUE,1690,"RYK","Tyrosine-protein kinase RYK","RYK","P34925"
"X9834.62",125,0.956511319224246,0.21494378066229,TRUE,1691,"ADH1B","Alcohol dehydrogenase 1B","ADH1B","P00325"
"X12993.21",124,0.95630675290748,0.261925810265733,TRUE,1692,"NPLOC4","Nuclear protein localization protein 4 homolog","NPL4","Q8TAT6"
"X21681.10",124,0.955998300363533,0.339641616614519,TRUE,1693,"ADAM28","ADAM 28","ADAM 28","Q9UKQ2"
"X18916.25",121,0.955996829332737,0.332496244186174,TRUE,1694,"ITPA","Inosine triphosphate pyrophosphatase","Inosine triphosphatase","Q9BY32"
"X17224.12",119,0.955627728752234,0.333623564341285,TRUE,1695,"OGN","Mimecan","MIME","P20774"
"X7980.72",124,0.955614308421069,0.183909930140395,TRUE,1696,"B3GNT2","N-acetyllactosaminide beta-1,3-N-acetylglucosaminyltransferase 2","B3GN2","Q9NY97"
"X19446.1",125,0.955607993510803,0.263650735058561,TRUE,1697,"GMPR2","GMP reductase 2","GMPR2","Q9P2T1"
"X17320.19",117,0.95556121760765,0.324255019634099,TRUE,1698,"AASDHPPT","L-aminoadipate-semialdehyde dehydrogenase-phosphopantetheinyl transferase","ADPPT","Q9NRN7"
"X7880.9",124,0.955538769022551,0.301943679156517,TRUE,1699,"PSMA1","Proteasome subunit alpha type-1","PSA1","P25786"
"X23695.1",125,0.955423641324386,0.392880341605734,TRUE,1700,"FSD1","Fibronectin type III and SPRY domain-containing protein 1","FSD1","Q9BTV5"
"X22844.4",123,0.95541953813558,0.347928911336053,TRUE,1701,"ZSWIM7","Zinc finger SWIM domain-containing protein 7","ZSWM7","Q19AV6"
"X6994.19",123,0.955413232202056,0.322905619148486,TRUE,1702,"C3orf18","Uncharacterized protein C3orf18","CC018","Q9UK00"
"X24463.1",125,0.9553560455227,0.209524764642102,TRUE,1703,"NDRG2","Protein NDRG2","NDRG2","Q9UN36"
"X18259.15",123,0.955335547744203,0.443006066803474,TRUE,1704,"MEOX2","Homeobox protein MOX-2","MEOX2","P50222"
"X13082.9",125,0.955294594793894,0.19562761209682,TRUE,1705,"UNC45A","Protein unc-45 homolog A","UN45A","Q9H3U1"
"X7167.102",125,0.955257724356611,0.24477324232566,TRUE,1706,"VAPA","Vesicle-associated membrane protein-associated protein A","VAPA","Q9P0L0"
"X9793.145",124,0.955016146597254,0.286013567948307,TRUE,1707,"IGDCC4","Immunoglobulin superfamily DCC subclass member 4","IGDC4","Q8TDY8"
"X25880.14",124,0.954922147697479,0.439313113209037,TRUE,1708,"ALOX5","5-Lipoxygenase","5-Lipoxygenase","P09917"
"X13596.3",122,0.954790160911335,0.28610540506725,TRUE,1709,"RAB27B","Ras-related protein Rab-27B","RB27B","O00194"
"X10761.5",125,0.954667797360077,0.343604930762193,TRUE,1710,"TMED2","Transmembrane emp24 domain-containing protein 2","TMED2","Q15363"
"X10081.17",125,0.95459405648551,0.314218660417652,TRUE,1711,"SATB2","DNA-binding protein SATB2","SATB2","Q9UPW6"
"X21314.11",124,0.954581793688663,0.249867512092551,TRUE,1712,"UBA5","Ubiquitin-like modifier-activating enzyme 5","UBA5","Q9GZZ9"
"X15693.9",124,0.954336289870764,0.386623491155379,TRUE,1713,"PGR","Progesterone receptor","PgR","P06401"
"X9456.34",124,0.954273340173867,0.565731595518986,TRUE,1714,"IL22RA2","Interleukin-22 receptor subunit alpha-2","IL-22BP","Q969J5"
"X5103.30",123,0.954058202832744,0.20988135164665,TRUE,1715,"CD200R1","Cell surface glycoprotein CD200 receptor 1:Isoform 4, Extracellular Domain","MO2R1:ECD","Q8TD46"
"X17698.15",123,0.953845508870034,0.257639335683242,TRUE,1716,"WBP2","WW domain-binding protein 2","WBP2","Q969T9"
"X6049.64",125,0.953690730772067,0.493974132049293,TRUE,1717,"PTPRS","Receptor-type tyrosine-protein phosphatase S","PTPRS","Q13332"
"X21985.61",125,0.953604699751739,0.273819519720463,TRUE,1718,"ITGB1BP2","Integrin beta-1-binding protein 2","ITBP2","Q9UKP3"
"X13464.8",125,0.953543249022934,0.26087897627742,TRUE,1719,"NRAC","Nutritionally-regulated adipose and cardiac enriched protein homolog","NRAC","Q8N912"
"X11200.52",125,0.95340191234668,0.396686979700102,TRUE,1720,"CD93","Complement component C1q receptor","C1QR1","Q9NPY3"
"X11247.20",124,0.953146688069496,0.213158419334627,TRUE,1721,"NAGS","N-acetylglutamate synthase, mitochondrial","NAGS","Q8N159"
"X12630.8",122,0.953064738405814,0.320196503967045,TRUE,1722,"ARFIP2","Arfaptin-2","ARFP2","P53365"
"X21509.29",118,0.95305178037262,0.180015197539114,TRUE,1723,"GLT8D2","Glycosyltransferase 8 domain-containing protein 2","GL8D2","Q9H1C3"
"X11168.3",123,0.952774696215268,0.48175079564101,TRUE,1724,"MEGF10","Multiple epidermal growth factor-like domains protein 10","MEG10","Q96KG7"
"X3041.55",125,0.952676793746774,0.39498449324607,TRUE,1725,"MRC2","C-type mannose receptor 2","MRC2","Q9UBG0"
"X6285.71",125,0.952670648673893,0.196468949121697,TRUE,1726,"MLEC","Malectin","K0152","Q14165"
"X6649.51",125,0.952320379519701,0.220594276325762,TRUE,1727,"NTN1","Netrin-1","NET1","O95631"
"X16593.3",124,0.952196000176259,0.413921021514048,TRUE,1728,"FADD","FAS-associated death domain protein","FADD","Q13158"
"X21767.129",125,0.951957820219748,0.247794295141873,TRUE,1729,"GALNT14","Polypeptide N-acetylgalactosaminyltransferase 14","GLT14","Q96FL9"
"X5701.81",121,0.951721848471915,0.310739313176314,TRUE,1730,"CLEC3B","Tetranectin","Tetranectin","P05452"
"X9271.101",124,0.951673517692012,0.364543607488234,TRUE,1731,"STIM1","Stromal interaction molecule 1:Extracellular domain","STIM1:ECD","Q13586"
"X12873.11",124,0.951409128965044,0.172325650118678,TRUE,1732,"SPN","Leukosialin","LEUK","P16150"
"X7821.6",123,0.951252704868602,0.333454579054845,TRUE,1733,"C1D","Nuclear nucleic acid-binding protein C1D","C1D","Q13901"
"X15474.7",125,0.950808691591082,0.269711041496423,TRUE,1734,"PIN1","Peptidyl-prolyl cis-trans isomerase NIMA-interacting 1","PIN1","Q13526"
"X20445.29",125,0.950808691591082,0.26304267186485,TRUE,1735,"AP1AR","AP-1 complex-associated regulatory protein","AP1AR","Q63HQ0"
"X23385.18",124,0.950754607116441,0.448087023746619,TRUE,1736,"CASTOR1","Cytosolic arginine sensor for mTORC1 subunit 1","CAST1","Q8WTX7"
"X12538.19",125,0.950667354914829,0.27931620699638,TRUE,1737,"RGS7","Regulator of G-protein signaling 7","RGS7","P49802"
"X23300.3",125,0.950421551999607,0.39918139841282,TRUE,1738,"RBPMS2","RNA-binding protein with multiple splicing 2","RBPS2","Q6ZRY4"
"X20449.72",124,0.950150605727739,0.241364149743357,TRUE,1739,"JOSD1","Josephin-1","JOS1","Q15040"
"X18264.12",121,0.949785068984557,0.299570960318568,TRUE,1740,"CCDC25","Coiled-coil domain-containing protein 25","CCD25","Q86WR0"
"X13730.18",124,0.949589882724715,0.320457653183551,TRUE,1741,"CTSC","Dipeptidyl peptidase 1","CATC","P53634"
"X11602.12",123,0.949402439260353,0.353006183033414,TRUE,1742,"CPNE1","Copine-1:Von Willebrand factor type A domain","CPNE1:VWFA","Q99829"
"X12807.89",124,0.949401033634023,0.394398214171096,TRUE,1743,"ARHGAP30","Rho GTPase-activating protein 30","RHG30","Q7Z6I6"
"X23017.17",125,0.949395324828553,0.275130175827778,TRUE,1744,"RCN3","Reticulocalbin-3","RCN3","Q96D15"
"X13384.110",125,0.949180247277733,0.298191259793245,TRUE,1745,"FH","Fumarate hydratase, mitochondrial","FUMH","P07954"
"X20525.200",125,0.949051200747241,0.275307570738498,TRUE,1746,"PDIA4","Protein disulfide-isomerase A4","PDIA4","P13667"
"X13727.44",125,0.949008185237077,0.319792513653214,TRUE,1747,"SPOP","Speckle-type POZ protein","SPOP","O43791"
"X3122.6",125,0.948952879581152,0.255807547782507,TRUE,1748,"DIABLO","Diablo homolog, mitochondrial","SMAC","Q9NR28"
"X6600.70",122,0.948914034925377,0.357091523061992,TRUE,1749,"RELL2","RELT-like protein 2","RELL2","Q8NC24"
"X8962.48",124,0.948614162422808,0.332039996078169,TRUE,1750,"RPS6KB1","Ribosomal protein S6 kinase beta-1","KS6B1","P23443"
"X16596.25",125,0.948455128677826,0.261575315833559,TRUE,1751,"GLRX3","Glutaredoxin-3","GLRX3","O76003"
"X9341.1",125,0.948252341272768,0.508937316340409,TRUE,1752,"PDGFD","Platelet-derived growth factor D","PDGFD","Q9GZP0"
"X22113.2",124,0.947997255393215,0.215412105153563,TRUE,1753,"COQ6","Ubiquinone biosynthesis monooxygenase COQ6, mitochondrial","COQ6","Q9Y2Z9"
"X7919.278",124,0.947921879672033,0.346661857062034,TRUE,1754,"FAM3D","Protein FAM3D","FAM3D","Q96BQ1"
"X20079.6",124,0.947827291211593,0.308751495504631,TRUE,1755,"PCK2","Phosphoenolpyruvate carboxykinase [GTP], mitochondrial","PCKGM","Q16822"
"X17827.53",125,0.947785315733845,0.383916261040573,TRUE,1756,"DYNLRB2","Dynein light chain roadblock-type 2","DLRB2","Q8TF09"
"X21392.15",123,0.947569722143392,0.493027164534815,TRUE,1757,"MAGED1","Melanoma-associated antigen D1","MAGD1","Q9Y5V3"
"X2665.26",123,0.947512181907891,0.390076971789257,TRUE,1758,"TNFRSF17","Tumor necrosis factor receptor superfamily member 17","BCMA","Q02223"
"X16561.9",125,0.947312145122041,0.252033099184863,TRUE,1759,"A1BG","Alpha-1B-glycoprotein","Alpha-1B-glycoprotein","P04217"
"X19154.41",124,0.947185370536487,0.214644369121864,TRUE,1760,"SERPINE2","Glia-derived nexin","Protease nexin I","P07093"
"X10464.6",125,0.946931150603446,0.399464618737822,TRUE,1761,"ANTXR1","Anthrax toxin receptor 1","ANTR1","Q9H6X2"
"X21546.20",125,0.946906570311924,0.332533558410277,TRUE,1762,"ADGRD1","Adhesion G-protein coupled receptor D1","AGRD1","Q6QNK2"
"X8035.6",123,0.946763671075078,0.303156795124229,TRUE,1763,"C1orf198","Uncharacterized protein C1orf198","CA198","Q9H425"
"X4923.79",124,0.946688069496247,0.36970452069531,TRUE,1764,"AMH","Muellerian-inhibiting factor","MIS","P03971"
"X9106.87",125,0.946673057542462,0.586023754423171,TRUE,1765,"LYSMD4","LysM and putative peptidoglycan-binding domain-containing protein 4","LYSM4","Q5XG99"
"X11649.3",125,0.946464125064523,0.300178061816878,TRUE,1766,"SMAP1","Stromal membrane-associated protein 1","SMAP1","Q8IYB5"
"X12560.9",121,0.945718892697931,0.197748889542999,TRUE,1767,"NT5C","5'(3')-deoxyribonucleotidase, cytosolic type","NT5C","Q8TCD5"
"X5692.79",124,0.945699762365642,0.608408096488463,TRUE,1768,"TNF","Tumor necrosis factor","TNF-a","P01375"
"X12451.62",125,0.94533957672738,0.275111751920936,TRUE,1769,"BACH1","Transcription regulator protein BACH1","BACH1","O14867"
"X21138.2",125,0.945327286581619,0.276002189220908,TRUE,1770,"NPM2","Nucleoplasmin-2","NPM2","Q86SE8"
"X2991.9",124,0.945296713396325,0.188670912236917,TRUE,1771,"IL1R1","Interleukin-1 receptor type 1","IL-1 sRI","P14778"
"X15308.108",125,0.945296561217216,0.260945339151649,TRUE,1772,"VWC2","Brorin","VWC2","Q2TAL6"
"X14670.1",124,0.945214878790359,0.418705989454896,TRUE,1773,"SKIL","Ski-like protein","SKIL","P12757"
"X7959.34",124,0.944755346003009,0.369221823195826,TRUE,1774,"CDH7","Cadherin-7","CADH7","Q9ULB5"
"X12386.11",124,0.944434302548833,0.58258088464303,TRUE,1775,"RNPEP","Aminopeptidase B","AMPB","Q9H4A4"
"X7002.1",124,0.944358762912557,0.355265611862748,TRUE,1776,"MXRA8","Matrix-remodeling-associated protein 8:Cytoplasmic domain","MXRA8:CD","Q9BRK3"
"X9340.17",124,0.943848870367689,0.173269179464953,TRUE,1777,"FKBP14","Peptidyl-prolyl cis-trans isomerase FKBP14","FKB14","Q9NWM8"
"X23358.42",124,0.943471172186306,0.314824402330316,TRUE,1778,"FAM118A","Protein FAM118A","F118A","Q9NWS6"
"X5030.52",124,0.943427285460239,0.245681103172616,TRUE,1779,"SIRT2","NAD-dependent protein deacetylase sirtuin-2","SIRT2","Q8IXJ6"
"X5134.52",125,0.943354718186958,0.273044377216038,TRUE,1780,"HAVCR2","Hepatitis A virus cellular receptor 2","TIMD3","Q8TDQ0"
"X21526.88",124,0.943005344429267,0.2787737514801,TRUE,1781,"IZUMO1","Izumo sperm-egg fusion protein 1","sperm-egg fusion protein 1","Q8IYV9"
"X7551.33",125,0.942998303959885,0.212528299175795,TRUE,1782,"LRRC32","Leucine-rich repeat-containing protein 32","LRC32","Q14392"
"X5483.1",125,0.942654179878573,0.24183730938846,TRUE,1783,"RGMA","Repulsive guidance molecule A","RGMA","Q96B86"
"X20998.19",122,0.942502486888068,0.432566029662397,TRUE,1784,"NMRK2","Nicotinamide riboside kinase 2; Short=NRK 2; Short=NmR-K 2; EC=2.7.1.22","NRK2","Q9NPI5"
"X11361.73",125,0.942107268392203,0.31486122172008,TRUE,1785,"TYMP","Thymidine phosphorylase","TP","P19971"
"X17231.1",125,0.941904480987145,0.218735052773674,TRUE,1786,"LCP1","Plastin-2","L-plastin","P13796"
"X16621.77",124,0.94179671024884,0.337263316140865,TRUE,1787,"NAXE","NAD(P)H-hydrate epimerase","AIBP","Q8NCW5"
"X8976.13",125,0.941566501978714,0.246267211020002,TRUE,1788,"B4GALNT1","Beta-1,4 N-acetylgalactosaminyltransferase 1","B4GN1","Q00973"
"X15375.49",125,0.941505051249908,0.563498921130755,TRUE,1789,"CPB1","Carboxypeptidase B","Carboxypeptidase B1","P15086"
"X21341.19",124,0.941192578254095,0.225749707912575,TRUE,1790,"CHMP4A","Charged multivesicular body protein 4a","CHM4A","Q9BY43"
"X7131.207",123,0.941191077400359,0.450496175815721,TRUE,1791,"TNC","Tenascin","Tenascin","P24821"
"X2429.27",123,0.94105563241521,0.380573723882107,TRUE,1792,"C8A|C8B|C8G","Complement component C8","C8","P07357|P07358|P07360"
"X19180.38",123,0.940765775207923,0.407655763112433,TRUE,1793,"GULP1","PTB domain-containing engulfment adapter protein 1","GULP1","Q9UBP9"
"X12783.29",125,0.940669321338151,0.425332319183164,TRUE,1794,"HNRNPM","Heterogeneous nuclear ribonucleoprotein M","HNRPM","P52272"
"X9747.48",122,0.940611925204735,0.35604238447989,TRUE,1795,"MARK3","MAP/microtubule affinity-regulating kinase 3","MARK3","P27448"
"X5532.53",124,0.940499946492758,0.307477950735639,TRUE,1796,"FGFR1","Fibroblast growth factor receptor 1","bFGF-R","P11362"
"X23567.37",122,0.940281835366901,0.386195384201007,TRUE,1797,"GNAQ","Guanine nucleotide-binding protein G(q) subunit alpha","GNAQ","P50148"
"X19638.9",121,0.940014769347506,0.323264630824241,TRUE,1798,"PDYN","Dynorphin A (1-17)","Dynorphin A (1-17)","P01213"
"X23030.4",119,0.939965456455548,0.34505915135231,TRUE,1799,"SIGLEC5","Sialic acid-binding Ig-like lectin 5","Siglec-5","O15389"
"X13577.25",120,0.939877198344123,0.289205710198866,TRUE,1800,"U2AF2","Splicing factor U2AF 65 kDa subunit","U2AF2","P26368"
"X19161.1",118,0.93982139269865,0.340643683306098,TRUE,1801,"USP15","Ubiquitin carboxyl-terminal hydrolase 15","UBP15","Q9Y4E8"
"X9475.22",124,0.939794909887509,0.437726254728219,TRUE,1802,"GPX5","Epididymal secretory glutathione peroxidase","GPX5","O75715"
"X20434.23",125,0.939772140697589,0.387029041624242,TRUE,1803,"PCP4L1","Purkinje cell protein 4-like protein 1","PC4L1","A6NKN8"
"X15503.20",125,0.939765995624708,0.32747929558865,TRUE,1804,"LEFTY2","Left-right determination factor 2","Lefty-A","O00292"
"X10479.18",124,0.939757140069371,0.20511253140328,TRUE,1805,"MMP10","Stromelysin-2","MMP-10","P09238"
"X2681.23",125,0.9396738195315,0.235076610727874,TRUE,1806,"HGF","Hepatocyte growth factor","HGF","P14210"
"X3479.71",122,0.939350075514972,0.266522181717359,TRUE,1807,"PRSS3","Trypsin-3","TRY3","P35030"
"X12743.18",125,0.939317405304427,0.379699337236723,TRUE,1808,"BAG5","BAG family molecular chaperone regulator 5","BAG5","Q9UL15"
"X12690.33",124,0.939146528009468,0.377648967550031,TRUE,1809,"SEPTIN10","Septin-10","SEP10","Q9P0V9"
"X22811.5",124,0.939014909494928,0.383273754431476,TRUE,1810,"TMA16","Translation machinery-associated protein 16","TMA16","Q96EY4"
"X23402.147",114,0.938997715452292,0.26204639903965,TRUE,1811,"GDAP1L1","Ganglioside-induced differentiation-associated protein 1-like 1","GD1L1","Q96MZ0"
"X3605.77",124,0.938920101348693,0.464750455746723,TRUE,1812,"MASP1","Mannan-binding lectin serine protease 1:Mannan-binding lectin serine protease 1 light chain","MASP3:Light","P48740"
"X6912.6",125,0.938893395275668,0.315656774738045,TRUE,1813,"MICU3","Calcium uptake protein 3, mitochondrial","EFHA2","Q86XE3"
"X13479.8",125,0.938856524838385,0.271507054167839,TRUE,1814,"FAM171A2","Protein FAM171A2","F1712","A8MVW0"
"X25954.3",123,0.93867547276902,0.45575034195635,TRUE,1815,"PTPRN","Receptor-type tyrosine-protein phosphatase-like N","PTPRN","Q16849"
"X3367.8",124,0.938617750555531,0.25976970697717,TRUE,1816,"FETUB","Fetuin-B","FETUB","Q9UGM5"
"X25087.11",125,0.938278887987611,0.230952580682382,TRUE,1817,"DTNA","Dystrobrevin alpha","DTNA","Q9Y4J8"
"X21121.31",123,0.938115140022961,0.375693829411623,TRUE,1818,"UBA3","NEDD8-activating enzyme E1 catalytic subunit","UBA3","Q8TBC4"
"X23557.110",122,0.938100856276996,0.479560147561968,TRUE,1819,"CAPZB","F-actin-capping protein subunit beta","CAPZB","P47756"
"X13740.51",123,0.937856550861204,0.277064127239068,TRUE,1820,"FRZB","Secreted frizzled-related protein 3","sFRP-3","Q92765"
"X7839.99",125,0.937854877958853,0.375671002107464,TRUE,1821,"TAFA3","Protein FAM19A3","F19A3","Q7Z5A8"
"X15446.25",124,0.937642030253624,0.41971908577262,TRUE,1822,"NRG1","Neuregulin-1, sensory and motor neuron-derived factor isoform","SMDF","Q02297"
"X25472.12",125,0.937590639824988,0.323342677748389,TRUE,1823,"BEGAIN","Brain-enriched guanylate kinase-associated protein","BEGIN","Q9BUH8"
"X12659.13",121,0.937399434291424,0.185438611763503,TRUE,1824,"OLA1","Obg-like ATPase 1","GTPB9","Q9NTK5"
"X17756.69",124,0.937352461647897,0.217005724130892,TRUE,1825,"DCTD","Deoxycytidylate deaminase","DCTD","P32321"
"X15608.5",124,0.93728321698131,0.199394600018324,TRUE,1826,"RPS6KB1","Ribosomal protein S6 kinase beta-1","KS6B1","P23443"
"X22118.7",123,0.93688888315575,0.212709051258775,TRUE,1827,"CSAG2","Chondrosarcoma-associated gene 2/3 protein","CSAG2","Q9Y5P2"
"X24713.4",120,0.936857093245355,0.461499770577341,TRUE,1828,"MAGIX","PDZ domain-containing protein MAGIX","MAGIX","Q9H6Y5"
"X22429.13",124,0.936804799284892,0.528058636523561,TRUE,1829,"KDM1A","Lysine-specific histone demethylase 1A","KDM1A","O60341"
"X13240.170",123,0.936785686643791,0.205093752052666,TRUE,1830,"SHANK1","SH3 and multiple ankyrin repeat domains protein 1","SHAN1","Q9Y566"
"X6576.1",115,0.936731037857205,0.607768059234606,TRUE,1831,"ART4","Ecto-ADP-ribosyltransferase 4","ART4","Q93070"
"X18265.18",125,0.93663200845562,0.268401647273419,TRUE,1832,"ZNF34","Zinc finger protein 34","ZNF34","Q8IZ26"
"X23376.56",123,0.936560762612386,0.257772114320261,TRUE,1833,"ARPC2","Actin-related protein 2/3 complex subunit 2","ARPC2","O15144"
"X24967.4",125,0.93652139714377,0.468091863267866,TRUE,1834,"PCDH1","Protocadherin-1","PCDH1","Q08174"
"X23343.6",125,0.936367770321756,0.506251192225373,TRUE,1835,"ROGDI","Protein rogdi homolog","ROGDI","Q9GZN7"
"X3284.75",118,0.935979663096995,0.262105463734585,TRUE,1836,"BGN","Biglycan","BGN","P21810"
"X20399.7",123,0.935940765202136,0.222691573134593,TRUE,1837,"OXLD1","Oxidoreductase-like domain-containing protein 1","OXLD1","Q5BKU9"
"X5013.2",125,0.935697957377775,0.26013184980522,TRUE,1838,"CLIC1","Chloride intracellular channel protein 1","NCC27","O00299"
"X2768.56",122,0.935463189099333,0.249347090287668,TRUE,1839,"HPX","Hemopexin","Hemopexin","P02790"
"X13078.3",123,0.93539253373236,0.260506393013108,TRUE,1840,"CETN2","Centrin-2","CETN2","P41208"
"X3293.2",124,0.93527573280624,0.248319167144431,TRUE,1841,"CD5L","CD5 antigen-like","CD5L","O43866"
"X8989.40",124,0.935275121650289,0.227191864531304,TRUE,1842,"SCUBE1","Signal peptide, CUB and EGF-like domain-containing protein 1","SCUB1","Q8IWY4"
"X6935.123",124,0.934840973828746,0.309936654462648,TRUE,1843,"BAMBI","BMP and activin membrane-bound inhibitor homolog:Cytoplasmic domain","BAMBI:CD","Q13145"
"X4500.50",122,0.934438473690124,0.314332587146926,TRUE,1844,"CLEC11A","Stem cell growth factor-alpha","SCGF-alpha","Q9Y240"
"X11438.6",124,0.934419005772487,0.255699399833346,TRUE,1845,"DNAJB2","DnaJ homolog subfamily B member 2","DNJB2","P25686"
"X7921.65",121,0.934357702756719,0.236565419935558,TRUE,1846,"FJX1","Four-jointed box protein 1","FJX1","Q86VR8"
"X2939.10",120,0.933959839692164,0.404808700366897,TRUE,1847,"ARTN","Artemin","Artemin","Q5T4W7"
"X8221.19",125,0.933934321461053,0.374180110240845,TRUE,1848,"MIF","Macrophage migration inhibitory factor","MIF","P14174"
"X6915.2",124,0.933922327102422,0.429625379227703,TRUE,1849,"CD164L2","CD164 sialomucin-like 2 protein","C16L2","Q6UWJ8"
"X14123.34",123,0.933625293465081,0.427951428275023,TRUE,1850,"VSIR","V-type immunoglobulin domain-containing suppressor of T-cell activation:Extracellular domain","GI24:ECD","Q9H7M9"
"X5125.6",116,0.933417660198617,0.272767670421982,TRUE,1851,"SIGLEC14","Sialic acid-binding Ig-like lectin 14","SIG14","Q08ET2"
"X25499.37",122,0.933354704597355,0.347107269739028,TRUE,1852,"DDHD2","Phospholipase DDHD2","DDHD2","O94830"
"X3647.49",124,0.933279826259383,0.44996663716854,TRUE,1853,"TLR4|LY96","Toll-like receptor 4:Lymphocyte antigen 96 complex","TLR4:MD-2 complex","O00206|Q9Y6Y9"
"X13644.30",125,0.933270653589952,0.240343800512476,TRUE,1854,"HGS","Hepatocyte growth factor-regulated tyrosine kinase substrate","HGS","O14964"
"X13975.56",123,0.93321981863447,0.308002542875955,TRUE,1855,"PPFIA1","Liprin-alpha-1","LIPA1","Q13136"
"X8631.13",124,0.933172601773922,0.292887810678678,TRUE,1856,"ERMAP","Erythroid membrane-associated protein","ERMAP","Q96PL5"
"X24441.7",122,0.93307731965577,0.383563944633744,TRUE,1857,"NCBP1","Nuclear cap-binding protein subunit 1","NCBP1","Q09161"
"X17761.2",124,0.932694184077504,0.263184199003489,TRUE,1858,"NUDT5","ADP-sugar pyrophosphatase","NUDT5","Q9UKK9"
"X19261.12",125,0.932348892657867,0.414156863274708,TRUE,1859,"SDCBP2","Syntenin-2","SDCB2","Q9H190"
"X14045.12",124,0.93210875189636,0.297627443776964,TRUE,1860,"NCOA2","Nuclear receptor coactivator 2","NCOA2","Q15596"
"X11456.2",123,0.932090464350557,0.511513228057298,TRUE,1861,"MAGEB10","Melanoma-associated antigen B10","MAGBA","Q96LZ2"
"X9876.20",125,0.93206007423248,0.243409818624593,TRUE,1862,"ALDOC","Fructose-bisphosphate aldolase C","aldolase C","P09972"
"X14150.7",125,0.931881867118944,0.315274180402886,TRUE,1863,"IL36A","Interleukin-36 alpha","IL-1F6","Q9UHA7"
"X21664.6",125,0.931851141754541,0.224833742867378,TRUE,1864,"MACROH2A1","Core histone macro-H2A.1","H2AY","O75367"
"X5634.39",124,0.931674614040886,0.249026203931988,TRUE,1865,"POFUT1","GDP-fucose protein O-fucosyltransferase 1","OFUT1","Q9H488"
"X24201.86",124,0.931611664542121,0.293324038150027,TRUE,1866,"PAGE4","G antigen family C member 1","GAGC1","O60829"
"X6938.21",125,0.931550033183394,0.350765669389322,TRUE,1867,"PCDHGA12","Protocadherin gamma-A12","PCDGC","O60330"
"X7139.14",125,0.931476292308827,0.181597552246282,TRUE,1868,"SLITRK4","SLIT and NTRK-like protein 4","SLIK4","Q8IW52"
"X11207.3",124,0.931391341296445,0.287232273929459,TRUE,1869,"MSR1","Macrophage scavenger receptor types I and II:Cytoplasmic domain","Macrophage scavenger receptor:CD","P21757"
"X15460.9",124,0.931284110867006,0.393120276367025,TRUE,1870,"DPP4","Dipeptidyl peptidase 4","CD26","P27487"
"X19376.74",124,0.931240046079178,0.36131710153254,TRUE,1871,"NNMT","Nicotinamide N-methyltransferase","NNMT","P40261"
"X22591.4",125,0.931236634466485,0.249329618238955,TRUE,1872,"FZD9","Frizzled-9","FZD9","O00144"
"X12534.10",124,0.931057708952992,0.391804992122237,TRUE,1873,"CALCOCO2","Calcium-binding and coiled-coil domain-containing protein 2","CACO2","Q13137"
"X10046.55",119,0.930913895209911,0.386542377207056,TRUE,1874,"BIRC2","Baculoviral IAP repeat-containing protein 2","cIAP-1","Q13490"
"X7628.40",125,0.930867930093651,0.282077484619482,TRUE,1875,"CRELD1","Cysteine-rich with EGF-like domain protein 1","CREL1","Q96HD1"
"X7228.2",125,0.930609837032667,0.285735522588462,TRUE,1876,"ST6GALNAC6","Alpha-N-acetylgalactosaminide alpha-2,6-sialyltransferase 6","SIA7F","Q969X2"
"X6079.59",125,0.930486935575056,0.278618235459766,TRUE,1877,"PXYLP1","2-phosphoxylose phosphatase 1","ACPL2","Q8TE99"
"X2961.1",125,0.930185827003908,0.367792885295017,TRUE,1878,"PROC","Vitamin K-dependent protein C","Protein C","P04070"
"X9077.10",125,0.929958459307327,0.226391342735095,TRUE,1879,"MAN1A2","Mannosyl-oligosaccharide 1,2-alpha-mannosidase IB","MA1A2","O60476"
"X5735.54",123,0.929942467944584,0.315410966995791,TRUE,1880,"C1GALT1C1","C1GALT1-specific chaperone 1","C1GLC","Q96EU7"
"X9514.46",125,0.929933879015805,0.451852893001492,TRUE,1881,"EFCAB14","EF-hand calcium-binding domain-containing protein 14:C-term","K0494:C-term","O75071"
"X9951.36",122,0.929528404772134,0.477865915642614,TRUE,1882,"FBXL4","F-box/LRR-repeat protein 4:Leucine-rich repeats 2 and 3","FBXL4:LRR2 and LRR3","Q9UKA2"
"X13929.27",124,0.929263425596606,0.331738042596528,TRUE,1883,"CROT","Peroxisomal carnitine O-octanoyltransferase","OCTC","Q9UKG9"
"X6594.64",124,0.929207439324934,0.490534886673401,TRUE,1884,"SAYSD1","SAYSvFN domain-containing protein 1","SMDC1","Q9NPB0"
"X15515.2",123,0.928833105441036,0.344329140367876,TRUE,1885,"SAA1","Serum amyloid A-1 protein","SAA","P0DJI8"
"X23519.91",121,0.928789192704805,0.429309427111111,TRUE,1886,"TMEM221","Transmembrane protein 221","TM221","A6NGB7"
"X13744.37",124,0.928514324203529,0.249973314922902,TRUE,1887,"IL3RA","Interleukin-3 receptor subunit alpha","IL-3 Ra","P26951"
"X3508.78",125,0.92845906152447,0.40102762701426,TRUE,1888,"CCL22","C-C motif chemokine 22","MDC","O00626"
"X5242.37",124,0.927935186992075,0.366189944841935,TRUE,1889,"MAP2K4","Dual specificity mitogen-activated protein kinase kinase 4","MP2K4","P45985"
"X8275.31",125,0.927899859892338,0.290397135418513,TRUE,1890,"PEAR1","Platelet endothelial aggregation receptor 1:Extracellular domain","PEAR1:ECD","Q5VY43"
"X23521.29",123,0.927769124348171,0.219948394982532,TRUE,1891,"NME7","Nucleoside diphosphate kinase 7","NDK7","Q9Y5B8"
"X9576.58",124,0.927765222810452,0.274877852104679,TRUE,1892,"MNX1","Motor neuron and pancreas homeobox protein 1","MNX1","P50219"
"X14120.2",124,0.92775286026785,0.407241739552905,TRUE,1893,"RNF43","E3 ubiquitin-protein ligase RNF43","RNF43","Q68DV7"
"X17697.2",124,0.927097956023342,0.28432947249355,TRUE,1894,"OVCA2","Esterase OVCA2","OVCA2","Q8WZ82"
"X9854.36",123,0.926775861123742,0.202378924203724,TRUE,1895,"AKR1B1","Aldose reductase","Aldose reductase","P15121"
"X9831.12",125,0.926726150972151,0.232945576012297,TRUE,1896,"G3BP2","Ras GTPase-activating protein-binding protein 2","G3BP2","Q9UN86"
"X24915.123",125,0.926295995870511,0.327120149454417,TRUE,1897,"CAPN13","Calpain-13","CAN13","Q6MZZ7"
"X12820.1",125,0.926252980360347,0.352109648865551,TRUE,1898,"GRAP","GRB2-related adapter protein","GRAP","Q13588"
"X7003.4",125,0.926203819777303,0.298388777585711,TRUE,1899,"GALNT10","Polypeptide N-acetylgalactosaminyltransferase 10","GLT10","Q86SR1"
"X9339.204",123,0.926072837153204,0.261442804937429,TRUE,1900,"FKBP2","Peptidyl-prolyl cis-trans isomerase FKBP2","FKBP2","P26885"
"X22483.109",123,0.925885794078474,0.330741958854096,TRUE,1901,"KRT71","Keratin, type II cytoskeletal 71","K2C71","Q3SY84"
"X6962.5",123,0.925846856376255,0.37739297843397,TRUE,1902,"HLA-DRB3","HLA class II histocompatibility antigen, DR beta 3 chain","DRB3","P79483"
"X15606.19",123,0.925834913509539,0.387225515302435,TRUE,1903,"KRT19","Keratin, type I cytoskeletal 19","Keratin 19","P08727"
"X22541.46",125,0.925669198436693,0.358398601328521,TRUE,1904,"GINS1","DNA replication complex GINS protein PSF1","PSF1","Q14691"
"X23226.42",124,0.925536803540291,0.363429532937326,TRUE,1905,"ATP5PB","ATP synthase B chain, mitochondrial","AT5F1","P24539"
"X19200.16",124,0.925380133892741,0.282063612089309,TRUE,1906,"NDUFA5","NADH dehydrogenase [ubiquinone] 1 alpha subcomplex subunit 5","NDUA5","Q16718"
"X8468.19",122,0.925364107750116,0.242626464930954,TRUE,1907,"KLK3","Prostate-specific antigen","PSA","P07288"
"X22569.55",124,0.925216466226233,0.349067853255075,TRUE,1908,"TGFBR1","TGF-beta receptor type-1","TGFR-1","P36897"
"X24908.19",125,0.92518988275201,0.214551371200298,TRUE,1909,"AMPH","Amphiphysin","AMPH","P49418"
"X9808.41",125,0.925097706658801,0.31933709468278,TRUE,1910,"TNRC6B","Trinucleotide repeat-containing gene 6B protein","TNR6B","Q9UPQ9"
"X23371.5",125,0.92442789371482,0.333657798316625,TRUE,1911,"NIF3L1","NIF3-like protein 1","NIF3L","Q9GZT8"
"X9279.7",125,0.924243541528403,0.404337234493461,TRUE,1912,"IGSF11","Immunoglobulin superfamily member 11:Extracellular domain","IGS11:ECD","Q5DX21"
"X6232.54",124,0.923975890341973,0.378647127145852,TRUE,1913,"CD86","T-lymphocyte activation antigen CD86","B7-2","P42081"
"X22839.23",125,0.923837966718285,0.470868773448414,TRUE,1914,"ZNF263","Zinc finger protein 263","ZN263","O14978"
"X4862.63",123,0.923796562944426,0.266355737133802,TRUE,1915,"BMPR2","Bone morphogenetic protein receptor type-2","BMP RII","Q13873"
"X21721.6",123,0.923731819794253,0.376733755452235,TRUE,1916,"CHST10","Carbohydrate sulfotransferase 10","CHSTA","O43529"
"X9275.2",120,0.923505959492123,0.211069883688804,TRUE,1917,"SIGLEC5","Sialic acid-binding Ig-like lectin 5","Siglec-5","O15389"
"X7784.1",125,0.923481552491213,0.226249839018581,TRUE,1918,"KNG1","Kininogen-1","Kininogen, HMW","P01042"
"X11572.4",125,0.923432391908168,0.270938566718392,TRUE,1919,"DNM2","Dynamin-2","DYN2","P50570"
"X10480.33",117,0.923052423721256,0.353564190901297,TRUE,1920,"CD59","CD59 glycoprotein","CD59","P13987"
"X11458.30",125,0.922989946660767,0.302354225044097,TRUE,1921,"PCBP1","Poly(rC)-binding protein 1","PCBP1","Q15365"
"X2182.54",125,0.922891625494679,0.358672020757859,TRUE,1922,"C4A|C4B","Complement C4b","C4b","P0C0L4|P0C0L5"
"X10975.59",122,0.922375787379456,0.510478510779549,TRUE,1923,"MUCL1","Mucin-like protein 1","MUCL1","Q96DR8"
"X2652.15",125,0.92225868298798,0.393573090504203,TRUE,1924,"PLAUR","Urokinase plasminogen activator surface receptor","suPAR","Q03405"
"X10420.30",125,0.922012880072758,0.383561137845913,TRUE,1925,"FAIM","Fas apoptotic inhibitory molecule 1","FAIM1","Q9NVQ4"
"X12499.108",125,0.921889978615146,0.372062354021475,TRUE,1926,"SH3GL2","Endophilin-A1","SH3G2","Q99962"
"X13499.30",124,0.9218293124341,0.357670019185321,TRUE,1927,"F8","Coagulation Factor VIII","Coagulation Factor VIII","P00451"
"X14158.17",121,0.9215395351043,0.270174994815697,TRUE,1928,"ANXA5","Annexin A5","Annexin V","P08758"
"X11432.11",124,0.921533449789906,0.501288304487576,TRUE,1929,"PQBP1","Polyglutamine-binding protein 1","PQBP1","O60828"
"X14098.28",125,0.92149054887791,0.46611627644018,TRUE,1930,"CARS1","Cysteine--tRNA ligase, cytoplasmic","SYCC","P49589"
"X5496.49",124,0.921275852409534,0.440187052683782,TRUE,1931,"SPON1","Spondin-1","Spondin-1","Q9HCB6"
"X21329.66",120,0.921186337668652,0.373118475358816,TRUE,1932,"PHOSPHO2","Pyridoxal phosphate phosphatase PHOSPHO2","PHOP2","Q8TCD6"
"X23546.9",125,0.920876041589853,0.342766051024141,TRUE,1933,"HAGHL","Hydroxyacylglutathione hydrolase-like protein","HAGHL","Q6PII5"
"X13423.94",121,0.920706218708292,0.263780935389029,TRUE,1934,"PRXL2A","Redox-regulatory protein FAM213A","CJ058","Q9BRX8"
"X9013.60",125,0.920599513310228,0.248728892095343,TRUE,1935,"NTN1","Netrin-1","NET1","O95631"
"X10553.8",124,0.920557482515722,0.373412619607518,TRUE,1936,"TOR1AIP2","Torsin-1A-interacting protein 2","TOIP2","Q8NFQ8"
"X9779.63",125,0.92040287097805,0.295994640135851,TRUE,1937,"HERPUD2","Homocysteine-responsive endoplasmic reticulum-resident ubiquitin-like domain member 2 protein","HERP2","Q9BSE4"
"X21969.5",124,0.920375179012637,0.567362460298377,TRUE,1938,"DPP6","Dipeptidyl aminopeptidase-like protein 6","DPP6","P42658"
"X2686.67",125,0.920304549811961,0.295684937619105,TRUE,1939,"IGFBP6","Insulin-like growth factor-binding protein 6","IGFBP-6","P24592"
"X22148.135",123,0.920029926698937,0.270727658256994,TRUE,1940,"FOXP3","Forkhead box protein P3","FOXP3","Q9BZS1"
"X18340.2",125,0.919825234127277,0.351511887325887,TRUE,1941,"PSMB4","Proteasome subunit beta type-4","Proteasome beta chain","P28070"
"X7117.21",125,0.919382788879876,0.225699181280379,TRUE,1942,"SERPINI2","Serpin I2","SPI2","O75830"
"X11387.3",125,0.919223016984981,0.354907383477287,TRUE,1943,"ATF6B","Cyclic AMP-dependent transcription factor ATF-6 beta","ATF6B","Q99941"
"X22585.5",123,0.919159214553147,0.413625269798473,TRUE,1944,"FZD4","Frizzled-4","FZD4","Q9ULV1"
"X21160.4",125,0.918897328122312,0.436169061563879,TRUE,1945,"CHMP6","Charged multivesicular body protein 6","CHMP6","Q96FZ7"
"X2685.21",125,0.918706830863014,0.322136538443293,TRUE,1946,"IGFBP5","Insulin-like growth factor-binding protein 5","IGFBP-5","P24593"
"X6558.5",125,0.918694540717253,0.317991174322476,TRUE,1947,"COLEC10","Collectin-10","COL10","Q9Y6Z7"
"X19117.3",123,0.918590851629215,0.319517716389103,TRUE,1948,"PPP1R14A","Protein phosphatase 1 regulatory subunit 14A","PP14A","Q96A00"
"X5090.49",122,0.918515458466216,0.283930820828986,TRUE,1949,"LILRB1","Leukocyte immunoglobulin-like receptor subfamily B member 1","ILT-2","Q8NHL6"
"X18900.37",125,0.917846520659735,0.275900715667292,TRUE,1950,"HRAS","GTPase HRas","H-ras (WT)","P01112"
"X3283.21",124,0.917712415214894,0.384439579239942,TRUE,1951,"TGFBI","Transforming growth factor-beta-induced protein ig-h3","BGH3","Q15582"
"X7823.22",125,0.91746552614114,0.388782767141637,TRUE,1952,"ST6GALNAC2","Alpha-N-acetylgalactosaminide alpha-2,6-sialyltransferase 2","SIA7B","Q9UJ37"
"X15427.35",125,0.917367204975051,0.426466394451462,TRUE,1953,"LOXL3","Lysyl oxidase homolog 3","LOXL3","P58215"
"X17456.53",125,0.917262738736081,0.362278292827103,TRUE,1954,"GOLM1","Golgi membrane protein 1","GOLM1","Q8NBJ4"
"X25064.34",124,0.917227443549859,0.262085877535928,TRUE,1955,"INPP4A","Type I inositol-3,4-bisphosphate 4-phosphatase","INP4A","Q96PE3"
"X7018.10",124,0.917101544156065,0.330891625623137,TRUE,1956,"TSR3","Ribosome biogenesis protein TSR3 homolog","TSR3","Q9UJK0"
"X12430.78",125,0.91702922596662,0.344858268209393,TRUE,1957,"PAIP1","Polyadenylate-binding protein-interacting protein 1","PAIP1","Q9H074"
"X24424.25",125,0.916955485092053,0.323869499516785,TRUE,1958,"TBC1D25","TBC1 domain family member 25","TBC25","Q3MII6"
"X23571.93",122,0.91695005436417,0.380235074897694,TRUE,1959,"YJU2","Coiled-coil domain-containing protein 94","CCD94","Q9BW85"
"X17404.5",120,0.916838285089167,0.30841966096042,TRUE,1960,"ARL5B","ADP-ribosylation factor-like protein 5B","ARL5B","Q96KC2"
"X4152.58",125,0.916715827249711,0.272012005501358,TRUE,1961,"KLKB1","Plasma kallikrein","Prekallikrein","P03952"
"X14139.16",125,0.916562200427697,0.204714837685525,TRUE,1962,"NRG4","Neuregulin-4","NRG4","Q8WWG1"
"X16748.1",122,0.916255213393878,0.309326982917749,TRUE,1963,"BMP3","Bone morphogenetic protein 3","BMP-3","P12645"
"X23308.31",124,0.915452528209244,0.364387870500652,TRUE,1964,"KCTD1","BTB/POZ domain-containing protein KCTD1","KCTD1","Q719H9"
"X14708.59",124,0.915420787248909,0.221908916234023,TRUE,1965,"C8G","Complement component C8 gamma chain","CO8G","P07360"
"X8229.1",122,0.915276979106766,0.256831398717262,TRUE,1966,"GXYLT1","Glucoside xylosyltransferase 1","GXLT1","Q4G148"
"X6234.74",124,0.915106038764423,0.237304005535492,TRUE,1967,"VIT","Vitrin","VITRN","Q6UXI7"
"X4913.78",124,0.915005319249388,0.266568646939386,TRUE,1968,"CCL16","C-C motif chemokine 16","HCC-4","O15467"
"X3317.33",125,0.914128751566994,0.384532432424334,TRUE,1969,"HTRA2","Serine protease HTRA2, mitochondrial","HTRA2","O43464"
"X19563.3",124,0.914073934186299,0.423394231725934,TRUE,1970,"SEZ6L","Seizure 6-like protein","SEZ6L","Q9BYH1"
"X21140.19",123,0.9137666927882,0.289802373462808,TRUE,1971,"CAMLG","Calcium signal-modulating cyclophilin ligand","CAMLG","P49069"
"X11260.47",125,0.913747757048399,0.286148063889733,TRUE,1972,"SUN5","SUN domain-containing protein 5","SPA4L","Q8TC36"
"X25912.131",125,0.913336037165401,0.278483130905444,TRUE,1973,"FKBP1A","FK506 binding protein 1A","FK506 binding protein 1A","P62942"
"X14100.63",125,0.913139394833223,0.359764809035839,TRUE,1974,"C1QC","Complement C1q subcomponent subunit C","C1QC","P02747"
"X11656.110",124,0.913123123312161,0.311541005524745,TRUE,1975,"EVL","Ena/VASP-like protein","EVL","Q9UI08"
"X12511.83",124,0.912934548258659,0.461430324144783,TRUE,1976,"SLC41A2","Solute carrier family 41 member 2","S41A2","Q96JW4"
"X21875.31",121,0.912657010067614,0.262422775054593,TRUE,1977,"ZFAND3","AN1-type zinc finger protein 3","ZFAN3","Q9H8U3"
"X4985.11",123,0.912516003366754,0.265000789678708,TRUE,1978,"FABP5","Fatty acid-binding protein, epidermal","FABPE","Q01469"
"X8028.22",125,0.9124511466706,0.308581028873933,TRUE,1979,"SPINK5","Serine protease inhibitor Kazal-type 5","SPINK5","Q9NQ38"
"X9826.135",124,0.91180747464701,0.351479083724688,TRUE,1980,"FHIT","Bis(5'-adenosyl)-triphosphatase","Fragile histidine triad protein","P49789"
"X6388.21",123,0.911735587295342,0.441813487701238,TRUE,1981,"CCDC126","Coiled-coil domain-containing protein 126","CC126","Q96EE4"
"X24957.6",124,0.911517906041282,0.224152883926297,TRUE,1982,"None","Espin","ESPN","B1AK53"
"X20512.2",124,0.91133535192028,0.237799748229297,TRUE,1983,"MCAM","Melanoma-associated antigen MUC18","MUC18","P43121"
"X20440.36",124,0.911235470560279,0.432084941540171,TRUE,1984,"TTC32","Tetratricopeptide repeat protein 32","TTC32","Q5I0X7"
"X21717.44",125,0.911074650345353,0.459526801018739,TRUE,1985,"UBE2Q2","Ubiquitin-conjugating enzyme E2 Q2","UB2Q2","Q8WVN8"
"X7947.19",122,0.9110677814865,0.330739171669755,TRUE,1986,"TEPSIN","AP-4 complex accessory subunit tepsin","AP4AT","Q96N21"
"X11633.89",124,0.910705854951309,0.395360073115845,TRUE,1987,"AHSA1","Activator of 90 kDa heat shock protein ATPase homolog 1","AHSA1","O95433"
"X12340.17",125,0.910693655826758,0.353497475907289,TRUE,1988,"AARS1","Alanine--tRNA ligase, cytoplasmic","SYAC","P49588"
"X7110.2",125,0.91060147973355,0.281530549647882,TRUE,1989,"DNAJB11","DnaJ homolog subfamily B member 11","DJB11","Q9UBS4"
"X11120.49",124,0.910252617133648,0.450211604390237,TRUE,1990,"NAT14","N-acetyltransferase 14","NAT14","Q8WUY8"
"X14326.4",124,0.91013959051351,0.332659730204287,TRUE,1991,"UBE2E1","Ubiquitin-conjugating enzyme E2 E1","UB2E1","P51965"
"X2968.61",125,0.910116018975985,0.307424580219727,TRUE,1992,"TNFSF15","Tumor necrosis factor ligand superfamily member 15","TNFSF15","O95150"
"X13574.50",124,0.910007113315749,0.402422187816282,TRUE,1993,"RND1","Rho-related GTP-binding protein Rho6","RND1","Q92730"
"X17738.7",122,0.909955880165904,0.514443598011342,TRUE,1994,"CRNN","Cornulin","CRNN","Q9UBG3"
"X12750.9",124,0.909692649072282,0.257031231839944,TRUE,1995,"ITGB2","Integrin beta-2","LFA-1 beta-2","P05107"
"X9126.171",124,0.909692649072282,0.380749223653913,TRUE,1996,"NT5DC3","5'-nucleotidase domain-containing protein 3","NT5D3","Q86UY8"
"X12563.2",124,0.909289486771121,0.280537545740705,TRUE,1997,"TNFAIP8","Tumor necrosis factor alpha-induced protein 8","TFIP8","O95379"
"X6480.1",124,0.908534090408355,0.589690229590354,TRUE,1998,"CANT1","Soluble calcium-activated nucleotidase 1","CANT1","Q8WVQ1"
"X5412.53",125,0.908352383059263,0.332054267459504,TRUE,1999,"CD27","CD27 antigen","CD27","P26842"
"X9959.60",125,0.908155740727085,0.466987549708973,TRUE,2000,"TMEM59L","Transmembrane protein 59-like","TM59L","Q9UK28"
"X17335.18",119,0.908114171756201,0.377293838454887,TRUE,2001,"VAMP2","Vesicle-associated membrane protein 2","VAMP2","P63027"
"X4961.17",123,0.908091495722223,0.289317193278666,TRUE,2002,"ANXA2","Annexin A2","annexin II","P07355"
"X17495.141",125,0.908063564633877,0.496580598780221,TRUE,2003,"SIRT3","NAD-dependent protein deacetylase sirtuin-3, mitochondrial","SIR3","Q9NTG7"
"X10606.34",125,0.907811616645773,0.354203875335247,TRUE,2004,"TOR1AIP1","Torsin-1A-interacting protein 1:Perinuclear domain","TOIP1:Perinuclear","Q5JTV8"
"X4996.66",125,0.907780891281371,0.28202018546465,TRUE,2005,"HRG","Histidine-rich glycoprotein","HRG","P04196"
"X23336.2",122,0.907477237800949,0.371923943329602,TRUE,2006,"KCNRG","Putative potassium channel regulatory protein","KCNRG","Q8N5I3"
"X13230.174",125,0.907436767200059,0.379378299862771,TRUE,2007,"IGHG2","Ig gamma-2, Kappa","IgG2, Kappa","P01859"
"X2771.35",125,0.907043482535703,0.519656976137916,TRUE,2008,"IGFBP1","Insulin-like growth factor-binding protein 1","IGFBP-1","P08833"
"X4533.76",125,0.9067915345476,0.258798249253603,TRUE,2009,"ADAMTS15","A disintegrin and metalloproteinase with thrombospondin motifs 15","ATS15","Q8TE58"
"X22500.9",125,0.906674778162869,0.371785332789952,TRUE,2010,"MED11","Mediator of RNA polymerase II transcription subunit 11","MED11","Q9P086"
"X23028.49",125,0.906656342944227,0.535989528794989,TRUE,2011,"SDCBP2","Syntenin-2","SDCB2","Q9H190"
"X5020.50",125,0.906613327434063,0.353494041833774,TRUE,2012,"PGK1","Phosphoglycerate kinase 1","phosphoglycerate kinase 1","P00558"
"X13963.7",124,0.906400979488035,0.25448569663794,TRUE,2013,"TOLLIP","Toll-interacting protein","tollip","Q9H0E2"
"X9386.42",123,0.906181471066278,0.264344796282149,TRUE,2014,"TTC9B","Tetratricopeptide repeat protein 9B","TTC9B","Q8N6N2"
"X24470.20",125,0.906097141312096,0.258397855709373,TRUE,2015,"PCBP3","Poly(rC)-binding protein 3","PCBP3","P57721"
"X21112.6",115,0.905661568571744,0.440409733742824,TRUE,2016,"MYLPF","Myosin regulatory light chain 2, skeletal muscle isoform","MLRS","Q96A32"
"X5246.64",123,0.905550001612435,0.387672836607348,TRUE,2017,"PDE2A","cGMP-dependent 3',5'-cyclic phosphodiesterase","cGMP-stimulated PDE","O00408"
"X12455.48",125,0.90516309023425,0.309966617493827,TRUE,2018,"MYNN","Myoneurin","MYNN","Q9NPC7"
"X3727.35",124,0.904606029321969,0.273225266037739,TRUE,2019,"PYY","Peptide YY","PYY","P10082"
"X11241.8",125,0.904487132217388,0.286930669806784,TRUE,2020,"ASL","Argininosuccinate lyase","ARLY","P04424"
"X15476.6",122,0.90396118789369,0.386584842448392,TRUE,2021,"REG3G","Regenerating islet-derived protein 3-gamma","REG3G","Q6UW15"
"X8046.9",124,0.90392078484941,0.377957254791422,TRUE,2022,"LGALS1","Galectin-1","Galectin-1","P09382"
"X9173.21",123,0.903517711101365,0.433904171371648,TRUE,2023,"PGM1","Phosphoglucomutase-1","PGM1","P36871"
"X17175.5",124,0.903158186293333,0.477012238122967,TRUE,2024,"MAP2K6","Dual specificity mitogen-activated protein kinase kinase 6","MP2K6","P52564"
"X10637.50",125,0.90298158936165,0.346775705135255,TRUE,2025,"ELAPOR1","UPF0577 protein KIAA1324:Extracellular domain","K1324:ECD","Q6UXG2"
"X21134.9",123,0.902873672567085,0.515720169421568,TRUE,2026,"CREBZF","CREB/ATF bZIP transcription factor","ZHANG","Q9NS37"
"X15300.66",122,0.902553323683184,0.287717035329048,TRUE,2027,"CCDC134","Coiled-coil domain-containing protein 134","CC134","Q9H6E4"
"X19257.11",125,0.902459258166802,0.299236676264169,TRUE,2028,"CLTA","Clathrin light chain A","CLCA","P09496"
"X9196.8",118,0.90212027685958,0.502870621444405,TRUE,2029,"LGALS7","Galectin-7","Galectin-7","P47929"
"X4563.61",124,0.901552969022454,0.267714573737551,TRUE,2030,"PLCG1","1-phosphatidylinositol 4,5-bisphosphate phosphodiesterase gamma-1","PLCG1","P19174"
"X9590.10",119,0.901519198307728,0.245285363263339,TRUE,2031,"COX7A2L","Cytochrome c oxidase subunit 7A-related protein, mitochondrial","COX7R","O14548"
"X3820.68",124,0.901326660686464,0.639326412974108,TRUE,2032,"MAPKAPK2","MAP kinase-activated protein kinase 2","MAPK2","P49137"
"X22469.103",125,0.901150357643242,0.32625879938862,TRUE,2033,"HMX2","Homeobox protein HMX2","HMX2","A2RU54"
"X13700.10",123,0.901125798555908,0.305883850109137,TRUE,2034,"ANXA2","Annexin A2","annexin II","P07355"
"X18399.1",124,0.9008356545961,0.504065649455622,TRUE,2035,"AKAP7","A-kinase anchor protein 7 isoforms alpha and beta","AKA7A","O43687"
"X16583.8",125,0.900769363124647,0.330168380380033,TRUE,2036,"NUDT2","Bis(5'-nucleosyl)-tetraphosphatase [asymmetrical]","AP4A","P50583"
"X15449.33",125,0.900019664233218,0.381468524852323,TRUE,2037,"TIMD4","T-cell immunoglobulin and mucin domain-containing protein 4","TIM-4","Q96H15"
"X18210.12",124,0.899525988782364,0.56233356737015,TRUE,2038,"SPIN1","Spindlin-1","SPIN1","Q9Y657"
"X11121.56",125,0.899435882309564,0.275036997976342,TRUE,2039,"VWC2","Brorin","VWC2","Q2TAL6"
"X3710.49",125,0.898790649657105,0.235163578719744,TRUE,2040,"PLG","Angiostatin","Angiostatin","P00747"
"X3200.49",125,0.898637022835091,0.50658777327778,TRUE,2041,"KLK13","Kallikrein-13","kallikrein 13","Q9UKR3"
"X9296.15",125,0.898471105867316,0.367122700317828,TRUE,2042,"PTPRD","Receptor-type tyrosine-protein phosphatase delta","PTPRD","P23468"
"X6577.64",121,0.898457692398893,0.331316959630062,TRUE,2043,"LAMA4","Laminin subunit alpha-4","LAMA4","Q16363"
"X7780.34",124,0.89807846655021,0.676200072207111,TRUE,2044,"MZB1","Marginal zone B- and B1-cell-specific protein","PACAP","Q8WU39"
"X12473.48",125,0.897709116830126,0.607204362738386,TRUE,2045,"KCTD5","BTB/POZ domain-containing protein KCTD5","KCTD5","Q9NXV2"
"X11311.79",123,0.89764261988455,0.214825219281527,TRUE,2046,"RAG1","V(D)J recombination-activating protein 1","RAG-1","P15918"
"X13429.3",125,0.897506329425067,0.409809166038605,TRUE,2047,"WFDC10A","WAP four-disulfide core domain protein 10A","WF10A","Q9H1F0"
"X21153.5",125,0.897002433448861,0.659066949711477,TRUE,2048,"BAP18","Chromatin complexes subunit BAP18","BAP18","Q8IXM2"
"X13735.1",125,0.896498537472655,0.329386604853477,TRUE,2049,"RAP1GAP","Rap1 GTPase-activating protein 1","RPGP1","P47736"
"X4903.72",125,0.896412506452327,0.248463776535024,TRUE,2050,"PPP3CA|PPP3R1","Calcineurin","Calcineurin","Q08209|P63098"
"X8353.15",125,0.896381781087924,0.340255606825492,TRUE,2051,"SCN2B","Sodium channel subunit beta-2","SCN2B","O60939"
"X16074.12",125,0.896111397881179,0.305143285606488,TRUE,2052,"GRAP2","GRB2-related adapter protein 2","GRB2-related adapter protein 2","O75791"
"X9443.137",124,0.895717532120083,0.403167086267254,TRUE,2053,"CTSK","Cathepsin K","cathepsin K","P43235"
"X12665.16",124,0.895705270446784,0.442271925213915,TRUE,2054,"ILF2","Interleukin enhancer-binding factor 2","ILF2","Q12905"
"X12452.32",124,0.895673467332255,0.490380853872657,TRUE,2055,"KMT5C","Histone-lysine N-methyltransferase SUV420H2","SV422","Q86Y97"
"X23405.33",125,0.895595211759211,0.434095138716847,TRUE,2056,"HORMAD2","HORMA domain-containing protein 2","HORM2","Q8N7B1"
"X24892.8",125,0.895460020155839,0.539933516261475,TRUE,2057,"SHCBP1L","Testicular spindle-associated protein SHCBP1L","SHP1L","Q9BZQ2"
"X2744.57",123,0.895391323136261,0.376478373446033,TRUE,2058,"IGHG1","Immunoglobulin G","IgG","P01857"
"X13541.1",124,0.895157279817698,0.258666059234568,TRUE,2059,"MYCT1","Myc target protein 1","MYCT1","Q8N699"
"X13950.9",125,0.895152766511811,0.398383182515529,TRUE,2060,"CERT1","Collagen type IV alpha-3-binding protein:StAR-related lipid-transfer domain, isoform 2","C43BP:START domain","Q9Y5P4"
"X23038.63",125,0.894612000098321,0.41789471638321,TRUE,2061,"UNC5B","Netrin receptor UNC5B","UNC5B","Q8IZJ1"
"X16858.384",125,0.894476808494949,0.401690374191164,TRUE,2062,"RCN3","Reticulocalbin-3","RCN3","Q96D15"
"X7787.25",121,0.894290050270322,0.264488391208175,TRUE,2063,"LILRA5","Leukocyte immunoglobulin-like receptor subfamily A member 5","LIRA5","A6NI73"
"X16614.27",122,0.894173284554296,0.380858044308199,TRUE,2064,"RSPO1","R-spondin-1","RSPO1","Q2MKA7"
"X11536.9",124,0.894087134970445,0.310310299514564,TRUE,2065,"MYSM1","Histone H2A deubiquitinase MYSM1","MYSM1","Q5VVJ2"
"X14122.132",122,0.893882461027995,0.391581114487536,TRUE,2066,"ZNRF3","E3 ubiquitin-protein ligase ZNRF3","ZNRF3","Q9ULT6"
"X15390.3",125,0.893794705405206,0.423978445986271,TRUE,2067,"GAL","Galanin","Galanin","P22466"
"X12516.13",122,0.893716517894027,0.575148957145874,TRUE,2068,"TEAD4","Transcriptional enhancer factor TEF-3","TEAD4","Q15561"
"X8355.80",125,0.893149472752747,0.396617263523806,TRUE,2069,"None","Isthmin-1","ISM1","B1AKI9"
"X7015.8",125,0.892645576776541,0.510459139376175,TRUE,2070,"LILRB5","Leukocyte immunoglobulin-like receptor subfamily B member 5","LIRB5","O75023"
"X4925.54",123,0.892643378653802,0.292875344870098,TRUE,2071,"MMP13","Collagenase 3","MMP-13","P45452"
"X10748.216",123,0.892565981269833,0.512747566246382,TRUE,2072,"PCDHB2","Protocadherin beta-2","PCDB2","Q9Y5E7"
"X2960.66",125,0.892559545756213,0.236379694144834,TRUE,2073,"CFP","Properdin","Properdin","P27918"
"X18884.22",120,0.892251004525139,0.471622057175016,TRUE,2074,"DNAJB4","DnaJ homolog subfamily B member 4","DNJB4","Q9UDY4"
"X11140.56",124,0.892217528972598,0.322579112898624,TRUE,2075,"COL1A1","Collagen alpha-1(I) chain:C-term propeptide","CO1A1:C-term propeptide","P02452"
"X9221.6",124,0.892041609618683,0.369321162358101,TRUE,2076,"ITPRIPL1","Inositol 1,4,5-trisphosphate receptor-interacting protein-like 1","IPIL1","Q6GPH6"
"X4159.130",123,0.89134697247233,0.235958502102487,TRUE,2077,"CFH","Complement factor H","Factor H","P08603"
"X24179.48",125,0.891140033920802,0.538345567975289,TRUE,2078,"PTER","Phosphotriesterase-related protein","PTER","Q96BW5"
"X6451.64",125,0.890808199985252,0.470247542933219,TRUE,2079,"ASPN","Asporin","ASPN","Q9BXN1"
"X14615.46",125,0.890310449081926,0.237527867875811,TRUE,2080,"KRTAP2-4","Keratin-associated protein 2-4","KRA24","Q9BYR9"
"X11547.84",124,0.89021047032422,0.300561989054899,TRUE,2081,"MUSK","Muscle, skeletal receptor tyrosine-protein kinase","MUSK","O15146"
"X7059.14",121,0.890008638065073,0.536944572174308,TRUE,2082,"LILRA6","Leukocyte immunoglobulin-like receptor subfamily A member 6","LIRA6","Q6PI73"
"X9219.70",125,0.889683651648109,0.309899668838166,TRUE,2083,"NENF","Neudesin","NENF","Q9UMX5"
"X23367.8",124,0.889403677521293,0.498259593207033,TRUE,2084,"ANKRD40","Ankyrin repeat domain-containing protein 40","ANR40","Q6AI12"
"X10428.1",123,0.889290563092769,0.429782023077014,TRUE,2085,"KIR2DS2","Killer cell immunoglobulin-like receptor 2DS2","KI2S2","P43631"
"X10023.32",125,0.889278076837991,0.580562312822757,TRUE,2086,"VDR","Vitamin D3 receptor","VDR","P11473"
"X15483.377",123,0.88896736098346,0.377975211878071,TRUE,2087,"AGRN","Agrin","Agrin","O00468"
"X8606.39",125,0.888774180861785,0.308933633880473,TRUE,2088,"GPNMB","Transmembrane glycoprotein NMB:Cytoplasmic domain","GPNMB:CD","Q14956"
"X3313.21",123,0.88855421686747,0.267855291063582,TRUE,2089,"FCN2","Ficolin-2","FCN2","Q15485"
"X21837.3",124,0.888535322537494,0.442260721968436,TRUE,2090,"SSR2","Translocon-associated protein subunit beta","SSRB","P43308"
"X18883.4",124,0.888409072310317,0.287570687648726,TRUE,2091,"DSTN","Destrin","DEST","P60981"
"X17766.5",124,0.888163568492418,0.333082963072679,TRUE,2092,"NCF1","Neutrophil cytosol factor 1","NCF-1","P14598"
"X22814.1",125,0.887483715556867,0.33122298989034,TRUE,2093,"TRIM27","Zinc finger protein RFP","TRI27","P14373"
"X4482.66",125,0.88708428581963,0.241209432409103,TRUE,2094,"C5|C6","Complement C5b-C6 complex","C5b, 6 Complex","P01031|P13671"
"X8356.88",125,0.887047415382346,0.5542278772746,TRUE,2095,"OXT","Oxytocin-neurophysin 1","NEU1","P01178"
"X3359.11",124,0.886741261822703,0.547276902551397,TRUE,2096,"CDK8|CCNC","Cyclin-dependent kinase 8:Cyclin-C complex","CDK8/cyclin C","P49336|P24863"
"X9950.229",123,0.88659348314027,0.337377752302534,TRUE,2097,"LAG3","Lymphocyte activation gene 3 protein","LAG-3","P18627"
"X13532.25",125,0.886365312292604,0.330745767389713,TRUE,2098,"CNEP1R1","Nuclear envelope phosphatase-regulatory subunit 1","NEPR1","Q8N9A8"
"X15326.64",125,0.886310006636679,0.304998656316414,TRUE,2099,"GBP1","Guanylate-binding protein 1","GBP1","P32455"
"X12450.42",122,0.88614258945302,0.315334749420859,TRUE,2100,"PMVK","Phosphomevalonate kinase","PMVK","Q15126"
"X23575.58",125,0.886058058648576,0.452683439869666,TRUE,2101,"COX19","Cytochrome c oxidase assembly protein COX19","COX19","Q49B96"
"X7751.121",124,0.885986585546257,0.458939768061758,TRUE,2102,"SFRP2","Secreted frizzled-related protein 2","SARP-1","Q96HF1"
"X18882.7",125,0.885849126170636,0.443313291940762,TRUE,2103,"CLSTN2","Calsyntenin-2","CSTN2","Q9H4D0"
"X8248.222",120,0.885706943016698,0.306944514123399,TRUE,2104,"SIGLEC14","Sialic acid-binding Ig-like lectin 14","SIG14","Q08ET2"
"X4547.59",125,0.8856709190571,0.303956978459117,TRUE,2105,"FLRT1","Leucine-rich repeat transmembrane protein FLRT1","FLRT1","Q9NZU1"
"X6458.6",120,0.885547189731337,0.309782763002301,TRUE,2106,"RPN1","Dolichyl-diphosphooligosaccharide--protein glycosyltransferase subunit 1:Lumenal domain","RPN1:LD","P04843"
"X21328.2",125,0.885437406287639,0.37147955370453,TRUE,2107,"SYT1","Synaptotagmin-1","SYT1","P21579"
"X19596.18",125,0.884460339699629,0.390805210982175,TRUE,2108,"BRF1","Transcription factor IIIB 90 kDa subunit","BRF-1","Q92994"
"X18904.23",124,0.884424356496723,0.445506544662098,TRUE,2109,"CAMK4","Calcium/calmodulin-dependent protein kinase type IV","KCC4","Q16566"
"X11557.3",125,0.884411179116584,0.347864340661588,TRUE,2110,"SMURF1","E3 ubiquitin-protein ligase SMURF1","SMUF1","Q9HCE7"
"X8999.19",124,0.884298457102929,0.380255551244906,TRUE,2111,"CEACAM3","Carcinoembryonic antigen-related cell adhesion molecule 3","CEAM3","P40198"
"X8014.359",123,0.883898971918011,0.326670849383101,TRUE,2112,"MANEA","Glycoprotein endo-alpha-1,2-mannosidase","MANEA","Q5SRI9"
"X4907.56",122,0.883457926011118,0.327615751988267,TRUE,2113,"FGA|FGB|FGG","D-dimer","D-dimer","P02671|P02675|P02679"
"X9409.11",121,0.882612775269214,0.43807019064636,TRUE,2114,"TPSAB1","Tryptase beta-1","TRYB1","Q15661"
"X13097.11",125,0.882586092471057,0.288286370924136,TRUE,2115,"BCL2L2","Bcl-2-like protein 2","Apoptosis regulator Bcl-W","Q92843"
"X9444.70",125,0.882561512179534,0.397239544518195,TRUE,2116,"DGCR6","Protein DGCR6","DGCR6","Q14129"
"X11543.84",124,0.88251105550572,0.597026260373247,TRUE,2117,"LIMA1","LIM domain and actin-binding protein 1","LIMA1","Q9UHB6"
"X16594.44",123,0.881956089884162,0.454888700462538,TRUE,2118,"FAIM","Fas apoptotic inhibitory molecule 1","FAIM1","Q9NVQ4"
"X8297.8",123,0.88192422175569,0.399938446612353,TRUE,2119,"DNAJC10","DnaJ homolog subfamily C member 10","DJC10","Q8IXB1"
"X13612.7",123,0.881859343154201,0.427321964884928,TRUE,2120,"CYTIP","Cytohesin-interacting protein","CYTIP","O60759"
"X8671.378",124,0.881806765140046,0.527352803918157,TRUE,2121,"TRAPPC5","Trafficking protein particle complex subunit 5","TPPC5","Q8IUR0"
"X7854.38",122,0.881693920446283,0.529165068756143,TRUE,2122,"NCR3LG1","Natural cytotoxicity triggering receptor 3 ligand 1","NR3L1","Q68D85"
"X11424.4",120,0.881604034047696,0.436634256051018,TRUE,2123,"FAH","Fumarylacetoacetase","FAAA","P16930"
"X7747.47",123,0.881434039904672,0.333257091244997,TRUE,2124,"NDUFB11","NADH dehydrogenase [ubiquinone] 1 beta subcomplex subunit 11, mitochondrial","NDUBB","Q9NX14"
"X24695.8",125,0.88142467369663,0.524708784542576,TRUE,2125,"PLEKHB1","Pleckstrin homology domain-containing family B member 1","PKHB1","Q9UF11"
"X6930.95",121,0.881315971328302,0.355086269507737,TRUE,2126,"ST8SIA6","Alpha-2,8-sialyltransferase 8F","SIA8F","P61647"
"X8405.108",122,0.881018556769172,0.496705767374239,TRUE,2127,"ADAM10","Disintegrin and metalloproteinase domain-containing protein 10:Extracellular domain","ADAM 10:ECD","O14672"
"X21821.9",118,0.880753145716529,0.332942736022887,TRUE,2128,"None","Peptidyl-prolyl cis-trans isomerase A-like 4D","PAL4D","F5H284"
"X11227.31",121,0.880734535427683,0.498013666496622,TRUE,2129,"TBL2","Transducin beta-like protein 2","TBL2","Q9Y4P3"
"X23288.28",124,0.880384115423475,0.564162722003845,TRUE,2130,"LRRC20","Leucine-rich repeat-containing protein 20","LRC20","Q8TCA0"
"X24476.18",125,0.880146498537473,0.42146796851288,TRUE,2131,"ASCC2","Activating signal cointegrator 1 complex subunit 2","ASC-1 complex subunit p100","Q9H1I8"
"X11067.13",124,0.879999370505012,0.306805683836778,TRUE,2132,"BGLAP","Osteocalcin","Osteocalcin","P02818"
"X6914.15",125,0.879587296905341,0.294306413009835,TRUE,2133,"AMIGO2","Amphoterin-induced protein 2","AMGO2","Q86SJ2"
"X6919.3",117,0.879334699704369,0.344247031195224,TRUE,2134,"HBZ","Hemoglobin subunit zeta","HBAZ","P02008"
"X4989.7",122,0.878599803031204,0.318201988344985,TRUE,2135,"FGG","Fibrinogen gamma chain","Fibrinogen g-chain dimer","P02679"
"X19617.5",124,0.877946832686001,0.301441570602607,TRUE,2136,"PTGR1","Prostaglandin reductase 1","LTB4DH","Q14914"
"X9383.24",123,0.877757676022045,0.442505433119591,TRUE,2137,"CHI3L2","Chitinase-3-like protein 2","CH3L2","Q15782"
"X13924.13",125,0.877743775041172,0.321193436825935,TRUE,2138,"MYZAP","Myocardial zonula adherens protein","MYZAP","P0CAP1"
"X7757.5",122,0.877398459962325,0.495698438612771,TRUE,2139,"HLA-DQA2","HLA class II histocompatibility antigen, DQ alpha 2 chain","DQA2","P01906"
"X25291.27",121,0.877333116535572,0.511459888829431,TRUE,2140,"PLEKHM2","Pleckstrin homology domain-containing family M member 2","PKHM2","Q8IWE5"
"X23345.2",124,0.877159961474785,0.411629124007967,TRUE,2141,"NECAB1","N-terminal EF-hand calcium-binding protein 1","NECA1","Q8N987"
"X12445.50",125,0.87674212816164,0.280277666271151,TRUE,2142,"ANKRD27","Ankyrin repeat domain-containing protein 27","ANR27","Q96NW4"
"X10876.300",124,0.8763923642258,0.401739208765351,TRUE,2143,"BRAT1","BRCA1-associated ATM activator 1","BRAT1","Q6PJG6"
"X21009.28",125,0.875881817958361,0.477111132395191,TRUE,2144,"SNTN","Sentan","SNTAN","A6NMZ2"
"X5687.5",125,0.875801932010914,0.280944949601763,TRUE,2145,"PRKCSH","Glucosidase 2 subunit beta","GLU2B","P14314"
"X3617.80",125,0.875789641865153,0.299121351666549,TRUE,2146,"HGFAC","Hepatocyte growth factor activator","HGFA","Q04756"
"X9583.17",125,0.875728191136347,0.362480887734722,TRUE,2147,"RNF24","RING finger protein 24","RNF24","Q9Y225"
"X6992.67",123,0.875720353057651,0.404576754350022,TRUE,2148,"HBD","Hemoglobin subunit delta","HBD","P02042"
"X10704.91",121,0.87571475027777,0.368832341876505,TRUE,2149,"IRAG2","Lymphoid-restricted membrane protein","LRMP","Q12912"
"X15432.1",122,0.875005370320798,0.358164045496509,TRUE,2150,"OTOR","Otoraplin","Otoraplin","Q9NRC9"
"X2381.52",125,0.874855590787307,0.264052509629339,TRUE,2151,"C5","Complement C5","C5","P01031"
"X22826.2",119,0.874846424768613,0.418567234920093,TRUE,2152,"VHLL","Von Hippel-Lindau-like protein","VHLL","Q6RSH7"
"X12384.92",124,0.874006578222621,0.384469781927268,TRUE,2153,"COPS7B","COP9 signalosome complex subunit 7b","CSN7B","Q9H9Q2"
"X11252.30",124,0.873886974174968,0.314050452266581,TRUE,2154,"LRCH4","Leucine-rich repeat and calponin homology domain-containing protein 4:Calponin Homology","LRCH4:CH","O75427"
"X10445.20",123,0.873777766311499,0.382960843676356,TRUE,2155,"APOM","Apolipoprotein M","ApoM","O95445"
"X6433.57",123,0.873701590823339,0.35483288594511,TRUE,2156,"FAM20A","Pseudokinase FAM20A","FA20A","Q96MK3"
"X21406.25",121,0.873118250430211,0.322805579981023,TRUE,2157,"MAP3K11","Mitogen-activated protein kinase kinase kinase 11","M3K11","Q16584"
"X11353.143",125,0.872895312538407,0.452278120456396,TRUE,2158,"SMAD2","Mothers against decapentaplegic homolog 2","SMAD2","Q15796"
"X18413.24",125,0.87271096035199,0.259695702254572,TRUE,2159,"ARL4D","ADP-ribosylation factor-like protein 4D","ARL4D","P49703"
"X9083.35",124,0.872690532995084,0.617219220596735,TRUE,2160,"SIRPA","Tyrosine-protein phosphatase non-receptor type substrate 1","SHPS1","P78324"
"X8803.61",123,0.872042774954207,0.25142231475242,TRUE,2161,"NECTIN1","Nectin-1, isoform gamma:Cytoplasmic domain","nectin-1 gamma:CD","Q15223"
"X5033.27",124,0.871985899312277,0.380323672417619,TRUE,2162,"TPM1","Tropomyosin alpha-1 chain","Tropomyosin 1 alpha chain","P09493"
"X7894.155",123,0.871966616251358,0.233634366814145,TRUE,2163,"FGF3","Fibroblast growth factor 3","FGF-3","P11487"
"X24271.9",121,0.871961898180611,0.544043260613927,TRUE,2164,"GMPPA","Mannose-1-phosphate guanyltransferase alpha","GMPPA","Q96IJ6"
"X6647.55",125,0.871641717670772,0.450661519230067,TRUE,2165,"UBC","PolyUbiquitin K63-linked","PolyUbiquitin K63","P0CG48"
"X8070.88",125,0.871432785192833,0.380878417088521,TRUE,2166,"DLG4","Disks large homolog 4","DLG4","P78352"
"X10457.3",125,0.871254578079296,0.302847047945911,TRUE,2167,"IL18RAP","Interleukin-18 receptor accessory protein","IL-18 Rb","O95256"
"X7935.26",119,0.871149935720976,0.374120163824884,TRUE,2168,"LARGE1","Glycosyltransferase-like protein LARGE1","LARGE","O95461"
"X7143.9",125,0.870652360937001,0.298367346749947,TRUE,2169,"None","N-acetyllactosaminide beta-1,6-N-acetylglucosaminyl-transferase, isoform C","GNT2C","Q8NFS9"
"X17372.5",123,0.870456546346371,0.513955995228386,TRUE,2170,"EIF4EBP1","Eukaryotic translation initiation factor 4E-binding protein 1","4EBP1","Q13541"
"X17510.7",125,0.870185335398078,0.40679609020418,TRUE,2171,"SRP14","Signal recognition particle 14 kDa protein","SRP14","P37108"
"X25070.18",125,0.870007128284542,0.361372105083356,TRUE,2172,"MICAL1","Protein-methionine sulfoxide oxidase MICAL1","MICA1","Q8TDZ2"
"X20381.21",123,0.869005350076913,0.314271843803891,TRUE,2173,"PIH1D2","PIH1 domain-containing protein 2","PIHD2","Q8WWB5"
"X24260.4",123,0.868877200563705,0.300874994491662,TRUE,2174,"SETD3","Histone-lysine N-methyltransferase setd3","SETD3","Q86TU7"
"X9117.4",123,0.868805407479788,0.448313571568301,TRUE,2175,"IL36G","Interleukin-36 gamma","IL-1F9","Q9NZH8"
"X2190.55",125,0.868495440355923,0.326406246767508,TRUE,2176,"F11","Coagulation Factor XI","Coagulation Factor XI","P03951"
"X21397.21",125,0.868477005137281,0.552293896225256,TRUE,2177,"PRTG","Protogenin","PRTG","Q2VWP7"
"X13966.30",125,0.867887078140747,0.419366704383274,TRUE,2178,"MYOM3","Myomesin-3","MYOM3","Q5VTT5"
"X19370.30",125,0.867794902047538,0.420388518182504,TRUE,2179,"HS3ST4","Heparan sulfate glucosamine 3-O-sulfotransferase 4","HS3S4","Q9Y661"
"X12880.1",124,0.867415348395097,0.320764535453736,TRUE,2180,"SV2A","Synaptic vesicle glycoprotein 2A","SV2A","Q7L0J3"
"X5930.54",125,0.86672565936632,0.489588377379728,TRUE,2181,"TNNI3","Troponin I, cardiac muscle","Troponin I","P19429"
"X23581.131",125,0.866688788929037,0.467114799140272,TRUE,2182,"GHRL","Obestatin","Obestatin","Q9UBU3"
"X21393.62",122,0.866623483494003,0.328963782645892,TRUE,2183,"AHCY","Adenosylhomocysteinase","SAHH","P23526"
"X9872.23",123,0.866483924022058,0.605093899562139,TRUE,2184,"CTNNA2","Catenin alpha-2","CTNA2","P26232"
"X19132.1",123,0.865865614075823,0.441606830054313,TRUE,2185,"MRPL2","39S ribosomal protein L2, mitochondrial","RM02","Q5T653"
"X25967.34",123,0.865852282072037,0.413405192178024,TRUE,2186,"TIMP1","Metalloproteinase inhibitor 1","TIMP-1","P01033"
"X12022.12",122,0.865685798227959,0.275871319842681,TRUE,2187,"SMAD4","Mothers against decapentaplegic homolog 4","SMAD4","Q13485"
"X8280.238",125,0.865564240591894,0.307629060501886,TRUE,2188,"VTN","Vitronectin","Vitronectin","P04004"
"X15324.58",125,0.865041909397046,0.388315664073,TRUE,2189,"FTL","Ferritin light chain","Ferritin light chain","P02792"
"X11205.10",122,0.864945966489309,0.390983347711227,TRUE,2190,"ITGB7","Integrin beta-7","Integrin beta-7","P26010"
"X22398.5",124,0.864909950458589,0.541927903368673,TRUE,2191,"ANP32C","Acidic leucine-rich nuclear phosphoprotein 32 family member C","AN32C","O43423"
"X14050.61",125,0.86443354718187,0.377089821431327,TRUE,2192,"EFNA4","Ephrin-A4","Ephrin-A4","P52798"
"X12746.4",108,0.863950569056115,0.482130246340683,TRUE,2193,"CYTH4","Cytohesin-4","CYH4","Q9UIA0"
"X19265.9",122,0.86392583902044,0.322652767465325,TRUE,2194,"TCP1","T-complex protein 1 subunit alpha","TCPA","P17987"
"X13032.1",121,0.863715968794778,0.60396981992513,TRUE,2195,"BECN1","Beclin-1","BECN1","Q14457"
"X3814.63",124,0.863594731126953,0.304010278796591,TRUE,2196,"IL11RA","Interleukin-11 receptor subunit alpha","IL-11 RA","Q14626"
"X12490.92",124,0.863506172217781,0.389484792667338,TRUE,2197,"LAMTOR3","Ragulator complex protein LAMTOR3","LTOR3","Q9UHA4"
"X5934.1",125,0.863149226949832,0.38754946415952,TRUE,2198,"FTH1|FTL","Ferritin","Ferritin","P02794|P02792"
"X9242.11",122,0.863093920095708,0.314512514213468,TRUE,2199,"BTC","Betacellulin","BTC","P35070"
"X23615.4",122,0.863074543603844,0.389320191056128,TRUE,2200,"TRMT112","TRM112-like protein","TR112","Q9UI30"
"X21707.15",125,0.86302632549222,0.514096360204797,TRUE,2201,"C1QL3","Complement C1q-like protein 3","C1QL3","Q5VWW1"
"X14133.93",125,0.862878843743087,0.281861700452514,TRUE,2202,"IL1R2","Interleukin-1 receptor type 2","IL-1 sRII","P27930"
"X14128.121",121,0.862427804407107,0.434992977323144,TRUE,2203,"IFNA10","Interferon alpha-10","IFN10","P01566"
"X23029.3",119,0.862396592677533,0.333950400903682,TRUE,2204,"SH3GL3","Endophilin-A3","SH3G3","Q99963"
"X8869.5",124,0.86238566761301,0.255931366362563,TRUE,2205,"BTN2A1","Butyrophilin subfamily 2 member A1","BT2A1","Q7KYR7"
"X14042.11",125,0.862129144851658,0.459808311018015,TRUE,2206,"SFRP1","Secreted frizzled-related protein 1","SARP-2","Q8N474"
"X20423.40",123,0.862071411986275,0.41779882048524,TRUE,2207,"CIB1","Calcium and integrin-binding protein 1","CIB1","Q99828"
"X9248.36",125,0.862006243394047,0.366952795844979,TRUE,2208,"MYDGF","Myeloid-derived growth factor","CS010","Q969H8"
"X23704.11",123,0.861942416346328,0.530033159248178,TRUE,2209,"C2CD2L","Transmembrane protein 24","TMM24","O14523"
"X8252.2",125,0.861858761644913,0.429168564742424,TRUE,2210,"NOTUM","Palmitoleoyl-protein carboxylesterase NOTUM","NOTUM","Q6P988"
"X24708.7",123,0.861801858164216,0.299988650154314,TRUE,2211,"DHRS3","Short-chain dehydrogenase/reductase 3","DHRS3","O75911"
"X12706.2",124,0.86166218151488,0.425123514356561,TRUE,2212,"CDC42BPA","Serine/threonine-protein kinase MRCK alpha","MRCKA","Q5VT25"
"X5739.75",121,0.861460863320563,0.412501646171659,TRUE,2213,"KRTDAP","Keratinocyte differentiation-associated protein","KTDAP","P60985"
"X19367.34",125,0.861459331907676,0.436791502080468,TRUE,2214,"ECI1","Enoyl-CoA delta isomerase 1, mitochondrial","D3D2","P42126"
"X22517.106",123,0.861318129194333,0.489814618559103,TRUE,2215,"NSMCE2","E3 SUMO-protein ligase NSE2","NSE2","Q96MF7"
"X7215.18",125,0.86117051348229,0.434474735070876,TRUE,2216,"CYB5R3","NADH-cytochrome b5 reductase 3","NADH-cytochrome b5 reductase","P00387"
"X15323.112",125,0.86116436840941,0.379590174678904,TRUE,2217,"AGO3","Protein argonaute-3","AGO3","Q9H9G7"
"X19755.38",125,0.860857114765381,0.588591593103227,TRUE,2218,"ATP5IF1","ATPase inhibitor, mitochondrial","ATIF1","Q9UII2"
"X9531.24",118,0.860766659970415,0.475308943430223,TRUE,2219,"LST1","Leukocyte-specific transcript 1 protein","LST1","O00453"
"X19230.12",121,0.860726819419791,0.503626610209553,TRUE,2220,"GSTT1","Glutathione S-transferase theta-1","GSTT1","P30711"
"X7137.8",125,0.860580586485756,0.446997265393256,TRUE,2221,"MSRA","Mitochondrial peptide methionine sulfoxide reductase","MSRA","Q9UJ68"
"X6461.54",123,0.860065981057051,0.471993649901134,TRUE,2222,"APOC3","Apolipoprotein C-III","Apo C-III","P02656"
"X3521.16",121,0.860036720120865,0.47000942023327,TRUE,2223,"CGA|TSHB","Thyroid Stimulating Hormone","TSH","P01215|P01222"
"X22955.28",123,0.859904285235159,0.459685854416432,TRUE,2224,"RBP1","Retinol-binding protein 1","CRBP","P09455"
"X10571.14",124,0.859364082161944,0.398115391969026,TRUE,2225,"MGAT1","Alpha-1,3-mannosyl-glycoprotein 2-beta-N-acetylglucosaminyltransferase","MGAT1","P26572"
"X6454.38",124,0.858948614162423,0.329376258282731,TRUE,2226,"ARHGDIA","Rho GDP-dissociation inhibitor 1","Rho-GDIa","P52565"
"X5410.53",124,0.858495821727019,0.466348097084726,TRUE,2227,"CDH15","Cadherin-15:Extracellular domain","CAD15:ECD","P55291"
"X23323.25",116,0.858454984794368,0.396818661838274,TRUE,2228,"DUPD1","Dual specificity phosphatase DUPD1","DUPD1","Q68J44"
"X6551.94",121,0.85835605765485,0.494251364198539,TRUE,2229,"SERPINA12","Serpin A12","Vaspin","Q8IW75"
"X3624.3",125,0.857956640365755,0.299359089498755,TRUE,2230,"PRSS27","Serine protease 27","Marapsin","Q9BQR3"
"X20116.30",116,0.857870049980777,0.417445188831179,TRUE,2231,"OXSR1","Serine/threonine-protein kinase OSR1","OXSR1","O95747"
"X9315.16",117,0.857863341376778,0.354380918171941,TRUE,2232,"MUL1","Mitochondrial ubiquitin ligase activator of NFKB 1:Mitochindrial intermembrane domain","MUL1:MIMD","Q969V5"
"X23597.11",125,0.857772288179338,0.384511209298811,TRUE,2233,"AGFG2","Arf-GAP domain and FG repeat-containing protein 2","AGFG2","O95081"
"X11160.56",125,0.857661676867488,0.367398709243018,TRUE,2234,"RNF122","RING finger protein 122","RN122","Q9H9V4"
"X18894.1",122,0.857124444371003,0.38060747416283,TRUE,2235,"GPX2","Glutathione peroxidase 2","GPX2","P18283"
"X21524.14",122,0.857013024353326,0.331972606895645,TRUE,2236,"USP5","Ubiquitin carboxyl-terminal hydrolase 5","UBP5","P45974"
"X9277.16",121,0.856933802158493,0.392871002721332,TRUE,2237,"REG3A","Regenerating islet-derived protein 3-alpha","PAP1","Q06141"
"X25123.198",124,0.856689171112475,0.429757517571417,TRUE,2238,"APEX2","DNA-(apurinic or apyrimidinic site) lyase 2","APEX2","Q9UBZ4"
"X8102.239",124,0.856594746864328,0.319901620508787,TRUE,2239,"RHEX","Uncharacterized protein C1orf186","CA186","Q6ZWK4"
"X3815.14",124,0.855958503559805,0.332251175230331,TRUE,2240,"IL12RB2","Interleukin-12 receptor subunit beta-2","IL-12 RB2","Q99665"
"X3418.12",124,0.855795288230017,0.310639504941206,TRUE,2241,"CAMK1D","Calcium/calmodulin-dependent protein kinase type 1D","CAMK1D","Q8IU85"
"X13474.40",124,0.855581259934218,0.357095390027635,TRUE,2242,"GSTK1","Glutathione S-transferase kappa 1","GSTK1","Q9Y2Q3"
"X7932.23",124,0.855480085863387,0.407227054011136,TRUE,2243,"SYT8","Synaptotagmin-8","SYT8","Q8NBV8"
"X13054.87",122,0.855400742924372,0.43507418361462,TRUE,2244,"PFN2","Profilin-2","Profilin II","P35080"
"X6518.85",124,0.855184678092001,0.38535308867793,TRUE,2245,"GHRL","Appetite-regulating hormone","ghrelin","Q9UBU3"
"X18942.11",123,0.855170612308079,0.347314858083468,TRUE,2246,"PSMB9","Proteasome subunit beta type-9","PSB9","P28065"
"X22536.1",125,0.855093036403412,0.409306560314398,TRUE,2247,"PPP1R42","Protein phosphatase 1 regulatory subunit 42","PPR42","Q7Z4L9"
"X6517.14",125,0.854681316520414,0.369841694381432,TRUE,2248,"GDF10","Growth/differentiation factor 10","BMP-3b","P55107"
"X15589.1",125,0.854410933313669,0.292268246669981,TRUE,2249,"GC","Vitamin D-binding protein","Gc-Globulin, Mixed Type","P02774"
"X3178.5",125,0.854410933313669,0.320856918599074,TRUE,2250,"CTSC","Dipeptidyl peptidase 1","CATC","P53634"
"X25468.5",125,0.854281886783177,0.415627611894614,TRUE,2251,"SOX9","SOX-9","SOX-9","P48436"
"X7842.52",123,0.854086581873533,0.366288264111265,TRUE,2252,"SERF1A","Small EDRK-rich factor 1","SERF1","O75920"
"X22504.3",125,0.85354447803751,0.339175569198403,TRUE,2253,"N4BP2L2","NEDD4-binding protein 2-like 2","N42L2","Q92802"
"X4272.46",125,0.853353980778212,0.399453407313011,TRUE,2254,"GPI","Glucose-6-phosphate isomerase","PHI","P06744"
"X5133.17",123,0.853300181560778,0.417521708568767,TRUE,2255,"TGFBR2","TGF-beta receptor type-2","TGF-b R II","P37173"
"X14099.20",125,0.852370769117322,0.410695764115696,TRUE,2256,"PSMA4","Proteasome subunit alpha type-4","PSA4","P25789"
"X7225.51",125,0.852266302878352,0.411377409201382,TRUE,2257,"MMGT1","Membrane magnesium transporter 1","MMGT1","Q8N4V1"
"X8097.77",123,0.851779471898662,0.299794181953533,TRUE,2258,"LIPN","Lipase member N","LIPN","Q5VXI9"
"X5001.6",122,0.851651602029182,0.485179712555723,TRUE,2259,"SCGB2A1","Mammaglobin-B","Mammaglobin 2","O75556"
"X13942.140",124,0.851615441512047,0.328186242010727,TRUE,2260,"SPSB1","SPRY domain-containing SOCS box protein 1","SPSB1","Q96BD6"
"X14157.21",125,0.851516603986923,0.37038566686596,TRUE,2261,"YWHAE","14-3-3 protein epsilon","14-3-3E","P62258"
"X12575.30",123,0.851410401529883,0.409803052263344,TRUE,2262,"MTHFD1","C-1-tetrahydrofolate synthase, cytoplasmic","C1TC","P11586"
"X4314.12",125,0.851332251800506,0.368012522513038,TRUE,2263,"DCTPP1","dCTP pyrophosphatase 1","XTP3A","Q9H773"
"X17808.37",124,0.851142851747169,0.405016848133424,TRUE,2264,"NIT2","Omega-amidase NIT2","NIT2","Q9NQR4"
"X20577.5",124,0.850678433952228,0.519526915269379,TRUE,2265,"FZD8","Frizzled-8","FZD8","Q9H461"
"X4129.72",124,0.850532710133295,0.314738407096051,TRUE,2266,"CFB","Complement factor B","Factor B","P00751"
"X8653.132",125,0.850213848536244,0.592293330151668,TRUE,2267,"DNAJC4","DnaJ homolog subfamily C member 4:C-term","DNJC4:C-term","Q9NNZ3"
"X3634.5",122,0.850105919950295,0.472360926677991,TRUE,2268,"OPCML","Opioid-binding protein/cell adhesion molecule","OBCAM","Q14982"
"X8240.207",125,0.849918885037977,0.520360804648447,TRUE,2269,"GPNMB","Transmembrane glycoprotein NMB:Extracellular domain","GPNMB:ECD","Q14956"
"X11266.8",124,0.849632059021636,0.358693241569183,TRUE,2270,"SELPLG","P-selectin glycoprotein ligand 1:Extracellular domain","SELPL:ECD","Q14242"
"X13042.7",125,0.849587051102426,0.442072571283007,TRUE,2271,"KCNA10","Potassium voltage-gated channel subfamily A member 10","KCA10","Q16322"
"X18328.36",124,0.849298899957509,0.497174672337678,TRUE,2272,"PYCR2","Pyrroline-5-carboxylate reductase 2","P5CR2","Q96C36"
"X10882.12",125,0.849279797458398,0.3892349549116,TRUE,2273,"DSC1","Desmocollin-1","Desmocollin-1","Q08554"
"X21188.38",125,0.849218346729592,0.37202757839843,TRUE,2274,"RWDD4","RWD domain-containing protein 4","RWDD4","Q6NW29"
"X16304.6",120,0.849202986629623,0.512322575017918,TRUE,2275,"LGR4","Leucine-rich repeat-containing G-protein coupled receptor 4","LGR4","Q9BXB1"
"X3719.2",122,0.849147019359785,0.380766362274274,TRUE,2276,"CDKN1B","Cyclin-dependent kinase inhibitor 1B","p27Kip1","P46527"
"X12724.81",122,0.849075310322947,0.395236886156955,TRUE,2277,"CIRBP","Cold-inducible RNA-binding protein","CIRBP","Q14011"
"X9059.14",124,0.848876662658869,0.407155410375733,TRUE,2278,"RAPGEF5","Rap guanine nucleotide exchange factor 5","RPGF5","Q92565"
"X21344.31",120,0.848735526800164,0.447303152793467,TRUE,2279,"TFB1M","Dimethyladenosine transferase 1, mitochondrial","TFB1M","Q8WVM0"
"X5280.68",124,0.848675223628798,0.441308010450966,TRUE,2280,"SLC25A18","Mitochondrial glutamate carrier 2","GHC2","Q9H1K4"
"X5383.14",123,0.848359664483422,0.388549495457165,TRUE,2281,"TNFRSF13C","Tumor necrosis factor receptor superfamily member 13C","BAFF Receptor","Q96RJ3"
"X9468.8",125,0.84821669985006,0.591336628412032,TRUE,2282,"LMAN2","Vesicular integral-membrane protein VIP36","Lectin, mannose-binding 2","Q12907"
"X7861.9",124,0.84773727314503,0.494692012165074,TRUE,2283,"ROR2","Tyrosine-protein kinase transmembrane receptor ROR2","ROR2","Q01974"
"X10608.9",123,0.84735448626371,0.361143977774709,TRUE,2284,"HTN1","Histatin-1","HIS1","P15515"
"X2859.69",125,0.84636703291301,0.258797430811973,TRUE,2285,"HDAC8","Histone deacetylase 8","HDAC8","Q9BY41"
"X5717.2",123,0.846056603286809,0.381136235795833,TRUE,2286,"CILP","Cartilage intermediate layer protein 1","CILP","O75339"
"X6042.52",124,0.845943206783459,0.488726418694857,TRUE,2287,"TNC","Tenascin","Tenascin","P24821"
"X10623.19",123,0.845605118546993,0.40955718865951,TRUE,2288,"MUC1","Mucin-1:region 1","MUC1:region 1","P15941"
"X12747.89",124,0.844697291597816,0.366925844707841,TRUE,2289,"RBM3","RNA-binding protein 3","RBM3","P98179"
"X22984.10",122,0.844487701057877,0.400920254594788,TRUE,2290,"EIF4A2","Eukaryotic initiation factor 4A-II","IF4A2","Q14240"
"X20408.11",124,0.844092485694681,0.320112564458802,TRUE,2291,"TOMM20","Mitochondrial import receptor subunit TOM20 homolog","TOM20","Q15388"
"X16015.19",123,0.843393853397401,0.449813814866634,TRUE,2292,"GPT","Alanine aminotransferase 1","ALT","P24298"
"X21193.1",124,0.843337089331915,0.605492168617387,TRUE,2293,"TFB2M","Dimethyladenosine transferase 2, mitochondrial","TFB2M","Q9H5Q4"
"X12871.10",122,0.843217608275361,0.50519104329462,TRUE,2294,"TWF1","Twinfilin-1","TWF1","Q12792"
"X12721.4",124,0.842713887332633,0.417266584034243,TRUE,2295,"TAX1BP1","Tax1-binding protein 1","TAXB1","Q86VP1"
"X19316.2",123,0.842632784030443,0.487392240508373,TRUE,2296,"HSCB","Iron-sulfur cluster co-chaperone protein HscB, mitochondrial","HSC20","Q8IWL3"
"X24499.36",122,0.84262325421533,0.418704564204399,TRUE,2297,"LGSN","Lengsin","LGSN","Q5TDP6"
"X17377.1",122,0.842523588413173,0.443650401446809,TRUE,2298,"AKR1C3","Aldo-keto reductase family 1 member C3","Aldose reductase-like C3","P42330"
"X11287.14",125,0.841801243762751,0.390727260233895,TRUE,2299,"CYB5A","Cytochrome b5","Cytochrome b5","P00167"
"X18196.8",125,0.841782808544109,0.335128628557248,TRUE,2300,"AFM","Afamin","Afamin","P43652"
"X19302.7",125,0.841180591401814,0.397628701199998,TRUE,2301,"GIMAP6","GTPase IMAP family member 6","GIMA6","Q6P9H5"
"X22476.115",124,0.841140644917615,0.654878602124806,TRUE,2302,"HOXD4","Homeobox protein Hox-D4","HXD4","P09016"
"X23361.20",124,0.841052515619344,0.492912984648984,TRUE,2303,"RBM4","RNA-binding protein 4","RBM4","Q9BWF3"
"X5694.57",125,0.840719710935772,0.398178260196321,TRUE,2304,"SMOC1","SPARC-related modular calcium-binding protein 1","SMOC1","Q9H4F8"
"X8364.74",125,0.840541503822235,0.389070967546289,TRUE,2305,"UST","Uronyl 2-sulfotransferase","UST","Q9Y2C2"
"X6236.51",119,0.839254999020673,0.317140161240072,TRUE,2306,"CTHRC1","Collagen triple helix repeat-containing protein 1","CTHR1","Q96CG8"
"X3343.1",123,0.838975261940927,0.397786149853964,TRUE,2307,"ACY1","Aminoacylase-1","Aminoacylase-1","Q03154"
"X3042.7",122,0.838881636564932,0.360111442634584,TRUE,2308,"MB","Myoglobin","Myoglobin","P02144"
"X11872.9",125,0.838071184524248,0.555127728790319,TRUE,2309,"PCDHGB1","Protocadherin gamma-B1","PCDGD","Q9Y5G3"
"X10438.19",125,0.83667625298036,0.379232105490803,TRUE,2310,"CSF2RA","Granulocyte-macrophage colony-stimulating factor receptor subunit alpha","CSF2R","P15509"
"X19317.114",121,0.836669433105808,0.452496995470243,TRUE,2311,"ACP3","Prostatic acid phosphatase","Prostatic acid phosphatase","P15309"
"X9436.2",125,0.836590221960033,0.463745731819639,TRUE,2312,"ID1","DNA-binding protein inhibitor ID-1","ID-1","P41134"
"X3177.49",125,0.836061745692304,0.362113889311601,TRUE,2313,"CA4","Carbonic anhydrase 4","Carbonic Anhydrase IV","P22748"
"X21308.44",122,0.83485080324006,0.498335631524233,TRUE,2314,"DHRS4","Dehydrogenase/reductase SDR family member 4","DHRS4","Q9BTZ2"
"X11672.17",122,0.834830428374082,0.427103050013412,TRUE,2315,"KIF16B","Kinesin-like protein KIF16B","KI16B","Q96L93"
"X23306.37",125,0.834543912690805,0.461428787961314,TRUE,2316,"PMF1","Polyamine-modulated factor 1","PMF1","Q6P1K2"
"X7638.30",125,0.834445591524716,0.428919156019342,TRUE,2317,"LMAN2","Vesicular integral-membrane protein VIP36","Lectin, mannose-binding 2","Q12907"
"X9099.19",125,0.834205933682374,0.289606258779226,TRUE,2318,"SYT5","Synaptotagmin-5","SYT5","O00445"
"X23022.5",124,0.834159023524302,0.530832608346382,TRUE,2319,"GDI1","Rab GDP dissociation inhibitor alpha","RhoGDI","P31150"
"X11094.104",123,0.834094397791623,0.599246035976941,TRUE,2320,"CLC","Galectin-10","LPPL","Q05315"
"X2997.8",124,0.833642836009745,0.392620647512958,TRUE,2321,"JAM2","Junctional adhesion molecule B","JAM-B","P57087"
"X6941.11",125,0.833505395373989,0.440536786936389,TRUE,2322,"SUMF1","Sulfatase-modifying factor 1","SUMF1","Q8NBK3"
"X13496.19",125,0.83330260796893,0.293551393388576,TRUE,2323,"HMGCS1","Hydroxymethylglutaryl-CoA synthase, cytoplasmic","HMCS1","Q01581"
"X9598.23",125,0.832946193741858,0.52862356859133,TRUE,2324,"CSMD1","CUB and sushi domain-containing protein 1","CSMD1","Q96PZ7"
"X22059.56",125,0.832915468377455,0.460362042655815,TRUE,2325,"PALMD","Palmdelphin","PALMD","Q9NP74"
"X20197.14",125,0.831569697416611,0.347952393918393,TRUE,2326,"VSNL1","Visinin-like protein 1","VISL1","P62760"
"X5349.69",125,0.831317749428508,0.541029596825074,TRUE,2327,"DLL1","Delta-like protein 1","DLL1","O00548"
"X19303.64",125,0.830586485755721,0.358225540633752,TRUE,2328,"PET117","Protein PET117 homolog, mitochondrial","PT117","Q6UWS5"
"X18935.14",125,0.83057419560996,0.412949641520692,TRUE,2329,"TLR5","Toll-like receptor 5","TLR5","O60602"
"X4237.70",124,0.829798216651926,0.592576830067332,TRUE,2330,"LCMT1","Leucine carboxyl methyltransferase 1","LCMT1","Q9UIC8"
"X10705.14",121,0.82962405913159,0.560024588518403,TRUE,2331,"ST6GALNAC3","Alpha-N-acetylgalactosaminide alpha-2,6-sialyltransferase 3","SIA7C","Q8NDV1"
"X6274.15",125,0.829468082491458,0.468139801711552,TRUE,2332,"WSCD2","WSC domain-containing protein 2","WSCD2","Q2TBF2"
"X15644.1",123,0.829436065129688,0.436849107197339,TRUE,2333,"BTD","Biotinidase","Biotinidase","P43251"
"X12400.25",124,0.829374846560114,0.462719555760289,TRUE,2334,"UBE2T","Ubiquitin-conjugating enzyme E2 T","UBE2T","Q9NPD8"
"X18186.15",125,0.829203844357594,0.407390300791302,TRUE,2335,"TARS1","Threonine--tRNA ligase, cytoplasmic","SYTC","P26639"
"X10435.2",125,0.829173118993191,0.497701752832048,TRUE,2336,"AGA","N(4)-(beta-N-acetylglucosaminyl)-L-asparaginase","ASPG","P20933"
"X12777.11",124,0.828865492658515,0.526048357620165,TRUE,2337,"SF1","Splicing factor 1","SF01","Q15637"
"X4151.6",125,0.828755254037313,0.35574657705163,TRUE,2338,"PLG","Plasminogen","Plasminogen","P00747"
"X14022.17",125,0.82839269473736,0.355732168243699,TRUE,2339,"IL17B","Interleukin-17B","IL-17B","Q9UHF5"
"X25052.3",124,0.828235457046274,0.440719622369553,TRUE,2340,"CRLF3","Cytokine receptor-like factor 3","CRLF3","Q8IUI8"
"X8556.5",124,0.828004167230586,0.51884068330796,TRUE,2341,"RETREG1","Protein FAM134B","F134B","Q9H6L5"
"X22801.83",125,0.827931814271317,0.364583216978983,TRUE,2342,"TERB2","Telomere repeats-binding bouquet formation protein 2","TERB2","Q8NHR7"
"X2475.1",124,0.827731859471097,0.302682925993788,TRUE,2343,"KIT","Mast/stem cell growth factor receptor Kit","SCF sR","P10721"
"X3049.61",124,0.827593370137923,0.409427738382806,TRUE,2344,"PRSS1","Trypsin-1","Trypsin","P07477"
"X6284.7",123,0.827590877428343,0.478582610215914,TRUE,2345,"ALKAL2","ALK and LTK ligand 2","F150B","Q6UX46"
"X13506.10",125,0.827581545117125,0.511649007420742,TRUE,2346,"DUS2","tRNA-dihydrouridine(20) synthase [NAD(P)+]-like","DUS2L","Q9NX74"
"X6280.11",123,0.82713294290653,0.312603866780338,TRUE,2347,"PCDH8","Protocadherin-8","PCDH8","O95206"
"X17176.13",123,0.826727724209101,0.412142022658653,TRUE,2348,"PSIP1","PC4 and SFRS1-interacting protein","PSIP1","O75475"
"X11375.49",120,0.824998610879591,0.412257758024476,TRUE,2349,"FOXL2","Forkhead box protein L2","FOXL2","P58012"
"X8790.6",124,0.824723415639803,0.360521998631797,TRUE,2350,"ARSA","Arylsulfatase A","Arylsulfatase A","P15289"
"X3046.31",120,0.823896313172006,0.429791904534948,TRUE,2351,"RETN","Resistin","resistin","Q9HD89"
"X8833.20",124,0.823860453111918,0.316335240992899,TRUE,2352,"TNFSF10","Tumor necrosis factor ligand superfamily member 10","TRAIL","P50591"
"X12409.90",122,0.823774162312576,0.372408067426473,TRUE,2353,"RAB7B","Ras-related protein Rab-7b","RAB7B","Q96AH8"
"X12668.7",122,0.823681627554207,0.446035838618393,TRUE,2354,"VPS4B","Vacuolar protein sorting-associated protein 4B","VPS4B","O75351"
"X16035.8",124,0.823558294566812,0.515658575370833,TRUE,2355,"FLT4","Vascular endothelial growth factor receptor 3","VEGF sR3","P35916"
"X22076.34",125,0.823366025121058,0.521522583091238,TRUE,2356,"ATOH1","Protein atonal homolog 1","ATOH1","Q92858"
"X11164.7",124,0.822267825780419,0.423653744129573,TRUE,2357,"TENM2","Teneurin-2","TEN2","Q9NT68"
"X23675.16",124,0.822149900697791,0.648736309349298,TRUE,2358,"CEP76","Centrosomal protein of 76 kDa","CEP76","Q8TAP6"
"X16749.79",125,0.821799031536514,0.45770283917951,TRUE,2359,"GDF10","Growth/differentiation factor 10","BMP-3b","P55107"
"X21901.14",125,0.821577808912814,0.390381392805931,TRUE,2360,"ITGA3|ITGB1","Integrin a3b1","Integrin a3b1","P26006|P05556"
"X4960.72",124,0.821557055851943,0.370342892567013,TRUE,2361,"ANXA1","Annexin A1","annexin I","P04083"
"X22528.1",125,0.821344296143352,0.480370853070149,TRUE,2362,"PHF11","PHD finger protein 11","PHF11","Q9UIL8"
"X20142.42",125,0.820932576260354,0.515307495845512,TRUE,2363,"UBE2C","Ubiquitin-conjugating enzyme E2 C","UBE2C","O00762"
"X22124.94",123,0.820928830110065,0.329056005248312,TRUE,2364,"DYTN","Dystrotelin","DYTN","A2CJ06"
"X25438.288",124,0.820826277721473,0.391550764372266,TRUE,2365,"NT5DC1","5'-nucleotidase domain-containing protein 1","NT5D1","Q5TFE4"
"X18870.1",125,0.820785094511221,0.473211587298336,TRUE,2366,"CD3E","T-cell surface glycoprotein CD3 epsilon chain","CD3E","P07766"
"X8352.26",125,0.820311923899417,0.385394367667157,TRUE,2367,"SIGLEC12","Sialic acid-binding Ig-like lectin 12:Ig-like C2-type 2 domain, Isoform short","SIG12:Ig-like C2-type 2","Q96PQ1"
"X20528.23",124,0.820260296177392,0.474828981783868,TRUE,2368,"CD68","Macrosialin","CD68","P34810"
"X3376.49",123,0.81999948401744,0.552339363361645,TRUE,2369,"IL17RD","Interleukin-17 receptor D","IL-17 RD","Q8NFM7"
"X8587.21",125,0.819531499643586,0.476091704306512,TRUE,2370,"SPINK14","Serine protease inhibitor Kazal-type 14","ISK52","Q6IE38"
"X6369.82",125,0.819500774279183,0.478865190263603,TRUE,2371,"DEAF1","Deformed epidermal autoregulatory factor 1 homolog","DEAF1","O75398"
"X13747.9",117,0.819359721826711,0.330231159973593,TRUE,2372,"CA6","Carbonic anhydrase 6","Carbonic anhydrase 6","P23280"
"X13587.10",119,0.819149163479413,0.417673243408917,TRUE,2373,"RACGAP1","Rac GTPase-activating protein 1","RGAP1","Q9H0H5"
"X10815.2",120,0.819071499020657,0.361796391972593,TRUE,2374,"HABP4","Intracellular hyaluronan-binding protein 4","HABP4","Q5JVS0"
"X12670.15",124,0.819027625213634,0.416195935611572,TRUE,2375,"RAD1","Cell cycle checkpoint protein RAD1","RAD1","O60671"
"X13105.7",124,0.819013896101852,0.555767007156524,TRUE,2376,"SNAP25","Synaptosomal-associated protein 25","SNP25","P60880"
"X3052.8",123,0.81882620795965,0.517353651153818,TRUE,2377,"FASLG","Tumor necrosis factor ligand superfamily member 6, soluble form","Fas ligand, soluble","P48023"
"X12531.5",123,0.818716562019291,0.454481150056235,TRUE,2378,"ERVV-1","Endogenous retrovirus group V member 1 Env polyprotein","ERVV1","B6SEH8"
"X11174.8",119,0.818545701882774,0.495410634142488,TRUE,2379,"THSD7A","Thrombospondin type-1 domain-containing protein 7A:Thrombospondin type-1 domain 6","THS7A:TSP type-1 domain 6","Q9UPZ6"
"X19784.16",122,0.817804466153536,0.464428028500642,TRUE,2380,"LY6D","Lymphocyte antigen 6D","LY6D","Q14210"
"X6230.56",121,0.817421173154836,0.392960252939518,TRUE,2381,"CER1","Cerberus","CER1","O95813"
"X14132.21",117,0.817180369146377,0.465746915981277,TRUE,2382,"HHLA2","HERV-H LTR-associating protein 2","HHLA2","Q9UM44"
"X12856.14",125,0.817005874689674,0.477812565524327,TRUE,2383,"TMEM237","Transmembrane protein 237","TM237","Q96Q45"
"X10528.2",125,0.816336061745692,0.596827590118918,TRUE,2384,"DPEP1","Dipeptidase 1","DPEP1","P16444"
"X20376.64",122,0.816303464139121,0.397010157191997,TRUE,2385,"TATDN1","Putative deoxyribonuclease TATDN1","TATD1","Q6P1N9"
"X10908.2",122,0.815430374935968,0.317631209762102,TRUE,2386,"GALNT13","Polypeptide N-acetylgalactosaminyltransferase 13","GLT13","Q8IUC8"
"X2474.54",125,0.814492539881523,0.414512018551049,TRUE,2387,"APCS","Serum amyloid P-component","SAP","P02743"
"X13463.1",123,0.814331323164243,0.351846881884333,TRUE,2388,"PXDN","Peroxidasin homolog","PXDN","Q92626"
"X20185.44",124,0.814067235936384,0.51275985878949,TRUE,2389,"DLAT","Dihydrolipoyllysine-residue acetyltransferase component of pyruvate dehydrogenase complex, mitochondrial","ODP2","P10515"
"X7886.26",125,0.813540053585036,0.360638983128731,TRUE,2390,"SPTLC1","Serine palmitoyltransferase 1","SPTC1","O15269"
"X2278.61",123,0.8130677768784,0.440329446765552,TRUE,2391,"TIMP2","Metalloproteinase inhibitor 2","TIMP-2","P16035"
"X19356.20",125,0.813066882973232,0.550266532315641,TRUE,2392,"TOM1L2","TOM1-like protein 2","TM1L2","Q6ZVM7"
"X4423.77",122,0.812828622322689,0.390003250869129,TRUE,2393,"BCL2L1","Bcl-2-like protein 1","BCL2-like 1 protein","Q07817"
"X8633.18",123,0.812782781717507,0.534059303945708,TRUE,2394,"RNF128","E3 ubiquitin-protein ligase RNF128:region 2","RN128:region 2","Q8TEB7"
"X18308.30",125,0.812771919474965,0.548105624622242,TRUE,2395,"STXBP6","Syntaxin-binding protein 6","STXB6","Q8NFX7"
"X6597.24",125,0.812704323673279,0.377254367831261,TRUE,2396,"FAM174A","Membrane protein FAM174A","TM157","Q8TBP5"
"X22842.85",125,0.812108251603864,0.356946636697947,TRUE,2397,"ZNF69","Zinc finger protein 69","ZNF69","Q9UC07"
"X25913.17",125,0.811868593761522,0.442997627577067,TRUE,2398,"FTH1","Ferritin heavy chain","FRIH","P02794"
"X3045.72",125,0.811610500700538,0.388455901999981,TRUE,2399,"PTN","Pleiotrophin","PTN","P21246"
"X7803.4",125,0.811321682275152,0.42553496244691,TRUE,2400,"CHST1","Carbohydrate sulfotransferase 1","CHST1","O43916"
"X9016.12",124,0.81108225925751,0.46841772382647,TRUE,2401,"NR1H2","Oxysterols receptor LXR-beta","NR1H2","P55055"
"X18214.2",119,0.810554505019426,0.499031479360302,TRUE,2402,"GCLM","Glutamate--cysteine ligase regulatory subunit","GSH0","P48507"
"X14061.48",125,0.810553548165081,0.441872335436255,TRUE,2403,"TNFSF11","Tumor necrosis factor ligand superfamily member 11","sRANKL","O14788"
"X18216.22",122,0.810494171924108,0.47988429800369,TRUE,2404,"IL11RA","Interleukin-11 receptor subunit alpha","IL-11 RA","Q14626"
"X13982.33",125,0.810289310031217,0.427663121456923,TRUE,2405,"RGS18","Regulator of G-protein signaling 18","RGS18","Q9NS28"
"X4328.2",125,0.81020942408377,0.368452058415259,TRUE,2406,"BOC","Brother of CDO","BOC","Q9BWV1"
"X9936.27",125,0.809932895804144,0.597113458261334,TRUE,2407,"LNX1","E3 ubiquitin-protein ligase LNX","LNX1","Q8TBB1"
"X24954.83",125,0.809902170439742,0.554076649724992,TRUE,2408,"AP1B1","AP-1 complex subunit beta-1","AP1B1","Q10567"
"X2999.6",125,0.809576481577072,0.368608014390462,TRUE,2409,"LSAMP","Limbic system-associated membrane protein","LSAMP","Q13449"
"X17758.79",118,0.809076465109484,0.348168239514287,TRUE,2410,"DCXR","L-xylulose reductase","DCXR","Q7Z4W1"
"X15516.12",125,0.80869159108227,0.420420694714738,TRUE,2411,"SAA4","Serum amyloid A-4 protein","SAA-4","P35542"
"X25257.162",124,0.808381725760508,0.426889923966824,TRUE,2412,"OLIG1","Oligodendrocyte transcription factor 1","OLIG1","Q8TAK6"
"X14674.63",121,0.808310778538449,0.543796546426992,TRUE,2413,"PACSIN3","Protein kinase C and casein kinase substrate in neurons protein 3","PACN3","Q9UKS6"
"X21221.67",125,0.808015633065408,0.520225513141609,TRUE,2414,"SERPINB9","Serpin B9","Serpin B9","P50453"
"X21967.20",125,0.807585477963769,0.446203688383989,TRUE,2415,"HSD11B1","Corticosteroid 11-beta-dehydrogenase isozyme 1","DHI1","P28845"
"X9765.4",123,0.807222465880653,0.362121787568498,TRUE,2416,"NDE1","Nuclear distribution protein nudE homolog 1","NDE1","Q9NXR1"
"X23589.21",122,0.807135822543012,0.625430073959008,TRUE,2417,"PPP1R27","Protein phosphatase 1 regulatory subunit 27","PPR27","Q86WC6"
"X4905.63",118,0.807063103338703,0.452378785685246,TRUE,2418,"COTL1","Coactosin-like protein","Coactosin-like protein","Q14019"
"X11510.51",125,0.806712877614729,0.502292188445977,TRUE,2419,"APOL1","Apolipoprotein L1","Apo L1","O14791"
"X12077.32",125,0.805453137674213,0.411892591015117,TRUE,2420,"MSTN","Growth/differentiation factor 8","Myostatin","O14793"
"X25413.80",125,0.805360961581004,0.339037875855112,TRUE,2421,"GAGE2B","G antigen 2","GAGE-2","Q13066"
"X19177.7",125,0.805354816508124,0.349806770434781,TRUE,2422,"MOB1B","MOB kinase activator 1B","MOL1A","Q7L9L4"
"X13510.7",118,0.805207659913291,0.490507666952457,TRUE,2423,"ATP2A3","Sarcoplasmic/endoplasmic reticulum calcium ATPase 3","AT2A3","Q93084"
"X11364.18",125,0.805145884030185,0.486678745936288,TRUE,2424,"MFN1","Mitofusin-1","MFN1","Q8IWA4"
"X12572.236",125,0.805010692426812,0.575356796586356,TRUE,2425,"EFS","Embryonal Fyn-associated substrate","EFS","O43281"
"X24435.1",125,0.804900081114962,0.320043568828763,TRUE,2426,"DNM1","Dynamin-1","Dynamin","Q05193"
"X11105.171",124,0.803912311348221,0.358685347979724,TRUE,2427,"ENO1","Alpha-enolase","Alpha enolase","P06733"
"X12514.16",124,0.803571765801948,0.378210568890412,TRUE,2428,"METTL1","tRNA (guanine-N(7)-)-methyltransferase","METTL1","Q9UBP6"
"X7871.16",125,0.803382248113463,0.542617342508558,TRUE,2429,"TMEM132A","Transmembrane protein 132A","T132A","Q24JP5"
"X9764.79",124,0.803055578287391,0.427264263002174,TRUE,2430,"HNRNPF","Heterogeneous nuclear ribonucleoprotein F","HNRPF","P52597"
"X12859.33",125,0.802976673303345,0.38372281863955,TRUE,2431,"ECI2","Enoyl-CoA delta isomerase 2, mitochondrial","PECI","O75521"
"X9039.47",112,0.802878988509675,0.335636093091574,TRUE,2432,"TOR1AIP1","Torsin-1A-interacting protein 1:Nuclear domain","TOIP1:Nuclear","Q5JTV8"
"X8813.160",124,0.802414113277623,0.42791886533776,TRUE,2433,"TXN","Thioredoxin","Thioredoxin","P10599"
"X15394.79",125,0.802337585723767,0.50392024721245,TRUE,2434,"UNC5B","Netrin receptor UNC5B","UNC5B","Q8IZJ1"
"X11462.8",125,0.802233119484797,0.528023182227896,TRUE,2435,"RBFOX2","RNA binding protein fox-1 homolog 2","RBM9","O43251"
"X22802.13",124,0.801790289379757,0.391472554310705,TRUE,2436,"TEX30","Testis-expressed protein 30","TEX30","Q5JUR7"
"X3170.6",120,0.801574595324834,0.387266181506057,TRUE,2437,"METAP2","Methionine aminopeptidase 2","AMPM2","P50579"
"X3091.70",125,0.801151586657818,0.453378347531076,TRUE,2438,"AURKA","Aurora kinase A","Aurora kinase A","O14965"
"X25422.58",125,0.801059410564609,0.368911417232623,TRUE,2439,"RPP40","Ribonuclease P protein subunit p40","RPP40","O75818"
"X8776.10",124,0.800455755805536,0.464370679391862,TRUE,2440,"ERLIN1","Erlin-1","ERLN1","O75477"
"X10626.116",125,0.800229825725733,0.566629676332418,TRUE,2441,"ST6GALNAC3","Alpha-N-acetylgalactosaminide alpha-2,6-sialyltransferase 3","SIA7C","Q8NDV1"
"X5628.21",125,0.800045473539316,0.512878666908422,TRUE,2442,"SEMA3G","Semaphorin-3G","SEM3G","Q9NS98"
"X13377.3",123,0.799826502542802,0.500838480163188,TRUE,2443,"CYB561D1","Cytochrome b561 domain-containing protein 1","C56D1","Q8N8Q1"
"X3314.74",125,0.798798023744562,0.462914671449821,TRUE,2444,"GFRA1","GDNF family receptor alpha-1","GFRa-1","P56159"
"X22806.1",125,0.798724282869995,0.469432185006206,TRUE,2445,"THAP2","THAP domain-containing protein 2","THAP2","Q9H0W7"
"X11201.19",124,0.798592444777378,0.544768879503668,TRUE,2446,"PUS1","tRNA pseudouridine synthase A, mitochondrial","TRUA","Q9Y606"
"X4832.75",120,0.798484448580994,0.489245588631686,TRUE,2447,"TNFRSF10A","Tumor necrosis factor receptor superfamily member 10A","TRAIL R1","O00220"
"X21799.15",123,0.797142110813347,0.447914521004113,TRUE,2448,"HOMER3","Homer protein homolog 3","HOME3","Q9NSC5"
"X3326.58",124,0.797100536960915,0.343639274239208,TRUE,2449,"CADM1","Cell adhesion molecule 1","Nectin-like protein 2","Q9BY67"
"X5384.67",122,0.797063994606528,0.434213219800094,TRUE,2450,"BRF1","Transcription factor IIIB 90 kDa subunit","BRF-1","Q92994"
"X20517.1",125,0.796419880539783,0.423679564696338,TRUE,2451,"DSG2","Desmoglein-2","Desmoglein-2","Q14126"
"X11587.5",123,0.79625204376808,0.423505488727405,TRUE,2452,"MGA","MAX gene-associated protein","MGAP","Q8IWI9"
"X24247.13",123,0.795426474334788,0.525611342129151,TRUE,2453,"C15orf40","UPF0235 protein C15orf40","CO040","Q8WUR7"
"X9378.6",125,0.795092544797581,0.485463417866921,TRUE,2454,"FIBCD1","Fibrinogen C domain-containing protein 1","FBCD1","Q8N539"
"X23262.11",120,0.79502691439486,0.538340967034739,TRUE,2455,"CRYBB3","Beta-crystallin B3","CRBB3","P26998"
"X7118.24",124,0.794904238075004,0.45380257336734,TRUE,2456,"IGDCC3","Immunoglobulin superfamily DCC subclass member 3:Extracellular domain","IGDC3:ECD","Q8IVU1"
"X23426.1",125,0.793943416168916,0.352937058745482,TRUE,2457,"VCX","Variable charge X-linked protein 1","VCX1","Q9H320"
"X14286.2",122,0.793897292348977,0.455075349399813,TRUE,2458,"NFATC1","Nuclear factor of activated T-cells, cytoplasmic 1","NF-ATc1","O95644"
"X25459.3",122,0.793849662078424,0.436468773650511,TRUE,2459,"MACROD2","O-acetyl-ADP-ribose deacetylase MACROD2","MACD2","A1Z1Q3"
"X21220.11",123,0.793801799477571,0.431586736498317,TRUE,2460,"SAR1B","GTP-binding protein SAR1b","SAR1B","Q9Y6B6"
"X9265.10",125,0.792960204508026,0.443536384279836,TRUE,2461,"GLIPR1","Glioma pathogenesis-related protein 1","GLIP1","P48060"
"X9178.30",125,0.792868028414817,0.555101508783251,TRUE,2462,"NRG1","Neuregulin-1","NEUREGULIN-1","Q02297"
"X17711.13",125,0.792849593196175,0.561273680145266,TRUE,2463,"VAMP1","Vesicle-associated membrane protein 1","VAMP1","P23763"
"X22371.46",120,0.792600001389149,0.440975061011266,TRUE,2464,"FAM110A","Protein FAM110A","F110A","Q9BQ89"
"X7045.4",123,0.79230612949102,0.409873080868636,TRUE,2465,"BNIP3","BCL2/adenovirus E1B 19 kDa protein-interacting protein 3","BNIP3","Q12983"
"X6578.29",125,0.791903251972569,0.39729076478026,TRUE,2466,"TNMD","Tenomodulin","TNMD","Q9H2S6"
"X5744.12",123,0.791687628187764,0.466484699402263,TRUE,2467,"MENT","Protein MENT","CA056","Q9BUN1"
"X11383.41",122,0.791565456774701,0.523904637732136,TRUE,2468,"KRT7","Keratin, type II cytoskeletal 7","Keratin 7","P08729"
"X18819.21",123,0.791423190537002,0.373584558856689,TRUE,2469,"PPIC","Peptidyl-prolyl cis-trans isomerase C","PPIC","P45877"
"X21255.2",124,0.791057366058782,0.500214396985484,TRUE,2470,"RGS16","Regulator of G-protein signaling 16","RGS16","O15492"
"X13117.232",123,0.790756847227731,0.505351376982874,TRUE,2471,"CHKB","Choline/ethanolamine kinase","CHKB","Q9Y259"
"X10892.8",124,0.790616718180502,0.521714339086773,TRUE,2472,"OSMR","Oncostatin-M-specific receptor subunit beta","OSMR","Q99650"
"X13435.31",121,0.790588330939541,0.36975467416957,TRUE,2473,"IL20RB","Interleukin-20 receptor subunit beta","IL-20 Rb","Q6UXL0"
"X11262.39",115,0.789922266503571,0.427789965391425,TRUE,2474,"TRABD","TraB domain-containing protein","TRABD","Q9H4I3"
"X6470.19",124,0.789886501696494,0.5363160677085,TRUE,2475,"FBLN1","Fibulin-1","fibulin 1","P23142"
"X13686.2",124,0.789737407818908,0.563302561280583,TRUE,2476,"IL5RA","Interleukin-5 receptor subunit alpha","IL-5 Ra","Q01344"
"X3390.72",124,0.789553530680012,0.32692382875861,TRUE,2477,"PIK3CA|PIK3R1","PIK3CA/PIK3R1","PIK3CA/PIK3R1","P42336|P27986"
"X6273.58",124,0.789414378969765,0.358319566457807,TRUE,2478,"P3H1","Prolyl 3-hydroxylase 1","P3H1","Q32P28"
"X20955.20",125,0.789285450925448,0.572078701597316,TRUE,2479,"ADAT2","tRNA-specific adenosine deaminase 2","ADAT2","Q7Z6V5"
"X19760.26",123,0.788860617435639,0.428941490315337,TRUE,2480,"CPA1","Carboxypeptidase A1","CBPA1","P15085"
"X23365.7",125,0.788394415357766,0.389468220367934,TRUE,2481,"FNDC8","Fibronectin type III domain-containing protein 8","FNDC8","Q8TC99"
"X6104.1",123,0.788320885414651,0.486387362423277,TRUE,2482,"FGFRL1","Fibroblast growth factor receptor-like 1","FGRL1","Q8N441"
"X23540.3",121,0.788268451646997,0.478886619330752,TRUE,2483,"MNAT1","CDK-activating kinase assembly factor MAT1","MAT1","P51948"
"X19635.69",125,0.786716810461372,0.460835390955696,TRUE,2484,"FGL2","Fibroleukin","FGL2","Q14314"
"X20069.23",125,0.786550893493597,0.573694515523398,TRUE,2485,"GLYATL2","Glycine N-acyltransferase-like protein 2","GLYL2","Q8WU03"
"X23706.13",123,0.786378148279532,0.463594259298662,TRUE,2486,"TRMT61B","tRNA (adenine(58)-N(1))-methyltransferase, mitochondrial","TR61B","Q9BVS5"
"X10442.1",123,0.786152407365603,0.571555845037345,TRUE,2487,"TMEM190","Transmembrane protein 190","TM190","Q8WZ59"
"X22481.15",124,0.785624807216553,0.446745845892307,TRUE,2488,"IQCD","IQ domain-containing protein D","IQCD","Q96DY2"
"X17400.71",123,0.785493842090497,0.522100657765638,TRUE,2489,"ACOT8","Acyl-coenzyme A thioesterase 8","ACOT8","O14734"
"X12332.7",122,0.785417795814771,0.440048931430931,TRUE,2490,"EEF2K","Eukaryotic elongation factor 2 kinase","EF2K","O00418"
"X15453.3",124,0.785051964974789,0.41131322350843,TRUE,2491,"AMBP","Alpha-1-microglobulin","a1-Microglobulin","P02760"
"X7950.142",124,0.784978455669669,0.472966987146445,TRUE,2492,"BTNL9","Butyrophilin-like protein 9","BTNL9","Q6UXG8"
"X17792.158",123,0.78486821525433,0.452745847494217,TRUE,2493,"ALDH5A1","Succinate-semialdehyde dehydrogenase, mitochondrial","SSDH","P51649"
"X3218.8",122,0.784391875367664,0.431507087394655,TRUE,2494,"FOLH1","Glutamate carboxypeptidase 2","PSMA","Q04609"
"X9773.15",124,0.784365813278609,0.484549736991703,TRUE,2495,"RNF149","E3 ubiquitin-protein ligase RNF149","RN149","Q8NC42"
"X21326.28",125,0.78430179681931,0.407551090796312,TRUE,2496,"TBCC","Tubulin-specific chaperone C","TBCC","Q15814"
"X23272.8",124,0.784253182884031,0.491517737521142,TRUE,2497,"DPCD","Protein DPCD","DPCD","Q9BVM2"
"X11243.90",114,0.78402835443038,0.469134694264311,TRUE,2498,"ADGRF1","Adhesion G-protein coupled receptor F1","GPR110","Q5T601"
"X21117.18",123,0.783571813253614,0.529658558358826,TRUE,2499,"ZC4H2","Zinc finger C4H2 domain-containing protein","ZC4H2","Q9NQZ6"
"X20187.10",125,0.783158813263525,0.366067893205932,TRUE,2500,"ITGAV|ITGB3","Integrin alpha V beta 3","Integrin aVb3","P06756|P05106"
"X20542.47",125,0.782648772214438,0.5816922766577,TRUE,2501,"CALCR","Calcitonin receptor","CALCR","P30988"
"X22963.3",123,0.781358840071206,0.426733845589734,TRUE,2502,"VAMP2","Vesicle-associated membrane protein 2","VAMP2","P63027"
"X17435.43",120,0.781125627721864,0.446393019959684,TRUE,2503,"ETFA","Electron transfer flavoprotein subunit alpha, mitochondrial","ETFA","P13804"
"X21104.37",125,0.780768379912986,0.46959186567965,TRUE,2504,"UBL5","Ubiquitin-like protein 5","UBL5","Q9BZL1"
"X10817.26",125,0.780553302362166,0.635116686674961,TRUE,2505,"TOMM20L","TOMM20-like protein 1","TO20L","Q6UXN7"
"X7864.3",125,0.780147727552049,0.474160122559045,TRUE,2506,"SIGLEC8","Sialic acid-binding Ig-like lectin 8","SIGL8","Q9NYZ4"
"X19765.17",122,0.779956772620015,0.46881266816072,TRUE,2507,"CLEC4G","C-type lectin domain family 4 member G","CLC4G","Q6UXB4"
"X2706.69",124,0.779657175950698,0.449022100494871,TRUE,2508,"SERPINA7","Thyroxine-binding globulin","Thyroxine-Binding Globulin","P05543"
"X23418.66",125,0.779656121721604,0.504285572176163,TRUE,2509,"CCDC92","Coiled-coil domain-containing protein 92","CCD92","Q53HC0"
"X10063.10",123,0.77931425917804,0.419428098019846,TRUE,2510,"FANCL","E3 ubiquitin-protein ligase FANCL","FANCL","Q9NW38"
"X3151.6",120,0.778917648039396,0.519208389462622,TRUE,2511,"IL2RA","Interleukin-2 receptor subunit alpha","IL-2 sRa","P01589"
"X16899.59",116,0.778711592286163,0.571398419030862,TRUE,2512,"OSBPL9","Oxysterol-binding protein-related protein 9","OSBL9","Q96SU4"
"X24299.1",125,0.778267335250596,0.428637226667319,TRUE,2513,"CEACAM16","Carcinoembryonic antigen-related cell adhesion molecule 16","CEA16","Q2WEN9"
"X15522.2",125,0.778138288720104,0.3966315911615,TRUE,2514,"GLIPR2","Golgi-associated plant pathogenesis-related protein 1","GAPR1","Q9H4G4"
"X13991.47",122,0.777999570368657,0.615808519085629,TRUE,2515,"EIF4G3","Eukaryotic translation initiation factor 4 gamma 3","IF4G3","O43432"
"X22526.81",125,0.777640537816779,0.461865557533506,TRUE,2516,"PDHB","Pyruvate dehydrogenase E1 component beta subunit","PDHB","P11177"
"X9114.84",124,0.777504296316813,0.560477594858377,TRUE,2517,"UMODL1","Uromodulin-like 1","UROL1","Q5DID0"
"X2813.11",125,0.777062900966005,0.453850856511339,TRUE,2518,"AGRP","Agouti-related protein","ART","O00253"
"X24664.3",125,0.776712631811813,0.587682076915279,TRUE,2519,"EMC10","UPF0510 protein INM02","INM02","Q5UCC4"
"X24412.1",120,0.776699636040341,0.535452142450551,TRUE,2520,"SYCE1L","Synaptonemal complex central element protein 1-like","SYC1L","A8MT33"
"X20558.4",109,0.776151771564148,0.630169076481101,TRUE,2521,"EPHA8","Ephrin type-A receptor 8","EPHA8","P29322"
"X24696.14",124,0.776024978439729,0.39166355404137,TRUE,2522,"MAGIX","PDZ domain-containing protein MAGIX","MAGIX","Q9H6Y5"
"X11436.6",122,0.775938820901096,0.457156972549692,TRUE,2523,"INA","Alpha-internexin","AINX","Q16352"
"X7046.6",124,0.775429076819937,0.433170086453357,TRUE,2524,"C20orf173","Uncharacterized protein C20orf173","CT173","Q96LM9"
"X11122.97",124,0.774835229168372,0.462500094088059,TRUE,2525,"SPG21","Maspardin","SPG21","Q9NZD8"
"X2418.55",118,0.77453028664933,0.459065325891171,TRUE,2526,"APOE","Apolipoprotein E","Apo E","P02649"
"X22491.10",116,0.774268830474784,0.42785257407972,TRUE,2527,"LDB2","LIM domain-binding protein 2","LDB2","O43679"
"X23408.1",125,0.773793722193545,0.500506041088545,TRUE,2528,"SNX16","Sorting nexin 16","Sorting nexin 16","P57768"
"X12853.112",125,0.773744561610501,0.438897328077754,TRUE,2529,"TMOD2","Tropomodulin-2","TMOD2","Q9NZR1"
"X10449.31",123,0.773638451020356,0.444005237769505,TRUE,2530,"SHISA2","Protein shisa-2 homolog","TMM46","Q6UWI4"
"X22796.17",122,0.773491746120925,0.477537725612459,TRUE,2531,"TADA1","Transcriptional adapter 1","TADA1","Q96BN2"
"X22815.4",125,0.773314406508861,0.409179133321222,TRUE,2532,"TRIM40","Tripartite motif-containing protein 40","TRI40","Q6P9F5"
"X11513.92",121,0.773291283743272,0.524205353953641,TRUE,2533,"CD38","ADP-ribosyl cyclase/cyclic ADP-ribose hydrolase 1","CD38","P28907"
"X16773.29",123,0.77267244993389,0.442217543637132,TRUE,2534,"SCUBE3","Signal peptide, CUB and EGF-like domain-containing protein 3","SCUB3","Q8IX30"
"X4450.26",124,0.772644579716349,0.445464895174153,TRUE,2535,"HNRNPAB","Heterogeneous nuclear ribonucleoprotein A/B","hnRNP A/B","Q99729"
"X17769.28",124,0.772575335049762,0.433224834975327,TRUE,2536,"PCNP","PEST proteolytic signal-containing nuclear protein","PCNP","Q8WW12"
"X19255.124",125,0.772196003244598,0.440365795858422,TRUE,2537,"NXT2","NTF2-related export protein 2","NXT2","Q9NPJ8"
"X4990.87",122,0.771972265736022,0.364787013558636,TRUE,2538,"GP1BA","Platelet glycoprotein Ib alpha chain","GP1BA","P07359"
"X24638.3",124,0.771954286361762,0.413236469013321,TRUE,2539,"FAM89B","Leucine repeat adapter protein 25","LRA25","Q8N5H3"
"X14755.4",124,0.771461125414681,0.455164610472777,TRUE,2540,"LTF","Lactotransferrin","Lactoferrin","P02788"
"X10419.1",125,0.770506108202443,0.414259724140615,TRUE,2541,"SCARA5","Scavenger receptor class A member 5","SCAR5","Q6ZMJ2"
"X24444.10",125,0.77013740382961,0.422644038972808,TRUE,2542,"TTC27","Tetratricopeptide repeat protein 27","TTC27","Q6P3X3"
"X13118.5",125,0.770008357299118,0.391463411946244,TRUE,2543,"SMOC1","SPARC-related modular calcium-binding protein 1","SMOC1","Q9H4F8"
"X23625.44",125,0.769873165695745,0.471061253241382,TRUE,2544,"KIAA1143","Uncharacterized protein KIAA1143","K1143","Q96AT1"
"X2843.13",124,0.769201231296071,0.585854445752846,TRUE,2545,"SPINT2","Kunitz-type protease inhibitor 2","SPINT2","O43291"
"X13934.3",125,0.769037435783988,0.580146799359273,TRUE,2546,"MCF2L","Guanine nucleotide exchange factor DBS","MCF2L","O15068"
"X17748.21",124,0.768787946505853,0.46470131718838,TRUE,2547,"TP53I3","Quinone oxidoreductase PIG3","QORX","Q53FA7"
"X23424.4",125,0.76839834820441,0.554554336064463,TRUE,2548,"None","Ankyrin repeat domain-containing protein 63","ANR63","C9JTQ0"
"X21736.60",125,0.768066514268859,0.496654700641431,TRUE,2549,"HS2ST1","Heparan sulfate 2-O-sulfotransferase 1","HS2ST","Q7LGA3"
"X3413.50",124,0.768005187055024,0.491725020096926,TRUE,2550,"BCL2A1","Bcl-2-related protein A1","BFL1","Q16548"
"X9964.10",121,0.767220178451658,0.464736771174592,TRUE,2551,"MYZAP","Myocardial zonula adherens protein","MYZAP","P0CAP1"
"X20543.19",125,0.767212349138461,0.595393380139863,TRUE,2552,"DEFB127","Beta-defensin 127","DB127","Q9H1M4"
"X17453.34",122,0.767161949581609,0.589455812707303,TRUE,2553,"CP","Ceruloplasmin","Ceruloplasmin","P00450"
"X16607.78",123,0.76682973707718,0.62119362116931,TRUE,2554,"GSN","Gelsolin","Gelsolin","P06396"
"X7806.33",118,0.76567099851709,0.399254663752359,TRUE,2555,"B4GALT7","Beta-1,4-galactosyltransferase 7","B4GT7","Q9UBV7"
"X24408.30",123,0.765435084765987,0.47055587150243,TRUE,2556,"MBNL1","Muscleblind-like protein 1","MBNL1","Q9NR56"
"X13629.25",113,0.764993594969139,0.468763888024198,TRUE,2557,"ATG4B","Cysteine protease ATG4B","ATG4B","Q9Y4P1"
"X13580.2",124,0.764959161512676,0.566652105870817,TRUE,2558,"UAP1","UDP-N-acetylhexosamine pyrophosphorylase","Sperm-associated antigen 2","Q16222"
"X9954.2",124,0.764895472028302,0.432725642540457,TRUE,2559,"NPIPB3","Nuclear pore complex-interacting protein family member B3","NPPL3","Q92617"
"X9037.1",124,0.764719953417371,0.492386127331713,TRUE,2560,"STX18","Syntaxin-18","STX18","Q9P2W9"
"X18385.4",125,0.764649853747265,0.536867918223841,TRUE,2561,"PSMD10","26S proteasome non-ATPase regulatory subunit 10","PSD10","O75832"
"X24662.78",124,0.764587759469965,0.538578660365839,TRUE,2562,"TTC36","Tetratricopeptide repeat protein 36","TTC36","A6NLP5"
"X8232.90",125,0.764385615613401,0.515200660593913,TRUE,2563,"JAML","Junctional adhesion molecule-like","JAML1","Q86YT9"
"X23389.28",124,0.763768672453842,0.44353312478147,TRUE,2564,"FAHD2A","Fumarylacetoacetate hydrolase domain-containing protein 2A","FAH2A","Q96GK7"
"X25918.60",118,0.763311491456831,0.42714795423975,TRUE,2565,"HLA-E","HLA class I histocompatibility antigen, alpha chain E","HLAE","P13747"
"X11350.30",125,0.763138165818647,0.425797647645341,TRUE,2566,"STUB1","E3 ubiquitin-protein ligase CHIP","CHIP","Q9UNE7"
"X24488.8",125,0.763015264361035,0.511573213824974,TRUE,2567,"HID1","Protein HID1","HID1","Q8IV36"
"X11487.4",124,0.761880181546926,0.480683620711568,TRUE,2568,"SPOCK1","Testican-1","Testican-1","Q08629"
"X9190.7",121,0.761846852187463,0.492240971719716,TRUE,2569,"CD63","CD63 antigen","CD63","P08962"
"X7066.199",125,0.76154659194258,0.466603409355884,TRUE,2570,"FAM209B","Protein FAM209B","F209B","Q5JX69"
"X23245.5",122,0.761471043134559,0.602600036728072,TRUE,2571,"SPATC1L","Speriolin-like protein","SPC1L","Q9H0A9"
"X5178.5",121,0.76136067234178,0.500144278556406,TRUE,2572,"PDE7A","High affinity cAMP-specific 3',5'-cyclic phosphodiesterase 7A","PDE7A","Q13946"
"X7933.75",124,0.76111849021447,0.396145434650779,TRUE,2573,"ADAM22","Disintegrin and metalloproteinase domain-containing protein 22","ADA22","Q9P0K1"
"X11202.70",125,0.760741587395227,0.468514848281996,TRUE,2574,"TBX5","T-box transcription factor TBX5","TBX5","Q99593"
"X18267.74",123,0.760642140295658,0.491338825726892,TRUE,2575,"CARD17","Caspase recruitment domain-containing protein 17","CAR17","Q5XLA6"
"X21514.1",123,0.760218774488779,0.503259350668176,TRUE,2576,"GP1BB","Platelet glycoprotein Ib beta chain","GP1BB","P13224"
"X18198.51",124,0.760142769912563,0.431077334302158,TRUE,2577,"HBQ1","Hemoglobin subunit theta-1","HBAT","P09105"
"X21113.3",110,0.759796561565827,0.445609411072363,TRUE,2578,"TIFA","TRAF-interacting protein with FHA domain-containing protein A","TIFA","Q96CG3"
"X19504.22",125,0.759617039058083,0.479697547525425,TRUE,2579,"DTYMK","Thymidylate kinase","KTHY","P23919"
"X12008.3",123,0.759429581280153,0.389911366797216,TRUE,2580,"CD7","T-cell antigen CD7","CD7","P09564"
"X9713.67",124,0.758324284342886,0.42722843678824,TRUE,2581,"PDGFRL","Platelet-derived growth factor receptor-like protein","PGFRL","Q15198"
"X16620.26",123,0.758082357000732,0.527976644831281,TRUE,2582,"LY75","Lymphocyte antigen 75","LY75","O60449"
"X25057.2",125,0.757816532704078,0.46520920627479,TRUE,2583,"ACTN4","Alpha-actinin-4","ACTN4","O43707"
"X8016.19",123,0.75751555999871,0.557833291991419,TRUE,2584,"DNAJC4","DnaJ homolog subfamily C member 4:N-term","DNJC4:N-term","Q9NNZ3"
"X22824.53",124,0.757385573188465,0.439169358972582,TRUE,2585,"ATP6V1C2","V-type proton ATPase subunit C 2","VATC2","Q8NEY4"
"X21235.11",124,0.757215609006843,0.508081481138363,TRUE,2586,"KPNA5","Importin subunit alpha-6","IMA6","O15131"
"X11365.17",122,0.757146728533376,0.56172902530196,TRUE,2587,"TENM4","Teneurin-4","TEN4","Q6N022"
"X11709.29",125,0.756980802792321,0.441565448863395,TRUE,2588,"CPT1B","Carnitine O-palmitoyltransferase 1, muscle isoform","CPT1B","Q92523"
"X22492.108",125,0.756655113929651,0.589268749950091,TRUE,2589,"LMO3","LIM domain only protein 3","LMO3","Q8TAP4"
"X13504.147",125,0.756384730722906,0.627017821038245,TRUE,2590,"HNRNPR","Heterogeneous nuclear ribonucleoprotein R","HNRPR","O43390"
"X6629.3",125,0.756120492589042,0.52104436192264,TRUE,2591,"DEFB1","Beta-defensin 1","HBD-1","P60022"
"X19223.6",125,0.756065186933117,0.45285087468923,TRUE,2592,"RAB1A","Ras-related protein Rab-1A","RAB1A","P62820"
"X15675.3",123,0.75600474703955,0.63122793877263,TRUE,2593,"CEBPB","CCAAT/enhancer-binding protein beta","CEBPB","P17676"
"X13501.10",119,0.75589465999537,0.462818428465806,TRUE,2594,"SLC35G2","Solute carrier family 35 member G2","S35G2","Q8TBE7"
"X5261.13",123,0.755632235802509,0.480465529640249,TRUE,2595,"ABL2","Abelson tyrosine-protein kinase 2","ABL2","P42684"
"X10916.44",125,0.755321633114569,0.599907491595367,TRUE,2596,"PLA2R1","Secretory phospholipase A2 receptor","PLA2R","Q13018"
"X19631.13",114,0.75491951359803,0.535245929862879,TRUE,2597,"KNG1","Kininostatin","Kininostatin","P01042"
"X22813.5",121,0.754665402008774,0.601266261481124,TRUE,2598,"FLJ44635","TPT1-like protein","TPT1L","Q56UQ5"
"X13710.6",124,0.754622853815526,0.499595404185804,TRUE,2599,"SERPING1","Plasma protease C1 inhibitor","C1-Esterase Inhibitor","P05155"
"X13548.53",125,0.754160214340142,0.564244250284469,TRUE,2600,"PLPP4","Phosphatidate phosphatase PPAPDC1A","PPC1A","Q5VZY2"
"X4203.50",125,0.753312194282624,0.439489110368833,TRUE,2601,"CFL1","Cofilin-1","Cofilin-1","P23528"
"X18277.28",124,0.752872079920935,0.524265028201635,TRUE,2602,"TRIAP1","TP53-regulated inhibitor of apoptosis 1","TRIA1","O43715"
"X19555.1",124,0.752471539137031,0.592211752191082,TRUE,2603,"SUMO2","Small ubiquitin-related modifier 2","SUMO2","P61956"
"X2693.20",125,0.751898827520094,0.476737779140946,TRUE,2604,"OSM","Oncostatin-M","OSM","P13725"
"X3825.18",123,0.750477283867805,0.382615027290016,TRUE,2605,"MAPK8","Mitogen-activated protein kinase 8","MK08","P45983"
"X21477.105",118,0.750273022459065,0.489827796574764,TRUE,2606,"MAEA","Macrophage erythroblast attacher","MAEA","Q7L5Y9"
"X8233.2",125,0.750251947988103,0.465679917074807,TRUE,2607,"ITIH5","Inter-alpha-trypsin inhibitor heavy chain H5","ITIH5","Q86UX2"
"X9321.400",125,0.750098321166089,0.404949494772203,TRUE,2608,"NMB","Neuromedin-B","NMB","P08949"
"X24216.30",125,0.74901678833911,0.436971228481985,TRUE,2609,"AAMDC","Mth938 domain-containing protein","AAMDC","Q9H7C9"
"X12338.27",125,0.749010643266229,0.459557870550357,TRUE,2610,"EGFLAM","Pikachurin","EGFLA","Q63HQ2"
"X4991.12",125,0.748869306589976,0.493530276751357,TRUE,2611,"GPC5","Glypican-5","GPC5","P78333"
"X18273.14",123,0.747678892189017,0.505738674210979,TRUE,2612,"GAGE2D","G antigen 2D","GGE2D","Q9UEU5"
"X11618.83",125,0.747517390556252,0.489773552515825,TRUE,2613,"MYB","Transcriptional activator Myb","MYB","P10242"
"X5715.4",125,0.747437504608805,0.472029598308545,TRUE,2614,"ABHD14A","Protein ABHD14A","ABHEA","Q9BUJ0"
"X4150.75",124,0.747049232957943,0.476088144674442,TRUE,2615,"PLG","Plasmin","Plasmin","P00747"
"X21359.17",123,0.746988767740874,0.460078659976714,TRUE,2616,"NREP","Neuronal regeneration-related protein","NREP","Q16612"
"X6927.7",125,0.746798417029226,0.496601229798834,TRUE,2617,"NDST1","Bifunctional heparan sulfate N-deacetylase/N-sulfotransferase 1","NDST1","P52848"
"X3339.33",124,0.745935822986009,0.433132673913632,TRUE,2618,"THBS2","Thrombospondin-2","TSP2","P35442"
"X25218.10",124,0.745841398737862,0.519847129287868,TRUE,2619,"SPCS1","Signal peptidase complex subunit 1","SPCS1","Q9Y6A9"
"X4292.5",119,0.745710561740134,0.416682811633633,TRUE,2620,"NAPA","Alpha-soluble NSF attachment protein","SNAA","P54920"
"X18417.3",124,0.745028547687543,0.70141077389587,TRUE,2621,"AS3MT","Arsenite methyltransferase","AS3MT","Q9HBK9"
"X3391.10",123,0.744924844157645,0.534965636968767,TRUE,2622,"PIK3CG","Phosphatidylinositol 4,5-bisphosphate 3-kinase catalytic subunit gamma isoform","PK3CG","P48736"
"X21670.52",124,0.744708307760099,0.605405460792399,TRUE,2623,"WWP2","NEDD4-like E3 ubiquitin-protein ligase WWP2","WWP2","O00308"
"X5988.49",123,0.743505896694175,0.639778035217862,TRUE,2624,"TNFSF14","Tumor necrosis factor ligand superfamily member 14","LIGHT","O43557"
"X13554.78",124,0.743140056780627,0.40280075679232,TRUE,2625,"REPIN1","Replication initiator 1","REPI1","Q9BWE0"
"X15583.18",123,0.742390088006991,0.533164222534249,TRUE,2626,"FCRLB","Fc receptor-like B","FCRLB","Q6BAA4"
"X12357.41",125,0.741280141582479,0.45536697195717,TRUE,2627,"SNAP29","Synaptosomal-associated protein 29","SNP29","O95721"
"X23263.9",125,0.740923727355406,0.458053876399311,TRUE,2628,"KCTD15","BTB/POZ domain-containing protein KCTD15","KCD15","Q96SI1"
"X5111.15",124,0.740678723631946,0.45340253053417,TRUE,2629,"NRXN3","Neurexin-3-beta","NRX3B","Q9HDB5"
"X9017.58",124,0.740445809753426,0.457974690895886,TRUE,2630,"LCT","Lactase-phlorizin hydrolase","LPH","P09848"
"X11155.16",123,0.7404414230799,0.537746799446852,TRUE,2631,"COL6A5","Collagen alpha-5(VI) chain","CO6A5","A8TX70"
"X14229.5",124,0.740226303448059,0.572298400390029,TRUE,2632,"MOCS3","Adenylyltransferase and sulfurtransferase MOCS3","MOCS3","O95396"
"X12686.15",125,0.74020475382838,0.564983201918979,TRUE,2633,"MPST","3-mercaptopyruvate sulfurtransferase","THTM","P25325"
"X23669.20",124,0.739822607754144,0.566430585915285,TRUE,2634,"GFPT2","Glutamine--fructose-6-phosphate aminotransferase [isomerizing] 2","GFPT2","O94808"
"X13937.75",118,0.739778662478542,0.416939402912092,TRUE,2635,"CAND1","Cullin-associated NEDD8-dissociated protein 1","CAND1","Q86VP6"
"X18863.176",124,0.739363074966794,0.532273803697188,TRUE,2636,"CHST2","Carbohydrate sulfotransferase 2","CHST2","Q9Y4C5"
"X2607.54",119,0.738675536309507,0.559232798294862,TRUE,2637,"CRLF1|CLCF1","Cytokine receptor-like factor 1:Cardiotrophin-like cytokine factor 1 Complex","CLF-1/CLC Complex","O75462|Q9UBD9"
"X7182.1",119,0.738084385060255,0.63961552383454,TRUE,2638,"CES1","Liver carboxylesterase 1","carboxylesterase, liver","P23141"
"X13954.9",124,0.736858505264152,0.573248149332084,TRUE,2639,"GNPNAT1","Glucosamine 6-phosphate N-acetyltransferase","GNA1","Q96EK6"
"X6568.18",123,0.736746546959099,0.60585450423932,TRUE,2640,"HEPACAM2","HEPACAM family member 2:Isoform 2, Extracellular domain","HECA2:ECD","A8MVW5"
"X8306.54",122,0.736663295724191,0.458592410218753,TRUE,2641,"PRRG1","Transmembrane gamma-carboxyglutamic acid protein 1:Cytoplasmic domain","TMG1:CD","O14668"
"X5468.67",124,0.736236965601463,0.608685614948111,TRUE,2642,"IL17RC","Interleukin-17 receptor C","IL-17 RC","Q8NAC3"
"X18235.16",122,0.736107209544426,0.520216403329277,TRUE,2643,"PGP","Glycerol-3-phosphate phosphatase","PGP","A6NDG6"
"X6966.144",124,0.735907136607137,0.489231262785463,TRUE,2644,"STX1B","Syntaxin-1B","STX1B","P61266"
"X7815.49",123,0.73545659471958,0.479422646540863,TRUE,2645,"IGFBPL1","Insulin-like growth factor-binding protein-like 1","IBPL1","Q8WX77"
"X16323.8",124,0.73538465412289,0.437091664878347,TRUE,2646,"NRXN3","Neurexin-3","NRX3A","Q9Y4C0"
"X9526.3",123,0.735352545083976,0.641497678819847,TRUE,2647,"CLPSL1","Colipase-like protein 1","COLL1","A2RUU4"
"X20380.50",125,0.734348499373203,0.487846887882938,TRUE,2648,"LSM12","Protein LSM12 homolog","LSM12","Q3MHD2"
"X11355.10",121,0.734307568274358,0.48365060448639,TRUE,2649,"EIF5A2","Eukaryotic translation initiation factor 5A-2","IF5A2","Q9GZV4"
"X13516.46",125,0.73420716269695,0.513389461257849,TRUE,2650,"EMC4","ER membrane protein complex subunit 4","TMM85","Q5J8M3"
"X16055.3",122,0.733674835170283,0.473364581826863,TRUE,2651,"CFHR5","Complement factor H-related protein 5","complement factor H-related 5","Q9BXR6"
"X7860.9",125,0.733647961064818,0.468120749565341,TRUE,2652,"HERC4","Probable E3 ubiquitin-protein ligase HERC4","HERC4","Q5GLZ8"
"X9487.60",124,0.733206594610247,0.582915937666554,TRUE,2653,"GHRH","Somatoliberin","Growth hormone-releasing factor","P01286"
"X22576.2",123,0.733175960682636,0.562177035130136,TRUE,2654,"CD209","CD209 antigen","DC-SIGN","Q9NNX6"
"X11510.31",125,0.733058034068284,0.557953500247092,TRUE,2655,"APOL1","Apolipoprotein L1","Apo L1","O14791"
"X6544.33",121,0.732634160552292,0.526805236868546,TRUE,2656,"NELL1","Protein kinase C-binding protein NELL1","NELL1","Q92832"
"X10852.114",117,0.731634205379156,0.593293196277013,TRUE,2657,"HNRNPDL","Heterogeneous nuclear ribonucleoprotein D-like","HNRDL","O14979"
"X16814.13",122,0.731230129616043,0.521056830131201,TRUE,2658,"FHL1","Four and a half LIM domains protein 1","SLIM 1","Q13642"
"X25492.7",125,0.730710616227909,0.546054328499742,TRUE,2659,"TOM1","Target of Myb protein 1","TOM1","O60784"
"X25111.24",125,0.73028660619915,0.49710200941254,TRUE,2660,"RAD18","E3 ubiquitin-protein ligase RAD18","RAD18","Q9NS91"
"X6502.50",125,0.730114544158494,0.436719565901349,TRUE,2661,"CRIM1","Cysteine-rich motor neuron 1 protein:Extracellular domain","CRIM1:ECD","Q9NZV1"
"X3236.12",121,0.730080926265299,0.554876922734722,TRUE,2662,"GSK3B","Glycogen synthase kinase-3 beta","GSK-3 beta","P49841"
"X14097.86",121,0.7299445133229,0.416994900683265,TRUE,2663,"CHST15","Carbohydrate sulfotransferase 15","ST4S6","Q7LFX5"
"X8866.53",125,0.729831870805988,0.513036326014986,TRUE,2664,"QPCTL","Glutaminyl-peptide cyclotransferase-like protein","QPCTL","Q9NXS2"
"X5487.7",123,0.729303522537078,0.57861867362356,TRUE,2665,"SLAMF7","SLAM family member 7","SLAF7","Q9NQ25"
"X3603.60",124,0.729045619645341,0.556732159594168,TRUE,2666,"CLEC7A","C-type lectin domain family 7 member A","CLC7A","Q9BXN2"
"X3628.3",124,0.728869360494029,0.632534012912186,TRUE,2667,"MAP2K2","Dual specificity mitogen-activated protein kinase kinase 2","MP2K2","P36507"
"X18401.18",120,0.728581053391955,0.602611025737818,TRUE,2668,"ALKBH3","Alpha-ketoglutarate-dependent dioxygenase alkB homolog 3","ALKB3","Q96Q83"
"X6411.58",124,0.728284783532411,0.584952657860893,TRUE,2669,"DEFB135","Beta-defensin 135","DB135","Q30KP9"
"X20106.80",109,0.728269885771218,0.569036446099274,TRUE,2670,"DCPS","Scavenger mRNA-decapping enzyme DcpS","DCPS","Q96C86"
"X20957.57",122,0.728119660661822,0.67500193465143,TRUE,2671,"NUDT10","Diphosphoinositol polyphosphate phosphohydrolase 3-alpha","NUD10","Q8NFP7"
"X10752.8",123,0.728090967431931,0.652658535758322,TRUE,2672,"CDYL2","Chromodomain Y-like protein 2","CDYL2","Q8N8U2"
"X17694.32",124,0.728057309404055,0.467609392485361,TRUE,2673,"PSME2","Proteasome activator complex subunit 2","PSME2","Q9UL46"
"X4922.13",125,0.727994494014699,0.555114761377006,TRUE,2674,"CCL19","C-C motif chemokine 19","MIP-3b","Q99731"
"X20090.63",125,0.727367696580882,0.479647267461593,TRUE,2675,"UBE2E3","Ubiquitin-conjugating enzyme E2 E3","UB2E3","Q969T4"
"X22816.4",122,0.727293457462102,0.549791418551354,TRUE,2676,"TRIM54","Tripartite motif-containing protein 54","TRI54","Q9BYV2"
"X9095.5",125,0.726507386377602,0.58006196530611,TRUE,2677,"MTFR1","Mitochondrial fission regulator 1","MTFR1","Q15390"
"X3079.62",124,0.726263243042485,0.504659716164655,TRUE,2678,"RARRES2","Retinoic acid receptor responder protein 2","TIG2","Q99969"
"X23152.49",125,0.726071086203082,0.46321763396114,TRUE,2679,"TNFAIP1","BTB/POZ domain-containing adapter for CUL3-mediated RhoA degradation protein 2","BACD2","Q13829"
"X3060.43",120,0.725372118383308,0.546677427648731,TRUE,2680,"C9","Complement component C9","C9","P02748"
"X8099.42",124,0.72535133688998,0.450993356731723,TRUE,2681,"SPON2","Spondin-2","SPON2","Q9BUD6"
"X13519.112",123,0.725336919400559,0.425372897192277,TRUE,2682,"ARHGEF25","Rho guanine nucleotide exchange factor 25","ARHGP","Q86VW2"
"X25948.18",117,0.725234373243606,0.45129333700975,TRUE,2683,"PKN2","Serine/threonine-protein kinase N2","PKN2","Q16513"
"X18348.89",123,0.725039343670184,0.470372756019146,TRUE,2684,"HNRNPD","Heterogeneous nuclear ribonucleoprotein D0","HNRPD","Q14103"
"X10722.13",125,0.724977263230342,0.632216966864098,TRUE,2685,"SYK","Tyrosine-protein kinase SYK:Protein kinase domain","KSYK:Protein Kinase","P43405"
"X19119.10",120,0.724801611418848,0.488932425401738,TRUE,2686,"DDIT3","DNA damage-inducible transcript 3 protein","DDIT3","P35638"
"X8951.162",124,0.724481766620294,0.49659790814869,TRUE,2687,"CSPG4","Chondroitin sulfate proteoglycan 4","CSPG4","Q6UVK1"
"X6993.8",125,0.724418061598211,0.595458460607613,TRUE,2688,"NT5E","5'-Nucleotidase","5'-Nucleotidase","P21589"
"X18185.118",118,0.723494090318056,0.524259625476756,TRUE,2689,"ALDOB","Fructose-bisphosphate aldolase B","ALDOB","P05062"
"X3466.8",125,0.723348818916992,0.551958532292354,TRUE,2690,"PRKACA","cAMP-dependent protein kinase catalytic subunit alpha","PRKACA","P17612"
"X15622.13",125,0.723250497750903,0.54522019324799,TRUE,2691,"OPCML","Opioid-binding protein/cell adhesion molecule","OBCAM","Q14982"
"X13085.18",123,0.722540407362976,0.622515575603172,TRUE,2692,"GLP1R","Glucagon-like peptide 1 receptor:Cytoplasmic domain","GLP1R:CD","P43220"
"X23566.6",124,0.722455659946808,0.646095909051653,TRUE,2693,"APOL2","Apolipoprotein-L2","ApoL-II","Q9BQE5"
"X21206.218",124,0.722158922804787,0.432896779192924,TRUE,2694,"HAX1","HCLS1-associated protein X-1","HAX1","O00165"
"X16613.3",123,0.721969247439437,0.580461487576684,TRUE,2695,"CDH17","Cadherin-17","CAD17","Q12864"
"X12018.84",120,0.721952693340187,0.449317467559182,TRUE,2696,"TPK1","Thiamin pyrophosphokinase 1","TPK1","Q9H3S4"
"X24971.2",123,0.72117592425376,0.613421019407023,TRUE,2697,"INPP5F","Phosphatidylinositide phosphatase SAC2","SAC2","Q9Y2H2"
"X23689.52",124,0.721032123230327,0.526919618835775,TRUE,2698,"CPNE6","Copine-6","CPNE6","O95741"
"X13465.5",123,0.719369985294497,0.564416120099335,TRUE,2699,"RCAN1","Calcipressin-1","CCP1","P53805"
"X23654.6",119,0.719000730043981,0.524248219985267,TRUE,2700,"ALG2","Alpha-1,3-mannosyltransferase ALG2","ALG2","Q9H553"
"X3461.58",125,0.718936656588747,0.542045081806796,TRUE,2701,"BCAN","Brevican core protein","PGCB","Q96GW7"
"X21381.73",124,0.718193978880443,0.43173291629617,TRUE,2702,"TBC1D22B","TBC1 domain family member 22B","TB22B","Q9NU19"
"X23016.24",122,0.718004137666647,0.532345566506883,TRUE,2703,"TAF15","TATA-binding protein-associated factor 2N","RBP56","Q92804"
"X7241.12",123,0.717154908865756,0.555816111783463,TRUE,2704,"CD247","T-cell surface glycoprotein CD3 zeta chain","CD3-zeta","P20963"
"X14696.45",125,0.716767445861908,0.600678940544671,TRUE,2705,"TPSB2","Tryptase beta-2","TPSB2","P20231"
"X17791.25",125,0.716546223238208,0.504292093592937,TRUE,2706,"HPCAL1","Hippocalcin-like protein 1","HPCL1","P37235"
"X9754.33",124,0.7157821185091,0.436014371102161,TRUE,2707,"NQO2","Ribosyldihydronicotinamide dehydrogenase [quinone]","Quinone reductase 2","P16083"
"X12700.9",124,0.714461073603701,0.495568191217123,TRUE,2708,"ACLY","ATP-citrate synthase","ACLY","P53396"
"X12713.365",123,0.71430874907285,0.662507757131429,TRUE,2709,"RGS19","Regulator of G-protein signaling 19","RGS19","P49795"
"X23645.49",125,0.71418037017919,0.645008112753413,TRUE,2710,"HACL1","2-hydroxyacyl-CoA lyase 1","HACL1","Q9UJ83"
"X3666.17",123,0.714106963184644,0.525839743657949,TRUE,2711,"CFHR5","Complement factor H-related protein 5","complement factor H-related 5","Q9BXR6"
"X12891.1",124,0.713440389784523,0.547640860023267,TRUE,2712,"MICALL2","MICAL-like protein 2","MILK2","Q8IY33"
"X24223.5",123,0.71301880099326,0.519745343577821,TRUE,2713,"GSTT2","Glutathione S-transferase theta-2","GST2","P0CG29"
"X19506.6",123,0.71288243052801,0.66815036172645,TRUE,2714,"GLYAT","Glycine N-acyltransferase","GLYAT","Q6IB77"
"X3305.6",124,0.712854957603379,0.469603022763898,TRUE,2715,"DLL4","Delta-like protein 4","DLL4","Q9NR61"
"X16877.19",125,0.712828454145466,0.591070977037215,TRUE,2716,"MSRB2","Methionine-R-sulfoxide reductase B2, mitochondrial","MSRB2","Q9Y3D2"
"X19170.25",124,0.712703878330826,0.721711418007272,TRUE,2717,"POLE3","DNA polymerase epsilon subunit 3","DPOE3","Q9NRF9"
"X18284.77",125,0.71178379175577,0.53317064420472,TRUE,2718,"WWC1","Protein KIBRA","WWC1","Q8IX03"
"X18922.27",124,0.711239876997454,0.534995669031017,TRUE,2719,"CD68","Macrosialin","CD68","P34810"
"X14056.4",123,0.711076497392684,0.416188566477475,TRUE,2720,"CGA","Glycoprotein hormones alpha chain","Glycoprotein hormones a-chain","P01215"
"X8687.26",125,0.710984932281297,0.454664178294376,TRUE,2721,"TMEM106B","Transmembrane protein 106B","T106B","Q9NUM4"
"X23257.14",124,0.710961081472389,0.630779879388534,TRUE,2722,"COMMD10","COMM domain-containing protein 10","COMDA","Q9Y6G5"
"X14645.253",123,0.710807472645127,0.473898865172303,TRUE,2723,"GSTA4","Glutathione S-transferase A4","GSTA4","O15217"
"X22771.6",122,0.710690077960534,0.551634029258144,TRUE,2724,"SAMD12","Sterile alpha motif domain-containing protein 12","SAM12","Q8N8I0"
"X19437.61",125,0.710573212398299,0.619231695001778,TRUE,2725,"VEGFA","Isoform L-VEGF165","L-VEGF165","P15692"
"X11211.7",125,0.710112331932257,0.439114678623198,TRUE,2726,"TBCE","Tubulin-specific chaperone E","TBCE","Q15813"
"X4785.30",124,0.709632847048455,0.551716710774044,TRUE,2727,"SERPINA6","Corticosteroid-binding globulin","CBG","P08185"
"X20076.7",125,0.709245876656097,0.560049367604998,TRUE,2728,"MNDA","Myeloid cell nuclear differentiation antigen","MNDA","P41218"
"X7805.52",125,0.708969348376472,0.486544681153052,TRUE,2729,"GOSR1","Golgi SNAP receptor complex member 1","GOS-28","O95249"
"X13947.371",125,0.708926332866308,0.476720525538966,TRUE,2730,"NUDT12","Peroxisomal NADH pyrophosphatase NUDT12","NUD12","Q9BQG2"
"X18380.78",124,0.708631032941576,0.519694434614724,TRUE,2731,"ALB","Serum albumin","Albumin","P02768"
"X12885.42",125,0.707961556424059,0.588251004467927,TRUE,2732,"NR1D2","Nuclear receptor subfamily 1 group D member 2","NR1D2","Q14995"
"X7247.1",123,0.707444338381363,0.635315520716486,TRUE,2733,"GORAB","RAB6-interacting golgin","GORAB","Q5T7V8"
"X10582.36",125,0.707009070127572,0.589350921305685,TRUE,2734,"POMK","Protein O-mannose kinase","SG196","Q9H5K3"
"X10507.166",124,0.706825299403553,0.590776224638986,TRUE,2735,"ACRV1","Acrosomal protein SP-10","sperm protein 10","P26436"
"X13452.113",125,0.705884521790428,0.562838258216652,TRUE,2736,"SMIM13","Small integral membrane protein 13","SIM13","P0DJ93"
"X3640.14",113,0.705732383412147,0.571852792702075,TRUE,2737,"LRPAP1","alpha-2-macroglobulin receptor-associated protein","RAP","P30533"
"X12476.50",125,0.70524543421085,0.568605758569693,TRUE,2738,"TIGAR","Fructose-2,6-bisphosphatase TIGAR","TIGAR","Q9NQ88"
"X9032.30",124,0.705121224234146,0.58949824289734,TRUE,2739,"ROS1","Proto-oncogene tyrosine-protein kinase ROS","ROS1","P08922"
"X4924.32",122,0.705041558570319,0.533654524365012,TRUE,2740,"MMP1","Interstitial collagenase","MMP-1","P03956"
"X11258.41",124,0.704837953272881,0.5879107472391,TRUE,2741,"MADCAM1","Mucosal addressin cell adhesion molecule 1","MAdCAM-1","Q13477"
"X7071.23",125,0.703924243541528,0.480687381364874,TRUE,2742,"MAN1B1","Endoplasmic reticulum mannosyl-oligosaccharide 1,2-alpha-mannosidase","MA1B1","Q9UKM7"
"X22088.3",125,0.703893518177126,0.444748398294625,TRUE,2743,"BTG1","Protein BTG1","BTG1","P62324"
"X25091.83",124,0.703009625008656,0.505753210489914,TRUE,2744,"SRGAP2","SLIT-ROBO Rho GTPase-activating protein 2","FNBP2","O75044"
"X10746.24",125,0.701410908733378,0.638005666865571,TRUE,2745,"DKK3","Dickkopf-related protein 3","DKK3","Q9UBP4"
"X2579.17",121,0.701406485006978,0.558396414444999,TRUE,2746,"MMP9","Matrix metalloproteinase-9","MMP-9","P14780"
"X25256.23",124,0.701361282910785,0.520590107593726,TRUE,2747,"EEF1A1","Elongation factor 1-alpha 1","EF-1-alpha-1","P68104"
"X14110.200",123,0.700492439267436,0.616077549350596,TRUE,2748,"SPARC","SPARC","ON","P09486"
"X8882.1",121,0.699591809081825,0.513971655243185,TRUE,2749,"ADAM17","Disintegrin and metalloproteinase domain-containing protein 17:Cytoplasmic domain","ADAM 17:CD","P78536"
"X9842.2",124,0.699559981618688,0.50361315060065,TRUE,2750,"CTNNB1","Catenin beta-1","b-Catenin","P35222"
"X4693.72",124,0.699535747446611,0.529842748424408,TRUE,2751,"HIBADH","3-hydroxyisobutyrate dehydrogenase, mitochondrial","3HIDH","P31937"
"X2575.5",125,0.699456775557358,0.609421538503127,TRUE,2752,"LEP","Leptin","Leptin","P41159"
"X8309.12",124,0.699106743801029,0.509136170493037,TRUE,2753,"HYAL1","Hyaluronidase-1","HYAL1","Q12794"
"X8646.61",123,0.698939988583996,0.701073516898458,TRUE,2754,"LRRTM4","Leucine-rich repeat transmembrane neuronal protein 4:Isoform 2, Cytoplasmic domain","LRRT4:CD","Q86VH4"
"X11657.86",125,0.698860703487943,0.621971433469574,TRUE,2755,"SOCS7","Suppressor of cytokine signaling 7","SOCS7","O14512"
"X10980.11",117,0.698655595689513,0.596978968614307,TRUE,2756,"ACHE","Acetylcholinesterase","ACES","P22303"
"X9111.40",125,0.698596465354079,0.483754973240156,TRUE,2757,"JPH4","Junctophilin-4","JPH4","Q96JJ6"
"X10396.6",123,0.698344668788638,0.516206823900381,TRUE,2758,"MCL1","Induced myeloid leukemia cell differentiation protein Mcl-1","Mcl-1","Q07820"
"X21592.8",125,0.698147875033798,0.616037934120194,TRUE,2759,"GBA3","Cytosolic beta-glucosidase","GBA3","Q9H227"
"X6378.2",125,0.697988103138903,0.478835766668861,TRUE,2760,"C5orf38","Protein CEI","CEI","Q86SI9"
"X19109.32",124,0.696846849682419,0.501572930301021,TRUE,2761,"TCEAL8","Transcription elongation factor A protein-like 8","TCAL8","Q8IYN2"
"X11606.22",124,0.696670590531107,0.516274114691551,TRUE,2762,"DNAJB6","DnaJ homolog subfamily B member 6","DNJB6","O75190"
"X9317.4",125,0.696660767396701,0.592589623750628,TRUE,2763,"LRRC25","Leucine-rich repeat-containing protein 25:Extracellular domain","LRC25:ECD","Q8N386"
"X22946.55",125,0.69664233217806,0.565090643472797,TRUE,2764,"SNTA1","Alpha-1-syntrophin","Alpha-1-syntrophin","Q13424"
"X14078.69",124,0.696248827561895,0.545619100614351,TRUE,2765,"XCL1","Lymphotactin","Lymphotactin","P47992"
"X22392.5",122,0.695827618685659,0.514392559569022,TRUE,2766,"SERTAD3","SERTA domain-containing protein 3","SRTD3","Q9UJW9"
"X10364.6",125,0.695720571245975,0.56100827296928,TRUE,2767,"SMAD2","Mothers against decapentaplegic homolog 2","SMAD2","Q15796"
"X12396.19",123,0.695531591032223,0.497297876855318,TRUE,2768,"HIBCH","3-hydroxyisobutyryl-CoA hydrolase, mitochondrial","HIBCH","Q6NVY1"
"X22545.20",123,0.695460643430252,0.629492303311162,TRUE,2769,"RALYL","RNA-binding Raly-like protein","RALYL","Q86SE5"
"X21793.4",123,0.695316228732118,0.510420403029642,TRUE,2770,"CEP43","FGFR1 oncogene partner","FR1OP","O95684"
"X24680.51",123,0.695242333652596,0.506593857968723,TRUE,2771,"TMX1","Thioredoxin domain-containing protein 1","TXND1","Q9H3N1"
"X15580.2",123,0.695048840816669,0.551838972450815,TRUE,2772,"EPHA7","Ephrin type-A receptor 7","EPHA7","Q15375"
"X18338.26",123,0.694734771405813,0.579698871366664,TRUE,2773,"IDH1","Isocitrate dehydrogenase [NADP] cytoplasmic","IDH","O75874"
"X5099.14",123,0.694230707214035,0.603028445658681,TRUE,2774,"LAG3","Lymphocyte activation gene 3 protein","LAG-3","P18627"
"X6947.4",122,0.694144163496779,0.542889579752837,TRUE,2775,"ST3GAL6","Type 2 lactosamine alpha-2,3-sialyltransferase","SIA10","Q9Y274"
"X11567.23",124,0.694071730953842,0.499935918904972,TRUE,2776,"ZNF10","Zinc finger protein 10","ZNF10","P21506"
"X13412.5",125,0.693717277486911,0.678548456824273,TRUE,2777,"WFDC6","WAP four-disulfide core domain protein 6","WFDC6","Q9BQY6"
"X6113.31",123,0.69303651532302,0.563422125226376,TRUE,2778,"EDN3","Endothelin-3","Endothelin 3","P14138"
"X13540.1",125,0.692715630607379,0.545388404538635,TRUE,2779,"GPR26","G-protein coupled receptor 26","GPR26","Q8NDV2"
"X7016.12",121,0.691151263863201,0.550776056558315,TRUE,2780,"GCNT1","Beta-1,3-galactosyl-O-glycosyl-glycoprotein beta-1,6-N-acetylglucosaminyltransferase","GCNT1","Q02742"
"X7779.86",125,0.690183860580587,0.490122851377558,TRUE,2781,"CHST11","Carbohydrate sulfotransferase 11","CHSTB","Q9NPF2"
"X12737.12",122,0.689604346504157,0.552204308705096,TRUE,2782,"PLS1","Plastin-1","PLSI","Q14651"
"X3499.77",125,0.688278887987612,0.483596980558256,TRUE,2783,"IL17B","Interleukin-17B","IL-17B","Q9UHF5"
"X5909.51",123,0.688218543708419,0.528871486294251,TRUE,2784,"NME1","Nucleoside diphosphate kinase A","Nucleoside diphosphate kinase A","P15531"
"X2742.68",125,0.687682815918197,0.580680696564876,TRUE,2785,"SIGLEC7","Sialic acid-binding Ig-like lectin 7","Siglec-7","Q9Y286"
"X15535.3",125,0.687221935452154,0.500372543767693,TRUE,2786,"PRSS27","Serine protease 27","Marapsin","Q9BQR3"
"X9045.3",121,0.68693937833663,0.697750097968702,TRUE,2787,"SLC27A2","Very long-chain acyl-CoA synthetase","S27A2","O14975"
"X2962.50",124,0.68690079757266,0.471566293903281,TRUE,2788,"PTHLH","Parathyroid hormone-related protein","PTHrP","P12272"
"X14030.21",125,0.685802423616744,0.62861187901403,TRUE,2789,"TNFSF4","Tumor necrosis factor ligand superfamily member 4","OX40 Ligand","P23510"
"X9956.7",125,0.685765553179461,0.575715920077096,TRUE,2790,"ADAM15","Disintegrin and metalloproteinase domain-containing protein 15:Cytoplasmic domain","ADA15:CD","Q13444"
"X11371.1",123,0.685516093766628,0.507410078182928,TRUE,2791,"GPR101","Probable G-protein coupled receptor 101","GP101","Q96P66"
"X23254.31",122,0.685049258560348,0.592164006840166,TRUE,2792,"NDUFAF3","NADH dehydrogenase [ubiquinone] 1 alpha subcomplex assembly factor 3","NDUF3","Q9BU61"
"X14067.6",124,0.685000708181861,0.540909415255844,TRUE,2793,"PKP2","Plakophilin-2","PKP2","Q99959"
"X20977.2",122,0.684776178594445,0.47928778710383,TRUE,2794,"PDCL","Phosducin-like protein","PHLP","Q13371"
"X4469.78",121,0.684755729897089,0.443640166947612,TRUE,2795,"CHST15","Carbohydrate sulfotransferase 15","ST4S6","Q7LFX5"
"X4139.71",125,0.68412481872035,0.626324985078707,TRUE,2796,"IL6R","Interleukin-6 receptor subunit alpha","IL-6 sRa","P08887"
"X6622.90",125,0.684044932772903,0.566209106224629,TRUE,2797,"APLN","Apelin","APEL","Q9ULZ1"
"X11646.4",125,0.683418135339085,0.546426215708638,TRUE,2798,"CHST9","Carbohydrate sulfotransferase 9","Carbohydrate sulfotransferase 9","Q7L1S5"
"X8843.34",124,0.683345136364352,0.547473387863613,TRUE,2799,"MYRF","Myelin regulatory factor","MRF","Q9Y2G1"
"X13386.248",124,0.683189756922041,0.576387957225363,TRUE,2800,"RNF34","E3 ubiquitin-protein ligase RNF34","RNF34","Q969K3"
"X23903.3",124,0.682777592425893,0.528606199177644,TRUE,2801,"GOT2","Aspartate aminotransferase, mitochondrial","GOT2","P00505"
"X14692.3",124,0.682016901940418,0.687261543988324,TRUE,2802,"ZNF276","Zinc finger protein 276","ZN276","Q8N554"
"X4148.49",124,0.681790283744865,0.507576508608915,TRUE,2803,"PAPPA","Pappalysin-1","PAPP-A","Q13219"
"X18175.65",119,0.681389708946002,0.458627388452106,TRUE,2804,"VAT1","Synaptic vesicle membrane protein VAT-1 homolog","VAT1","Q99536"
"X19289.29",124,0.681192263506602,0.617677949854977,TRUE,2805,"UROD","Uroporphyrinogen decarboxylase","DCUP","P06132"
"X12738.43",123,0.681085107823883,0.497670968318691,TRUE,2806,"NISCH","Nischarin","NISCH","Q9Y2I1"
"X4481.34",125,0.680953961113979,0.552095650737644,TRUE,2807,"C4A|C4B","Complement C4","C4","P0C0L4|P0C0L5"
"X19122.47",125,0.680554531376742,0.732821724644106,TRUE,2808,"MYL12B","Myosin regulatory light chain 12B","ML12B","O14950"
"X15361.37",125,0.679995329744611,0.607675484072776,TRUE,2809,"ANKRD1","Ankyrin repeat domain-containing protein 1","ANKR1","Q15327"
"X22103.25",120,0.679615763957381,0.608241100753428,TRUE,2810,"CDK20","Cyclin-dependent kinase 20","CDK20","Q8IZL9"
"X12786.61",116,0.679413144276388,0.622454666725666,TRUE,2811,"GPCPD1","Glycerophosphocholine phosphodiesterase GPCPD1","GDE5","Q9NPB8"
"X13984.23",121,0.679351508089212,0.504498507956674,TRUE,2812,"DDX25","ATP-dependent RNA helicase DDX25","DDX25","Q9UHL0"
"X3853.56",124,0.678830646430437,0.508613244696871,TRUE,2813,"MDH1","Malate dehydrogenase, cytoplasmic","MDHC","P40925"
"X7758.217",122,0.678729352977335,0.56269241875911,TRUE,2814,"RNF215","RING finger protein 215:Extracellular domain","RN215:ECD","Q9Y6U7"
"X9504.19",124,0.678630218906882,0.508279156609485,TRUE,2815,"RAB27A","Ras-related protein Rab-27A","RB27A","P51159"
"X13701.2",121,0.677299811320116,0.677992482456134,TRUE,2816,"CXCL13","C-X-C motif chemokine 13","BLC","O43927"
"X12634.79",124,0.676142694372927,0.729696769884903,TRUE,2817,"BCAR3","Breast cancer anti-estrogen resistance protein 3:Guanine Nucleotide Exchange Factor Domain","BCAR3:Ras-GEF","O75815"
"X17782.23",124,0.675917095510127,0.730961564174166,TRUE,2818,"ACAA1","3-ketoacyl-CoA thiolase, peroxisomal","THIK","P09110"
"X17419.17",125,0.675828970331588,0.53592572063378,TRUE,2819,"TES","Testin","TES","Q9UGI8"
"X10668.5",125,0.674741292431728,0.542869396855821,TRUE,2820,"STX4","Syntaxin-4","STX4","Q12846"
"X18316.75",123,0.674531100848791,0.569030404905835,TRUE,2821,"SEPTIN3","Neuronal-specific septin-3","SEPT3","Q9UH03"
"X10949.59",125,0.674501634589386,0.564447479420016,TRUE,2822,"RPLP2","60S acidic ribosomal protein P2","RLA2","P05387"
"X17692.2",121,0.672784428500776,0.589164910068636,TRUE,2823,"BTN3A3","Butyrophilin subfamily 3 member A3","BT3A3","O00478"
"X21349.2",125,0.672191087186294,0.696452753835842,TRUE,2824,"STYX","Serine/threonine/tyrosine-interacting protein","STYX","Q8WUJ0"
"X21383.37",125,0.672184942113414,0.585898590685666,TRUE,2825,"NARS1","Asparaginyl-tRNA synthetase, cytoplasmic","SYNC","O43776"
"X4158.54",123,0.671695314263601,0.461032799840799,TRUE,2826,"PLAU","Urokinase-type plasminogen activator","uPA","P00749"
"X22948.13",124,0.671591431287258,0.628042218758384,TRUE,2827,"BMP3","Bone morphogenetic protein 3","BMP-3","P12645"
"X8535.102",123,0.671451283655443,0.735835135873064,TRUE,2828,"DMKN","Dermokine","Dermokine","Q6E0U4"
"X3024.18",125,0.670974362755942,0.558110293493484,TRUE,2829,"SERPINF2","Alpha-2-antiplasmin","a2-Antiplasmin","P08697"
"X6086.15",125,0.670906766954256,0.605217530584588,TRUE,2830,"CHRDL2","Chordin-like protein 2","CRDL2","Q6WN34"
"X11218.84",124,0.670804560076043,0.625648949027025,TRUE,2831,"TPMT","Thiopurine S-methyltransferase","TPMT","P51580"
"X24975.3",124,0.670729020439767,0.590325560894459,TRUE,2832,"FCRLA","Fc receptor-like A","FCRLA","Q7L513"
"X13634.209",124,0.670723761862046,0.541278273759578,TRUE,2833,"PIR","Pirin","PIR","O00625"
"X19183.164",125,0.670519627362781,0.524025854784707,TRUE,2834,"RPL12","60S ribosomal protein L12","RL12","P30050"
"X6410.26",125,0.670415161123811,0.646616037803998,TRUE,2835,"INSL4","Early placenta insulin-like peptide","INSL4","Q14641"
"X17826.341",125,0.669997296167933,0.530954722500125,TRUE,2836,"EEF1D","Elongation factor 1-delta","EF1D","P29692"
"X20544.103",125,0.669180001474818,0.569203893717284,TRUE,2837,"GRIK2","Glutamate receptor ionotropic, kainate 2","GRIK2","Q13002"
"X25901.3",124,0.668507939505532,0.673587749868533,TRUE,2838,"CRTC3","CREB-regulated transcription coactivator 3","CRTC3","Q6UUV7"
"X7743.5",124,0.668413515257385,0.555776841397159,TRUE,2839,"TIMM50","Mitochondrial import inner membrane translocase subunit TIM50","TIM50","Q3ZCQ8"
"X8272.22",124,0.667701140019011,0.54325337322493,TRUE,2840,"HSD17B7","3-keto-steroid reductase:Cytoplasmic domain","DHB7:CD","P56937"
"X18282.1",123,0.667433108345615,0.56360833586468,TRUE,2841,"GNG11","Guanine nucleotide-binding protein G(I)/G(S)/G(O) subunit gamma-11","GBG11","P61952"
"X13651.54",123,0.667410541523697,0.501546504403986,TRUE,2842,"ZFP91","E3 ubiquitin-protein ligase ZFP91","ZFP91","Q96JP5"
"X10574.10",120,0.666958388031089,0.609479203961357,TRUE,2843,"B2M","Beta-2-microglobulin","b2-Microglobulin","P61769"
"X7888.58",123,0.666868759835918,0.547749150112419,TRUE,2844,"COA3","Cytochrome c oxidase assembly factor 3 homolog, mitochondrial","CCD56","Q9Y2R0"
"X20430.8",124,0.666668764989897,0.585658393329265,TRUE,2845,"NPPC","C-type natriuretic peptide","Natriuretic Peptide C-Type","P23582"
"X5008.51",125,0.666457734188728,0.543449578485354,TRUE,2846,"SOD2","Superoxide dismutase [Mn], mitochondrial","Mn SOD","P04179"
"X17327.3",121,0.666326789857895,0.597280644047794,TRUE,2847,"CNPY3","Protein canopy homolog 3","CNPY3","Q9BT09"
"X13599.15",125,0.665548263402404,0.697864295467212,TRUE,2848,"RABEPK","Rab9 effector protein with kelch motifs","RABEK","Q7Z6M1"
"X7152.5",125,0.665241009758376,0.493881836478599,TRUE,2849,"HAVCR2","Hepatitis A virus cellular receptor 2","TIMD3","Q8TDQ0"
"X18180.58",125,0.665099673082123,0.571950861002754,TRUE,2850,"RTN4IP1","Reticulon-4-interacting protein 1, mitochondrial","RT4I1","Q8WWV3"
"X22375.15",125,0.664700243344886,0.621971008023984,TRUE,2851,"HOXA11","Homeobox protein Hox-A11","HXA11","P31270"
"X2773.50",125,0.664700243344886,0.570752868326606,TRUE,2852,"IL10","Interleukin-10","IL-10","P22301"
"X14197.2",125,0.664663372907603,0.589262920516865,TRUE,2853,"PRDM1","PR domain zinc finger protein 1","PRDM1","O75626"
"X18170.46",125,0.663815352850085,0.620627717137067,TRUE,2854,"PYCR1","Pyrroline-5-carboxylate reductase 1, mitochondrial","P5CR1","P32322"
"X8093.13",120,0.663112784252712,0.601569356286835,TRUE,2855,"MYORG","Uncharacterized family 31 glucosidase KIAA1161:Cytoplasmic domain","K1161:CD","Q6NSJ0"
"X20111.5",125,0.662057862006244,0.590892151234793,TRUE,2856,"BASP1","Brain acid soluble protein 1","BASP","P80723"
"X14628.72",125,0.66201484649608,0.60048294108525,TRUE,2857,"FBXO3","F-box only protein 3","FBX3","Q9UK99"
"X12621.55",124,0.661368400511152,0.55008305237451,TRUE,2858,"PPP2R1A","Serine/threonine-protein phosphatase 2A 65 kDa regulatory subunit A alpha isoform","PP2AAA","P30153"
"X7893.19",125,0.660945603814861,0.537946316604044,TRUE,2859,"OLR1","Oxidized low-density lipoprotein receptor 1","OLR1","P78380"
"X24689.9",122,0.660936064457708,0.599636052091787,TRUE,2860,"CAVIN1","Polymerase I and transcript release factor","PTRF","Q6NZI2"
"X5676.54",124,0.660570007711313,0.671868987466389,TRUE,2861,"ASIP","Agouti-signaling protein","ASIP","P42127"
"X10012.5",123,0.660428712861708,0.661241843662013,TRUE,2862,"SPDEF","SAM pointed domain-containing Ets transcription factor","SPDEF","O95238"
"X17680.12",123,0.660425427620546,0.555345330894526,TRUE,2863,"EPHB1","Ephrin type-B receptor 1","EPHB1","P54762"
"X9461.2",120,0.660281165782235,0.602183462644762,TRUE,2864,"ICAM4","Intercellular adhesion molecule 4","ICAM4","Q14773"
"X13236.25",124,0.660096816633828,0.498824889552223,TRUE,2865,"WNT3A","Protein Wnt-3a","WNT3A","P56704"
"X6920.1",124,0.66004645687631,0.512351965846532,TRUE,2866,"GFRAL","GDNF family receptor alpha-like","GFRAL","Q6UXV0"
"X23685.132",118,0.659992402881061,0.582945995574869,TRUE,2867,"M1AP","Meiosis 1 arrest protein","M1AP","Q8TC57"
"X25473.62",124,0.659978282422926,0.741478533208002,TRUE,2868,"FNTA","Protein farnesyltransferase/geranylgeranyltransferase type-1 subunit alpha","FNTA","P49354"
"X25259.7",124,0.658837822695884,0.512003599979178,TRUE,2869,"CYBC1","Uncharacterized protein C17orf62","CQ062","Q9BQA9"
"X24679.35",125,0.658585895828725,0.530002423619131,TRUE,2870,"ETV7","Transcription factor ETV7","ETV7","Q9Y603"
"X7185.29",125,0.658395398569427,0.57529993658583,TRUE,2871,"GP5","Platelet glycoprotein V","GPV","P40197"
"X10616.67",121,0.657749699361461,0.536405989524495,TRUE,2872,"PODXL2","Podocalyxin-like protein 2","PDXL2","Q9NZ53"
"X19139.3",125,0.657283140378045,0.515299738922493,TRUE,2873,"HSF2BP","Heat shock factor 2-binding protein","HSF2B","O75031"
"X9970.7",122,0.657182892853956,0.658234377082524,TRUE,2874,"UBXN4","UBX domain-containing protein 4:Cytoplasmic domain 2","UBXN4:CD 2","Q92575"
"X23646.5",124,0.656837102434572,0.660638143482589,TRUE,2875,"AIPL1","Aryl-hydrocarbon-interacting protein-like 1","AIPL1","Q9NZN9"
"X21203.14",124,0.655836205404214,0.565076312614294,TRUE,2876,"MRFAP1L1","MORF4 family-associated protein 1-like 1","MR1L1","Q96HT8"
"X7838.27",123,0.655800933928433,0.509044419075814,TRUE,2877,"SMR3A","Submaxillary gland androgen-regulated protein 3A","SMR3A","Q99954"
"X3636.37",125,0.654487132217388,0.569561533102041,TRUE,2878,"OLR1","Oxidized low-density lipoprotein receptor 1","OLR1","P78380"
"X24917.95",123,0.654479842883817,0.609860775510059,TRUE,2879,"DNAJC1","DnaJ homolog subfamily C member 1","DNJC1","Q96KC8"
"X3827.22",125,0.654272054666568,0.577759714841034,TRUE,2880,"PAK6","Serine/threonine-protein kinase PAK 6","PAK6","Q9NQU5"
"X23535.3",124,0.652335119006402,0.573421726855083,TRUE,2881,"DENND10","Protein FAM45A","FA45A","Q8TCE6"
"X18404.22",124,0.651806341552465,0.6180827623822,TRUE,2882,"ANKRD54","Ankyrin repeat domain-containing protein 54","ANR54","Q6NXT1"
"X25466.84",123,0.65156987693816,0.587623112072003,TRUE,2883,"KMO","Kynurenine 3-monooxygenase","KMO","O15229"
"X13543.7",124,0.651561934438097,0.550487049732344,TRUE,2884,"PTGR1","Prostaglandin reductase 1","LTB4DH","Q14914"
"X23627.3",124,0.650773966523351,0.571878107142484,TRUE,2885,"SDHAF4","UPF0369 protein C6orf57","CF057","Q5VUM1"
"X6081.52",124,0.650188534342207,0.53225957964301,TRUE,2886,"PCOLCE2","Procollagen C-endopeptidase enhancer 2","PCOC2","Q9UKZ9"
"X22092.43",123,0.650100455030652,0.670368949048663,TRUE,2887,"CASP4","Caspase-4","Caspase-4","P49662"
"X23523.14",123,0.649881163149934,0.59317616582152,TRUE,2888,"CYRIA","Protein FAM49A","FA49A","Q9H0Q0"
"X8767.44",122,0.649846159947387,0.537350229185605,TRUE,2889,"ECE1","Endothelin-converting enzyme 1:Cytoplasmic domain","Endothelin-converting enzyme 1:CD","P42892"
"X12653.13",124,0.649786758572935,0.563999135694104,TRUE,2890,"CSNK1G2","Casein kinase I isoform gamma-2","CSNK1G2","P78368"
"X3684.78",124,0.649371291881088,0.583528061467134,TRUE,2891,"MSR1","Macrophage scavenger receptor types I and II:Extracellular domain","Macrophage scavenger receptor:ECD","P21757"
"X17742.2",125,0.648796794729986,0.540638138139295,TRUE,2892,"RRAS","Ras-related protein R-Ras","RRAS","P10301"
"X9580.5",125,0.64852026645036,0.600250520949987,TRUE,2893,"LAMC2","Laminin subunit gamma-2","Laminin gamma-2","Q13753"
"X3352.80",123,0.647677617215591,0.52720923731366,TRUE,2894,"CA6","Carbonic anhydrase 6","Carbonic anhydrase 6","P23280"
"X9568.289",123,0.64715822605196,0.581798390447753,TRUE,2895,"FCAMR","High affinity immunoglobulin alpha and immunoglobulin mu Fc receptor","FCAMR","Q8WWV6"
"X24690.1",125,0.646676744586191,0.653271595860415,TRUE,2896,"CABP2","Calcium-binding protein 2","CABP2","Q9NPB3"
"X8971.9",123,0.645430827923596,0.560973537167823,TRUE,2897,"NRXN1","Neurexin-1","NRX1A","Q9ULB1"
"X8002.27",125,0.644851657940663,0.600058418448103,TRUE,2898,"TMPRSS5","Transmembrane protease serine 5","Spinesin","Q9H3S3"
"X10643.16",124,0.644675259273248,0.685874603475332,TRUE,2899,"OLFM3","Noelin-3:Isoform 2, C-term","NOE3:C-term","Q96PB7"
"X5742.14",121,0.644447304951085,0.581735668356731,TRUE,2900,"ACP6","Lysophosphatidic acid phosphatase type 6","PPA6","Q9NPH0"
"X18286.3",125,0.64427402108989,0.607573359064334,TRUE,2901,"ZWINT","ZW10 interactor","ZWINT","O95229"
"X9332.6",125,0.643997492810265,0.554901131027156,TRUE,2902,"DEFB136","Beta-defensin 136","DB136","Q30KP8"
"X8488.33",122,0.642573161260472,0.611837016568378,TRUE,2903,"ITGA2B|ITGB3","Integrin alpha-IIb: beta-3 complex","gpIIbIIIa","P08514|P05106"
"X25043.74",125,0.642350613278274,0.553066275318783,TRUE,2904,"OXCT1","Succinyl-CoA:3-ketoacid-coenzyme A transferase 1, mitochondrial","SCOT","P55809"
"X7818.101",122,0.642262504750731,0.553932726619677,TRUE,2905,"GBP6","Guanylate-binding protein 6","GBP6","Q6ZN66"
"X11570.94",124,0.642193922836262,0.669547034815243,TRUE,2906,"BCAP29","B-cell receptor-associated protein 29","BAP29","Q9UHQ4"
"X24699.20",125,0.641121598702161,0.591730732425438,TRUE,2907,"ARL6IP1","ADP-ribosylation factor-like protein 6-interacting protein 1","AR6P1","Q15041"
"X21340.38",124,0.64052688730466,0.580412969299237,TRUE,2908,"HLF","Hepatic leukemia factor","HLF","Q16534"
"X22809.32",122,0.640426192884006,0.549709361957505,TRUE,2909,"TIMM23","Mitochondrial import inner membrane translocase subunit Tim23","TIM23","O14925"
"X6478.2",124,0.640124010512566,0.613166395915283,TRUE,2910,"IGLON5","IgLON family member 5","IGLO5","A6NGN9"
"X13595.20",121,0.639537404642214,0.598619681280392,TRUE,2911,"THTPA","Thiamine-triphosphatase","THTPA","Q9BU02"
"X5201.50",124,0.639463040775538,0.547840103654293,TRUE,2912,"PDE9A","High affinity cGMP-specific 3',5'-cyclic phosphodiesterase 9A","PDE9A","O76083"
"X25906.5",125,0.639056854214291,0.541078816136063,TRUE,2913,"EEF1A1","Elongation factor 1-alpha 1","EF-1-alpha-1","P68104"
"X25075.2",124,0.638909085186409,0.512755213992224,TRUE,2914,"ZBTB10","Zinc finger and BTB domain-containing protein 10","ZBT10","Q96DT7"
"X5947.90",115,0.638636462283322,0.561899995436217,TRUE,2915,"THPO","Thrombopoietin","Tpo","P40225"
"X6421.52",125,0.638423911707593,0.571208431514379,TRUE,2916,"IFNA16","Interferon alpha-16","IFN16","P05015"
"X3292.75",121,0.638322809679954,0.61743928033126,TRUE,2917,"CD48","CD48 antigen","CD48","P09326"
"X12893.159",125,0.638079787626281,0.565648951845916,TRUE,2918,"IFI16","Gamma-interferon-inducible protein 16:Isoform 2, Hematopoietic expression, interferon-inducible nature, and nuclear localization 2","IP16:HIN 2","Q16666"
"X22795.17",123,0.637504071411756,0.581031254155174,TRUE,2919,"TADA2A","Transcriptional adapter 2-alpha","TAD2A","O75478"
"X13671.40",122,0.63534575065766,0.68435505712953,TRUE,2920,"ELANE","Neutrophil elastase","Elastase","P08246"
"X7090.17",125,0.635093282206327,0.589831371636907,TRUE,2921,"GALNT1","Polypeptide N-acetylgalactosaminyltransferase 1","GALT1","Q10472"
"X9513.9",125,0.634915075092791,0.563677065623301,TRUE,2922,"FGF22","Fibroblast growth factor 22","FGF22","Q9HCT0"
"X8034.6",124,0.634910642905254,0.644285134229623,TRUE,2923,"DRGX","Dorsal root ganglia homeobox protein","DRGX","A6NNA5"
"X5128.53",124,0.634800781827853,0.683544580897499,TRUE,2924,"SLAMF6","SLAM family member 6","SLAF6","Q96DU3"
"X3216.2",124,0.63472524290485,0.776764311672363,TRUE,2925,"PIGR","Polymeric immunoglobulin receptor","PIGR","P01833"
"X7826.1",124,0.63455812460263,0.565009327550806,TRUE,2926,"DCLK3","Serine/threonine-protein kinase DCLK3","DCLK3","Q9C098"
"X23276.14",124,0.63438931117511,0.543918586181029,TRUE,2927,"C2orf68","UPF0561 protein C2orf68","CB068","Q2NKX9"
"X10907.116",125,0.634349728387779,0.61122058917572,TRUE,2928,"NTM","Neurotrimin","NTRI","Q9P121"
"X4392.54",125,0.633919573286139,0.622181180091177,TRUE,2929,"FGF12","Fibroblast growth factor 12","FGF-12","P61328"
"X22950.6",119,0.633741324112291,0.619978992825049,TRUE,2930,"BTN3A3","Butyrophilin subfamily 3 member A3","BT3A3","O00478"
"X9251.28",125,0.6334894181845,0.645397306669737,TRUE,2931,"MAN2B2","Epididymis-specific alpha-mannosidase","MA2B2","Q9Y2E5"
"X14705.1",120,0.633354865148326,0.583430824889342,TRUE,2932,"VEGFD","Vascular endothelial growth factor D","VEGF-D","O43915"
"X8645.257",125,0.633206744831994,0.716648916387153,TRUE,2933,"PEX14","Peroxisomal membrane protein PEX14:C-term","PEX14:C-term","O75381"
"X7195.119",125,0.632629107981221,0.603987697598233,TRUE,2934,"EPHA7","Ephrin type-A receptor 7","EPHA7","Q15375"
"X18330.7",124,0.632241575756813,0.665013244180737,TRUE,2935,"PGM2","Phosphoglucomutase-2","PGM2","Q96G03"
"X5481.16",122,0.632170688663719,0.597968816442367,TRUE,2936,"RASA1","Ras GTPase-activating protein 1","RASA1","P20936"
"X5104.57",123,0.631895153358208,0.793920455369759,TRUE,2937,"NCR1","Natural cytotoxicity triggering receptor 1","NKp46","O76036"
"X3470.1",123,0.631757334184702,0.614215374418214,TRUE,2938,"SELE","E-selectin","sE-Selectin","P16581"
"X5699.19",121,0.631645805457225,0.598373483800103,TRUE,2939,"FAM189A2","Protein FAM189A2","CI061","Q15884"
"X9790.28",124,0.631643553636289,0.539090046988785,TRUE,2940,"BRSK2","Serine/threonine-protein kinase BRSK2","BR serine/threonine kinase 2","Q8IWQ3"
"X9234.8",125,0.63120345107293,0.579766929847397,TRUE,2941,"TWSG1","Twisted gastrulation protein homolog 1","TWSG1","Q9GZX9"
"X5140.56",125,0.630588943784873,0.648831388199053,TRUE,2942,"UNC5D","Netrin receptor UNC5D","UNC5H4","Q6UXZ4"
"X19467.3",121,0.629878796501426,0.616085870361315,TRUE,2943,"RBKS","Ribokinase","RBSK","Q9H477"
"X10959.125",121,0.629530264998696,0.608015441840807,TRUE,2944,"BET1L","BET1-like protein","BET1L","Q9NYM9"
"X9835.16",121,0.629336802097518,0.576139148697905,TRUE,2945,"ALDH1A3","Aldehyde dehydrogenase family 1 member A3","AL1A3","P47895"
"X22033.32",123,0.629108874491681,0.583313541615243,TRUE,2946,"WAS","Wiskott-Aldrich syndrome protein","WASP","P42768"
"X17447.52",125,0.62902809527321,0.605524661620603,TRUE,2947,"SFRP4","Secreted frizzled-related protein 4","SFRP4","Q6FHJ7"
"X2954.56",124,0.62891783176064,0.581297133295306,TRUE,2948,"MMP8","Neutrophil collagenase","MMP-8","P22894"
"X5584.21",124,0.628635726988024,0.600550645438955,TRUE,2949,"TCN2","Holo-Transcobalamin-2","Holo-TC II","P20062"
"X9123.18",125,0.628032593466559,0.727487862905186,TRUE,2950,"CBARP","Protein Dos","DOS","Q8N350"
"X13998.26",106,0.627681284295497,0.727420399602827,TRUE,2951,"ADSS1","Adenylosuccinate synthetase isozyme 1","PURA1","Q8N142"
"X13430.50",125,0.62575891650075,0.661375903402363,TRUE,2952,"SLC14A1","Urea transporter 1","UT1","Q13336"
"X6364.7",125,0.625506968512647,0.611053134720629,TRUE,2953,"TAPBPL","Tapasin-related protein","TPSNR","Q9BX59"
"X13539.131",125,0.625384067055035,0.538342516211591,TRUE,2954,"KCNN1","Small conductance calcium-activated potassium channel protein 1","KCNN1","Q92952"
"X3294.55",124,0.624955542196357,0.580846655745179,TRUE,2955,"CFC1","Cryptic protein","CFC1","P0CG37"
"X11647.6",124,0.62405300347796,0.576756236042238,TRUE,2956,"FZD10","Frizzled-10:Cytoplasmic domain","Frizzled-10:CD","Q9ULW2"
"X20970.14",118,0.623685565786542,0.607839478420362,TRUE,2957,"DBNDD1","Dysbindin domain-containing protein 1","DBND1","Q9H9R9"
"X25488.6",125,0.623577415628149,0.588097229150175,TRUE,2958,"PLEKHO2","Pleckstrin homology domain-containing family O member 2","PKHO2","Q8TD55"
"X11117.2",124,0.623013150191682,0.639598189842977,TRUE,2959,"SPATA20","Spermatogenesis-associated protein 20","SPT20","Q8TB22"
"X11563.51",123,0.621811802418015,0.653686694332381,TRUE,2960,"SYTL4","Synaptotagmin-like protein 4:Ca2+-dependent membrane-targeting module 2","SYTL4:C2 2","Q96C24"
"X20912.10",125,0.621610992306369,0.749859635951366,TRUE,2961,"PUDP","Pseudouridine-5'-phosphatase","HDHD1","Q08623"
"X11683.19",124,0.621572793226634,0.59205949504614,TRUE,2962,"GGA3","ADP-ribosylation factor-binding protein GGA3","GGA3","Q9NZ52"
"X12814.17",120,0.621482896336169,0.624656329529512,TRUE,2963,"RNPC3","RNA-binding protein 40","RBM40","Q96LT9"
"X13959.7",125,0.620468008750584,0.564146685483356,TRUE,2964,"LAP3","Cytosol aminopeptidase","LAP","P28838"
"X14083.25",125,0.620148464960794,0.601166378468932,TRUE,2965,"SEPHS1","Selenide, water dikinase 1","SPS1","P49903"
"X8222.49",125,0.619871936681169,0.60114797019374,TRUE,2966,"CDHR3","Cadherin-related family member 3","CDHR3","Q6ZTQ4"
"X25260.62",123,0.619346766079306,0.685088411669899,TRUE,2967,"FAM219B","Uncharacterized protein C15orf17","CO017","Q5XKK7"
"X8874.53",118,0.618165813820132,0.730562378763075,TRUE,2968,"CLN5","Ceroid-lipofuscinosis neuronal protein 5:Lumenal domain","CLN5:LD","O75503"
"X13588.11",124,0.617769440440144,0.602150278048317,TRUE,2969,"ANXA9","Annexin A9","ANXA9","O76027"
"X11307.33",125,0.617438487820466,0.521128346680169,TRUE,2970,"WWP1","NEDD4-like E3 ubiquitin-protein ligase WWP1","WWP1","Q9H0M0"
"X11531.24",123,0.617063543252238,0.642880118384878,TRUE,2971,"VSIR","V-type immunoglobulin domain-containing suppressor of T-cell activation:Cytoplasmic domain","GI24:CD","Q9H7M9"
"X8235.48",125,0.616596612835828,0.688324778221845,TRUE,2972,"CHGB","Secretogranin-1","SCG1","P05060"
"X8418.30",124,0.616014352485718,0.636443776566865,TRUE,2973,"CTNNB1","Catenin beta-1","b-Catenin","P35222"
"X3175.51",124,0.615831798939301,0.658677073756316,TRUE,2974,"ADAMTS13","A disintegrin and metalloproteinase with thrombospondin motifs 13","ATS13","Q76LX8"
"X22104.39",125,0.615816188579997,0.557241590643598,TRUE,2975,"CDX1","Homeobox protein CDX-1","CDX1","P47902"
"X10630.5",121,0.615775995230481,0.630893458637002,TRUE,2976,"HTATIP2","Oxidoreductase HTATIP2","HTAI2","Q9BUP3"
"X19808.26",125,0.614581028931003,0.572905711588278,TRUE,2977,"RAB3D","Ras-related protein Rab-3D","RAB3D","O95716"
"X3194.36",124,0.612714579779298,0.655334495638203,TRUE,2978,"GP6","Platelet glycoprotein VI","GPVI","Q9HCN6"
"X4562.1",125,0.612682201410909,0.607535966450083,TRUE,2979,"NXPH1","Neurexophilin-1","NXPH1","P58417"
"X6020.52",123,0.612618190730493,0.645209624742997,TRUE,2980,"UTS2","Urotensin-2","Urotensin-II","O95399"
"X20432.6",123,0.612066213248454,0.665726508904686,TRUE,2981,"PGPEP1","Pyroglutamyl-peptidase 1","PGPI","Q9NXJ5"
"X2775.54",124,0.612010764364289,0.697058751353234,TRUE,2982,"IL17F","Interleukin-17F","IL-17F","Q96PD4"
"X15544.25",121,0.611589116826102,0.622788233464289,TRUE,2983,"KLK14","Kallikrein-14","kallikrein 14","Q9P0G3"
"X5486.73",125,0.611090627534843,0.591128527108779,TRUE,2984,"ICAM2","Intercellular adhesion molecule 2","sICAM-2","P13598"
"X9269.7",120,0.610920103074882,0.62864650242185,TRUE,2985,"BTD","Biotinidase","Biotinidase","P43251"
"X18255.6",124,0.610915443085784,0.638247166193516,TRUE,2986,"CYB5R1","NADH-cytochrome b5 reductase 1","NB5R1","Q9UHQ9"
"X23296.29",123,0.610905256232888,0.612313743575677,TRUE,2987,"SFRP5","SARP-3","SARP-3","Q5T4F7"
"X9525.1",125,0.610771083745053,0.655721708364745,TRUE,2988,"PTK7","Inactive tyrosine-protein kinase 7","PTK7","Q13308"
"X21698.11",124,0.610254473348756,0.67352150609677,TRUE,2989,"ITGA11|ITGB1","Integrin a11b1","Integrin a11b1","Q9UKX5|P05556"
"X4271.75",124,0.610222998599374,0.613789934054163,TRUE,2990,"PFDN5","Prefoldin subunit 5","PFD5","Q99471"
"X22365.52",124,0.609013137601742,0.555360358881852,TRUE,2991,"ATF5","Cyclic AMP-dependent transcription factor ATF-5","ATF5","Q9Y2D1"
"X11167.6",124,0.608812929827046,0.605135156306391,TRUE,2992,"MTMR1","Myotubularin-related protein 1","MTMR1","Q13613"
"X12692.56",125,0.60878008013175,0.672256654782454,TRUE,2993,"DOT1L","Histone-lysine N-methyltransferase, H3 lysine-79 specific","DOT1L","Q8TEK3"
"X16296.43",125,0.608749354767348,0.645146890546997,TRUE,2994,"LGR5","Leucine-rich repeat-containing G-protein coupled receptor 5","LGR5","O75473"
"X10743.13",125,0.608374505321633,0.692541152614646,TRUE,2995,"SLITRK1","SLIT and NTRK-like protein 1","SLIK1","Q96PX8"
"X8620.56",121,0.608167800330614,0.642925357097141,TRUE,2996,"KLK14","Kallikrein-14","kallikrein 14","Q9P0G3"
"X3346.72",124,0.608007176242859,0.558643131468029,TRUE,2997,"AURKB","Aurora kinase B","AURKB","Q96GD4"
"X5070.76",122,0.607483492296405,0.608125873271919,TRUE,2998,"TNFRSF6B","Tumor necrosis factor receptor superfamily member 6B","DcR3","O95407"
"X8236.8",122,0.60640741340507,0.756544217351246,TRUE,2999,"C18orf32","UPF0729 protein C18orf32","CR032","Q8TCD1"
"X5879.51",123,0.605706748707629,0.699105010733415,TRUE,3000,"DCTN2","Dynactin subunit 2","Dynactin subunit 2","Q13561"
"X20219.25",125,0.605191357569501,0.664008005041483,TRUE,3001,"MME","Neprilysin","Neprilysin","P08473"
"X11428.31",125,0.60517906742374,0.577167671313198,TRUE,3002,"PDLIM1","PDZ and LIM domain protein 1","PDLI1","O00151"
"X4540.11",123,0.604752184050386,0.681324856164469,TRUE,3003,"CBX5","Chromobox protein homolog 5","CBX5","P45973"
"X6580.29",125,0.604669026374653,0.767195807826412,TRUE,3004,"PZP","Pregnancy zone protein","Pregnancy zone protein","P20742"
"X19166.15",125,0.604386353022147,0.538427250964683,TRUE,3005,"RPS19","40S ribosomal protein S19","RS19","P39019"
"X13477.65",123,0.604345779021845,0.563956618587829,TRUE,3006,"LTB4R","Leukotriene B4 receptor 1","LT4R1","Q15722"
"X22580.29",124,0.604084176334691,0.612433392933269,TRUE,3007,"EFNA2","Ephrin-A2","Ephrin-A2","O43921"
"X17200.50",122,0.603426452557446,0.709165263911305,TRUE,3008,"KIR2DL1","Killer cell immunoglobulin-like receptor 2DL1","KI2L1","P43626"
"X8244.16",125,0.602297028242755,0.596237688745476,TRUE,3009,"FUT8","Alpha-(1,6)-fucosyltransferase","FUT8","Q9BYC5"
"X18434.141",124,0.602224621282462,0.639562327624256,TRUE,3010,"TBPL1","TATA box-binding protein-like protein 1","TBPL1","P62380"
"X9484.75",124,0.602019426276462,0.601930337143522,TRUE,3011,"DSG2","Desmoglein-2","Desmoglein-2","Q14126"
"X9845.33",124,0.601945139511826,0.627467127238487,TRUE,3012,"PARK7","Protein DJ-1","PARK7","Q99497"
"X10880.38",124,0.60185575706453,0.601670117177533,TRUE,3013,"FAM163B","Protein FAM163B","F163B","P0C2L3"
"X3897.61",124,0.600754137368829,0.627768556708996,TRUE,3014,"PDXP","Pyridoxal phosphate phosphatase","PLPP","Q96GD0"
"X24215.8",125,0.60071774451245,0.610431531101196,TRUE,3015,"PRRX1","Paired mesoderm homeobox protein 1","PRRX1","P54821"
"X4959.2",123,0.600597249812956,0.620948381912404,TRUE,3016,"AGR2","Anterior gradient protein 2 homolog","AGR2","O95994"
"X13123.3",125,0.600514957107391,0.584668096398183,TRUE,3017,"FLRT3","Leucine-rich repeat transmembrane protein FLRT3:Extracellular domain","FLRT3:ECD","Q9NZU0"
"X16307.22",125,0.600410490868422,0.685991359936719,TRUE,3018,"UNC5D","Netrin receptor UNC5D","UNC5H4","Q6UXZ4"
"X6027.31",123,0.599927762674587,0.673173206357407,TRUE,3019,"RLN3","Relaxin-3","REL3","Q8WXF3"
"X11459.81",123,0.599766518644647,0.728341203513289,TRUE,3020,"ELL","RNA polymerase II elongation factor ELL","ELL","P55199"
"X3741.4",124,0.599534173709142,0.677861775075635,TRUE,3021,"IL5","Interleukin-5","IL-5","P05113"
"X17154.2",125,0.599120025563503,0.654779755112873,TRUE,3022,"PTGES3","Prostaglandin E synthase 3","TEBP","Q15185"
"X12644.63",123,0.598630066303759,0.695487304025792,TRUE,3023,"ADSS2","Adenylosuccinate synthetase isozyme 2","PURA2","P30520"
"X17816.58",123,0.598347571181177,0.541780098313237,TRUE,3024,"NCALD","Neurocalcin-delta","NCALD","P61601"
"X19606.28",123,0.59750910222549,0.573739462863453,TRUE,3025,"IHH","Indian hedgehog protein","ihh","Q14623"
"X7128.9",125,0.596969250055306,0.590000734541307,TRUE,3026,"VWA2","von Willebrand factor A domain-containing protein 2","VWA2","Q5GFL6"
"X11440.58",125,0.596864783816336,0.560358978906872,TRUE,3027,"SOCS3","Suppressor of cytokine signaling 3","SOCS-3","O14543"
"X22990.20",124,0.596537777567946,0.605054813274962,TRUE,3028,"LIN7B","Protein lin-7 homolog B","LIN7B","Q9HAP6"
"X9359.9",125,0.596446918860458,0.650254328639661,TRUE,3029,"DLK2","Protein delta homolog 2","EGFL9","Q6UY11"
"X16900.29",122,0.596258902457161,0.647158012034264,TRUE,3030,"MDGA1","MAM domain-containing glycosylphosphatidylinositol anchor protein 1","MDGA1","Q8NFP4"
"X10003.15",125,0.595555883292776,0.687714774103635,TRUE,3031,"ZNF41","Zinc finger protein 41","ZNF41","P51814"
"X22821.50",119,0.595554273545363,0.698707042906526,TRUE,3032,"UNG","Uracil-DNA glycosylase","UNG","P13051"
"X17814.8",114,0.594959474074344,0.469814329871617,TRUE,3033,"BPNT1","3'(2'),5'-bisphosphate nucleotidase 1","BPNT1","O95861"
"X20137.49",125,0.594646412506452,0.570553127991631,TRUE,3034,"HNRNPA1","Heterogeneous nuclear ribonucleoprotein A1","ROA1","P09651"
"X3859.50",123,0.594019781417593,0.727242733279652,TRUE,3035,"PSMA1","Proteasome subunit alpha type-1","PSA1","P25786"
"X20427.18",121,0.594012316822829,0.631626047501202,TRUE,3036,"MED20","Mediator of RNA polymerase II transcription subunit 20","MED20","Q9H944"
"X18224.11",123,0.593632795745737,0.741007800367828,TRUE,3037,"CHMP1A","Charged multivesicular body protein 1a","CHM1A","Q9HD42"
"X7850.1",124,0.593535086476874,0.706327539228827,TRUE,3038,"COX4I2","Cytochrome c oxidase subunit 4 isoform 2, mitochondrial","COX42","Q96KJ9"
"X25921.3",123,0.593471551715798,0.63505153221679,TRUE,3039,"INHA","Inhibin a subunit","Inhibin a subunit","P05111"
"X13431.74",123,0.592838162070122,0.771674921177859,TRUE,3040,"SHISAL2A","Membrane protein FAM159A","F159A","Q6UWV7"
"X17804.102",125,0.592802890642283,0.630856192284751,TRUE,3041,"PNPO","Pyridoxine-5'-phosphate oxidase","PNPO","Q9NVS9"
"X9838.4",123,0.592381542073405,0.626773953789279,TRUE,3042,"SMAD1","Mothers against decapentaplegic homolog 1","SMAD1","Q15797"
"X5080.131",125,0.591321928078067,0.660045704601737,TRUE,3043,"GPNMB","Transmembrane glycoprotein NMB:Extracellular domain","GPNMB:ECD","Q14956"
"X18864.7",122,0.591058409840508,0.661509098405691,TRUE,3044,"PRSS3","Trypsin-3","TRY3","P35030"
"X9337.43",121,0.590482578267379,0.645121449122539,TRUE,3045,"TAC1","Protachykinin-1","TKN1","P20366"
"X6907.17",125,0.59015436423076,0.614670341904804,TRUE,3046,"TMCO5A","Transmembrane and coiled-coil domain-containing protein 5A","TMC5A","Q8N6Q1"
"X5262.57",124,0.590085453944573,0.720897807877084,TRUE,3047,"BCAR3","Breast cancer anti-estrogen resistance protein 3:Src Homology domain","BCAR3:SH2","O75815"
"X21282.21",125,0.589546002015584,0.712058209466342,TRUE,3048,"TNIP1","TNFAIP3-interacting protein 1","TNIP1","Q15025"
"X15416.54",123,0.589454674449353,0.728881535807157,TRUE,3049,"LYG2","Lysozyme g-like protein 2","LYG2","Q86SG7"
"X3611.70",125,0.589435390703734,0.648666409804852,TRUE,3050,"ECE1","Endothelin-converting enzyme 1:Extracellular domain","Endothelin-converting enzyme 1:ECD","P42892"
"X14203.3",123,0.588933571112996,0.599088216407064,TRUE,3051,"ANXA7","Annexin A7","ANXA7","P20073"
"X7099.33",124,0.588296392352871,0.632499312941582,TRUE,3052,"FSTL5","Follistatin-related protein 5","FSTL5","Q8N475"
"X13066.42",123,0.58771457410889,0.574455576235066,TRUE,3053,"EDC4","Enhancer of mRNA-decapping protein 4","EDC4","Q6P2E9"
"X21162.30",117,0.586468926341979,0.673277405055813,TRUE,3054,"TBCEL","Tubulin-specific chaperone cofactor E-like protein","TBCEL","Q5QJ74"
"X7910.41",120,0.58615588177073,0.631659636780954,TRUE,3055,"LRFN1","Leucine-rich repeat and fibronectin type III domain-containing protein 1","LRFN1","Q9P244"
"X16887.29",121,0.585921647668569,0.646357745794473,TRUE,3056,"PTRH2","Peptidyl-tRNA hydrolase 2, mitochondrial","PTH2","Q9Y3E5"
"X15542.19",125,0.585607010299142,0.665598897105254,TRUE,3057,"CKMT1A","Creatine kinase U-type, mitochondrial","KCRU","P12532"
"X7242.14",125,0.585545559570337,0.733504755976865,TRUE,3058,"VSTM4","V-set and transmembrane domain-containing protein 4","CJ072","Q8IW00"
"X23656.9",124,0.585407001265289,0.617887737667847,TRUE,3059,"PUS7","Pseudouridylate synthase 7 homolog","PUS7","Q96PZ0"
"X19488.1",124,0.585259838157858,0.587626459126811,TRUE,3060,"PDCD6","Programmed cell death protein 6","PDCD6","O75340"
"X19377.14",125,0.585244450999189,0.647711654272783,TRUE,3061,"OLFM2","Noelin-2","NOE2","O95897"
"X21384.2",121,0.583825641581529,0.748325521147105,TRUE,3062,"FUCA1","Alpha-L-fucoside fucohydrolase","Alpha-L-fucosidase I","P04066"
"X17772.7",123,0.583758211352225,0.640845877073974,TRUE,3063,"UBD","Ubiquitin D","UBD","O15205"
"X21478.20",121,0.583215902008076,0.757481742317904,TRUE,3064,"SMAD5","SMAD5","SMAD5","Q99717"
"X5094.62",124,0.583091764631824,0.648917118830713,TRUE,3065,"JAML","Junctional adhesion molecule-like","JAML1","Q86YT9"
"X17454.15",125,0.582817147211366,0.54837579860684,TRUE,3066,"EGFL6","Epidermal growth factor-like protein 6","EGFL6","Q8IUX8"
"X20534.6",123,0.581738087252651,0.662289200896577,TRUE,3067,"SCARB1","Scavenger receptor class B member 1","SCRB1","Q8WTV0"
"X9594.30",123,0.580719021697067,0.710593501722981,TRUE,3068,"SLC30A5","Zinc transporter 5","ZNT5","Q8TAD4"
"X10588.39",124,0.580589014752122,0.68507451364045,TRUE,3069,"ST3GAL5","Lactosylceramide alpha-2,3-sialyltransferase","SIAT9","Q9UNP4"
"X25103.45",114,0.580492151898734,0.638099258863636,TRUE,3070,"VPS53","Vacuolar protein sorting-associated protein 53 homolog","VPS53","Q5VIR6"
"X25233.2",125,0.580408278642185,0.717295731893436,TRUE,3071,"MPI","Mannose-6-phosphate isomerase","MPI","P34949"
"X15412.40",123,0.580255991021932,0.70927736850579,TRUE,3072,"BIRC7","Baculoviral IAP repeat-containing protein 7","KIAP","Q96CA5"
"X21161.16",124,0.580063893741246,0.626823590854919,TRUE,3073,"MRM2","rRNA methyltransferase 2, mitochondrial","MRM2","Q9UI43"
"X13512.28",125,0.579904382665978,0.578479060772292,TRUE,3074,"HNRNPR","Heterogeneous nuclear ribonucleoprotein R","HNRPR","O43390"
"X11967.23",119,0.579313979658699,0.670548448386565,TRUE,3075,"CRABP1","Cellular retinoic acid-binding protein 1","RABP1","P29762"
"X5255.22",123,0.579006095004676,0.74413555091865,TRUE,3076,"PDE4D","cAMP-specific 3',5'-cyclic phosphodiesterase 4D","PDE4D","Q08499"
"X2516.57",125,0.578951896369491,0.662423011042144,TRUE,3077,"CCL21","C-C motif chemokine 21","6Ckine","O00585"
"X10362.35",124,0.578842673465212,0.657481759006985,TRUE,3078,"MYC","Myc proto-oncogene protein","c-Myc","P01106"
"X8407.84",115,0.578720583360955,0.710397016059774,TRUE,3079,"NOTCH2","Neurogenic locus notch homolog protein 2","NOTC2","Q04721"
"X15470.11",124,0.578715448485115,0.616585450634347,TRUE,3080,"HEXB","Beta-hexosaminidase subunit beta","Hexosaminidase B","P07686"
"X9945.8",124,0.577538289153138,0.730978584069192,TRUE,3081,"ARMC5","Armadillo repeat-containing protein 5:Armadillo Repeat Domain 2","ARMC5:ARM 2","Q96C12"
"X21796.43",124,0.576871022366027,0.654278327727732,TRUE,3082,"GPX3","Glutathione peroxidase 3","Glutathione peroxidase 3","P22352"
"X13098.93",124,0.57605401066994,0.629196569136052,TRUE,3083,"VEGFD","Vascular endothelial growth factor D","VEGF-D","O43915"
"X11716.28",124,0.576002316548846,0.667590591502839,TRUE,3084,"LRIT2","Leucine-rich repeat, immunoglobulin-like domain and transmembrane domain-containing protein 2","LRIT2","A6NDA9"
"X18905.5",119,0.575922252650397,0.618829337492288,TRUE,3085,"KRT16","Keratin, type I cytoskeletal 16","Keratin-16","P08779"
"X8095.213",125,0.575522945702136,0.731613641527683,TRUE,3086,"PPIF","Peptidyl-prolyl cis-trans isomerase F, mitochondrial","Cyclophilin F","P30405"
"X19111.10",125,0.575049775090333,0.676826331118566,TRUE,3087,"UBE2M","NEDD8-conjugating enzyme Ubc12","UBC12","P61081"
"X12482.5",121,0.574849934282733,0.62076617138924,TRUE,3088,"BPTF","Nucleosome-remodeling factor subunit BPTF","BPTF","Q12830"
"X14204.55",122,0.574818398736227,0.635329083049188,TRUE,3089,"FOXJ2","Forkhead box protein J2","FOXJ2","Q9P0K8"
"X21834.8",123,0.574600922312877,0.727767960966192,TRUE,3090,"SNF8","Vacuolar-sorting protein SNF8","SNF8","Q96H20"
"X12033.3",123,0.574585279017569,0.60922562592452,TRUE,3091,"BUB1","Mitotic checkpoint serine/threonine-protein kinase BUB1","BUB1","O43683"
"X19143.38",122,0.574375549430575,0.635498024512055,TRUE,3092,"CYB5R2","NADH-cytochrome b5 reductase 2","NB5R2","Q6BCY4"
"X7146.16",121,0.573598008163818,0.693587043131503,TRUE,3093,"PDIA4","Protein disulfide-isomerase A4","PDIA4","P13667"
"X24934.96",124,0.57343396891544,0.671397983886833,TRUE,3094,"OGFR","Opioid growth factor receptor","OGFR","Q9NZT2"
"X21945.4",124,0.572798176976778,0.60126679380794,TRUE,3095,"WNT5B","Protein Wnt-5b","WNT5B","Q9H1J7"
"X12527.50",125,0.572769953051643,0.720087472126161,TRUE,3096,"THRA","Thyroid hormone receptor alpha","THA","P10827"
"X9171.11",125,0.572567165646585,0.637399530050686,TRUE,3097,"CSRP3","Cysteine and glycine-rich protein 3","CSRP3","P50461"
"X9599.6",125,0.572536440282182,0.668630369606045,TRUE,3098,"PIANP","PILR alpha-associated neural protein","PIANP","Q8IYJ0"
"X7756.37",124,0.572130910189667,0.653726919786927,TRUE,3099,"KLRF1","Killer cell lectin-like receptor subfamily F member 1","KLRF1","Q9NZS2"
"X21539.139",122,0.571700039988499,0.624997430503073,TRUE,3100,"SYT6","Synaptotagmin-6","SYT6","Q5T7P8"
"X8842.16",125,0.571559373694172,0.683878547750537,TRUE,3101,"GRAMD1C","GRAM domain-containing protein 1C","GRM1C","Q8IYS0"
"X15312.14",125,0.571325860924711,0.673929424425282,TRUE,3102,"AGO1","Protein argonaute-1","AGO1","Q9UL18"
"X16585.16",123,0.57112819586698,0.653176183851938,TRUE,3103,"B3GNT4","N-acetyllactosaminide beta-1,3-N-acetylglucosaminyltransferase 4","B3GN4","Q9C0J1"
"X21728.4",123,0.571049881970512,0.650339374498942,TRUE,3104,"USP2","Ubiquitin carboxyl-terminal hydrolase 2","UBP2","O75604"
"X21338.44",119,0.570732610646572,0.785821890386633,TRUE,3105,"SIL1","Nucleotide exchange factor SIL1","SIL1","Q9H173"
"X8825.4",118,0.570598934934584,0.675352353157849,TRUE,3106,"PILRA","Paired immunoglobulin-like type 2 receptor alpha","PILRA","Q9UKJ1"
"X9830.109",123,0.57040720567321,0.725891321923846,TRUE,3107,"VAV3","Guanine nucleotide exchange factor VAV3","VAV3","Q9UKW4"
"X10074.128",124,0.570095399364844,0.617872856676239,TRUE,3108,"BRD2","Bromodomain-containing protein 2","BRD2","P25440"
"X12662.82",125,0.569119779760588,0.674368933600008,TRUE,3109,"ECH1","Delta(3,5)-Delta(2,4)-dienoyl-CoA isomerase, mitochondrial","ECH1","Q13011"
"X12794.6",124,0.569094508635043,0.622781790314115,TRUE,3110,"NLRP4","NACHT, LRR and PYD domains-containing protein 4","NALP4","Q96MN2"
"X22548.18",122,0.568462728198078,0.718647328021966,TRUE,3111,"RGS13","Regulator of G-protein signaling 13","RGS13","O14921"
"X5963.9",119,0.567521945834298,0.658728717209744,TRUE,3112,"DMKN","Dermokine","Dermokine","Q6E0U4"
"X9573.108",124,0.567359323164859,0.718027817564257,TRUE,3113,"TXNDC11","Thioredoxin domain-containing protein 11:N-term","TXD11:C-term","Q6PKC3"
"X22967.15",124,0.566899790377509,0.732068485454119,TRUE,3114,"GDF7","Growth/differentiation factor 7","GDF7","Q7Z4P5"
"X7975.97",125,0.566501978713468,0.674289752667707,TRUE,3115,"UNC5A","Netrin receptor UNC5A","UNC5A","Q6ZN44"
"X2708.54",124,0.566175868863191,0.622841164163964,TRUE,3116,"TNFSF18","Tumor necrosis factor ligand superfamily member 18","TNFSF18","Q9UNG2"
"X23000.22",125,0.565690829093233,0.662500638608663,TRUE,3117,"NLGN1","Neuroligin-1","NLGN1","Q8N2Q7"
"X8851.42",123,0.565466688595855,0.646639651474404,TRUE,3118,"FAM171B","Protein FAM171B:Extracellular domain","F171B:ECD","Q6P995"
"X16852.10",124,0.563305362684679,0.59507026066009,TRUE,3119,"PDZK1","Na(+)/H(+) exchange regulatory cofactor NHE-RF3","NHRF3","Q5T2W1"
"X14227.21",121,0.563250318419555,0.730901684979335,TRUE,3120,"MYL6B","Myosin light chain 6B","MYL6B","P14649"
"X16324.38",125,0.563091463264754,0.800445684269339,TRUE,3121,"TLR1","Toll-like receptor 1:Extracellular domain","TLR1:ECD","Q15399"
"X15614.168",125,0.563017722390188,0.616832732064305,TRUE,3122,"LILRA2","Leukocyte immunoglobulin-like receptor subfamily A member 2","LIRA2","Q8N149"
"X6931.10",125,0.562845660349532,0.646974874646964,TRUE,3123,"CTAG1A","Cancer/testis antigen 1","CTAG1A","P78358"
"X18947.3",125,0.562784209620726,0.638312162102919,TRUE,3124,"LRRC3B","Leucine-rich repeat-containing protein 3B","LRC3B","Q96PB8"
"X4407.10",116,0.561639516956874,0.676885758009652,TRUE,3125,"MST1","Hepatocyte growth factor-like protein","MSP","P26927"
"X7969.163",123,0.560748296467811,0.660325273176996,TRUE,3126,"WFDC11","Protein WFDC11","WFD11","Q8NEX6"
"X3866.7",123,0.559957173447537,0.631041412386504,TRUE,3127,"SBDS","Ribosome maturation protein SBDS","SBDS","Q9Y3A5"
"X7786.83",124,0.559391278346946,0.627538555832468,TRUE,3128,"CLEC2B","C-type lectin domain family 2 member B","CLC2B","Q92478"
"X16597.11",124,0.558705128810412,0.66444420371182,TRUE,3129,"GLRX5","Glutaredoxin-related protein 5, mitochondrial","GLRX5","Q86SX6"
"X18276.34",123,0.558695862491535,0.620871679713808,TRUE,3130,"TCL1B","T-cell leukemia/lymphoma protein 1B","TCL1B","O95988"
"X4886.3",122,0.557712518094029,0.726730185272612,TRUE,3131,"CCL7","C-C motif chemokine 7","MCP-3","P80098"
"X3298.52",124,0.557671364812378,0.64596443816218,TRUE,3132,"CNTN4","Contactin-4","Contactin-4","Q8IWV2"
"X10953.14",125,0.557640783619694,0.654539530357453,TRUE,3133,"CLEC2A","C-type lectin domain family 2 member A","CLC2A","Q6UVW9"
"X3613.62",123,0.557412364152343,0.770540452404006,TRUE,3134,"FCN1","Ficolin-1","FCN1","O00602"
"X10576.7",125,0.55553302362166,0.716911778806791,TRUE,3135,"PLXDC2","Plexin domain-containing protein 2:Extracellular domain","PXDC2:ECD","Q6UX71"
"X23294.19",125,0.554728019074306,0.730046214919482,TRUE,3136,"MLX","Max-like protein X","MLX","Q9UH92"
"X21624.64",125,0.554058206130325,0.706334590948731,TRUE,3137,"NKIRAS2","NF-kappa-B inhibitor-interacting Ras-like protein 2","KBRS2","Q9NYR9"
"X12768.3",107,0.55403147978504,0.725972891195665,TRUE,3138,"PPP1R3B","Protein phosphatase 1 regulatory subunit 3B","PPR3B","Q86XI6"
"X17196.5",124,0.55395873660356,0.619225881794006,TRUE,3139,"CLPP","ATP-dependent Clp protease proteolytic subunit, mitochondrial","ClpP endopeptidase","Q16740"
"X20947.50",123,0.553816980986043,0.778774466010202,TRUE,3140,"DR1","Protein Dr1","NC2B","Q01658"
"X25258.41",124,0.553138986635779,0.735224105455137,TRUE,3141,"SPATA5","Spermatogenesis-associated protein 5","SPAT5","Q8NB90"
"X11158.40",125,0.553001253594868,0.577883430260703,TRUE,3142,"BICDL1","Bicaudal D-related protein 1","BICR1","Q6ZP65"
"X11283.13",124,0.552542372881356,0.65706741072443,TRUE,3143,"DCAF5","DDB1- and CUL4-associated factor 5","DCAF5","Q96JK2"
"X12355.223",125,0.551981171496694,0.664701894334449,TRUE,3144,"MRRF","Ribosome-recycling factor, mitochondrial","RRFM","Q96E11"
"X10430.31",124,0.551824748595439,0.782544358624965,TRUE,3145,"SLC3A2","4F2 cell-surface antigen heavy chain:Cytoplasmic domain","4F2:CD","P08195"
"X19123.6",117,0.551637959136264,0.728720765109238,TRUE,3146,"NFKBID","NF-kappa-B inhibitor delta","IKBD","Q8NI38"
"X6462.12",125,0.551114716220534,0.690909545860907,TRUE,3147,"TIMP4","Metalloproteinase inhibitor 4","TIMP-4","Q99727"
"X16781.2",120,0.550143256524684,0.703123581950416,TRUE,3148,"ENGASE","Cytosolic endo-beta-N-acetylglucosaminidase","ENASE","Q8NFI3"
"X13502.2",124,0.550022976639368,0.808759647558378,TRUE,3149,"SLC26A11","Sodium-independent sulfate anion transporter","S2611","Q86WA9"
"X13055.53",124,0.549903372215263,0.750987276652738,TRUE,3150,"PSD","PH and SEC7 domain-containing protein 1","PSD1","A5PKW4"
"X18419.20",125,0.549049971732665,0.667589778462598,TRUE,3151,"ARPC5","Actin-related protein 2/3 complex subunit 5","p16-ARC","O15511"
"X6409.57",116,0.548790662088958,0.655456242035338,TRUE,3152,"ADGRF5","Adhesion G protein-coupled receptor F5","GP116","Q8IZF2"
"X11319.106",125,0.548251112258191,0.718384193517883,TRUE,3153,"MRE11","Double-strand break repair protein MRE11","MRE11","P49959"
"X5765.53",124,0.547901571853932,0.68136610998379,TRUE,3154,"DEFB121","Beta-defensin 121","DB121","Q5J5C9"
"X21810.50",125,0.547163434358332,0.697704401905353,TRUE,3155,"MLANA","MART-1","MART-1","Q16655"
"X22128.8",121,0.547024470881548,0.676909740556051,TRUE,3156,"ELK4","ETS domain-containing protein Elk-4","ELK4","P28324"
"X25080.16",125,0.546684118673648,0.684093942618644,TRUE,3157,"UGT2B15","UDP-glucuronosyltransferase 2B15","UDB15","P54855"
"X24937.7",123,0.544666208733622,0.733967419732075,TRUE,3158,"ARHGAP26","Rho GTPase-activating protein 26","RHG26","Q9UNA1"
"X7898.29",125,0.543673032962171,0.650189077484364,TRUE,3159,"MDM1","Nuclear protein MDM1","MDM1","Q8TC05"
"X3182.38",124,0.543348325711246,0.656170113762671,TRUE,3160,"ENTPD1","Ectonucleoside triphosphate diphosphohydrolase 1","CD39","P49961"
"X9348.1",124,0.542607502344876,0.63407912895912,TRUE,3161,"C1RL","Complement C1r subcomponent-like protein","C1RL1","Q9NZP8"
"X21109.1",125,0.542112184450508,0.768566055526226,TRUE,3162,"CFAP36","Cilia- and flagella-associated protein 36","CFA36","Q96G28"
"X9969.8",125,0.541233439028587,0.65976022216378,TRUE,3163,"SLC22A16","Solute carrier family 22 member 16","S22AG","Q86VW1"
"X4337.49",124,0.541203724104068,0.742532194576601,TRUE,3164,"CRP","C-reactive protein","CRP","P02741"
"X18898.36",122,0.541128803051033,0.655345994208954,TRUE,3165,"HDGFL1","Hepatoma-derived growth factor-like protein 1","HDGL1","Q5TGJ6"
"X24437.6",123,0.540844461787024,0.647644644782243,TRUE,3166,"YJEFN3","YjeF N-terminal domain-containing protein 3","YJEN3","A6XGL0"
"X19809.47",119,0.540161035871613,0.727221826418305,TRUE,3167,"POLR2I","DNA-directed RNA polymerase II subunit RPB9","RPB9","P36954"
"X14064.21",125,0.539328466435612,0.690589131066993,TRUE,3168,"PGLYRP1","Peptidoglycan recognition protein 1","PGRP-S","O75594"
"X19821.10",124,0.539203374093134,0.752450647937219,TRUE,3169,"PGLYRP4","Peptidoglycan recognition protein I-beta","PGRP-I-beta","Q96LB8"
"X6525.17",123,0.538492298960295,0.682596401369807,TRUE,3170,"DUSP13","Dual specificity protein phosphatase 13 isoform A","DUSP13","Q6B8I1"
"X4435.66",121,0.537001280461779,0.707691535394189,TRUE,3171,"ENPP7","Ectonucleotide pyrophosphatase/phosphodiesterase family member 7","ENPP7","Q6UWV6"
"X2796.62",118,0.536267244244613,0.630134496897019,TRUE,3172,"FGA|FGB|FGG","Fibrinogen","Fibrinogen","P02671|P02675|P02679"
"X18189.12",121,0.536188288855918,0.563270191030249,TRUE,3173,"VPS25","Vacuolar protein-sorting-associated protein 25","VPS25","Q9BRG1"
"X5360.9",124,0.535394929417874,0.690380787746264,TRUE,3174,"AKT2","RAC-beta serine/threonine-protein kinase","PKB beta","P31751"
"X6627.25",122,0.535292445784008,0.656219958164445,TRUE,3175,"PNLIPRP1","Inactive pancreatic lipase-related protein 1","LIPR1","P54315"
"X21925.15",123,0.535222259487629,0.658802936575575,TRUE,3176,"TGFB1","Transforming growth factor beta-1","TGF-b1","P01137"
"X12753.6",125,0.533761030405821,0.654645224920921,TRUE,3177,"APBB2","Amyloid beta A4 precursor protein-binding family B member 2:Phosphotyrosine Interaction Domain 1","APBB2:PID 1","Q92870"
"X24265.6",124,0.53348126465543,0.656206580865154,TRUE,3178,"MPP2","MAGUK p55 subfamily member 2","MPP2","Q14168"
"X11302.237",125,0.533459921834673,0.663018956824274,TRUE,3179,"TNR","Tenascin-R","TENR","Q92752"
"X9887.40",124,0.533227997507192,0.699612927833211,TRUE,3180,"RBBP6","E3 ubiquitin-protein ligase RBBP6","RBBP6","Q7Z6E9"
"X12509.115",122,0.533139229378658,0.736183880142277,TRUE,3181,"COMMD1","COMM domain-containing protein 1","COMD1","Q8N668"
"X3644.5",124,0.531397636246321,0.735549877080957,TRUE,3182,"DKKL1","Dickkopf-like protein 1","Soggy-1","Q9UK85"
"X19323.1",122,0.531207656666204,0.645404637896332,TRUE,3183,"EBAG9","Receptor-binding cancer antigen expressed on SiSo cells","RCAS1","O00559"
"X24982.33",123,0.530928217382751,0.799588312326202,TRUE,3184,"MPP5","MAGUK p55 subfamily member 5","MPP5","Q8N3R9"
"X21979.12",122,0.529915264319801,0.656678044327215,TRUE,3185,"ITGA6","Integrin alpha-6","Integrin a6","P23229"
"X23183.6",125,0.52982818376226,0.714087101863372,TRUE,3186,"RNF31","E3 ubiquitin-protein ligase RNF31","RNF31","Q96EP0"
"X11830.48",125,0.528771231226802,0.627194870264201,TRUE,3187,"PTPN11","Tyrosine-protein phosphatase non-receptor type 11","SHP-2","Q06124"
"X5627.53",125,0.528672910060713,0.674212426074953,TRUE,3188,"GNRH1","Progonadoliberin-1","GON1","P01148"
"X14104.1",123,0.52824968073991,0.765025305535761,TRUE,3189,"TRIL","TLR4 interactor with leucine rich repeats:Cytoplasmic domain","TRIL:CD","Q7L0X0"
"X4984.83",124,0.526360185575706,0.654819789313202,TRUE,3190,"ESD","S-formylglutathione hydrolase","Esterase D","P10768"
"X13724.27",124,0.525864375304911,0.699368913049426,TRUE,3191,"FGF19","Fibroblast growth factor 19","FGF-19","O95750"
"X9287.6",123,0.525618534093548,0.745694523717442,TRUE,3192,"SPR","Sepiapterin reductase","SPRE","P35270"
"X13932.45",119,0.525293353038585,0.701078590257338,TRUE,3193,"ARHGEF7","Rho guanine nucleotide exchange factor 7","COOL-1","Q14155"
"X21746.13",125,0.525243959393358,0.710748142562999,TRUE,3194,"USP10","Ubiquitin carboxyl-terminal hydrolase 10","UBP10","Q14694"
"X3310.62",125,0.524801514145958,0.707943593950888,TRUE,3195,"FCGR2B","Low affinity immunoglobulin gamma Fc region receptor II-b","FCG2B","P31994"
"X25121.7",125,0.524746208490033,0.686831531128922,TRUE,3196,"NOMO2","Nodal modulator 2","NOMO2","Q5JPE7"
"X8754.5",124,0.5245643135243,0.774160701498805,TRUE,3197,"NMU","Neuromedin-U","NMU","P48645"
"X2762.30",124,0.524366177234314,0.713704333344286,TRUE,3198,"FGF19","Fibroblast growth factor 19","FGF-19","O95750"
"X17384.110",124,0.524276550608409,0.635201369579183,TRUE,3199,"PFKM","ATP-dependent 6-phosphofructokinase, muscle type","K6PF","P08237"
"X23007.8",119,0.524174794967398,0.83273072562315,TRUE,3200,"JUP","Junction plakoglobin","PLAK","P14923"
"X12847.27",124,0.523143456064259,0.67134862674125,TRUE,3201,"RNGTT","mRNA-capping enzyme","MCE1","O60942"
"X10716.35",125,0.522908831698744,0.655085589344698,TRUE,3202,"PSMD5","26S proteasome non-ATPase regulatory subunit 5","PSMD5","Q16401"
"X24651.1",125,0.522724479512327,0.648945676082599,TRUE,3203,"RTN1","Reticulon-1","RTN1","Q16799"
"X24055.44",125,0.522613868200477,0.883598292980929,TRUE,3204,"CSTF1","Cleavage stimulation factor 50 kDa subunit","CSTF1","Q05048"
"X11494.4",121,0.522431945366594,0.749511425331322,TRUE,3205,"ELL2","RNA polymerase II elongation factor ELL2","ELL2","O00472"
"X13681.173",125,0.52242951601406,0.643007328356262,TRUE,3206,"CSNK2A2","Casein kinase II subunit alpha'","CSK22","P19784"
"X13043.157",123,0.521243763927363,0.836664051476139,TRUE,3207,"ATAD2","ATPase family AAA domain-containing protein 2","ATAD2","Q6PL18"
"X7192.37",125,0.520727330826144,0.70437452097697,TRUE,3208,"IFNLR1","Interferon lambda receptor 1","CRF2-12","Q8IU57"
"X6603.18",125,0.52036477152619,0.617979931975118,TRUE,3209,"ANOS1","Anosmin-1","KALM","P23352"
"X21120.3",125,0.520334046161788,0.676038379446725,TRUE,3210,"NDUFAF2","Mimitin, mitochondrial","MIMIT","Q8N183"
"X12635.9",125,0.518816213160288,0.691178386031986,TRUE,3211,"TRDMT1","tRNA (cytosine(38)-C(5))-methyltransferase","TRDMT","O14717"
"X13470.43",124,0.518650362746487,0.720821988137209,TRUE,3212,"PTH1R","Parathyroid hormone/parathyroid hormone-related peptide receptor","PTH1R","Q03431"
"X18483.36",125,0.517974338175651,0.817420931330575,TRUE,3213,"RABIF","Guanine nucleotide exchange factor MSS4","MSS4","P47224"
"X19483.16",125,0.517710100041787,0.790144312445167,TRUE,3214,"KDSR","3-ketodihydrosphingosine reductase","KDSR","Q06136"
"X10000.28",123,0.517548074597457,0.611545585574691,TRUE,3215,"CRYBB2","Beta-crystallin B2","CRBB2","P43320"
"X17347.80",125,0.516757613745299,0.781078168004273,TRUE,3216,"AIDA","Axin interactor, dorsalization-associated protein","CA080","Q96BJ3"
"X22534.14",125,0.516081655728437,0.6931074250624,TRUE,3217,"PPP4C","Serine/threonine-protein phosphatase 4 catalytic subunit","PP4C","P60510"
"X5736.1",123,0.515860013931529,0.676005895563484,TRUE,3218,"TREML2","Trem-like transcript 2 protein","TRML2","Q5T2D2"
"X9759.13",123,0.51515855125464,0.752162206488964,TRUE,3219,"IDO1","Indoleamine 2,3-dioxygenase 1","INDO","P14902"
"X15462.28",124,0.514846686013207,0.714616269129466,TRUE,3220,"CD8A","T-cell surface glycoprotein CD8 alpha chain","CD8A","P01732"
"X3115.64",122,0.514197522704139,0.781147455218974,TRUE,3221,"MAPK1","Mitogen-activated protein kinase 1","MK01","P28482"
"X8924.55",125,0.51360519135757,0.655754633135712,TRUE,3222,"CALY","Neuron-specific vesicular protein calcyon","CALY","Q9NYX4"
"X3181.50",125,0.512996829142394,0.681982095878926,TRUE,3223,"CTSS","Cathepsin S","Cathepsin S","P25774"
"X19124.9",125,0.512726445935649,0.712141491608154,TRUE,3224,"UBLCP1","Ubiquitin-like domain-containing CTD phosphatase 1","UBCP1","Q8WVY7"
"X3822.54",125,0.512142664011995,0.650722525709373,TRUE,3225,"MAPKAPK3","MAP kinase-activated protein kinase 3","MAPKAPK3","Q16644"
"X13742.66",123,0.511970640971067,0.700624625770505,TRUE,3226,"IL22","Interleukin-22","IL-22","Q9GZX6"
"X20443.37",125,0.511749379347639,0.72457134093567,TRUE,3227,"TEN1","CST complex subunit TEN1","TEN1L","Q86WV5"
"X14007.22",125,0.51077845783251,0.678668881717799,TRUE,3228,"PAPSS1","Bifunctional 3'-phosphoadenosine 5'-phosphosulfate synthase 1","PAPS1","O43252"
"X13432.9",124,0.510402437412264,0.706123421391874,TRUE,3229,"ZFYVE27","Protrudin:Cytoplasmic domain, region 1, isoform 6","ZFY27:CD region 1","Q5T4F4"
"X13983.27",124,0.510144343654985,0.83064025612622,TRUE,3230,"CRYZ","Quinone oxidoreductase","QOR","Q08257"
"X5723.4",125,0.509549443256397,0.887437888377907,TRUE,3231,"INSL3","Insulin-like 3","INSL3","P51460"
"X5340.24",125,0.509408106580144,0.669494698081443,TRUE,3232,"CASP10","Caspase-10:region 1","Caspase-10:region 1","Q92851"
"X24409.2",124,0.509017544080525,0.733704632857309,TRUE,3233,"RDH13","Retinol dehydrogenase 13","RDH13","Q8NBN7"
"X21182.8",122,0.508417441652951,0.733301569229546,TRUE,3234,"TSEN15","tRNA-splicing endonuclease subunit Sen15","SEN15","Q8WW01"
"X7923.41",125,0.508037755327778,0.71626969146085,TRUE,3235,"SEMA4C","Semaphorin-4C","SEM4C","Q9C0C4"
"X5078.82",125,0.507570729788855,0.751426782091065,TRUE,3236,"EPHB6","Ephrin type-B receptor 6","EphB6","O15197"
"X8295.16",124,0.507462686567164,0.724276263778366,TRUE,3237,"OLFM2","Noelin-2","NOE2","O95897"
"X8624.16",125,0.507392522675319,0.865556384495817,TRUE,3238,"UNC5D","Netrin receptor UNC5D","UNC5H4","Q6UXZ4"
"X9855.10",125,0.507232750780424,0.859287340483969,TRUE,3239,"RHOA","Transforming protein RhoA","Rho A","P61586"
"X8758.2",123,0.507127009107092,0.705674185645075,TRUE,3240,"PCDHA7","Protocadherin alpha-7","PCDA7","Q9UN72"
"X18202.22",123,0.506664215757411,0.768647118350596,TRUE,3241,"CD37","Leukocyte antigen CD37","CD37","P11049"
"X13493.5",123,0.506178891153479,0.663906204162368,TRUE,3242,"GRID1","Glutamate receptor ionotropic, delta-1","GRID1","Q9ULK0"
"X9880.33",124,0.505789780148876,0.685443456185742,TRUE,3243,"TDO2","Tryptophan 2,3-dioxygenase","T23O","P48775"
"X5359.65",121,0.505712979116207,0.751118514223114,TRUE,3244,"PIM1","Serine/threonine-protein kinase pim-1","PIM1","P11309"
"X6406.3",117,0.503396543132164,0.737447519788485,TRUE,3245,"NMES1","Normal mucosa of esophagus-specific gene 1 protein","NMES1","Q9C002"
"X8092.29",125,0.503127842096207,0.708306754799037,TRUE,3246,"IL6R","Interleukin-6 receptor subunit alpha","IL-6 sRa","P08887"
"X24901.4",123,0.502262239149153,0.773568914488087,TRUE,3247,"VIL1","Villin-1","VILI","P09327"
"X13561.5",123,0.499983875649005,0.694428856096637,TRUE,3248,"HTR6","5-hydroxytryptamine receptor 6","5HT6R","P50406"
"X25124.21",125,0.498869306589976,0.771513318002526,TRUE,3249,"ZBTB7A","Zinc finger and BTB domain-containing protein 7A","ZBT7A","O95365"
"X20435.41",118,0.497284365469255,0.69465791838998,TRUE,3250,"EMC2","ER membrane protein complex subunit 2","EMC2","Q15006"
"X4498.62",125,0.497234717203746,0.689990649387204,TRUE,3251,"NCAM1","Neural cell adhesion molecule 1, 120 kDa isoform","NCAM-120","P13591"
"X13990.1",120,0.497153970376287,0.764870409113791,TRUE,3252,"PC","Pyruvate carboxylase, mitochondrial","pyruvate carboxylase","P11498"
"X4440.15",124,0.496567678579859,0.692756282223014,TRUE,3253,"FCRL3","Fc receptor-like protein 3","FCRL3","Q96P31"
"X10572.65",125,0.496325246417423,0.740550447873204,TRUE,3254,"CST8","Cystatin-8","CST8","O60676"
"X6951.26",123,0.49622687753154,0.750577066174525,TRUE,3255,"ASIC4","Acid-sensing ion channel 4","ASIC4","Q96FT7"
"X7140.1",121,0.495955339358545,0.765140072605365,TRUE,3256,"CELA2A","Chymotrypsin-like elastase family member 2A","ELA2A","P08217"
"X9897.9",122,0.495184840012426,0.690565415488887,TRUE,3257,"MCM6","DNA replication licensing factor MCM6","MCM6","Q14566"
"X21497.32",125,0.495071651549787,0.728786025633142,TRUE,3258,"HYOU1","Hypoxia up-regulated protein 1","HYOU1","Q9Y4L1"
"X25263.4",124,0.49491210676235,0.77179532896396,TRUE,3259,"ARHGAP24","Rho GTPase-activating protein 24","RHG24","Q8N264"
"X8871.14",123,0.494709617499379,0.826960365585927,TRUE,3260,"NUDC","Nuclear migration protein nudC:N-term, contains nuclear localization domain","NUDC:N-term","Q9Y266"
"X22045.8",124,0.49459106431865,0.686735891608974,TRUE,3261,"SUMO4","Small ubiquitin-related modifier 4","SUMO4","Q6EEV6"
"X7778.104",125,0.494512449917656,0.75916665323876,TRUE,3262,"CARD19","Caspase recruitment domain-containing protein 19","BINCA","Q96LW7"
"X12826.5",117,0.494061045705593,0.748630025550549,TRUE,3263,"SLC5A5","Sodium/iodide cotransporter","SC5A5","Q92911"
"X12365.108",122,0.493841399937208,0.670365315623094,TRUE,3264,"RUVBL1","RuvB-like 1","RUVB1","Q9Y265"
"X8994.65",122,0.493682850334943,0.756529872285605,TRUE,3265,"SLAMF8","SLAM family member 8","SLAMF8","Q9P0V8"
"X5594.87",124,0.492730952388446,0.78263173957421,TRUE,3266,"MESD","LDLR chaperone MESD","MESD2","Q14696"
"X6151.18",125,0.492466140648428,0.626725353830842,TRUE,3267,"MAP2K3","Dual specificity mitogen-activated protein kinase kinase 3","MP2K3","P46734"
"X24914.10",123,0.492281248286782,0.777162690327903,TRUE,3268,"EZH2","Enhancer of zeste homolog 2","EZH2","Q15910"
"X11185.145",125,0.491556669862105,0.75395855744268,TRUE,3269,"GCH1","GTP cyclohydrolase 1","GCH1","P30793"
"X12508.9",124,0.491334974222099,0.784920808990174,TRUE,3270,"CHMP3","Charged multivesicular body protein 3","CHMP3","Q9Y3E7"
"X21604.2",124,0.491108355313269,0.68501332067513,TRUE,3271,"CUTA","Protein CutA","CUTA","O60888"
"X11425.31",124,0.490562296397715,0.718801953773419,TRUE,3272,"RUFY1","RUN and FYVE domain-containing protein 1","RUFY1","Q96T51"
"X19199.3",124,0.489874541254084,0.770299446175794,TRUE,3273,"POLR2J","DNA-directed RNA polymerase II subunit RPB11-a","RPB11","P52435"
"X12643.4",125,0.489774598726741,0.68267568522938,TRUE,3274,"ARRB1","Beta-arrestin-1","ARRB1","P49407"
"X5092.51",125,0.489670132487771,0.667232948941294,TRUE,3275,"JAG1","Protein jagged-1:Extracellular domain","JAG1:ECD","P78504"
"X19557.3",120,0.488536044952873,0.709917594362133,TRUE,3276,"KLB","Beta-klotho","KLOTB","Q86Z14"
"X6431.68",123,0.488164650034829,0.803310372292528,TRUE,3277,"PCYOX1","Prenylcysteine oxidase 1","PCYOX","Q9UHG3"
"X23023.21",125,0.488041688174422,0.767529897508659,TRUE,3278,"S100A14","Protein S100-A14","S100A14","Q9HCY8"
"X10895.28",122,0.487872829122395,0.646190166777785,TRUE,3279,"TMPRSS11B","Transmembrane protease serine 11B","TM11B","Q86T26"
"X12461.8",121,0.487376654347627,0.749624088255582,TRUE,3280,"SIRT5","NAD-dependent protein deacylase sirtuin-5, mitochondrial","SIRT5","Q9NXA8"
"X6267.51",115,0.487112507102721,0.725362985545883,TRUE,3281,"STMN4","Stathmin-4","STMN4","Q9H169"
"X13113.7",125,0.486831108816951,0.699505662678025,TRUE,3282,"SPP1","Osteopontin","Osteopontin","P10451"
"X4556.10",124,0.486305293440012,0.7900339681177,TRUE,3283,"IL34","Interleukin-34","IL-34","Q6ZMJ4"
"X21832.31",117,0.485863089662408,0.820959423234772,TRUE,3284,"SERPINB3","Squamous cell carcinoma antigen 1","SCCA1","P29508"
"X3329.14",118,0.485423134519157,0.680953912333567,TRUE,3285,"PGLYRP1","Peptidoglycan recognition protein 1","PGRP-S","O75594"
"X23558.33",121,0.48513416009783,0.787691139673534,TRUE,3286,"METTL2B","Methyltransferase-like protein 2B","MET2B","Q6P1Q9"
"X25278.41",122,0.48439782408968,0.674210673758573,TRUE,3287,"ARHGAP6","Rho GTPase-activating protein 6","RHG06","O43182"
"X25125.7",123,0.48414976297204,0.655174353147422,TRUE,3288,"STAC","SH3 and cysteine-rich domain-containing protein","STAC","Q99469"
"X25051.104",124,0.484002958626442,0.730257800592006,TRUE,3289,"FTO","Fat mass and obesity-associated protein","FTO","Q9C0B1"
"X11481.25",121,0.482075410980018,0.700938717031672,TRUE,3290,"HAVCR2","Hepatitis A virus cellular receptor 2","TIMD3","Q8TDQ0"
"X12675.14",124,0.481011223930957,0.73772486049079,TRUE,3291,"DARS1","Aspartate--tRNA ligase, cytoplasmic","SYDC","P14868"
"X13708.56",124,0.480779944289694,0.753133579730399,TRUE,3292,"KLK8","Kallikrein-8","kallikrein 8","O60259"
"X14249.68",125,0.480735196519431,0.833470620306883,TRUE,3293,"MID2","Probable E3 ubiquitin-protein ligase MID2","TRIM1","Q9UJV3"
"X24685.12",125,0.480489393604208,0.749487197441147,TRUE,3294,"SNX11","Sorting nexin-11","SNX11","Q9Y5W9"
"X8008.28",124,0.479439119966007,0.676545293303357,TRUE,3295,"HRK","Activator of apoptosis harakiri","HRK","O00198"
"X7190.50",125,0.478959270456948,0.667508078053934,TRUE,3296,"EPHA4","Ephrin type-A receptor 4","EPHA4","P54764"
"X10917.40",124,0.478727790629967,0.757545864257948,TRUE,3297,"GNGT2","Guanine nucleotide-binding protein G(I)/G(S)/G(O) subunit gamma-T2","GBGT2","O14610"
"X12030.82",122,0.477628069757989,0.875685655898743,TRUE,3298,"DES","Desmin","Desmin","P17661"
"X2677.1",125,0.477521323402896,0.760545579889342,TRUE,3299,"EGFR","Epidermal growth factor receptor","ERBB1","P00533"
"X14103.12",125,0.477435292382568,0.772634244725143,TRUE,3300,"TPSG1","Tryptase gamma","TPSG1","Q9NRR2"
"X9760.13",125,0.477042007718212,0.681142326494521,TRUE,3301,"MAPK9","Mitogen-activated protein kinase 9","JNK2","P45984"
"X5249.31",125,0.47680849494875,0.842426269968373,TRUE,3302,"STK17B","Serine/threonine-protein kinase 17B","DRAK2","O94768"
"X7257.18",125,0.476673303345378,0.804229561706952,TRUE,3303,"PTH2","Tuberoinfundibular peptide of 39 residues","TIP39","Q96A98"
"X3327.27",124,0.476573270299704,0.817195147395485,TRUE,3304,"NTN4","Netrin-4","NET4","Q9HB63"
"X21758.65",124,0.476543443022835,0.795274490975235,TRUE,3305,"SENP2","Sentrin-specific protease 2","SENP2","Q9HC62"
"X3607.71",125,0.476347614482708,0.738073504320821,TRUE,3306,"DKK3","Dickkopf-related protein 3","DKK3","Q9UBP4"
"X2875.15",122,0.476107540030074,0.718389102899899,TRUE,3307,"TBP","TATA-box-binding protein","TBP","P20226"
"X6491.59",122,0.475633373652449,0.723742200524504,TRUE,3308,"KLK15","Kallikrein-15","kallikrein 15","Q9H2R5"
"X8409.3",125,0.475487304279429,0.747235967900111,TRUE,3309,"RSPO2","R-spondin-2","RSPO2","Q6UXX9"
"X2711.6",125,0.47506943932355,0.743343676970437,TRUE,3310,"CNTFR","Ciliary neurotrophic factor receptor subunit alpha","CNTFR alpha","P26992"
"X19174.141",122,0.474903168664983,0.850121695385668,TRUE,3311,"GOLGA7","Golgin subfamily A member 7","GOGA7","Q7Z5G4"
"X2765.4",125,0.474282869994838,0.745123735683552,TRUE,3312,"GDF11|MSTN","Growth/differentiation factor 11/8","GDF-11/8","O95390|O14793"
"X8786.6",121,0.474053975319181,0.759607795996102,TRUE,3313,"FAM171B","Protein FAM171B:Extracellular domain","F171B:ECD","Q6P995"
"X12466.7",125,0.472875648305189,0.690308922839894,TRUE,3314,"HNRNPA1","Heterogeneous nuclear ribonucleoprotein A1","ROA1","P09651"
"X6395.58",124,0.472003122304966,0.728370551154278,TRUE,3315,"GPHA2","Glycoprotein hormone alpha-2","GPHA2","Q96T91"
"X8828.21",123,0.471816156006824,0.641986381513533,TRUE,3316,"ESRP1","Epithelial splicing regulatory protein 1","ESRP1","Q6NXG1"
"X20402.11",125,0.470976820785095,0.852027375833831,TRUE,3317,"TRAPPC2","Trafficking protein particle complex subunit 2","TPC2A","P0DI81"
"X17817.22",123,0.470737339077939,0.697095333738343,TRUE,3318,"DDIT4","DNA damage-inducible transcript 4 protein","DDIT4","Q9NX09"
"X19120.33",124,0.47056786921571,0.824559332874625,TRUE,3319,"DAO","D-amino-acid oxidase","OXDA","P14920"
"X12916.3",123,0.470537395836021,0.691975886015528,TRUE,3320,"MTCP1","Protein p13 MTCP-1","MTCP1","P56278"
"X7920.30",125,0.470091930290293,0.73707213000272,TRUE,3321,"ST8SIA2","Alpha-2,8-sialyltransferase 8B","SIA8B","Q92186"
"X24321.67",124,0.470012621295052,0.742388687658976,TRUE,3322,"NARF","Nuclear prelamin A recognition factor","NARF","Q9UHQ1"
"X24454.27",124,0.468911012001247,0.7444504354763,TRUE,3323,"MTHFD2L","Probable bifunctional methylenetetrahydrofolate dehydrogenase/cyclohydrolase 2","MTD2L","Q9H903"
"X23658.1",125,0.468709288892166,0.772582020644042,TRUE,3324,"NARS2","Probable asparagine--tRNA ligase, mitochondrial","SYNM","Q96I59"
"X9832.33",125,0.468223828134602,0.797260785503946,TRUE,3325,"HGD","Homogentisate 1,2-dioxygenase","HGD","Q93099"
"X13979.3",124,0.468024701461063,0.713702347048969,TRUE,3326,"SLC26A7","Anion exchange transporter","S26A7","Q8TE54"
"X24647.3",108,0.467707127442153,0.7312814306334,TRUE,3327,"APOBEC2","C->U-editing enzyme APOBEC-2","ABEC2","Q9Y235"
"X18187.16",124,0.466402278771855,0.700442652253011,TRUE,3328,"ASPA","Aspartoacylase","ACY2","P45381"
"X12537.88",123,0.465771006939965,0.869020013495746,TRUE,3329,"PURA","Transcriptional activator protein Pur-alpha","PURA","Q00577"
"X8664.36",124,0.465261209767275,0.719527182542405,TRUE,3330,"PKDCC","Extracellular tyrosine-protein kinase PKDCC","PKDCC","Q504Y2"
"X23373.77",124,0.464907449082045,0.797265582962719,TRUE,3331,"DPH5","Diphthine methyl ester synthase","DPH5","Q9H2P9"
"X16309.30",124,0.464795382010236,0.785482222711925,TRUE,3332,"DKKL1","Dickkopf-like protein 1","Soggy-1","Q9UK85"
"X10814.7",125,0.464659685863874,0.703131492063373,TRUE,3333,"CD1A","T-cell surface glycoprotein CD1a","CD1A","P06126"
"X18892.48",124,0.464620807956817,0.865898707962081,TRUE,3334,"GPC4","Glypican-4","GPC4","O75487"
"X14093.10",125,0.464567509770666,0.762036015450493,TRUE,3335,"FLT3LG","Fms-related tyrosine kinase 3 ligand","Flt3 ligand","P49771"
"X2640.3",123,0.464029565800676,0.689987543620565,TRUE,3336,"MST1R","Macrophage-stimulating protein receptor","MSP R","Q04912"
"X3235.50",125,0.463344640267434,0.778197644533266,TRUE,3337,"WFIKKN2","WAP, Kazal, immunoglobulin, Kunitz and NTR domain-containing protein 2","WFKN2","Q8TEU8"
"X22027.13",124,0.463314836788715,0.735128942929362,TRUE,3338,"TACC3","Transforming acidic coiled-coil-containing protein 3","TACC3","Q9Y6A5"
"X9474.22",122,0.463312909387744,0.679952921774123,TRUE,3339,"ASGR2","Asialoglycoprotein receptor 2","ASGR2","P07307"
"X24945.16",122,0.462960820926351,0.71107192787307,TRUE,3340,"SNX27","Sorting nexin-27","SNX27","Q96L92"
"X9864.38",124,0.462686567164179,0.656836601610801,TRUE,3341,"TTC1","Tetratricopeptide repeat protein 1","TTC1","Q99614"
"X9026.40",125,0.461943563650665,0.765853086972507,TRUE,3342,"BTNL8","Butyrophilin-like protein 8","BTNL8","Q6UX41"
"X8264.43",124,0.461673077044134,0.709478494261097,TRUE,3343,"DLL1","Delta-like protein 1","DLL1","O00548"
"X17820.170",123,0.461444940001096,0.833232393608079,TRUE,3344,"MLF1","Myeloid leukemia factor 1","MLF1","P58340"
"X25433.25",113,0.461296266257398,0.761722937760117,TRUE,3345,"NSUN6","Putative methyltransferase NSUN6","NSUN6","Q8TEA1"
"X24027.32",125,0.46003859105769,0.807318266068354,TRUE,3346,"IFNE","Interferon epsilon-1","IFNE1","Q86WN2"
"X20379.59",125,0.459835803652631,0.801888711403131,TRUE,3347,"SVBP","Small vasohibin-binding protein","SVBP","Q8N300"
"X23672.10",123,0.45977445185092,0.769899282958428,TRUE,3348,"PSMD6","26S proteasome non-ATPase regulatory subunit 6","PSMD6","Q15008"
"X11421.10",125,0.457660447852912,0.772943450017517,TRUE,3349,"EHD4","EH domain-containing protein 4","EHD4","Q9H223"
"X12976.49",124,0.457536109178923,0.777294758499208,TRUE,3350,"SORBS3","Vinexin b","Vinexin b","O60504"
"X11465.4",124,0.45702109444343,0.733925996491056,TRUE,3351,"GPR135","Probable G-protein coupled receptor 135","GP135","Q8IZ08"
"X21119.1",119,0.456310472168113,0.789957862129443,TRUE,3352,"CBR4","Carbonyl reductase family member 4","CBR4","Q8N4T8"
"X7926.13",122,0.45579108088279,0.727793170099878,TRUE,3353,"SPINT3","Kunitz-type protease inhibitor 3","SPIT3","P49223"
"X3035.80",123,0.455758005740269,0.731743715640382,TRUE,3354,"IL19","Interleukin-19","IL-19","Q9UHD0"
"X8066.38",125,0.45568173438537,0.749580650238464,TRUE,3355,"SYT9","Synaptotagmin-9","SYT9","Q86SS6"
"X25301.48",123,0.454984036892515,0.789579740280373,TRUE,3356,"DYRK1A","Dual specificity tyrosine-phosphorylation-regulated kinase 1A","DYR1A","Q13627"
"X12934.1",124,0.453980624083295,0.738962810504613,TRUE,3357,"HERC5","E3 ISG15--protein ligase HERC5","HERC5","Q9UII4"
"X9987.30",124,0.453628105780671,0.817591458437325,TRUE,3358,"LRRC25","Leucine-rich repeat-containing protein 25:Cytoplasmic domain","LRC25:CD","Q8N386"
"X10339.48",125,0.453438782783964,0.799827957024977,TRUE,3359,"ENO2","Gamma-enolase","NSE","P09104"
"X12422.143",120,0.453277535640487,0.790530278793263,TRUE,3360,"ALOX15B","Arachidonate 15-lipoxygenase B","LX15B","O15296"
"X12651.21",123,0.453098949011413,0.777437478544505,TRUE,3361,"PDK2","[Pyruvate dehydrogenase (acetyl-transferring)] kinase isozyme 2, mitochondrial","PDK2","Q15119"
"X24903.7",125,0.453082368556891,0.753491738419532,TRUE,3362,"KLHL14","Kelch-like protein 14","KLH14","Q9P2G3"
"X2834.54",124,0.452559683993516,0.743528428679769,TRUE,3363,"KLK8","Kallikrein-8","kallikrein 8","O60259"
"X21342.25",125,0.452019270948553,0.72225384914986,TRUE,3364,"RGS14","Regulator of G-protein signaling 14","RGS14","O43566"
"X24711.21",124,0.450329541663257,0.759996891870135,TRUE,3365,"SHOX","Short stature homeobox protein","SHOX","O15266"
"X17319.1",124,0.449687454754905,0.769979649873085,TRUE,3366,"SELENOH","Selenoprotein H","SELH","Q8IZQ5"
"X20536.11",125,0.447859056608411,0.675664615209907,TRUE,3367,"ESAM","Endothelial cell-selective adhesion molecule","ESAM","Q96AP7"
"X12831.21",124,0.447026423052106,0.773509538024749,TRUE,3368,"TESC","Calcineurin B homologous protein 3","TESC","Q96BS2"
"X13513.174",124,0.446799804856554,0.761375784693164,TRUE,3369,"PIAS3","E3 SUMO-protein ligase PIAS3","PIAS3","Q9Y6X2"
"X12456.5",123,0.446668537097414,0.84788665071339,TRUE,3370,"PFKFB3","6-phosphofructo-2-kinase/fructose-2,6-bisphosphatase 3","F263","Q16875"
"X10462.14",123,0.44552692936544,0.817109466710919,TRUE,3371,"INSL5","Insulin-like peptide INSL5","INSL5","Q9Y5Q6"
"X8013.9",124,0.444621752199298,0.75417727982612,TRUE,3372,"LMAN2L","VIP36-like protein","LMA2L","Q9H0V9"
"X15472.16",125,0.444546862325787,0.780837632672161,TRUE,3373,"LRP11","Low-density lipoprotein receptor-related protein 11","LRP11","Q86VZ4"
"X21172.11",125,0.444208883317356,0.726782930185924,TRUE,3374,"TLNRD1","Mesoderm development candidate 1","MESD1","Q9H1K6"
"X2620.4",125,0.444190448098714,0.758391344134577,TRUE,3375,"IL6ST","Interleukin-6 receptor subunit beta","gp130, soluble","P40189"
"X7997.118",125,0.444184303025834,0.602620949977133,TRUE,3376,"DOC2B","Double C2-like domain-containing protein beta","DOC2B","Q14184"
"X12618.50",124,0.443675758701222,0.767929313950501,TRUE,3377,"AKR1C1","Aldo-keto reductase family 1 member C1","Aldo-keto reductase 1C1","Q04828"
"X9445.44",124,0.443209930944182,0.782752152324569,TRUE,3378,"C19orf18","Uncharacterized protein C19orf18","CS018","Q8NEA5"
"X20229.67",124,0.442739562186236,0.812710247904611,TRUE,3379,"TM2D1","TM2 domain-containing protein 1","TM2D1","Q9BX74"
"X13439.6",121,0.442278769155725,0.853882195986959,TRUE,3380,"IQCF3","IQ domain-containing protein F3","IQCF3","P0C7M6"
"X19748.3",124,0.442001296763756,0.673610325027184,TRUE,3381,"MVD","Diphosphomevalonate decarboxylase","ERG19","P53602"
"X8389.8",123,0.441731620717789,0.704888618737413,TRUE,3382,"LRRC74A","Leucine-rich repeat-containing protein 74A","CN16B","Q0VAA2"
"X2977.7",124,0.441415864582612,0.875891248357108,TRUE,3383,"EDAR","Tumor necrosis factor receptor superfamily member EDAR","EDAR","Q9UNE0"
"X20918.28",122,0.441413156633673,0.796203918167134,TRUE,3384,"SNRPC","U1 small nuclear ribonucleoprotein C","RU1C","P09234"
"X13511.29",124,0.44118822725885,0.796598096507233,TRUE,3385,"SATB1","DNA-binding protein SATB1","SATB1","Q01826"
"X21183.1",123,0.4410830439003,0.822209756119108,TRUE,3386,"DUSP10","Dual specificity protein phosphatase 10","DUS10","Q9Y6W6"
"X8756.41",121,0.439825478984309,0.762217220325921,TRUE,3387,"KCNE5","Potassium voltage-gated channel subfamily E regulatory beta subunit 5:N-term, opposite side of membrane","KCE1L:N-term","Q9UJ90"
"X20086.5",125,0.438991716441757,0.779650472897443,TRUE,3388,"RAB11B","Ras-related protein Rab-11B","RB11B","Q15907"
"X4993.16",125,0.438942555858713,0.721218180045982,TRUE,3389,"GSTA3","Glutathione S-transferase A3","GSTA3","Q16772"
"X21740.26",125,0.438715188162132,0.756045477375999,TRUE,3390,"USP1","Ubiquitin carboxyl-terminal hydrolase 1","UBP1","O94782"
"X6975.52",124,0.438589423191927,0.728632058539485,TRUE,3391,"SNAPIN","SNARE-associated protein Snapin","SNAPN","O95295"
"X11406.82",124,0.437450033678088,0.775660411382012,TRUE,3392,"ACAD8","Isobutyryl-CoA dehydrogenase, mitochondrial","ACAD8","Q9UKU7"
"X6350.43",124,0.437242299678327,0.856194913236203,TRUE,3393,"APOC2","Apolipoprotein C-II","Apo C-II","P02655"
"X2480.58",125,0.436380060467517,0.770253716743694,TRUE,3394,"TIMP3","Metalloproteinase inhibitor 3","TIMP-3","P35625"
"X5733.61",122,0.436147078847005,0.795550425236563,TRUE,3395,"IFNA10","Interferon alpha-10","IFN10","P01566"
"X2580.83",122,0.436051661004402,0.798733725683031,TRUE,3396,"MPO","Myeloperoxidase","Myeloperoxidase","P05164"
"X11257.1",125,0.435740972887939,0.767690033665377,TRUE,3397,"QDPR","Dihydropteridine reductase","DHPR","P09417"
"X14631.22",125,0.43553818548288,0.826924500569843,TRUE,3398,"DUSP16","Dual specificity protein phosphatase 16","DUS16","Q9BY84"
"X18233.10",124,0.435397873559239,0.739544932400968,TRUE,3399,"GOT2","Aspartate aminotransferase, mitochondrial","GOT2","P00505"
"X19787.14",124,0.435258421803051,0.929288626930786,TRUE,3400,"MERTK","Proto-oncogene tyrosine-protein kinase MER","MER","Q12866"
"X21649.12",115,0.435056248939537,0.742631591950648,TRUE,3401,"STX17","Syntaxin-17","STX17","P56962"
"X19492.5",123,0.43487739122583,0.862125280934529,TRUE,3402,"KAAG1","Kidney-associated antigen 1","KAAG1","Q9UBP8"
"X19556.12",124,0.434807925341894,0.827348058466151,TRUE,3403,"CR1","Complement receptor type 1","Complement receptor type 1","P17927"
"X4964.67",122,0.433304911661478,0.769806174935605,TRUE,3404,"ERAP1","Endoplasmic reticulum aminopeptidase 1","ARTS1","Q9NZ08"
"X24654.13",123,0.433011599820698,0.838792447623983,TRUE,3405,"HES6","Transcription cofactor HES-6","HES6","Q96HZ4"
"X9506.10",125,0.43237961802227,0.768467972813715,TRUE,3406,"APOL1","Apolipoprotein L1","Apo L1","O14791"
"X7944.1",125,0.432355037730748,0.775053828295952,TRUE,3407,"KIR3DL3","Killer cell immunoglobulin-like receptor 3DL3:Extracellular domain","KI3L3:ECD","Q8N743"
"X18925.24",122,0.431314423194498,0.676384589116419,TRUE,3408,"PSMA5","Proteasome subunit alpha type-5","Proteasome subunit alpha type 5","P28066"
"X4254.6",125,0.430849494875009,0.730472013309482,TRUE,3409,"NUDCD3","NudC domain-containing protein 3","NUDC3","Q8IVD9"
"X9579.59",122,0.430092601772719,0.82940900619701,TRUE,3410,"PRRG4","Transmembrane gamma-carboxyglutamic acid protein 4","TMG4","Q9BZD6"
"X13094.75",124,0.429914954959492,0.765783521181792,TRUE,3411,"RSPO3","R-spondin-3","RSPO3","Q9BXY4"
"X14329.4",124,0.428859197708638,0.822745069995018,TRUE,3412,"DIDO1","Death-inducer obliterator 1","DIDO1","Q9BTC0"
"X14101.2",125,0.428631123565126,0.754204784833646,TRUE,3413,"CNTFR","Ciliary neurotrophic factor receptor subunit alpha","CNTFR alpha","P26992"
"X19195.85",123,0.428510616341168,0.971553799387006,TRUE,3414,"RPS5","40S ribosomal protein S5","RS5","P46782"
"X13717.15",124,0.426515671327043,0.814724363701621,TRUE,3415,"FCN2","Ficolin-2","FCN2","Q15485"
"X3221.54",125,0.424950224909667,0.84871074372301,TRUE,3416,"SFRP1","Secreted frizzled-related protein 1","SARP-2","Q8N474"
"X4712.28",123,0.424802961701689,0.767928043301834,TRUE,3417,"APOD","Apolipoprotein D","Apo D","P05090"
"X5462.62",123,0.424498851938804,0.820981424317176,TRUE,3418,"FCN3","Ficolin-3","Ficolin-3","O75636"
"X24319.19",125,0.424341862694492,0.712443634499036,TRUE,3419,"CRPPA","D-ribitol-5-phosphate cytidylyltransferase","ISPD","A4D126"
"X10047.12",119,0.423485085894989,0.810368749221502,TRUE,3420,"NCF2","Neutrophil cytosol factor 2","NCF-2","P19878"
"X8635.283",124,0.423262987268464,0.801493703536838,TRUE,3421,"ZPBP","Zona pellucida-binding protein 1","ZPBP1","Q9BS86"
"X2917.3",125,0.423168153774304,0.765707947274788,TRUE,3422,"TNFSF11","Tumor necrosis factor ligand superfamily member 11","sRANKL","O14788"
"X5660.51",119,0.422543988661413,0.734607479382884,TRUE,3423,"SOD3","Extracellular superoxide dismutase [Cu-Zn]","SOD3","P08294"
"X11537.12",122,0.422363081153251,0.840820631048201,TRUE,3424,"TFR2","Transferrin receptor protein 2","TFR2","Q9UP52"
"X19259.176",125,0.422320133716786,0.865470596731128,TRUE,3425,"EIF2S1","Eukaryotic translation initiation factor 2 subunit 1","IF2A","P05198"
"X10014.31",122,0.420898521412094,0.808887664408378,TRUE,3426,"SNAI2","Zinc finger protein SNAI2","SLUG","O43623"
"X12812.25",125,0.420366000540766,0.813158871338094,TRUE,3427,"ACYP2","Acylphosphatase-2","ACYP2","P14621"
"X25409.5",125,0.420003441240813,0.718764696561872,TRUE,3428,"CCDC140","Coiled-coil domain-containing protein 140","CC140","Q96MF4"
"X18397.5",119,0.419898435218621,0.764680003168048,TRUE,3429,"AKR1C4","Aldo-keto reductase family 1 member C4","AK1C4","P17516"
"X12655.30",125,0.419665462232382,0.80728305616907,TRUE,3430,"NAPB","Beta-soluble NSF attachment protein","SNAB","Q9H115"
"X24468.36",125,0.419278322640907,0.700028111043684,TRUE,3431,"ADD2","Beta-adducin","ADDB","P35612"
"X12486.8",124,0.419257571274794,0.715935733859626,TRUE,3432,"GLRX2","Glutaredoxin-2, mitochondrial","GLRX2","Q9NS18"
"X22812.4",124,0.418628074305822,0.861936396662414,TRUE,3433,"TRAPPC6B","Trafficking protein particle complex subunit 6B","TPC6B","Q86SZ2"
"X24981.8",123,0.418444382096753,0.856837368539754,TRUE,3434,"DYNC1LI1","Cytoplasmic dynein 1 light intermediate chain 1","DC1L1","Q9Y6G9"
"X9524.46",125,0.418424157510508,0.871033401984506,TRUE,3435,"SPATA31D4","Putative spermatogenesis-associated protein 31D4","S31D4","Q6ZUB0"
"X8048.9",118,0.418287141876196,0.751843185899198,TRUE,3436,"FTMT","Ferritin, mitochondrial","FTMT","Q8N4E7"
"X17743.14",125,0.418153774303763,0.770097150086645,TRUE,3437,"UBE2A","Ubiquitin-conjugating enzyme E2 A","UBE2A","P49459"
"X22141.59",122,0.418152735733076,0.777317418998873,TRUE,3438,"PFKFB1","6-phosphofructo-2-kinase/fructose-2,6-bisphosphatase 1","F261","P16118"
"X7859.21",125,0.417938696752944,0.775741249181452,TRUE,3439,"PCDHGC3","Protocadherin gamma-C3","PCDGK","Q9UN70"
"X16315.105",124,0.4177845483674,0.787408249150376,TRUE,3440,"FLT1","Vascular endothelial growth factor receptor 1","VEGF sR1","P17948"
"X11186.12",125,0.416783423051397,0.753560905654916,TRUE,3441,"TMEM52","Transmembrane protein 52","TMM52","Q8NDY8"
"X2747.3",124,0.416077830270335,0.76022079556948,TRUE,3442,"ULBP3","NKG2D ligand 3","ULBP-3","Q9BZM4"
"X15620.4",125,0.415904677629477,0.835802577258259,TRUE,3443,"NLGN1","Neuroligin-1","NLGN1","Q8N2Q7"
"X19511.8",123,0.415490391468256,0.891571345406039,TRUE,3444,"DCUN1D2","DCN1-like protein 2","DCNL2","Q6PH85"
"X5740.17",124,0.41528544540058,0.793117965417616,TRUE,3445,"ROBO1","Roundabout homolog 1","ROBO1","Q9Y6N7"
"X11433.11",124,0.415027351643302,0.802844358146906,TRUE,3446,"TCTN2","Tectonic-2","TECT2","Q96GX1"
"X13698.28",125,0.414773984219453,0.778407690717818,TRUE,3447,"KIAA0319L","Dyslexia-associated protein KIAA0319-like protein","K319L","Q8IZA0"
"X14057.68",124,0.414252306297743,0.72122644631538,TRUE,3448,"TNFSF15","Tumor necrosis factor ligand superfamily member 15","TNFSF15","O95150"
"X25481.66",124,0.414196415644259,0.975675326302281,TRUE,3449,"ATXN10","Ataxin-10","ATX10","Q9UBB4"
"X19267.14",125,0.413274586436595,0.771998083538631,TRUE,3450,"HAGH","Hydroxyacylglutathione hydrolase, mitochondrial","GLO2","Q16775"
"X18411.83",125,0.412420421306197,0.756321626189287,TRUE,3451,"ARL15","ADP-ribosylation factor-like protein 15","ARL15","Q9NXU5"
"X17468.1",124,0.41237087443424,0.759703720402237,TRUE,3452,"SUFU","Suppressor of fused homolog","SUFU","Q9UMX1"
"X9839.148",124,0.411459956250098,0.760554012957548,TRUE,3453,"TIRAP","Toll/interleukin-1 receptor domain-containing adapter protein","Tirap","P58753"
"X14091.42",125,0.411326598333456,0.74542161860667,TRUE,3454,"CBR3","Carbonyl reductase [NADPH] 3","Carbonyl reductase 3","O75828"
"X18203.9",120,0.41085276702148,0.896779031320516,TRUE,3455,"CRYGC","Gamma-crystallin C","CRGC","P07315"
"X14250.115",125,0.410029987955657,0.813675675323323,TRUE,3456,"BLMH","Bleomycin hydrolase","BLMH","Q13867"
"X20411.52",123,0.409361213590981,0.85426865158108,TRUE,3457,"TTC33","Tetratricopeptide repeat protein 33","TTC33","Q6PID6"
"X19277.4",125,0.407873067374579,0.835823343489687,TRUE,3458,"TSTD1","Thiosulfate sulfurtransferase/rhodanese-like domain-containing protein 1","KAT","Q8NFU3"
"X10933.107",123,0.407019942725936,0.757953965642011,TRUE,3459,"CALN1","Calcium-binding protein 8","CABP8","Q9BXU9"
"X9259.35",125,0.405673131283337,0.754368697060018,TRUE,3460,"TNFRSF21","Tumor necrosis factor receptor superfamily member 21","DR6","O75509"
"X5463.22",125,0.405421183295234,0.795217769518227,TRUE,3461,"GAS1","Growth arrest-specific protein 1","GAS1","P54826"
"X11248.43",124,0.404735076200608,0.816524381449238,TRUE,3462,"UROS","Uroporphyrinogen-III synthase","HEM4","P10746"
"X15437.11",123,0.402661816446246,0.772187039898223,TRUE,3463,"RAMP3","Receptor activity-modifying protein 3","RAMP3","O60896"
"X25066.32",125,0.401592802890642,0.786436826122198,TRUE,3464,"GYG2","Glycogenin-2","GLYG2","O15488"
"X7795.14",125,0.401267114027972,0.860678001364213,TRUE,3465,"KLRC3","NKG2-E type II integral membrane protein:Isoform H, Cytoplasmic domain","NKG2E:CD","Q07444"
"X8000.17",121,0.40012465786835,0.850313076198296,TRUE,3466,"KIR2DL5A","Killer cell immunoglobulin-like receptor 2DL5A","KI2LA","Q8N109"
"X11405.150",124,0.400114568448353,0.765756896666267,TRUE,3467,"CARD9","Caspase recruitment domain-containing protein 9","CARD9","Q9H257"
"X6918.183",125,0.400105695253546,0.800509213798318,TRUE,3468,"CCK","Cholecystokinin","CCKN","P06307"
"X19584.33",125,0.400019664233218,0.919420976882616,TRUE,3469,"FGF9","Fibroblast growth factor 9","FGF9","P31371"
"X22579.93",125,0.399073323009611,0.684580353054367,TRUE,3470,"NRXN1","Neurexin-1-beta","NRX1B","P58400"
"X13610.9",122,0.398617252615785,0.799025263303388,TRUE,3471,"MAGEA10","Melanoma-associated antigen 10","MAGE-10","P43363"
"X4474.19",124,0.398083187762617,0.83386795747476,TRUE,3472,"RPS27A","Ubiquitin","Ubiquitin","P62979"
"X23679.43",121,0.396810341323288,0.836585827679314,TRUE,3473,"DSCC1","Sister chromatid cohesion protein DCC1","DCC1","Q9BVC3"
"X8231.122",125,0.396596858638743,0.805506583606928,TRUE,3474,"FLT1","Vascular endothelial growth factor receptor 1","VEGF sR1","P17948"
"X7976.19",122,0.39637856219864,0.838538808880173,TRUE,3475,"FRRS1L","DOMON domain-containing protein FRRS1L","FRS1L","Q9P0K9"
"X18930.28",125,0.396369490942163,0.698851681259039,TRUE,3476,"SLIT2","Slit homolog 2 protein","SLIT2","O94813"
"X5698.60",123,0.394997549082841,0.814380395585043,TRUE,3477,"TNXB","Tenascin-X","Tenascin-X","P22105"
"X10425.3",121,0.39249468164388,0.821783019692531,TRUE,3478,"B4GALT5","Beta-1,4-galactosyltransferase 5","B4GT5","O43286"
"X23411.108",122,0.392176821288352,0.787552370085976,TRUE,3479,"PNMA2","Paraneoplastic antigen Ma2","PNMA2","Q9UL42"
"X21503.12",124,0.391767438639783,0.788140413358712,TRUE,3480,"TSHR","Thyrotropin receptor","TSHR","P16473"
"X21858.25",122,0.391093411768594,0.790794237849336,TRUE,3481,"SIAH1","E3 ubiquitin-protein ligase SIAH1","SIAH1","Q8IUQ4"
"X21923.24",106,0.390697510367172,0.853171415972032,TRUE,3482,"SAE1|UBA2","SAE1/SAE2","SAE1/ SAE2","Q9UBE0|Q9UBT2"
"X19564.61",123,0.388491691095137,0.816053532412949,TRUE,3483,"IRF4","Interferon regulatory factor 4","IRF4","Q15306"
"X7835.2",124,0.388487759431438,0.87493562714167,TRUE,3484,"BNIP3L","BCL2/adenovirus E1B 19 kDa protein-interacting protein 3-like","BNI3L","O60238"
"X22568.7",123,0.388199478857615,0.800333515758799,TRUE,3485,"DSG4","Desmoglein-4","DSG4","Q86SJ6"
"X4160.49",125,0.387078140746749,0.81026419593387,TRUE,3486,"MMP2","72 kDa type IV collagenase","MMP-2","P08253"
"X18376.19",113,0.386868964140444,0.776259012142966,TRUE,3487,"MYL3","Myosin light chain 3","Myosin light chain 1","P08590"
"X7258.5",123,0.385279710018737,0.846212627826462,TRUE,3488,"PRG2","Bone marrow proteoglycan","EMBP","P13727"
"X21734.36",124,0.384440093920948,0.836181127859221,TRUE,3489,"C1GALT1|C1GALT1C1","C1GLT/C1GLC Complex","C1GLT/C1GLC Complex","Q9NS00|Q96EU7"
"X15545.13",125,0.38392571835902,0.780367213953383,TRUE,3490,"PPP3R1","Calcineurin subunit B type 1","Calcineurin B a","P63098"
"X15413.3",106,0.382916973184324,0.849716620560047,TRUE,3491,"LCAT","Phosphatidylcholine-sterol acyltransferase","LCAT","P04180"
"X22953.85",123,0.382897758055778,0.701251515650881,TRUE,3492,"CEBPB","CCAAT/enhancer-binding protein beta","CEBPB","P17676"
"X6605.17",124,0.381922106045059,0.816957830217598,TRUE,3493,"IGFALS","Insulin-like growth factor-binding protein complex acid labile subunit","IGFALS","P35858"
"X8900.28",125,0.379169431949463,0.813920042242158,TRUE,3494,"NEO1","Neogenin","NEO1","Q92859"
"X13119.26",122,0.379057124444371,0.870982002056316,TRUE,3495,"SERPINA10","Protein Z-dependent protease inhibitor","protein Z inhibitor","Q9UK55"
"X14085.28",121,0.378147389102488,0.846948756648294,TRUE,3496,"IL13","Interleukin-13","IL-13","P35225"
"X16755.195",124,0.377263828474666,0.77376051495584,TRUE,3497,"GDF3","Growth/differentiation factor 3","GDF-3","Q9NR23"
"X18197.97",122,0.376511956852221,0.869573893875826,TRUE,3498,"CKMT2","Creatine kinase S-type, mitochondrial","KCRS","P17540"
"X6315.58",125,0.376213651893911,0.875058163044301,TRUE,3499,"PLBD1","Phospholipase B-like 1","PLBL1","Q6P4A8"
"X2797.56",121,0.37594552937789,0.791196647987961,TRUE,3500,"APOB","Apolipoprotein B","Apo B","P04114"
"X3069.52",123,0.375860634458917,0.821162767000904,TRUE,3501,"IGHM","Immunoglobulin M","IgM","P01871"
"X13498.1",124,0.375267927117529,0.793505315969261,TRUE,3502,"MIOX","Inositol oxygenase","MIOX","Q9UGB7"
"X4543.65",123,0.374889144729416,0.89030794957373,TRUE,3503,"COL23A1","Collagen alpha-1(XXIII) chain","CONA1","Q86Y22"
"X13484.69",125,0.37347294938918,0.828413049059346,TRUE,3504,"COL1A1","Collagen alpha-1(I) chain:N-term propeptide","CO1A1:N-term propeptide","P02452"
"X20563.48",125,0.373177985890913,0.858869883690884,TRUE,3505,"TLR10","Toll-like receptor 10","TLR10","Q9BXR5"
"X15497.9",124,0.371984325574808,0.867053098922899,TRUE,3506,"HS3ST1","Heparan sulfate glucosamine 3-O-sulfotransferase 1","HS3S1","O14792"
"X21379.30",125,0.371856795221591,0.927065036458724,TRUE,3507,"ETNK2","Ethanolamine kinase 2","EKI2","Q9NVF9"
"X4459.68",125,0.371826069857189,0.921850723622945,TRUE,3508,"PCSK7","Proprotein convertase subtilisin/kexin type 7","PCSK7","Q16549"
"X3212.30",122,0.371770763449851,0.873989422760152,TRUE,3509,"ASAH2","Neutral ceramidase","ASAH2","Q9NR71"
"X2612.5",123,0.371283728219963,0.841745396256593,TRUE,3510,"EIF5","Eukaryotic translation initiation factor 5","eIF-5","P55010"
"X9035.2",124,0.37098342854445,0.846340940309212,TRUE,3511,"MXI1","MAX-interacting protein 1","MXI1","P50539"
"X13552.7",125,0.370978049799671,0.849754655099542,TRUE,3512,"SWAP70","Switch-associated protein 70","SWP70","Q9UH65"
"X15447.45",125,0.370775262394612,0.856098625822534,TRUE,3513,"SORD","Sorbitol dehydrogenase","Sorbitol dehydrogenase","Q00796"
"X13725.3",124,0.370773714724564,0.811706013453378,TRUE,3514,"FGF16","Fibroblast growth factor 16","FGF-16","O43320"
"X21662.121",125,0.370412703094659,0.892394481548677,TRUE,3515,"DYRK3","Dual specificity tyrosine-phosphorylation-regulated kinase 3","DYRK3","O43781"
"X3487.32",123,0.36745020010255,0.891037288143542,TRUE,3516,"CXCL13","C-X-C motif chemokine 13","BLC","O43927"
"X18324.61",124,0.367307177816597,0.77316445586088,TRUE,3517,"SUOX","Sulfite oxidase, mitochondrial","SUOX","P51687"
"X10363.13",121,0.366713074465887,0.875786195606209,TRUE,3518,"SMAD3","Mothers against decapentaplegic homolog 3","SMAD3","P84022"
"X24667.27",124,0.365456462552917,0.821536169955462,TRUE,3519,"CT45A1","Cancer/testis antigen family 45 member A1","CT451","Q5HYN5"
"X15560.52",125,0.364052552663275,0.886709683546888,TRUE,3520,"TCN2","Transcobalamin-2","Apo-TC II","P20062"
"X17822.57",123,0.363415019558901,0.775807126518321,TRUE,3521,"RERG","Ras-related and estrogen-regulated growth inhibitor","RERG","Q96A58"
"X23255.7",122,0.36154771504488,0.897546852659603,TRUE,3522,"RAB33A","Ras-related protein Rab-33A","Rab-33A","Q14088"
"X15346.31",124,0.361438274674707,0.872490593951936,TRUE,3523,"IFNG","Interferon gamma","IFN-g","P01579"
"X9503.1",123,0.361426433786538,0.837999163930647,TRUE,3524,"NMS","Neuromedin-S","NMS","Q5H8A3"
"X9070.1",124,0.361262015523395,0.815322351427375,TRUE,3525,"C17orf67","Uncharacterized protein C17orf67","CQ067","Q0P5P2"
"X10022.207",123,0.361125354333756,0.81241530917096,TRUE,3526,"POLH","DNA polymerase eta","POLH","Q9Y253"
"X19613.16",123,0.360409430840823,0.840603198736787,TRUE,3527,"RDH10","Retinol dehydrogenase 10","RDH10","Q8IZV5"
"X3481.87",125,0.358521987070767,0.752137394166341,TRUE,3528,"XPNPEP1","Xaa-Pro aminopeptidase 1","XPNPEP1","Q9NQW7"
"X14634.13",124,0.358309674738916,0.858815190580491,TRUE,3529,"LHCGR","Lutropin-choriogonadotropic hormone receptor","LSHR","P22888"
"X12428.2",124,0.358020106133189,0.875004982924414,TRUE,3530,"LYPLAL1","Lysophospholipase-like protein 1","LYPL1","Q5VWZ2"
"X13481.24",123,0.357952071824541,0.81491794760672,TRUE,3531,"TCEA2","Transcription elongation factor A protein 2","TCEA2","Q15560"
"X14337.1",116,0.35755753600566,0.955412978312857,TRUE,3532,"TRAPPC3","Trafficking protein particle complex subunit 3","TPPC3","O43617"
"X17793.4",123,0.356473001212559,0.782687914498136,TRUE,3533,"DIRAS1","GTP-binding protein Di-Ras1","DIRA1","O95057"
"X5023.23",123,0.355855899435323,0.829350195209204,TRUE,3534,"ADSL","Adenylosuccinate lyase","PUR8","P30566"
"X11814.29",124,0.355011110621502,0.755499159971179,TRUE,3535,"MET","Hepatocyte growth factor receptor","Met","P08581"
"X7173.141",125,0.354601430572967,0.777231681031433,TRUE,3536,"TMEM132C","Transmembrane protein 132C:Extracellular domain","T132C:ECD","Q8N3T6"
"X6506.54",125,0.353950052847627,0.864267418926252,TRUE,3537,"TMED10","Transmembrane emp24 domain-containing protein 10","TMEDA","P49755"
"X23595.6",125,0.352641152324067,0.907538696730634,TRUE,3538,"LACC1","Laccase domain-containing protein 1","LACC1","Q8IV20"
"X8479.4",125,0.352555121303739,0.872263410096443,TRUE,3539,"MMP10","Stromelysin-2","MMP-10","P09238"
"X6527.1",123,0.351573258000123,0.815611218762447,TRUE,3540,"TRIL","TLR4 interactor with leucine rich repeats:Extracellular domain","TRIL:ECD","Q7L0X0"
"X22992.6",125,0.351473588476759,0.803419330981503,TRUE,3541,"MAPRE3","Microtubule-associated protein RP/EB family member 3","MARE3","Q9UPY8"
"X25277.51",124,0.351242465731867,0.77996594405686,TRUE,3542,"PANK1","Pantothenate kinase 1","PANK1","Q8TE04"
"X23678.132",123,0.35117773019272,0.83320266163511,TRUE,3543,"SOX10","Transcription factor SOX-10","SOX10","P56693"
"X24446.65",125,0.348960253668608,0.8940770351099,TRUE,3544,"MBNL2","Muscleblind-like protein 2","MBNL2","Q5VZF2"
"X8107.12",124,0.348804270507438,0.899247158880316,TRUE,3545,"TMEM234","Transmembrane protein 234","TM234","Q8WY98"
"X13399.33",124,0.348743370630911,0.841401310564992,TRUE,3546,"RELL1","RELT-like protein 1","RELL1","Q8IUW5"
"X9021.1",122,0.348645835054613,0.812221742974765,TRUE,3547,"HAVCR1","Hepatitis A virus cellular receptor 1","TIM-1","Q96D42"
"X22151.48",124,0.348422328187212,0.858527966185226,TRUE,3548,"GSC2","Homeobox protein goosecoid-2","GSC2","O15499"
"X12869.68",124,0.348359378688447,0.854255594081582,TRUE,3549,"DDX6","Probable ATP-dependent RNA helicase DDX6","DDX6","P26196"
"X20139.57",125,0.347823415185704,0.816049160101935,TRUE,3550,"SH3GL2","Endophilin-A1","SH3G2","Q99962"
"X22773.69",121,0.34712916229125,0.873422082421681,TRUE,3551,"SDHB","Succinate dehydrogenase [ubiquinone] iron-sulfur subunit, mitochondrial","SDHB","P21912"
"X17366.6",125,0.346459209006219,0.847827041379199,TRUE,3552,"DCUN1D1","DCN1-like protein 1","DCNL1","Q96GG9"
"X11549.6",125,0.345346950814837,0.923671943730735,TRUE,3553,"ISL1","Insulin gene enhancer protein ISL-1","ISL1","P61371"
"X9859.180",124,0.344091402672206,0.841227984071492,TRUE,3554,"SAT1","Diamine acetyltransferase 1","SSAT-1","P21673"
"X13642.90",124,0.344047338023071,0.826333903325303,TRUE,3555,"IFIT3","Interferon-induced protein with tetratricopeptide repeats 3","CIG49","O14879"
"X4342.10",125,0.34364476562692,0.91446710611159,TRUE,3556,"ICAM1","Intercellular adhesion molecule 1","sICAM-1","P05362"
"X23319.6",125,0.343583314898115,0.818560668503266,TRUE,3557,"ZFAND2B","AN1-type zinc finger protein 2B","ZFN2B","Q8WV99"
"X9226.6",123,0.343562654592714,0.878818050303005,TRUE,3558,"TMUB2","Transmembrane and ubiquitin-like domain-containing protein 2","TMUB2","Q71RG4"
"X13408.23",125,0.342858196298208,0.871651297278723,TRUE,3559,"WFIKKN2","WAP, Kazal, immunoglobulin, Kunitz and NTR domain-containing protein 2","WFKN2","Q8TEU8"
"X14756.29",124,0.342811459362823,0.830081369700908,TRUE,3560,"ICAM2","Intercellular adhesion molecule 2","sICAM-2","P13598"
"X8336.267",123,0.342412476458296,0.72429217410011,TRUE,3561,"GRAMD1C","GRAM domain-containing protein 1C","GRM1C","Q8IYS0"
"X5036.50",124,0.34220714227261,0.947188067840827,TRUE,3562,"TNFAIP6","Tumor necrosis factor-inducible gene 6 protein","TSG-6","P98066"
"X24944.12",125,0.341856549418676,0.879310557770459,TRUE,3563,"REPS2","RalBP1-associated Eps domain-containing protein 2","REPS2","Q8NFH8"
"X12604.16",123,0.341406310466706,0.79921856711148,TRUE,3564,"SCMH1","Polycomb protein SCMH1","SCMH1","Q96GD3"
"X25951.17",121,0.340817398079301,0.860354133021289,TRUE,3565,"PRAME","Preferentially expressed antigen of melanoma","PRAME","P78395"
"X3289.19",124,0.340306061426314,0.89382790707678,TRUE,3566,"CA10","Carbonic anhydrase-related protein 10","Carbonic Anhydrase X","Q9NS85"
"X7968.15",124,0.337315913218367,0.854999551552757,TRUE,3567,"CRTAM","Cytotoxic and regulatory T-cell molecule","CRTAM","O95727"
"X16616.137",117,0.335981175342096,0.816429569522618,TRUE,3568,"ENO3","Beta-enolase","ENOB","P13929"
"X12533.135",125,0.335103114322936,0.75844219533473,TRUE,3569,"CYTH2","Cytohesin-2","CYH2","Q99418"
"X4717.55",124,0.334970020301213,0.898880034337335,TRUE,3570,"IL3","Interleukin-3","IL-3","P08700"
"X7825.7",124,0.33408663137287,0.895686849456014,TRUE,3571,"ABHD12","Monoacylglycerol lipase ABHD12","ABD12","Q8N2K0"
"X20561.15",124,0.331316844709393,0.919583969456402,TRUE,3572,"CNTN6","Contactin-6","CNTN6","Q9UQ52"
"X17783.9",125,0.331041221148883,0.903223255932536,TRUE,3573,"MMAB","Cob(I)yrinic acid a,c-diamide adenosyltransferase, mitochondrial","MMAB","Q96EY8"
"X13739.3",125,0.330869159108227,0.842602352944649,TRUE,3574,"FLRT1","Leucine-rich repeat transmembrane protein FLRT1","FLRT1","Q9NZU1"
"X10760.107",125,0.330654081557407,0.788176510882836,TRUE,3575,"GRIA4","Glutamate receptor 4","GRIA4","P48058"
"X23666.35",124,0.330215225013692,0.77459757163352,TRUE,3576,"ATIC","Bifunctional purine biosynthesis protein PURH","PUR9","P31939"
"X18817.50",124,0.329717922408204,0.86902991457676,TRUE,3577,"CBX1","Chromobox protein homolog 1","CBX1","P83916"
"X14134.49",125,0.329080942899983,0.802112478556516,TRUE,3578,"AMIGO2","Amphoterin-induced protein 2","AMGO2","Q86SJ2"
"X12488.9",121,0.328931857291907,1.00644641626879,TRUE,3579,"MCTS1","Malignant T-cell-amplified sequence 1","MCTS1","Q9ULC4"
"X19114.8",122,0.328849744699836,0.844473525306422,TRUE,3580,"TK2","Thymidine kinase 2, mitochondrial","KITM","O00142"
"X19743.12",124,0.327810546592218,0.908912090687871,TRUE,3581,"VSTM1","V-set and transmembrane domain-containing protein 1","VSTM1","Q6UX27"
"X17811.78",122,0.327422105304903,0.891285812960296,TRUE,3582,"SULT1C2","Sulfotransferase 1C2","ST1C2","O00338"
"X18840.205",125,0.327102229432441,0.999926526837976,TRUE,3583,"SH2D1B","SH2 domain-containing protein 1B","SH21B","O14796"
"X12957.62",122,0.326906489085712,0.902047101884326,TRUE,3584,"UQCRB","Cytochrome b-c1 complex subunit 7","UCR6","P14927"
"X22857.5",124,0.324405052294967,0.916727783640916,TRUE,3585,"KCTD7","BTB/POZ domain-containing protein KCTD7","KCTD7","Q96MP8"
"X4130.71",125,0.323310719465133,0.858730843039102,TRUE,3586,"FGF6","Fibroblast growth factor 6","FGF-6","P10767"
"X14260.112",125,0.32306491654991,0.868409907504312,TRUE,3587,"NET1","Neuroepithelial cell-transforming gene 1 protein","ARHG8","Q7Z628"
"X12760.34",124,0.322944535022064,0.887920348243496,TRUE,3588,"ZNF774","Zinc finger protein 774","ZN774","Q6NX45"
"X11591.43",123,0.32254933261096,0.9046997975388,TRUE,3589,"PRC1","Protein regulator of cytokinesis 1","PRC1","O43663"
"X22563.4",124,0.320823130236628,0.840433976195978,TRUE,3590,"KIRREL1","Kin of IRRE-like protein 1","KIRR1","Q96J84"
"X11560.76",124,0.319771998350734,0.884965240139828,TRUE,3591,"NFATC4","Nuclear factor of activated T-cells, cytoplasmic 4","NFAC4","Q14934"
"X15674.3",123,0.318810667870618,1.03249050048343,TRUE,3592,"CD79A","B-cell antigen receptor complex-associated protein alpha chain","CD79A","P11912"
"X2714.78",125,0.318689624658949,0.812658081282893,TRUE,3593,"AIMP1","Endothelial monocyte-activating polypeptide 2","EMAP-2","Q12904"
"X12684.5",123,0.317567916204432,0.815446695909424,TRUE,3594,"SCIN","Adseverin","ADSV","Q9Y6U3"
"X4336.2",117,0.317461209593717,0.895212999708713,TRUE,3595,"SAA1","Serum amyloid A-1 protein","SAA","P0DJI8"
"X11391.69",122,0.317192467595989,0.990178796325016,TRUE,3596,"MVK","Mevalonate kinase","MVK","Q03426"
"X5004.69",118,0.317179538689117,0.938701990556153,TRUE,3597,"MAPK11","Mitogen-activated protein kinase 11","MK11","Q15759"
"X6969.14",122,0.317073493155665,0.89236174092843,TRUE,3598,"WFDC5","WAP four-disulfide core domain protein 5","WFDC5","Q8TCV5"
"X6434.18",122,0.31699191962589,0.762152527599728,TRUE,3599,"AOC2","Retina-specific copper amine oxidase","Amine oxidase","O75106"
"X19206.20",118,0.316595138521102,0.822701050082546,TRUE,3600,"NUDT1","7,8-dihydro-8-oxoguanine triphosphatase","8ODP","P36639"
"X13102.1",120,0.31646448825652,0.925279533554869,TRUE,3601,"FAM3D","Protein FAM3D","FAM3D","Q96BQ1"
"X4383.97",125,0.315905906644053,0.861357358847762,TRUE,3602,"INHBA|INHBB","Inhibin beta A chain:Inhibin beta B chain heterodimer","Activin AB","P08476|P09529"
"X3773.15",123,0.31575569752105,0.801746063913578,TRUE,3603,"TEK","Angiopoietin-1 receptor, soluble","sTie-2","Q02763"
"X20245.13",124,0.315573125515401,0.882013123816706,TRUE,3604,"RXRA","Retinoic acid receptor RXR-alpha","Retinoic acid receptor RXR-alpha","P19793"
"X5764.4",120,0.314446057356383,0.884396713804453,TRUE,3605,"GALNT2","Polypeptide N-acetylgalactosaminyltransferase 2","GALT2","Q10471"
"X20247.17",124,0.31394291145894,1.05408759239576,TRUE,3606,"DPYSL4","Dihydropyrimidinase-related protein 4","DPYL4","O14531"
"X5491.12",125,0.313724405771452,0.895866788474778,TRUE,3607,"SPOCK2","Testican-2","Testican-2","Q92563"
"X14038.130",124,0.313306936427101,0.896211712286543,TRUE,3608,"CST7","Cystatin-F","CYTF","O76096"
"X7249.307",125,0.312974706880024,0.874466655236093,TRUE,3609,"BCL2L10","Bcl-2-like protein 10","B2L10","Q9HD36"
"X23024.25",119,0.312764192030882,0.831449907097351,TRUE,3610,"SAR1A","GTP-binding protein SAR1a","SAR1A","Q9NR31"
"X9249.17",124,0.312679602788663,0.787168840101242,TRUE,3611,"TMEM9","Transmembrane protein 9:Extracellular domain","TMEM9:ECD","Q9P0T7"
"X7851.30",125,0.311807143032716,0.935243325155466,TRUE,3612,"ANKRD46","Ankyrin repeat domain-containing protein 46","ANR46","Q86W74"
"X4535.50",123,0.30982817780759,0.816310676110108,TRUE,3613,"BST1","ADP-ribosyl cyclase/cyclic ADP-ribose hydrolase 2","BST1","Q10588"
"X5954.62",123,0.308944557673951,0.875487958517686,TRUE,3614,"PTH","Parathyroid hormone","PTH","P01270"
"X22034.61",125,0.308777622102598,0.812962088055228,TRUE,3615,"ZBTB16","Zinc finger and BTB domain-containing protein 16","ZBT16","Q05516"
"X2890.59",125,0.308046358429811,0.817706334433028,TRUE,3616,"CCL28","C-C motif chemokine 28","CCL28","Q9NRJ3"
"X14111.15",124,0.30723858564621,0.857381944848223,TRUE,3617,"THBS2","Thrombospondin-2","TSP2","P35442"
"X23611.16",124,0.307169340979623,0.924403576601824,TRUE,3618,"MARVELD2","MARVEL domain-containing protein 2","MALD2","Q8N4S9"
"X2864.2",125,0.307032421404518,0.939247165216327,TRUE,3619,"MAP2K1","Dual specificity mitogen-activated protein kinase kinase 1","MEK1","Q02750"
"X3403.1",124,0.306982673150465,0.885151100451443,TRUE,3620,"TPSB2","Tryptase beta-2","TPSB2","P20231"
"X18832.65",125,0.30673131283337,0.854839569189501,TRUE,3621,"SAA2","Serum amyloid A-2 protein","SAA2","P0DJI9"
"X10809.14",124,0.305471885180114,0.773712622586518,TRUE,3622,"KLRB1","Killer cell lectin-like receptor subfamily B member 1","KLRB1","Q12918"
"X5060.62",123,0.305261732153453,0.91533120723042,TRUE,3623,"CD274","Programmed cell death 1 ligand 1","B7-H1","Q9NZQ7"
"X16836.1",125,0.305078288228498,0.77094673737605,TRUE,3624,"CFHR3","Complement factor H-related protein 3","FHR3","Q02985"
"X10798.4",124,0.304959806618531,0.879466680307498,TRUE,3625,"CD300E","CMRF35-like molecule 2","CLM2","Q496F6"
"X4559.64",124,0.304760555844074,0.921831664162833,TRUE,3626,"KYNU","Kynureninase","KYNU","Q16719"
"X9550.153",125,0.304721874001426,0.91464294635624,TRUE,3627,"TTC17","Tetratricopeptide repeat protein 17:Tetratricopeptide repeat 2","TTC17:TPR2","Q96AE7"
"X6229.13",124,0.304576085006468,0.909394990094843,TRUE,3628,"CSH1|CSH2","Chorionic somatomammotropin hormone","CSH","P0DML2|P0DML3"
"X20531.5",123,0.30397177575398,0.950762221837261,TRUE,3629,"SLAMF9","SLAM family member 9","SLAF9","Q96A28"
"X25898.4",112,0.303677758318739,0.839875254282242,TRUE,3630,"CHID1","Chitinase domain-containing protein 1","CHID1","Q9BWS9"
"X14291.53",125,0.303492859425313,0.896185229551225,TRUE,3631,"AGAP2","Arf-GAP with GTPase, ANK repeat and PH domain-containing protein 2","AGAP2","Q99490"
"X24237.115",125,0.303019688813509,0.874943663862095,TRUE,3632,"CACNB3","Voltage-dependent L-type calcium channel subunit beta-3","CACB3","P54284"
"X16751.15",125,0.301366664208638,0.910358076128107,TRUE,3633,"NPPB","Natriuretic peptides B","BNP","P16860"
"X7069.9",125,0.301317503625593,0.85140325968624,TRUE,3634,"TSNARE1","t-SNARE domain-containing protein 1","TSNA1","Q96NA8"
"X23267.5",125,0.299080697097068,0.88693392368347,TRUE,3635,"KCTD6","BTB/POZ domain-containing protein KCTD6","KCTD6","Q8NC69"
"X20987.21",125,0.298982375930979,0.936690532298069,TRUE,3636,"SIX6","Homeobox protein SIX6","SIX6","O95475"
"X13056.18",123,0.298949656388972,0.956214635375882,TRUE,3637,"SLC6A16","Orphan sodium- and chloride-dependent neurotransmitter transporter NTT5","S6A16","Q9GZN6"
"X7038.45",115,0.298864770803657,0.725949318081279,TRUE,3638,"ST8SIA4","CMP-N-acetylneuraminate-poly-alpha-2,8-sialyltransferase","SIA8D","Q92187"
"X2692.74",118,0.298839239405959,0.934913778455599,TRUE,3639,"PLA2G2A","Phospholipase A2, membrane associated","NPS-PLA2","P14555"
"X14624.51",125,0.296198657916083,0.81234255235647,TRUE,3640,"CTCF","Transcriptional repressor CTCF","CTCF","P49711"
"X12373.73",125,0.295688616866996,0.866490526846617,TRUE,3641,"TRA2B","Transformer-2 protein homolog beta","TRA2B","P62995"
"X3196.6",123,0.294667014953771,0.891980814223198,TRUE,3642,"HAPLN1","Hyaluronan and proteoglycan link protein 1","HPLN1","P10915"
"X9284.25",125,0.294004866897721,0.831542915632142,TRUE,3643,"SFRP4","Secreted frizzled-related protein 4","SFRP4","Q6FHJ7"
"X8296.117",123,0.292749155078558,0.826373858693737,TRUE,3644,"POGLUT3","KDEL motif-containing protein 2","KDEL2","Q7Z4H8"
"X9313.27",123,0.292342818812724,0.949466777339791,TRUE,3645,"CBLN1","Cerebellin-1","CBLN1","P23435"
"X4916.2",125,0.292081459086105,0.905011980149022,TRUE,3646,"IGHD","Immunoglobulin D","IgD","P01880"
"X10890.135",125,0.291835656170882,0.917583768160418,TRUE,3647,"LCTL","Lactase-like protein","LCTL","Q6UWM7"
"X11312.40",125,0.291761915296315,0.934906583575977,TRUE,3648,"PMS2","Mismatch repair endonuclease PMS2","PMS2","P54278"
"X21981.2",119,0.291200455824223,0.896289595462638,TRUE,3649,"ITGAM","Integrin alpha-M","Integrin alpha-M","P11215"
"X7208.60",123,0.291147731303815,0.840405055702327,TRUE,3650,"MGAT4C","Alpha-1,3-mannosyl-glycoprotein 4-beta-N-acetylglucosaminyltransferase C","MGT4C","Q9UBM8"
"X2993.1",125,0.289660300371162,0.940943415063342,TRUE,3651,"IL18RAP","Interleukin-18 receptor accessory protein","IL-18 Rb","O95256"
"X2597.8",125,0.289248580488165,0.977841795971873,TRUE,3652,"VEGFA","Vascular endothelial growth factor A","VEGF","P15692"
"X17751.68",125,0.28886758596957,0.974625606491541,TRUE,3653,"CRYBB1","Beta-crystallin B1","CRBB1","P53674"
"X12479.50",123,0.288098862258456,0.802636430516925,TRUE,3654,"PRKAR1B","cAMP-dependent protein kinase type I-beta regulatory subunit","KAP1","P31321"
"X12811.55",125,0.28767544183074,0.907783527147639,TRUE,3655,"ZNF415","Zinc finger protein 415","ZN415","Q09FC8"
"X24420.57",125,0.284922449180247,0.847644651302697,TRUE,3656,"DOHH","Deoxyhypusine hydroxylase","DOHH","Q9BU89"
"X8069.85",124,0.283575794582549,0.887780027152194,TRUE,3657,"CD3E","T-cell surface glycoprotein CD3 epsilon chain","CD3E","P07766"
"X13124.20",125,0.282409114372096,0.901127843379504,TRUE,3658,"ISLR2","Immunoglobulin superfamily containing leucine-rich repeat protein 2","ISLR2","Q6UXK2"
"X10801.11",125,0.282040409999263,0.922821306924376,TRUE,3659,"EFNA2","Ephrin-A2","Ephrin-A2","O43921"
"X18921.30",121,0.281444671402295,0.90751142197369,TRUE,3660,"PHEX","Phosphate-regulating neutral endopeptidase","PHEX","P78562"
"X21899.36",120,0.280173087408447,0.88296460834347,TRUE,3661,"INHA|INHBA","inhibin A","inhibin A","P05111|P08476"
"X3495.15",124,0.280078057378468,0.96965740990727,TRUE,3662,"CXCL6","C-X-C motif chemokine 6","GCP-2","P80162"
"X19242.21",123,0.279306007933181,0.87488509779111,TRUE,3663,"PFDN1","Prefoldin subunit 1","PFD1","O60925"
"X10695.12",124,0.27868687345577,0.995464691538315,TRUE,3664,"WFDC10B","Protein WFDC10B","WF10B","Q8IUB3"
"X10818.36",123,0.277972704522587,0.893259841314763,TRUE,3665,"SMPD1","Sphingomyelin phosphodiesterase","ASM","P17405"
"X21439.37",124,0.277904026892111,0.845397477281967,TRUE,3666,"HCLS1","Hematopoietic lineage cell-specific protein","HCLS1","P14317"
"X16763.11",124,0.276468773802854,0.922544207363824,TRUE,3667,"LECT2","Leukocyte cell-derived chemotaxin-2","LECT2","O14960"
"X11104.13",125,0.276288621783054,0.973976902562442,TRUE,3668,"CHI3L1","Chitinase-3-like protein 1","YKL-40","P36222"
"X10780.10",123,0.275670132349527,0.947120216897081,TRUE,3669,"RAB3D","Ras-related protein Rab-3D","RAB3D","O95716"
"X23370.39",124,0.275549708228155,0.929507868181253,TRUE,3670,"KCNAB3","Voltage-gated potassium channel subunit beta-3","KCAB3","O43448"
"X4301.58",122,0.274474033828399,0.809526947819691,TRUE,3671,"TK1","Thymidine kinase, cytosolic","Thymidine kinase","P04183"
"X5259.2",125,0.274021089890126,0.968487093166711,TRUE,3672,"MAP3K7|TAB1","Mitogen-activated protein kinase kinase kinase 7:TGF-beta-activated kinase 1 and MAP3K7-binding protein 1 fusion","TAK1-TAB1","O43318|Q15750"
"X5939.42",125,0.273621660152889,0.897160064634674,TRUE,3673,"TNFSF12","Tumor necrosis factor ligand superfamily member 12","TWEAK","O43508"
"X23649.6",125,0.273474178403756,0.745491989825659,TRUE,3674,"KLHL2","Kelch-like protein 2","KLHL2","O95198"
"X2615.60",125,0.273388147383428,0.932713792474378,TRUE,3675,"EFNA5","Ephrin-A5","Ephrin-A5","P52803"
"X22525.9",122,0.272200300079977,0.83057904570293,TRUE,3676,"PAX3","Paired box protein Pax-3","PAX3","P23760"
"X9895.77",124,0.271704063679312,0.891681243759001,TRUE,3677,"ERCC4","DNA repair endonuclease XPF","XPF","Q92889"
"X23593.14",124,0.271508337687354,0.900078587379799,TRUE,3678,"MB21D2","Protein MB21D2","M21D2","Q8IYB1"
"X13073.14",125,0.271059164761694,0.830514690091978,TRUE,3679,"ANP32A","Acidic leucine-rich nuclear phosphoprotein 32 family member A","AN32A","P39687"
"X11146.4",124,0.269909415386165,0.766386185558266,TRUE,3680,"TBX22","T-box transcription factor TBX22","TBX22","Q9Y458"
"X20946.41",125,0.268453653860335,0.929573301822103,TRUE,3681,"GTSF1","Gametocyte-specific factor 1","GTSF1","Q8WW33"
"X5646.20",125,0.268158690362068,0.941073459075559,TRUE,3682,"RNASE6","Ribonuclease K6","RNAS6","Q93091"
"X2514.65",125,0.267568763365534,0.95257910039621,TRUE,3683,"EFNB3","Ephrin-B3:Extracellular domain","Ephrin-B3:ECD","Q15768"
"X17210.2",123,0.267421498850337,0.974911757003913,TRUE,3684,"TCL1A","T-cell leukemia/lymphoma protein 1A","TCL1A","P56279"
"X17152.10",124,0.266839777788269,0.976806144797905,TRUE,3685,"KIR2DS4","Killer cell immunoglobulin-like receptor 2DS4","KI2S4","P43632"
"X8242.9",123,0.266778247535385,0.878081464826825,TRUE,3686,"CLEC2L","C-type lectin domain family 2 member L","CLC2L","P0C7M8"
"X22374.56",124,0.263387826787614,0.974078885062289,TRUE,3687,"HEY1","Hairy/enhancer-of-split related with YRPW motif protein 1","HEY1","Q9Y5J3"
"X6545.58",125,0.262904653049185,0.962750494763399,TRUE,3688,"PRNP","Major prion protein","PRIO","P04156"
"X7741.111",125,0.261245483371433,0.925493523414037,TRUE,3689,"RTF1","RNA polymerase-associated protein RTF1 homolog","RTF1","Q92541"
"X17752.24",124,0.260901313760174,0.922546894321384,TRUE,3690,"ARG2","Arginase-2, mitochondrial","Arginase","P78540"
"X19587.12",114,0.260693800836061,1.03308325419931,TRUE,3691,"KPNA1","Importin subunit alpha-5","IMA5","P52294"
"X21819.9",122,0.260183881607212,0.881431245063156,TRUE,3692,"NELFE","Negative elongation factor E","NELFE","P18615"
"X13013.41",123,0.259968009493957,0.834958057083655,TRUE,3693,"PRKN","E3 ubiquitin-protein ligase parkin","PRKN2","O60260"
"X20056.7",125,0.259758375734336,0.95368393060525,TRUE,3694,"FZD10","Frizzled-10:Frizzled domain","Frizzled-10:FZ","Q9ULW2"
"X21492.19",124,0.25861857324961,0.859538861089228,TRUE,3695,"CLUL1","Clusterin-like protein 1","CLUL1","Q15846"
"X20996.107",123,0.258252389613405,0.888157417494784,TRUE,3696,"SDHAF1","Succinate dehydrogenase assembly factor 1, mitochondrial","SDHF1","A6NFY7"
"X19125.26",125,0.257085269031291,0.959256990730295,TRUE,3697,"PRKAR2A","cAMP-dependent protein kinase type II-alpha regulatory subunit","KAP2","P13861"
"X8795.48",125,0.257060688739769,0.97034738227907,TRUE,3698,"TFRC","Transferrin receptor protein 1:Extracellular domain","TR:ECD","P02786"
"X6549.60",123,0.256658572216364,0.858529343060246,TRUE,3699,"VSTM2L","V-set and transmembrane domain-containing protein 2-like protein","VTM2L","Q96N03"
"X5490.53",123,0.256471529141634,0.963253537432546,TRUE,3700,"SPOCK1","Testican-1","Testican-1","Q08629"
"X23366.15",125,0.254215519996067,0.944868679919904,TRUE,3701,"UBL7","Ubiquitin-like protein 7","UBL7","Q96S82"
"X13421.17",121,0.253800710007859,0.86599206225467,TRUE,3702,"TMEM167B","Protein kish-B","KISHB","Q9NRX6"
"X20967.137",125,0.253459676031758,0.901360039956686,TRUE,3703,"PSMG4","Proteasome assembly chaperone 4","PSMG4","Q5JS54"
"X18841.1",118,0.253166683711485,0.935721927187602,TRUE,3704,"SERPINB13","Serpin B13","SPB13","Q9UIV8"
"X17837.5",125,0.252150775508198,0.846938878628935,TRUE,3705,"CLIC2","Chloride intracellular channel protein 2","CLIC2","O15247"
"X6904.14",125,0.250927906004965,0.814000402954487,TRUE,3706,"LRRTM2","Leucine-rich repeat transmembrane neuronal protein 2","LRRT2","O43300"
"X22005.8",125,0.250700538308384,0.952808556526611,TRUE,3707,"PDP1","[Pyruvate dehydrogenase [acetyl-transferring]]-phosphatase 1, mitochondrial","PDP1","Q9P0J1"
"X19152.4",125,0.249913968979672,0.923712984443721,TRUE,3708,"PPP1R2","Protein phosphatase inhibitor 2","IPP2","P41236"
"X6024.68",125,0.248863161517096,0.971887476820032,TRUE,3709,"CPE","Carboxypeptidase E","CBPE","P16870"
"X21674.132",123,0.248764064510511,0.851269932034918,TRUE,3710,"BTN1A1","Butyrophilin subfamily 1 member A1","Butyrophilin 1A1","Q13410"
"X8946.38",122,0.248647487482856,0.948985828097333,TRUE,3711,"NR1H4","Bile acid receptor","NR1H4","Q96RI1"
"X23607.1",125,0.248334685249367,0.880207323661147,TRUE,3712,"C16orf71","Uncharacterized protein C16orf71","CP071","Q8IYS4"
"X17138.8",125,0.247265442568149,0.953426580966793,TRUE,3713,"GSTA1","Glutathione S-transferase A1","GST A1-1","P08263"
"X8991.115",122,0.246770328998463,0.900927266478967,TRUE,3714,"FCRL4","Fc receptor-like protein 4:Cytoplasmic domain","FCRL4:CD","Q96PJ5"
"X6631.17",125,0.246644790207212,0.927701952474489,TRUE,3715,"COL9A1","Collagen alpha-1(IX) chain","CO9A1","P20849"
"X16297.14",115,0.246640097857397,0.885788154614368,TRUE,3716,"ROBO4","Roundabout homolog 4","ROBO4","Q8WZ75"
"X11382.5",119,0.245590356297074,0.796067698005303,TRUE,3717,"BLVRA","Biliverdin reductase A","BIEA","P53004"
"X18172.71",124,0.24498133541487,1.01813504747689,TRUE,3718,"ASF1A","Histone chaperone ASF1A","ASF1A","Q9Y294"
"X4708.3",125,0.243873362338077,0.937041623157058,TRUE,3719,"HSD17B1","Estradiol 17-beta-dehydrogenase 1","17-beta-HSD 1","P14061"
"X7179.69",125,0.242453850502667,0.904591439957455,TRUE,3720,"NFASC","Neurofascin","NFASC","O94856"
"X2752.62",125,0.241851633360372,0.896473400635607,TRUE,3721,"GDF5","Growth/differentiation factor 5","BMP-14","P43026"
"X11280.6",125,0.240837696335079,0.85176941485491,TRUE,3722,"GAD1","Glutamate decarboxylase 1","DCE1","Q99259"
"X8052.115",125,0.239842194528427,0.973761727555181,TRUE,3723,"NLGN1","Neuroligin-1","NLGN1","Q8N2Q7"
"X25266.14",125,0.239620971904727,0.824023224479262,TRUE,3724,"OSBPL1A","Oxysterol-binding protein-related protein 1","OSBL1","Q9BXW6"
"X18342.2",123,0.239386111729213,0.871175211824102,TRUE,3725,"PSAT1","Phosphoserine aminotransferase","SERC","Q9Y617"
"X22523.4",125,0.238428827765897,0.926760684800353,TRUE,3726,"PABPC5","Polyadenylate-binding protein 5","PABP5","Q96DU9"
"X3351.1",124,0.238056868756177,0.931586446401753,TRUE,3727,"CAMK2B","Calcium/calmodulin-dependent protein kinase type II subunit beta","CAMK2B","Q13554"
"X19767.20",124,0.237140204271123,0.981978587185112,TRUE,3728,"CCNE1","G1/S-specific cyclin-E1","Cyclin E","P24864"
"X21897.4",124,0.236797874818233,0.89782410338762,TRUE,3729,"IL17A|IL17F","IL-17/IL-17F","IL-17/ IL-17F","Q16552|Q96PD4"
"X20584.4",125,0.236400953715311,0.83720142424386,TRUE,3730,"NECTIN1","Nectin-1, isoform gamma:Extracellular domain","nectin-1 gamma:ECD","Q15223"
"X2855.49",123,0.23468670386017,0.943207894243588,TRUE,3731,"MAPK3","Mitogen-activated protein kinase 3","ERK-1","P27361"
"X4306.4",125,0.234588157215545,0.908238023682035,TRUE,3732,"TKT","Transketolase","Transketolase","P29401"
"X21280.13",124,0.23387312528524,0.939197805456695,TRUE,3733,"TSC22D3","TSC22 domain family protein 3","T22D3","Q99576"
"X23270.14",125,0.232984293193717,0.915220334084039,TRUE,3734,"SPATA33","Spermatogenesis-associated protein 33","SPT33","Q96N06"
"X17773.26",124,0.232756504277432,0.872770677744637,TRUE,3735,"NAPG","Gamma-soluble NSF attachment protein","SNAG","Q99747"
"X6039.24",125,0.232554138092078,0.922677435769492,TRUE,3736,"CRHBP","Corticotropin-releasing factor-binding protein","CRHBP","P24387"
"X25497.35",122,0.232536542967524,1.00020014383406,TRUE,3737,"SEC14L4","SEC14-like protein 4","S14L4","Q9UDX3"
"X21164.83",125,0.232498832436153,0.961798478343024,TRUE,3738,"TGIF2LX","Homeobox protein TGIF2LX","TF2LX","Q8IUE1"
"X17512.2",124,0.23212071233877,0.980138137372566,TRUE,3739,"NMI","N-myc-interactor","NMI","Q13287"
"X22584.2",124,0.23145344555166,0.79504822787116,TRUE,3740,"LRP6","Low-density lipoprotein receptor-related protein 6","LRP6","O75581"
"X17357.33",124,0.230395890643787,0.951870457944764,TRUE,3741,"SEPSECS","O-phosphoseryl-tRNA(Sec) selenium transferase","SPCS","Q9HD40"
"X25244.9",125,0.230372637219477,0.868353274137227,TRUE,3742,"HECTD3","Probable E3 ubiquitin-protein ligase HECTD3","HECD3","Q5T447"
"X13256.21",125,0.229291104392498,0.920699510478473,TRUE,3743,"SHANK1","SH3 and multiple ankyrin repeat domains protein 1","SHAN1","Q9Y566"
"X21572.91",123,0.228728618972679,1.03419805233098,TRUE,3744,"XYLT2","Xylosyltransferase 2","XYLT2","Q9H1B5"
"X7123.25",125,0.228522970282428,1.01369003715148,TRUE,3745,"MRPL52","39S ribosomal protein L52, mitochondrial","RM52","Q86TS9"
"X20590.13",122,0.228109601536087,0.958739501630974,TRUE,3746,"NPY","Neuropeptide Y","NPY","P01303"
"X13663.2",124,0.227507498811836,0.896804718300704,TRUE,3747,"IL4","Interleukin-4","IL-4","P05112"
"X7083.74",124,0.227301197614214,1.00005480538142,TRUE,3748,"MATN4","Matrilin-4","MATN4","O95460"
"X11152.46",124,0.227021786890096,0.972048692796641,TRUE,3749,"KLK13","Kallikrein-13","kallikrein 13","Q9UKR3"
"X9329.28",124,0.226677997576444,0.974022368889915,TRUE,3750,"TREML1","Trem-like transcript 1 protein:Extracellular domain, Ig-like V-type domain","TRML1:ECD","Q86YW5"
"X5509.7",124,0.225192389405599,0.957776423615518,TRUE,3751,"EGF","Epidermal growth factor:Extracellular domain","EGF:ECD","P01133"
"X7752.31",124,0.225019986528765,1.03148710553553,TRUE,3752,"CLEC4D","C-type lectin domain family 4 member D","CLC4D","Q8WXI8"
"X20159.1",123,0.224154277790319,0.96774407078967,TRUE,3753,"NRN1L","Neuritin-like protein","NRN1L","Q496H8"
"X13687.5",124,0.223433654166955,0.943596309979217,TRUE,3754,"CCL1","C-C motif chemokine 1","I-309","P22362"
"X9885.41",120,0.223225107398237,0.968662949556121,TRUE,3755,"RAP2A","Ras-related protein Rap-2a","RAP2A","P10114"
"X25220.8",113,0.223118290750438,0.977947979387605,TRUE,3756,"CYSRT1","Cysteine-rich tail protein 1","CRTP1","A8MQ03"
"X7875.86",124,0.222993006288675,0.951066102959,TRUE,3757,"PLEK","Pleckstrin","PLEK","P08567"
"X9264.11",125,0.22082319396308,1.00605908816866,TRUE,3758,"CTSO","Cathepsin O","CATO","P43234"
"X8040.9",116,0.220373780752713,0.846220822215912,TRUE,3759,"LEMD1","LEM domain-containing protein 1","LEMD1","Q68G75"
"X10336.3",123,0.220120675032007,0.950510759839086,TRUE,3760,"STUB1","E3 ubiquitin-protein ligase CHIP","CHIP","Q9UNE7"
"X18887.7",125,0.218819900204016,0.92612518743616,TRUE,3761,"ENTPD2","Ectonucleoside triphosphate diphosphohydrolase 2","ENTP2","Q9Y5L3"
"X16907.3",125,0.218457340904063,0.827649315189823,TRUE,3762,"CADM2","Cell adhesion molecule 2","Nectin-like protein 3","Q8N3J6"
"X23629.4",123,0.21826062279095,0.94030660516601,TRUE,3763,"VMAC","Vimentin-type intermediate filament-associated coiled-coil protein","VMAC","Q2NL98"
"X9060.27",121,0.217899425822733,1.00156304038785,TRUE,3764,"IGSF9B","Protein turtle homolog B","TUTLB","Q9UPX0"
"X8273.84",124,0.217851106487849,0.915894908164102,TRUE,3765,"IL31RA","Interleukin-31 receptor subunit alpha","IL31R","Q8NI17"
"X12462.20",121,0.217730051997764,0.994431976282209,TRUE,3766,"SETMAR","Histone-lysine N-methyltransferase SETMAR","SETMR","Q53H47"
"X21450.333",125,0.215409384755303,0.911661178939472,TRUE,3767,"CASP10","Caspase-10:region 2","Caspase-10:region 2","Q92851"
"X2826.53",125,0.214856328196052,1.01986199479058,TRUE,3768,"EDA","Ectodysplasin-A, secreted form","EDA","Q92838"
"X17356.34",123,0.21384897190475,1.01425940559158,TRUE,3769,"IL1F10","Interleukin-1 family member 10","IL1FA","Q8WWZ1"
"X10076.1",125,0.213602733328417,0.997023030603282,TRUE,3770,"AP4M1","AP-4 complex subunit mu-1","AP4M1","O00189"
"X12838.28",123,0.207066358368081,0.910561537773146,TRUE,3771,"DUSP15","Dual specificity protein phosphatase 15","DUS15","Q9H1R2"
"X18237.29",125,0.206757122139469,0.875081565728169,TRUE,3772,"NRIP3","Nuclear receptor-interacting protein 3","NRIP3","Q9NQ35"
"X4468.21",125,0.206216355725979,0.957493421306544,TRUE,3773,"SPHK2","Sphingosine kinase 2","SPHK2","Q9NRA0"
"X21679.16",122,0.206083559715254,1.01618651880353,TRUE,3774,"CDH20","Cadherin-20","CAD20","Q9HBT6"
"X16612.28",122,0.205726636394281,0.929906683230479,TRUE,3775,"SDC3","Syndecan-3","SDC3","O75056"
"X8700.325",125,0.205276159575253,0.944762309295322,TRUE,3776,"GALNT11","Polypeptide N-acetylgalactosaminyltransferase 11","GLT11","Q8NCW6"
"X8004.15",125,0.205196273627805,0.963843201370642,TRUE,3777,"GAPDHS","Glyceraldehyde-3-phosphate dehydrogenase, testis-specific","G3PT","O14556"
"X16769.20",124,0.205153062188006,0.925554608368513,TRUE,3778,"RAC3","Ras-related C3 botulinum toxin substrate 3","RAC3","P60763"
"X5716.49",125,0.204907455202419,0.809906743932098,TRUE,3779,"CSAG1","Putative chondrosarcoma-associated gene 1 protein","CSAG1","Q6PB30"
"X21507.48",124,0.20392554309851,0.928827425828917,TRUE,3780,"COMMD8","COMM domain-containing protein 8","COMD8","Q9NX08"
"X6359.50",123,0.203832460462836,1.01540621187242,TRUE,3781,"POMGNT2","Protein O-linked-mannose beta-1,4-N-acetylglucosaminyltransferase 2","AGO61","Q8NAT1"
"X7108.7",123,0.2038027792021,0.891982503340116,TRUE,3782,"SMIM24","Small integral membrane protein 24","CS077","O75264"
"X17673.34",125,0.202898016370474,1.01013618903037,TRUE,3783,"CA5B","Carbonic anhydrase 5B, mitochondrial","Carbonic Anhydrase VB","Q9Y2D0"
"X14283.12",125,0.201527665118108,0.912161899003616,TRUE,3784,"RAB14","Ras-related protein Rab-14","RAB14","P61106"
"X17345.12",124,0.200903957647444,0.886702529644968,TRUE,3785,"ZADH2","Prostaglandin reductase 3","ZADH2","Q8N4Q0"
"X15573.110",124,0.20075917334458,1.04354252485525,TRUE,3786,"NCAN","Neurocan core protein","CSPG3","O14594"
"X21996.28",125,0.20045227736401,0.910376864457458,TRUE,3787,"NUB1","NEDD8 ultimate buster 1","NUB1","Q9Y5A7"
"X9282.12",124,0.200044064649135,0.917944111879235,TRUE,3788,"CRISP2","Cysteine-rich secretory protein 2","CRIS2","P16562"
"X2837.3",125,0.199278568443822,1.05458826538226,TRUE,3789,"MET","Hepatocyte growth factor receptor","Met","P08581"
"X22797.20",122,0.199253114775769,0.961736215696162,TRUE,3790,"TAF12","Transcription initiation factor TFIID subunit 12","TAF12","Q16514"
"X10064.12",119,0.199216538167055,1.14783497028818,TRUE,3791,"RBBP9","Putative hydrolase RBBP9","RBBP9","O75884"
"X2975.19",125,0.19893444436251,1.02040719587635,TRUE,3792,"CCN2","Connective tissue growth factor","CTGF","P29279"
"X25105.87",125,0.197981958066023,0.947007763835423,TRUE,3793,"EIF2A","Eukaryotic translation initiation factor 2A","EIF2A","Q9BY44"
"X4330.4",123,0.19762132039937,0.956082384303988,TRUE,3794,"KLK3","Prostate-specific antigen","PSA","P07288"
"X24661.4",125,0.197066342206819,0.970022517251639,TRUE,3795,"MAP6D1","MAP6 domain-containing protein 1","MA6D1","Q9H9H5"
"X10800.15",124,0.196474828069181,0.932920013246204,TRUE,3796,"SERPINH1","Serpin H1","Collagen-binding protein","P50454"
"X23564.83",124,0.196461001457272,1.0011039102063,TRUE,3797,"METTL21C","Protein-lysine methyltransferase METTL21C","MT21C","Q5VZV1"
"X21814.13",125,0.196365803898434,0.968052152132359,TRUE,3798,"MMADHC","Methylmalonic aciduria and homocystinuria type D protein, mitochondrial","MMAD","Q9H3L0"
"X20074.3",124,0.19602535613791,0.94833964489438,TRUE,3799,"LAMA3","Laminin subunit alpha-3","LAMA3","Q16787"
"X8885.6",125,0.195947938942556,0.971035583335377,TRUE,3800,"CACNA2D3","Voltage-dependent calcium channel subunit alpha-2/delta-3","CA2D3","Q8IZS8"
"X17195.43",124,0.194918748445944,1.00167447602993,TRUE,3801,"BAG1","BAG family molecular chaperone regulator 1","BAG-1","Q99933"
"X22989.24",123,0.194631218779125,0.9612931138956,TRUE,3802,"LIN7A","Protein lin-7 homolog A","LIN7A","O14910"
"X5138.50",123,0.194575768325325,0.884851759495261,TRUE,3803,"TNFRSF12A","Tumor necrosis factor receptor superfamily member 12A","TWEAKR","Q9NP84"
"X11315.148",120,0.193439047599203,0.875619662731157,TRUE,3804,"PPM1D","Protein phosphatase 1D","PPM1D","O15297"
"X8051.10",123,0.192767354415113,0.869821790846931,TRUE,3805,"AGGF1","Angiogenic factor with G patch and FHA domains 1","AGGF1","Q8N302"
"X9245.1",123,0.192489898061524,0.900339443098693,TRUE,3806,"KIR2DL4","Killer cell immunoglobulin-like receptor 2DL4","KI2L4","Q99706"
"X8975.26",124,0.192374273717872,0.947137811180894,TRUE,3807,"CNOT9","Cell differentiation protein RCD1 homolog","RCD1","Q92600"
"X9802.27",125,0.190054814050095,0.852536903304974,TRUE,3808,"PNPLA2","Patatin-like phospholipase domain-containing protein 2","PLPL2","Q96AD5"
"X18253.8",121,0.189978557419031,1.02353833941077,TRUE,3809,"SSBP1","Single-stranded DNA-binding protein, mitochondrial","SSB","Q04837"
"X20385.21",122,0.189649189483947,0.990503418780492,TRUE,3810,"CPTP","Ceramide-1-phosphate transfer protein","CPTP","Q5TA50"
"X7796.10",116,0.188552227386843,1.0160694537175,TRUE,3811,"CD79A","B-cell antigen receptor complex-associated protein alpha chain","CD79A","P11912"
"X7239.9",123,0.187490123866865,0.99011274302611,TRUE,3812,"GSTM1","Glutathione S-transferase Mu 1","GST M1-1","P09488"
"X21108.5",115,0.187015159765462,0.964188089072534,TRUE,3813,"CPPED1","Uncharacterized metallophosphoesterase CSTP1","CSTP1","Q9BRF8"
"X21651.9",125,0.186644298601381,0.986864965897464,TRUE,3814,"TXNL4A","Thioredoxin-like protein 4A","TXN4A","P83876"
"X7218.87",125,0.185415284025269,1.04795960754267,TRUE,3815,"ATP1B2","Sodium/potassium-transporting ATPase subunit beta-2","AT1B2","P14415"
"X12748.6",122,0.182111709282228,0.967355585488039,TRUE,3816,"BRDT","Bromodomain testis-specific protein","BRDT","Q58F21"
"X19197.95",116,0.181465518898573,0.889173383856463,TRUE,3817,"ACAT1","Acetyl-CoA acetyltransferase, mitochondrial","THIL","P24752"
"X16853.5",124,0.181038471343995,0.844504908274807,TRUE,3818,"NMRK1","Nicotinamide riboside kinase 1","NRK1","Q9NWW6"
"X15610.72",124,0.180495665913369,1.06972533911954,TRUE,3819,"LAP3","Cytosol aminopeptidase","LAP","P28838"
"X23553.1",123,0.18009726271252,0.980556802966428,TRUE,3820,"ABI3","ABI gene family member 3","ABI3","Q9P2A4"
"X14041.13",125,0.17911043924981,1.01312899085697,TRUE,3821,"GZMB","Granzyme B","Granzyme B","P10144"
"X6430.36",124,0.177829186535102,0.934974800844267,TRUE,3822,"TAFA2","Protein FAM19A2","F19A2","Q8N3H0"
"X23224.11",125,0.177758523216085,0.999570899399487,TRUE,3823,"RGN","Regucalcin","RGN","Q15493"
"X22078.4",125,0.176978098960254,1.07744369371656,TRUE,3824,"TAT","Tyrosine aminotransferase","ATTY","P17735"
"X21567.214",125,0.176633974878942,1.09927211787832,TRUE,3825,"C1QTNF4","Complement C1q tumor necrosis factor-related protein 4","C1QT4","Q9BXJ3"
"X8045.3",124,0.174962387556104,1.14204026817978,TRUE,3826,"KIR3DL3","Killer cell immunoglobulin-like receptor 3DL3:Cytoplasmic domain","KI3L3:CD","Q8N743"
"X3172.28",124,0.174710588768515,0.932002759174137,TRUE,3827,"ARSB","Arylsulfatase B","ARSB","P15848"
"X24724.4",124,0.17422218025589,0.952730333492185,TRUE,3828,"VPS26B","Vacuolar protein sorting-associated protein 26B","VP26B","Q4G0F5"
"X5265.12",122,0.173903703728184,1.02015261135488,TRUE,3829,"GRAP2","GRB2-related adapter protein 2","GRB2-related adapter protein 2","O75791"
"X24710.1",120,0.173895377306398,0.956101251193499,TRUE,3830,"MTUS2","Microtubule-associated tumor suppressor candidate 2","MTUS2","Q5JR59"
"X15499.11",125,0.172387729518472,0.974759488221338,TRUE,3831,"ATRN","Attractin","Attractin","O75882"
"X19562.8",125,0.1722525379151,0.945944782752043,TRUE,3832,"USP28","Ubiquitin carboxyl-terminal hydrolase 28","UBP28","Q96RU2"
"X9509.4",124,0.171506449196447,1.10169754390579,TRUE,3833,"TMEM38B","Trimeric intracellular cation channel type B","TM38B","Q9NVV0"
"X12781.2",125,0.170525772435661,0.897693359214365,TRUE,3834,"TARBP2","RISC-loading complex subunit TARBP2","TRBP2","Q15633"
"X14662.6",125,0.170421306196692,1.02708285347939,TRUE,3835,"MZF1","Myeloid zinc finger 1","MZF1","P28698"
"X3480.7",125,0.16997271587641,0.993116563653815,TRUE,3836,"DUSP3","Dual specificity protein phosphatase 3","DUS3","P51452"
"X13669.6",125,0.168073888356316,1.06938304950259,TRUE,3837,"FGFR3","Fibroblast growth factor receptor 3:Extracellular domain","FGFR-3:ECD","P22607"
"X14273.19",124,0.167857985930787,0.891877262582055,TRUE,3838,"PREP","Prolyl endopeptidase","PPCE","P48147"
"X22506.25",125,0.167797360076691,0.999631565956477,TRUE,3839,"NAA20","N-acetyltransferase 5","NAT5","P61599"
"X3296.92",125,0.167483961359782,0.869726103477909,TRUE,3840,"CNTN2","Contactin-2","CNTN2","Q02246"
"X15553.22",116,0.167378575081027,0.870321091433651,TRUE,3841,"ACHE","Acetylcholinesterase","ACES","P22303"
"X21327.12",125,0.16736105990217,0.8853828855528,TRUE,3842,"CYREN","Modulator of retrovirus infection homolog","MRI","Q9BWK5"
"X15358.28",124,0.166797811868536,1.07506090840389,TRUE,3843,"SCG5","Neuroendocrine protein 7B2","7B2","P05408"
"X15521.4",125,0.166777277978517,0.921178166627792,TRUE,3844,"CLSTN1","Calsyntenin-1","Alcadein alpha-1","O94985"
"X3795.6",125,0.166771132905636,1.07210083638171,TRUE,3845,"ADAM9","Disintegrin and metalloproteinase domain-containing protein 9","ADAM 9","Q13443"
"X12705.9",124,0.166586406055742,1.07379477839767,TRUE,3846,"HERC1","Probable E3 ubiquitin-protein ligase HERC1","HERC1","Q15751"
"X12549.33",122,0.166405583867066,1.02883723709237,TRUE,3847,"HPGDS","Hematopoietic prostaglandin D synthase","PTGD2","O60760"
"X2515.14",125,0.165542118329523,1.04706237251804,TRUE,3848,"GFRA2","GDNF family receptor alpha-2","GFRa-2","O00451"
"X8998.15",125,0.164497455939827,1.05219867447755,TRUE,3849,"HS3ST4","Heparan sulfate glucosamine 3-O-sulfotransferase 4","HS3S4","Q9Y661"
"X9365.91",123,0.163785764041175,1.01516998620172,TRUE,3850,"EYS","Protein eyes shut homolog","EYS","Q5T1H1"
"X8400.74",121,0.163336788547658,1.02664445660789,TRUE,3851,"GRP","Gastrin-releasing peptide","Gastrin-releasing peptide","P07492"
"X13393.46",125,0.162961187719686,0.820813202345652,TRUE,3852,"DERL1","Derlin-1","DERL1","Q9BUN8"
"X23561.4",123,0.162823696346222,1.05015450918897,TRUE,3853,"CCDC97","Coiled-coil domain-containing protein 97","CCD97","Q96F63"
"X4487.1",124,0.1627464866311,0.959400286235005,TRUE,3854,"FGF7","Fibroblast growth factor 7","FGF7","P21781"
"X2823.7",123,0.162650602409639,0.909666884487777,TRUE,3855,"COMMD7","COMM domain-containing protein 7","COMMD7","Q86VX2"
"X2617.56",125,0.162432711451958,0.907048646873415,TRUE,3856,"ERBB3","Receptor tyrosine-protein kinase erbB-3","ERBB3","P21860"
"X5713.9",125,0.162217633901138,0.956502440800782,TRUE,3857,"IFNL3","Interferon lambda-3","IFN-lambda 3","Q8IZI9"
"X7799.3",121,0.161505369059314,1.02089711395739,TRUE,3858,"KIR2DL5A","Killer cell immunoglobulin-like receptor 2DL5A","KI2LA","Q8N109"
"X24701.21",122,0.159258402458773,0.979469206254122,TRUE,3859,"DTNA","Dystrobrevin alpha","DTNA","Q9Y4J8"
"X17466.72",123,0.156706622937286,0.937915497173787,TRUE,3860,"ACSF2","Acyl-CoA synthetase family member 2, mitochondrial","ACSF2","Q96CM8"
"X8330.1",125,0.156699358454391,1.02939684645025,TRUE,3861,"LRP11","Low-density lipoprotein receptor-related protein 11","LRP11","Q86VZ4"
"X4133.54",125,0.156158592040902,1.08971376504678,TRUE,3862,"GZMB","Granzyme B","Granzyme B","P10144"
"X20221.26",119,0.156002051252831,0.99215645705037,TRUE,3863,"PDE4C","cAMP-specific 3',5'-cyclic phosphodiesterase 4C","PDE4C","Q08493"
"X8749.194",125,0.154849691517341,0.995312602834053,TRUE,3864,"CD1D","Antigen-presenting glycoprotein CD1d","CD1D","P15813"
"X24697.48",119,0.154769875073005,0.993200155619708,TRUE,3865,"HNRNPA0","Heterogeneous nuclear ribonucleoprotein A0","ROA0","Q13151"
"X23242.2",123,0.154609453354015,0.995736899559027,TRUE,3866,"SSNA1","Sjoegren syndrome nuclear autoantigen 1","SSNA1","O43805"
"X22841.16",124,0.15354859828086,0.884890749981882,TRUE,3867,"ZNF696","Zinc finger protein 696","ZN696","Q9H7X3"
"X23278.13",125,0.152963154143008,1.00595014290889,TRUE,3868,"MRPL12","39S ribosomal protein L12, mitochondrial","39S ribosomal protein L12","P52815"
"X3360.50",121,0.152945879021304,1.10170310233178,TRUE,3869,"CHEK2","Serine/threonine-protein kinase Chk2","Chk2","O96017"
"X3646.7",124,0.152932659773697,1.05746396526265,TRUE,3870,"TEC","Tyrosine-protein kinase Tec","TEC","P42680"
"X8854.59",124,0.152092762673348,0.929658485453716,TRUE,3871,"RRM2B","Ribonucleoside-diphosphate reductase subunit M2 B","RIR2B","Q7LG56"
"X4564.2",124,0.150814883826334,0.99450565436077,TRUE,3872,"PLXNC1","Plexin-C1","PLXC1","O60486"
"X12751.26",122,0.150535715466016,1.00692410966666,TRUE,3873,"ZHX1","Zinc fingers and homeoboxes protein 1","ZHX1","Q9UKY1"
"X7076.17",124,0.149571156539666,1.00705007983176,TRUE,3874,"ECEL1","Endothelin-converting enzyme-like 1","ECEL1","O95672"
"X21107.5",121,0.149417188616801,0.985256607612606,TRUE,3875,"NDUFAF1","Complex I intermediate-associated protein 30, mitochondrial","CIA30","Q9Y375"
"X4594.22",119,0.14866794631188,0.925128413065677,TRUE,3876,"ADCYAP1","Pituitary adenylate cyclase-activating polypeptide 38","PACAP-38","P18509"
"X18400.52",120,0.148182490649386,0.961684182075938,TRUE,3877,"ALKBH2","DNA oxidative demethylase ALKBH2","ALKB2","Q6NS38"
"X10713.151",124,0.147053176589081,1.12896894249123,TRUE,3878,"CD300LB","CMRF35-like molecule 7","CLM7","A8K4G0"
"X22013.6",125,0.146934837647175,1.0133171339854,TRUE,3879,"RASSF2","Ras association domain-containing protein 2","RASF2","P50749"
"X6929.10",122,0.146672835732108,1.04864459539245,TRUE,3880,"ST8SIA3","Sia-alpha-2,3-Gal-beta-1,4-GlcNAc-R:alpha 2,8-sialyltransferase","SIA8C","O43173"
"X21688.50",125,0.146000786569329,1.03428730371386,TRUE,3881,"ITGA4|ITGB1","Very Late Antigen-4","VLA-4","P13612|P05556"
"X22505.24",124,0.144144909746156,1.0438214434133,TRUE,3882,"NADK2","NAD kinase 2, mitochondrial","NAKD2","Q4G0N4"
"X19275.68",124,0.143679083455298,0.832258380620345,TRUE,3883,"IDH3G","Isocitrate dehydrogenase [NAD] subunit gamma, mitochondrial","IDH3G","P51553"
"X14603.51",125,0.143567337708625,1.01902829859977,TRUE,3884,"KIAA0040","Uncharacterized protein KIAA0040","KIAA0040","Q15053"
"X4970.55",123,0.143474475152375,0.983268976067512,TRUE,3885,"CA2","Carbonic anhydrase 2","carbonic anhydrase II","P00918"
"X22065.32",123,0.141480592856314,1.00568076955897,TRUE,3886,"IRF8","Interferon regulatory factor 8","IRF8","Q02556"
"X21286.29",125,0.139192045817663,1.02596140979513,TRUE,3887,"RPL11","60S ribosomal protein L11","RL11","P62913"
"X8864.59",122,0.138763855565029,1.0847686845871,TRUE,3888,"CENPW","Centromere protein W","CENPW","Q5EE01"
"X9837.60",125,0.138116658063565,1.09840338253073,TRUE,3889,"NQO1","NAD(P)H dehydrogenase [quinone] 1","NAD(P)H dehydrogenase","P15559"
"X4294.16",125,0.137704938180567,0.98173165091432,TRUE,3890,"SPHK1","Sphingosine kinase 1","Sphingosine kinase 1","Q9NYA1"
"X16060.99",125,0.13729936337045,0.957308949414178,TRUE,3891,"NID2","Nidogen-2","NID2","Q14112"
"X4355.13",125,0.136119509377381,1.00386644717193,TRUE,3892,"DAPK2","Death-associated protein kinase 2","DAPK2","Q9UIK4"
"X23403.64",124,0.135272603662413,1.02530785037784,TRUE,3893,"CDC42EP4","Cdc42 effector protein 4","BORG4","Q9H3Q1"
"X9906.21",125,0.13512400757073,0.990369811034805,TRUE,3894,"SPOCK3","Testican-3","TICN3","Q9BQ16"
"X8263.64",123,0.134618981585991,1.0454592280163,TRUE,3895,"TYMSOS","TYMS opposite strand protein","CR056","Q8TAI1"
"X25964.12",125,0.13436816360642,1.03799318005549,TRUE,3896,"C1QTNF4","Complement C1q tumor necrosis factor-related protein 4","C1QT4","Q9BXJ3"
"X12368.18",123,0.134297360749207,1.10375851794023,TRUE,3897,"KAT2B","Histone acetyltransferase KAT2B","PCAF","Q92831"
"X9893.27",123,0.133955522303346,0.963074597877586,TRUE,3898,"OAZ1","Ornithine decarboxylase antizyme 1","Ornithine decarboxylase antizyme","P54368"
"X14035.13",124,0.133934501046535,0.910424258315366,TRUE,3899,"TIAM1","T-lymphoma invasion and metastasis-inducing protein 1","TIAM1","Q13009"
"X2715.25",125,0.133698350662439,1.12000197240493,TRUE,3900,"EPOR","Erythropoietin receptor","EPO-R","P19235"
"X11145.72",125,0.133513998476022,1.06561626132064,TRUE,3901,"KIAA1549L","UPF0606 protein KIAA1549L","K154L","Q6ZVL6"
"X8037.53",123,0.133502315441869,1.04170405623346,TRUE,3902,"DNAJB14","DnaJ homolog subfamily B member 14:Lumenal domain","DJB14:LD","Q8TBM8"
"X6528.95",124,0.133455244761848,1.00912856932163,TRUE,3903,"EXTL2","Exostosin-like 2","EXTL2","Q9UBQ6"
"X15389.1",122,0.132917144490675,1.06216937403432,TRUE,3904,"FXN","Frataxin, mitochondrial","FRDA","Q16595"
"X9957.9",123,0.132661913192664,1.03558756508613,TRUE,3905,"RNF114","E3 ubiquitin-protein ligase RNF114","RN114","Q9Y508"
"X21711.86",125,0.131449253988152,0.984414146468046,TRUE,3906,"ADGRB1","Brain-specific angiogenesis inhibitor 1","BAI1","O14514"
"X8021.59",118,0.131157660207827,1.00993736397014,TRUE,3907,"MRPL14","39S ribosomal protein L14, mitochondrial","RM14","Q6P1L8"
"X20460.22",124,0.129795980032356,1.05670105218809,TRUE,3908,"IFT20","Intraflagellar transport protein 20 homolog","IFT20","Q8IY31"
"X24011.27",124,0.129556771184147,1.0646854107701,TRUE,3909,"VSIG10L","V-set and immunoglobulin domain-containing protein 10-like","VS10L","Q86VR7"
"X2599.51",123,0.128617912921774,1.0864574335668,TRUE,3910,"TNFSF9","Tumor necrosis factor ligand superfamily member 9","4-1BB ligand","P41273"
"X3148.49",125,0.128118624486886,1.05351676227696,TRUE,3911,"CXCL2","Gro-beta","Gro-b","P19875"
"X21319.196",124,0.127706050095369,1.05425835384746,TRUE,3912,"MRM1","rRNA methyltransferase 1, mitochondrial","MRM1","Q6IN84"
"X24253.5",123,0.127669798025728,1.02328191590108,TRUE,3913,"GSPT2","Eukaryotic peptide chain release factor GTP-binding subunit ERF3B","ERF3B","Q8IYD1"
"X22564.5",120,0.126953477711253,1.08342436123888,TRUE,3914,"LDLRAD3","Low-density lipoprotein receptor class A domain-containing protein 3","LRAD3","Q86YD5"
"X14106.46",125,0.126293537841359,1.12287075163365,TRUE,3915,"RAP1GDS1","Rap1 GTPase-GDP dissociation stimulator 1","GDP/GTP exchange protein","P52306"
"X12669.30",125,0.125488533294005,1.08168827099464,TRUE,3916,"HECW1","E3 ubiquitin-protein ligase HECW1","HECW1","Q76N89"
"X10398.110",125,0.124474596268712,0.857959068435238,TRUE,3917,"ANKRD1","Ankyrin repeat domain-containing protein 1","ANKR1","Q15327"
"X5602.62",124,0.124048672705641,1.03079118055355,TRUE,3918,"RNASE10","Inactive ribonuclease-like protein 10","RNS10","Q5GAN6"
"X2631.50",121,0.123722934337823,0.949310046358817,TRUE,3919,"IL10RB","Interleukin-10 receptor subunit beta","IL-10 Rb","Q08334"
"X6936.7",124,0.123629668098768,1.01631161128208,TRUE,3920,"PMEPA1","Protein TMEPAI","PMEPA","Q969W9"
"X5102.55",122,0.122702306121235,1.03581001181031,TRUE,3921,"MICB","MHC class I polypeptide-related sequence B","MICB","Q29980"
"X10832.24",125,0.122655654696065,1.08820210943816,TRUE,3922,"B4GALT6","Beta-1,4-galactosyltransferase 6","B4GT6","Q9UBX8"
"X3633.70",122,0.12147210067815,0.994508779234395,TRUE,3923,"NID2","Nidogen-2","NID2","Q14112"
"X21739.7",125,0.119810485952363,1.09142613279793,TRUE,3924,"GNE","Bifunctional UDP-N-acetylglucosamine 2-epimerase/N-acetylmannosamine kinase","GLCNE","Q9Y223"
"X18381.16",119,0.118944174584408,1.06397609988056,TRUE,3925,"ALDH2","Aldehyde dehydrogenase, mitochondrial","ALDH-E2","P05091"
"X18422.41",124,0.118018091742888,1.13144226781511,TRUE,3926,"MVD","Diphosphomevalonate decarboxylase","ERG19","P53602"
"X12398.15",124,0.117885897379404,0.960931280044149,TRUE,3927,"PAX4","Paired box protein Pax-4","PAX4","O43316"
"X4548.4",123,0.117737165781437,0.958399546171752,TRUE,3928,"FUT3","Galactoside 3(4)-L-fucosyltransferase","Fucosyltransferase 3","P21217"
"X10848.137",124,0.117048666410671,1.02185325627452,TRUE,3929,"BTNL3","Butyrophilin-like protein 3","BTNL3","Q6UXE8"
"X7189.55",123,0.116369816407547,1.10619797702599,TRUE,3930,"CHST3","Carbohydrate sulfotransferase 3","CHST3","Q7LGC8"
"X5936.53",125,0.115404468696999,1.02887255660194,TRUE,3931,"TNF","Tumor necrosis factor","TNF-a","P01375"
"X8985.13",125,0.113978811788708,0.965373113731776,TRUE,3932,"SERAC1","Protein SERAC1","SRAC1","Q96JX3"
"X12846.3",124,0.113337425050753,1.07751249932479,TRUE,3933,"FBXL5","F-box/LRR-repeat protein 5","FBXL5","Q9UKA1"
"X3799.11",121,0.112798815746239,0.853556156280739,TRUE,3934,"CA3","Carbonic anhydrase 3","Carbonic anhydrase III","P07451"
"X25292.6",124,0.112447043567485,1.0138285282737,TRUE,3935,"CES3","Carboxylesterase 3","EST3","Q6UWW8"
"X19640.2",121,0.111578576533913,1.04305053484696,TRUE,3936,"PTH","Parathyroid Hormone1-34","Parathyroid Hormone1-34","P01270"
"X20535.68",123,0.110706926076062,0.963402449206584,TRUE,3937,"IL17RE","Interleukin-17 receptor E","I17RE","Q8NFR9"
"X12356.65",122,0.110652839192824,1.08932874566463,TRUE,3938,"SRI","Sorcin","Sorcin","P30626"
"X24289.1",122,0.110286365814564,1.11411391421252,TRUE,3939,"LSMEM1","Coiled-coil domain-containing transmembrane protein C7orf53","CG053","Q8N8F7"
"X11126.102",124,0.109733911631215,1.03308316866239,TRUE,3940,"TRIO","Triple functional domain protein","TRIO","O75962"
"X25287.7",125,0.108933706953764,1.11613070501032,TRUE,3941,"EIF4G1","Eukaryotic translation initiation factor 4 gamma 1","IF4G1","Q04637"
"X16605.2",125,0.108485116633483,1.00446258649238,TRUE,3942,"C1QTNF9","Complement C1q and tumor necrosis factor-related protein 9A","C1T9A","P0C862"
"X6247.9",125,0.10725610205737,0.847360245800354,TRUE,3943,"SIRPB1","Signal-regulatory protein beta-1","SIRB1","O00241"
"X10546.2",123,0.107049911477028,1.06208690651,TRUE,3944,"TSPEAR","Thrombospondin-type laminin G domain and EAR repeat-containing protein","TSEAR","Q8WU66"
"X13745.10",125,0.106106973428705,1.04124922941395,TRUE,3945,"PKD2","Polycystin-2:Cytoplasmic domain 4","PKD2:CD 4","Q13563"
"X13926.1",124,0.105321137878721,0.838654010950715,TRUE,3946,"RMI1","RecQ-mediated genome instability protein 1","RMI1","Q9H9A7"
"X11215.6",122,0.103838247638688,1.06687168848674,TRUE,3947,"CDH15","Cadherin-15:Cytoplasmic domain","CAD15:CD","P55291"
"X12716.3",123,0.10286757307603,1.07512823484549,TRUE,3948,"ZNF175","Zinc finger protein 175","ZN175","Q9Y473"
"X20539.4",125,0.102290883169874,1.09874718819908,TRUE,3949,"DEFA3","Neutrophil defensin 3","HNP-3","P59666"
"X10618.190",124,0.0992527870978301,1.13159862840651,TRUE,3950,"LRP2","Low-density lipoprotein receptor-related protein 2","megalin","P98164"
"X25126.19",124,0.0984470309775458,0.96061936021925,TRUE,3951,"HECW2","E3 ubiquitin-protein ligase HECW2","HECW2","Q9P2P5"
"X12763.69",124,0.0983840812806486,1.06663755076797,TRUE,3952,"ZNF334","Zinc finger protein 334","ZN334","Q9HCZ1"
"X11363.58",124,0.0971524973482691,1.07530722134373,TRUE,3953,"AQP4","Aquaporin-4","AQP4","P55087"
"X3331.8",125,0.096188825799474,1.08783981024492,TRUE,3954,"RGMB","RGM domain family member B","RGMB","Q6NW40"
"X21713.11",123,0.0960372539408168,0.916993544003911,TRUE,3955,"RELN","Reelin","RELN","P78509"
"X2878.66",124,0.095050595659632,0.933026905204291,TRUE,3956,"YES1","Tyrosine-protein kinase Yes","YES","P07947"
"X18257.64",121,0.0949438697045453,1.04203734100752,TRUE,3957,"SRP19","Signal recognition particle 19 kDa protein","SRP19","P09132"
"X22490.16",123,0.0939568962459165,1.13572688338768,TRUE,3958,"LCNL1","Lipocalin-like 1 protein","LCNL1","Q6ZST4"
"X20540.65",125,0.0938536981048595,1.14625869025901,TRUE,3959,"SEMA4G","Semaphorin-4G","SEM4G","Q9NTN9"
"X21512.6",120,0.0932598941475544,1.10862510271182,TRUE,3960,"EDEM2","ER degradation-enhancing alpha-mannosidase-like 2","EDEM2","Q9BV94"
"X6653.58",125,0.0917152127424231,1.07549729407753,TRUE,3961,"CD47","Leukocyte surface antigen CD47","CD47","Q08722"
"X20932.10",124,0.0914058196811608,0.920660770174182,TRUE,3962,"CCDC69","Coiled-coil domain-containing protein 69","CCD69","A6NI79"
"X8980.19",124,0.091044146622434,1.07476013437189,TRUE,3963,"CD200R1L","Cell surface glycoprotein CD200 receptor 2","MO2R2","Q6Q8B3"
"X12815.9",124,0.0904964842594283,1.0739285990287,TRUE,3964,"IARS1","Isoleucine--tRNA ligase, cytoplasmic","SYIC","P41252"
"X25452.16",125,0.0904493277290269,1.08650906457017,TRUE,3965,"MSANTD2","Myb/SANT-like DNA-binding domain-containing protein 2","MSD2","Q6P1R3"
"X12827.37",125,0.0903510065629378,1.08577548998134,TRUE,3966,"RGS3","Regulator of G-protein signaling 3","RGS3","P49796"
"X6119.14",125,0.0888516087800801,1.16897560740668,TRUE,3967,"MAMDC2","MAM domain-containing protein 2","MAMC2","Q7Z304"
"X19291.2",123,0.0886065335870231,0.95656715482586,TRUE,3968,"CASQ2","Calsequestrin-2","CASQ2","O14958"
"X4792.51",122,0.0871752163021422,0.957833929713858,TRUE,3969,"env","gp41 C34 peptide, HIV","C34 gp41 HIV Fragment","Q70626"
"X5624.66",123,0.0869073072569488,1.12941402216939,TRUE,3970,"FOLR3","Folate receptor gamma","FOLR3","P41439"
"X20189.4",123,0.0864646621002799,1.04060335618534,TRUE,3971,"ITGAV|ITGB6","Integrin alpha V beta 6","Integrin aVb6","P06756|P18564"
"X8697.38",125,0.0854595285500086,1.15885112587534,TRUE,3972,"GPC1","Glypican-1","Glypican 1","P35052"
"X13229.20",124,0.0840441403274643,1.09958259689624,TRUE,3973,"MDM4","Protein Mdm4","MDM4","O15151"
"X9800.20",125,0.0835484108841531,1.11594567140429,TRUE,3974,"NDUFB8","NADH dehydrogenase [ubiquinone] 1 beta subcomplex subunit 8, mitochondrial","NDUB8","O95169"
"X9981.18",125,0.0829339035960967,1.05639965065757,TRUE,3975,"FAM234B","Protein FAM234B:C-term","K1467:C-term","A2RU67"
"X21231.3",122,0.0815010658162169,1.03862682347548,TRUE,3976,"CHRNA5","Neuronal acetylcholine receptor subunit alpha-5","ACHA5","P30532"
"X13517.3",124,0.0813624832396432,1.02880170984925,TRUE,3977,"PTCHD3","Patched domain-containing protein 3","PTHD3","Q3KNS1"
"X9333.59",125,0.0804697293709904,0.97160436560194,TRUE,3978,"ERP27","Endoplasmic reticulum resident protein 27","ERP27","Q96DN0"
"X8106.15",124,0.0799364210062477,1.1464718077633,TRUE,3979,"SSR1","Translocon-associated protein subunit alpha","SSRA","P43307"
"X10621.26",122,0.0797128750173504,1.0991747637611,TRUE,3980,"PRR16","Protein Largen","PRR16","Q569H4"
"X19752.197",125,0.0796954501880392,1.11786889460746,TRUE,3981,"METAP1D","Methionine aminopeptidase 1D, mitochondrial","AMP1D","Q6UB28"
"X20181.17",122,0.079372213611292,1.02341167407047,TRUE,3982,"ITGA11","Integrin alpha-11","ITA11","Q9UKX5"
"X13089.6",124,0.0778339077475095,0.940972859859316,TRUE,3983,"HIF1A","Hypoxia-inducible factor 1-alpha","HIF-1a","Q16665"
"X10842.7",122,0.0776236995518659,1.08611753609066,TRUE,3984,"GCNT4","Beta-1,3-galactosyl-O-glycosyl-glycoprotein beta-1,6-N-acetylglucosaminyltransferase 4","GCNT4","Q9P109"
"X17172.19",122,0.0774787994157033,1.13223885668068,TRUE,3985,"STATH","Statherin","STAT","P02808"
"X11190.129",121,0.0772884019972494,1.05787458163898,TRUE,3986,"YME1L1","ATP-dependent zinc metalloprotease YME1L1","YMEL1","Q96TA2"
"X7822.11",123,0.0759233639374502,0.92106052499153,TRUE,3987,"PLAAT2","HRAS-like suppressor 2","HRSL2","Q9NWW9"
"X8807.13",124,0.0757628692381537,0.98191150797327,TRUE,3988,"SNX1","Sorting nexin-1","SNX1","Q13596"
"X12799.65",125,0.0752034019123467,0.986846482241654,TRUE,3989,"DNAJC27","DnaJ homolog subfamily C member 27","DJC27","Q9NZQ0"
"X6255.74",125,0.0739067915345476,1.04157253909347,TRUE,3990,"CPXM1","Probable carboxypeptidase X1","CPXM1","Q96SM3"
"X25283.2",124,0.07342114788411,1.02682310120005,TRUE,3991,"CTNNA3","Catenin alpha-3","CTNA3","Q9UI47"
"X7890.68",125,0.0732492687363272,1.11017074189478,TRUE,3992,"DPP10","Inactive dipeptidyl peptidase 10","DPP10","Q8N608"
"X23273.42",124,0.0721214677351329,0.977005570339637,TRUE,3993,"C22orf23","UPF0193 protein EVG1","EVG1","Q9BZE7"
"X13654.1",122,0.0713568104906937,1.10991828384672,TRUE,3994,"ROCK2","Rho-associated protein kinase 2","ROCK2","O75116"
"X11325.8",123,0.0708022535465624,0.942200820786156,TRUE,3995,"BTG2","Protein BTG2","BTG2","P78543"
"X3821.28",125,0.0699186392350613,0.980342545675561,TRUE,3996,"MAPKAPK5","MAP kinase-activated protein kinase 5","MAPK5","Q8IW41"
"X15452.5",125,0.0697097067571221,1.04395800518086,TRUE,3997,"NT5E","5'-Nucleotidase","5'-Nucleotidase","P21589"
"X11669.39",125,0.0693778728215717,1.09070976784077,TRUE,3998,"SLCO5A1","Solute carrier organic anion transporter family member 5A1","SO5A1","Q9H2Y9"
"X8074.32",113,0.0689042776634018,1.14745829461703,TRUE,3999,"TMEM70","Transmembrane protein 70, mitochondrial","TMM70","Q9BUB7"
"X9767.22",124,0.0683537132335584,0.964956361735509,TRUE,4000,"RIPPLY1","Protein ripply1","RIPP1","Q0D2K3"
"X6463.59",123,0.0683509034444727,1.09494212588889,TRUE,4001,"QRFP","Orexigenic neuropeptide QRFP","OX26","P83859"
"X8891.7",122,0.0680595397041522,1.12057918543216,TRUE,4002,"CPVL","Probable serine carboxypeptidase CPVL","CPVL","Q9H3G5"
"X3204.2",125,0.0680259567878475,0.978405822118523,TRUE,4003,"LTA4H","Leukotriene A-4 hydrolase","LKHA4","P09960"
"X23767.1",125,0.0678538947471917,1.11076599137659,TRUE,4004,"C11orf49","UPF0705 protein C11orf49","CK049","Q9H6J7"
"X9984.12",125,0.0668829732320625,1.110136542705,TRUE,4005,"YIPF6","Protein YIPF6","YIPF6","Q96EC8"
"X12879.5",123,0.0655104357472717,1.08423783487713,TRUE,4006,"RBL1","Retinoblastoma-like protein 1","p107","P28749"
"X11827.7",123,0.0626209334124507,1.12208424856954,TRUE,4007,"RORC","Nuclear receptor ROR-gamma","RORG","P51449"
"X6354.13",125,0.0619853501462527,0.951930077304093,TRUE,4008,"HEPHL1","Hephaestin-like protein 1","HPHL1","Q6MZM0"
"X25428.103",125,0.0615060344615687,1.03320051894243,TRUE,4009,"IFRD1","Interferon-related developmental regulator 1","IFRD1","O00458"
"X12657.2",122,0.0614934646462977,0.933665519062881,TRUE,4010,"TSTA3","GDP-L-fucose synthase","FCL","Q13630"
"X5632.6",124,0.0613600239208095,0.973377641431674,TRUE,4011,"CRTAC1","Cartilage acidic protein 1","CRAC1","Q9NQ79"
"X21771.47",125,0.0608730919548706,0.892552838787723,TRUE,4012,"MGAT3","Beta-1,4-mannosyl-glycoprotein 4-beta-N-acetylglucosaminyltransferase","MGAT3","Q09327"
"X22800.24",125,0.0597915591278913,1.1735610278976,TRUE,4013,"TCAP","Telethonin","TELT","O15273"
"X10636.1",125,0.059625642160116,1.09363799593954,TRUE,4014,"CD200R1","Cell surface glycoprotein CD200 receptor 1:Isoform 4, Cytoplasmic Domain","MO2R1:CD","Q8TD46"
"X24261.202",125,0.0590971658923875,1.13811161660638,TRUE,4015,"DAPK3","Death-associated protein kinase 3","DAPK3","O43293"
"X4697.59",124,0.057916686338385,1.09719157888865,TRUE,4016,"CSF2","Granulocyte-macrophage colony-stimulating factor","GM-CSF","P04141"
"X9224.20",125,0.0573642553400683,1.13838701029781,TRUE,4017,"PRLR","Prolactin receptor","Prolactin Receptor","P16471"
"X23334.21",121,0.0564921801164599,1.08925907482319,TRUE,4018,"LCE3C","Late cornified envelope protein 3C","LCE3C","Q5T5A8"
"X7740.33",125,0.0563195929503724,1.12853594192308,TRUE,4019,"FATE1","Fetal and adult testis-expressed transcript protein","FATE1","Q969F0"
"X7155.46",123,0.0561673831230187,1.1459299437887,TRUE,4020,"C4BPB","C4b-binding protein beta chain","C4b-binding protein beta chain","P20851"
"X11150.3",125,0.0560614998893887,1.10685167358165,TRUE,4021,"COL6A1","Collagen alpha-1(VI) chain","Collagen a1(VI)","P12109"
"X19249.18",125,0.0556743602979131,0.964624613136985,TRUE,4022,"KARS1","Lysine--tRNA ligase","SYK","Q15046"
"X3447.64",123,0.0551744821647978,1.06723468390424,TRUE,4023,"CXCL8","Interleukin-8","IL-8","P10145"
"X11147.17",124,0.0550398942448421,1.09142253291756,TRUE,4024,"TREML1","Trem-like transcript 1 protein:immunoreceptor tyrosine-based inhibition motif","TRML1:ITIM","Q86YW5"
"X11273.176",124,0.0548632902866387,1.03248416237391,TRUE,4025,"GSTT2B","Glutathione S-transferase theta-2B","GSTT2","P0CG30"
"X15492.1",125,0.0547648895115896,1.06839681804727,TRUE,4026,"CRIM1","Cysteine-rich motor neuron 1 protein:Extracellular domain","CRIM1:ECD","Q9NZV1"
"X6507.16",125,0.0547648895115896,1.03709288200639,TRUE,4027,"NCAM2","Neural cell adhesion molecule 2","NCAM2","O15394"
"X13103.125",123,0.0536390930404301,1.22913116872347,TRUE,4028,"CSH1|CSH2","Chorionic somatomammotropin hormone","CSH","P0DML2|P0DML3"
"X21380.77",124,0.0531639991816565,1.05147189393417,TRUE,4029,"QTRT1","Queuine tRNA-ribosyltransferase","TGT","Q9BXR0"
"X19153.53",125,0.0530319789592705,1.21029275278151,TRUE,4030,"MPPED2","Metallophosphoesterase MPPED2","MPPD2","Q15777"
"X23602.35",123,0.0525623288797732,1.11070253392834,TRUE,4031,"NAPEPLD","N-acyl-phosphatidylethanolamine-hydrolyzing phospholipase D","NAPEP","Q6IQ20"
"X13665.35",125,0.0520856377356636,0.90220516855348,TRUE,4032,"PPP2R3A","Serine/threonine-protein phosphatase 2A regulatory subunit B'' subunit alpha","PP2A, subunit B","Q06190"
"X21521.17",123,0.0518175485668584,1.2377269068501,TRUE,4033,"TPH1","Tryptophan 5-hydroxylase 1","TPH1","P17752"
"X3519.3",125,0.0517599488729936,1.01640668951669,TRUE,4034,"CCL17","C-C motif chemokine 17","TARC","Q92583"
"X14245.195",125,0.0512621979696679,0.994882239904817,TRUE,4035,"SNX7","Sorting nexin-7","SNX7","Q9UNH6"
"X8800.14",125,0.0505247892240002,1.09348675742097,TRUE,4036,"TTC17","Tetratricopeptide repeat protein 17:Tetratricopeptide repeat 3","TTC17:TPR3","Q96AE7"
"X21815.7",124,0.0498654454463906,1.14369466755391,TRUE,4037,"MOB3B","MOB kinase activator 3B","MOB3B","Q86TA1"
"X18896.23",125,0.0497136396037657,1.15086857821206,TRUE,4038,"HS6ST3","Heparan-sulfate 6-O-sulfotransferase 3","H6ST3","Q8IZP7"
"X3847.56",122,0.0494241287572087,0.992646047830163,TRUE,4039,"ETHE1","Persulfide dioxygenase ETHE1, mitochondrial","ETHE1","O95571"
"X21660.4",125,0.048552220829339,1.03519807592918,TRUE,4040,"SAR1B","GTP-binding protein SAR1b","SAR1B","Q9Y6B6"
"X21645.6",125,0.0482572573310719,1.10278425862611,TRUE,4041,"SNIP1","Smad nuclear-interacting protein 1","SNIP1","Q8TAD8"
"X21438.45",125,0.0482203868937886,1.03951036213126,TRUE,4042,"TRIM5","Tripartite motif-containing protein 5","TRIM5","Q9C035"
"X7266.4",122,0.0479964307549945,1.08829171289072,TRUE,4043,"SERPINA9","Serpin A9","SPA9","Q86WD7"
"X8817.29",123,0.0439617140940636,1.07760873521772,TRUE,4044,"CENPV","Centromere protein V","CENPV","Q7Z7K6"
"X23210.4",124,0.0408228784378403,0.969747305549974,TRUE,4045,"ETV2","ETS translocation variant 2","ETV2","O00321"
"X11816.84",124,0.0397967983784158,1.12847154949294,TRUE,4046,"JAK2","Tyrosine-protein kinase JAK2","JAK2","O60674"
"X18158.45",125,0.038621783054347,1.12509385458536,TRUE,4047,"CASP8","Caspase-8","Caspase-8","Q14790"
"X20964.13",121,0.0385358021178431,1.17976572531417,TRUE,4048,"RPS14","40S ribosomal protein S14","RS14","P62263"
"X7116.31",123,0.0382983114688544,1.18543897905417,TRUE,4049,"OSCAR","Osteoclast-associated immunoglobulin-like receptor","OSCAR","Q8IYS5"
"X3879.50",124,0.0359032466203988,1.10569094645937,TRUE,4050,"CDC37","Hsp90 co-chaperone Cdc37","CDC37","Q16543"
"X8060.7",125,0.0353403141361257,1.11912710085394,TRUE,4051,"NRG2","Pro-neuregulin-2, membrane-bound isoform","NRG2","O14511"
"X20068.61",122,0.0343637841803652,1.1220638480741,TRUE,4052,"GAGE12F","G antigen 12F","GG12F","P0CL80"
"X21435.143",120,0.0332212760637337,1.13655318004104,TRUE,4053,"SRPK2","Serine/threonine-protein kinase SRPK2","SRPK2","P78362"
"X15468.14",123,0.0329935406058222,1.1109611841846,TRUE,4054,"CFHR1","Complement factor H-related protein 1","FHR1","Q03591"
"X11429.80",123,0.0316522030771811,1.05919242894507,TRUE,4055,"HNRNPC","Heterogeneous nuclear ribonucleoproteins C1/C2","hnRNP C1/C2","P07910"
"X24902.84",124,0.0284217881490901,1.08474396570341,TRUE,4056,"GPHN","Gephyrin","GEPH","Q9NQX3"
"X9772.153",125,0.0275176363591672,1.09763671909351,TRUE,4057,"NLGN2","Neuroligin-2:Extracellular domain","NLGN2:ECD","Q8NFZ4"
"X11134.30",124,0.0273484097382875,0.941529265328408,TRUE,4058,"MTRF1L","Peptide chain release factor 1-like, mitochondrial","RF1ML","Q9UGC7"
"X8528.74",125,0.0271612221320945,1.01321771773795,TRUE,4059,"ISLR2","Immunoglobulin superfamily containing leucine-rich repeat protein 2","ISLR2","Q6UXK2"
"X11354.21",125,0.0269399995083942,0.967577979197504,TRUE,4060,"PLCB1","1-phosphatidylinositol 4,5-bisphosphate phosphodiesterase beta-1","Phospholipase C-beta-1","Q9NQ66"
"X3322.52",124,0.0260863543942036,1.01255776183798,TRUE,4061,"LRIG3","Leucine-rich repeats and immunoglobulin-like domains protein 3","LRIG3","Q6UXM1"
"X22367.17",124,0.0260390601639834,1.0164191173617,TRUE,4062,"C11orf49","UPF0705 protein C11orf49","CK049","Q9H6J7"
"X12507.16",124,0.0258187369183073,1.10474597058083,TRUE,4063,"ITPKC","Inositol-trisphosphate 3-kinase C","IP3KC","Q96DU7"
"X7878.2",125,0.0258154511712509,1.09705260618417,TRUE,4064,"SEC61B","Protein transport protein Sec61 subunit beta","SC61B","P60468"
"X6990.44",123,0.0250248313403764,1.12268360689214,TRUE,4065,"SDF2L1","Stromal cell-derived factor 2-like protein 1","SDF2L","Q9HCN8"
"X4359.87",125,0.0249735761866136,1.08561889751363,TRUE,4066,"DYRK3","Dual specificity tyrosine-phosphorylation-regulated kinase 3","DYRK3","O43781"
"X18313.4",121,0.0241932752044335,0.938719282148267,TRUE,4067,"ASRGL1","Isoaspartyl peptidase/L-asparaginase","Asparaginase-like protein 1","Q7L266"
"X6219.14",124,0.0241852735479079,0.941744009237033,TRUE,4068,"PDZD11","PDZ domain-containing protein 11","PDZ11","Q5EBL8"
"X24670.1",124,0.0241316903514156,1.09808021596239,TRUE,4069,"PIH1D1","PIH1 domain-containing protein 1","PIHD1","Q9NWS0"
"X12581.39",124,0.0240182300600849,1.07576594576228,TRUE,4070,"IMPA2","Inositol monophosphatase 2","IMPA2","O14732"
"X6571.75",124,0.0233858123973133,1.15733669527114,TRUE,4071,"C17orf78","Uncharacterized protein C17orf78:N-term","CQ078:N-term","Q8N4C9"
"X14124.6",125,0.0230194430105941,1.162896851362,TRUE,4072,"EFNA2","Ephrin-A2","Ephrin-A2","O43921"
"X21833.6",124,0.0227593912783469,1.05062178807591,TRUE,4073,"SIRT6","silent mating type information regulation 2 homolog","sirtuin","Q8N6T7"
"X7792.58",125,0.0227367696580881,1.14094160774188,TRUE,4074,"CCDC90B","Coiled-coil domain-containing protein 90B, mitochondrial","CC90B","Q9GZT6"
"X7737.76",124,0.0223815533950025,1.04870403564818,TRUE,4075,"ITGB6","Integrin beta-6","ITB6","P18564"
"X24431.32",125,0.0220976820785095,0.967889180158104,TRUE,4076,"CMTR1","Cap-specific mRNA (nucleoside-2'-O-)-methyltransferase 1","CMTR1","Q8N1G2"
"X7050.5",125,0.0206044293685323,1.11051811436977,TRUE,4077,"NEGR1","Neuronal growth regulator 1","NEGR1","Q7Z3B1"
"X6256.9",125,0.0196396529262837,1.05950143702546,TRUE,4078,"LY6G6C","Lymphocyte antigen 6 complex locus protein G6c","LY66C","O95867"
"X5837.49",125,0.0189083892534965,1.11656809975623,TRUE,4079,"LIFR","Leukemia inhibitory factor receptor","LIF sR","P42702"
"X15602.43",124,0.0179469585853944,1.02296613743875,TRUE,4080,"IL6R","Interleukin-6 receptor subunit alpha","IL-6 sRa","P08887"
"X20572.6",124,0.0177895843431514,1.20504364540133,TRUE,4081,"MERTK","Proto-oncogene tyrosine-protein kinase MER","MER","Q12866"
"X24221.3",124,0.017742316226807,1.12797649195864,TRUE,4082,"PPARG","Peroxisome proliferator activated receptor gamma","PPAR gamma","P37231"
"X3072.4",124,0.0172230370710765,1.18552938297329,TRUE,4083,"IL13","Interleukin-13","IL-13","P35225"
"X3419.49",124,0.0169113828431141,1.18304208996687,TRUE,4084,"CAMK2D","Calcium/calmodulin-dependent protein kinase type II subunit delta","CAMK2D","Q13557"
"X8255.34",124,0.016738324404968,1.04256139554009,TRUE,4085,"IRAG1","Protein MRVI1","MRVI1","Q9Y6F6"
"X5035.7",114,0.0165749884558365,1.06341866834741,TRUE,4086,"TYMS","Thymidylate synthase","TS","P04818"
"X23623.48",122,0.0150700957744245,1.20788609188046,TRUE,4087,"NUDT11","Diphosphoinositol polyphosphate phosphohydrolase 3-beta","NUD11","Q96G61"
"X24278.4",121,0.0150537925801469,1.01724142987018,TRUE,4088,"USP3","Ubiquitin carboxyl-terminal hydrolase 3","UBP3","Q9Y6I4"
"X23243.120",122,0.0148784147316796,0.957991566378383,TRUE,4089,"RPS25","40S ribosomal protein S25","RS25","P62851"
"X24462.4",124,0.0147648049352407,1.06809404742891,TRUE,4090,"CNGB1","Cyclic nucleotide-gated cation channel beta-1","CNGB1","Q14028"
"X3415.61",114,0.0145986584140769,0.920338286125595,TRUE,4091,"IBSP","Bone sialoprotein 2","BSP","P21815"
"X24268.21",125,0.0135621758474055,1.15042690744045,TRUE,4092,"GAB1","GRB2-associated-binding protein 1","GAB1","Q13480"
"X11281.6",125,0.0119828921171005,0.916411015424505,TRUE,4093,"GRB7","Growth factor receptor-bound protein 7","GRB7","Q14451"
"X2737.22",123,0.0118127376333891,1.04042989448962,TRUE,4094,"CCN3","Protein NOV homolog","NovH","P48745"
"X25500.6",125,0.0107170071037043,0.899245986014139,TRUE,4095,"RAB11FIP3","Rab11 family-interacting protein 3","RFIP3","O75154"
"X9941.70",124,0.00720457013361031,1.03121394749377,TRUE,4096,"PCDHB1","Protocadherin beta-1","PCDB1","Q9Y5F3"
"X8261.51",122,0.00719795363962642,1.00473004240703,TRUE,4097,"STOM","Erythrocyte band 7 integral membrane protein","STOM","P27105"
"X4969.2",125,0.00690091684487378,1.13688670586966,TRUE,4098,"CA1","Carbonic anhydrase 1","Carbonic anhydrase I","P00915"
"X8380.244",123,0.00681417270525559,1.19895925672139,TRUE,4099,"DLK1","Protein delta homolog 1:Cytoplasmic domain","DLK1:CD","P80370"
"X2212.69",123,0.00609820988032545,1.10021743179861,TRUE,4100,"PLAT","Tissue-type plasminogen activator","tPA","P00750"
"X23315.30",124,0.00575673166202414,1.02278954056753,TRUE,4101,"FAM9B","Protein FAM9B","FAM9B","Q8IZU0"
"X8702.42",125,0.00497750903325713,1.23002695455388,TRUE,4102,"OSCAR","Osteoclast-associated immunoglobulin-like receptor","OSCAR","Q8IYS5"
"X2911.27",117,0.00496472236897817,0.95373672178375,TRUE,4103,"MDK","Midkine","Midkine","P21741"
"X5747.67",124,0.00483134361711838,1.04764535186,TRUE,4104,"BGLAP","Osteocalcin","Osteocalcin","P02818"
"X7873.32",123,0.00466640222645757,0.938127749222244,TRUE,4105,"TSSK2","Testis-specific serine/threonine-protein kinase 2","TSSK2","Q96PF2"
"X20110.25",125,0.00373005923850257,1.11895740532392,TRUE,4106,"JPT2","Hematological and neurological expressed 1-like protein","HN1L","Q9H910"
"X13625.19",124,0.00361960757158954,1.14781772933318,TRUE,4107,"SSB","Lupus La protein:HTH La-type RNA-binding domain","LA:HTH","P05455"
"X24962.7",124,0.00279181027021072,1.01623178974484,TRUE,4108,"SH3KBP1","SH3 domain-containing kinase-binding protein 1","SH3K1","Q96B97"
"X3893.64",125,0.00226138682004769,1.1781044305733,TRUE,4109,"MSLN","Mesothelin","Mesothelin","Q13421"
"X2611.72",125,0.00193569795737777,1.08629411665832,TRUE,4110,"TYRO3","Tyrosine-protein kinase receptor TYRO3","Dtk","Q06418"
"X14309.8",124,3.14748484486047e-05,1.16637665598065,TRUE,4111,"HNRNPH1","Heterogeneous nuclear ribonucleoprotein H","HNRH1","P31943"
"X22540.129",124,6.29496968972094e-06,1.19876911200978,TRUE,4112,"PSMB7","Proteasome subunit beta type 7","PSB7","Q99436"
"X11530.37",117,-0.00056954009637218,1.13778554483898,TRUE,4113,"HMBS","Porphobilinogen deaminase","HEM3","P08397"
"X11193.27",123,-0.00134477520969786,1.00293485360524,TRUE,4114,"HNF1A","Hepatocyte nuclear factor 1-alpha","HNF1A","P20823"
"X3350.53",123,-0.00152536852323043,1.09291417987049,TRUE,4115,"CAMK2A","Calcium/calmodulin-dependent protein kinase type II subunit alpha","CAMK2A","Q9UQM7"
"X9022.49",123,-0.00165758328227289,1.08846241235438,TRUE,4116,"DEFB132","Beta-defensin 132","DB132","Q7Z7B7"
"X11081.1",122,-0.00338747789877225,0.9771443742262,TRUE,4117,"GPD1","Glycerol-3-phosphate dehydrogenase [NAD(+)], cytoplasmic","GPDA","P21695"
"X18188.12",122,-0.00371132930363829,0.945007519886102,TRUE,4118,"GATM","Glycine amidinotransferase, mitochondrial","GATM","P50440"
"X10833.64",125,-0.0037423493842637,1.17370522228548,TRUE,4119,"HHIP","Hedgehog-interacting protein","HHIP","Q96QV1"
"X6360.7",123,-0.00384399569162899,1.18204179775341,TRUE,4120,"DEFB128","Beta-defensin 128","DB128","Q7Z7B8"
"X9182.3",124,-0.00413263459389704,1.11991045294896,TRUE,4121,"LRP1","Low-density lipoprotein receptor-related protein 1, soluble:Extracellular domain, LDL receptor class A domains 11-20","sLRP1:ECD","Q07954"
"X3032.11",125,-0.00416635941302264,1.05364774285791,TRUE,4122,"CGA|FSHB","Follicle stimulating hormone","FSH","P01215|P01225"
"X21909.2",125,-0.00591156011110292,1.19732816055018,TRUE,4123,"ITGA5|ITGB1","Integrin a5b1","Integrin a5b1","P08648|P05556"
"X23648.36",123,-0.00604985649327615,0.981430088392267,TRUE,4124,"DDI1","Protein DDI1 homolog 1","DDI1","Q8WTU0"
"X10830.5",124,-0.00689299181024443,1.00531765760336,TRUE,4125,"EFCAB14","EF-hand calcium-binding domain-containing protein 14:N-term","K0494:N-term","O75071"
"X5061.27",125,-0.00721431556178256,1.08519498278044,TRUE,4126,"ICOSLG","ICOS ligand","B7-H2","O75144"
"X11116.16",124,-0.00793478431927986,1.02080300473669,TRUE,4127,"C11orf87","Uncharacterized protein C11orf87","CK087","Q6NUJ2"
"X9748.31",124,-0.00832507121162048,1.17038906279557,TRUE,4128,"GSTM3","Glutathione S-transferase Mu 3","GSTM3-3","P21266"
"X11910.27",122,-0.00868513414368146,1.17776097854624,TRUE,4129,"DLX4","Homeobox protein DLX-4","DLX4","Q92988"
"X9603.9",124,-0.00875312780321987,0.987651611269538,TRUE,4130,"IL22RA1","Interleukin-22 receptor subunit alpha-1","IL22RA1","Q8N6P7"
"X4986.59",124,-0.010128606230761,1.17450352110768,TRUE,4131,"PTK2","Focal adhesion kinase 1","FAK1","Q05397"
"X7813.6",125,-0.0101885308359757,1.17294346872331,TRUE,4132,"ALPP","Alkaline phosphatase, placental type","Alkaline phosphatase, placental","P05187"
"X15666.21",124,-0.0105314842909031,1.16174209933916,TRUE,4133,"BMP2","Bone morphogenetic protein 2","BMP-2","P12643"
"X15495.9",124,-0.0108714126541481,1.0271623712797,TRUE,4134,"FOLR3","Folate receptor gamma","FOLR3","P41439"
"X8427.118",125,-0.0116756384730723,1.08232407679805,TRUE,4135,"RSPO3","R-spondin-3","RSPO3","Q9BXY4"
"X7925.18",124,-0.0120548669558156,1.11615989939875,TRUE,4136,"SMCO2","Single-pass membrane and coiled-coil domain-containing protein 2","CL070","A6NFE2"
"X3459.49",125,-0.0134638546813165,1.15370834418327,TRUE,4137,"PDGFRB","Platelet-derived growth factor receptor beta","PDGF Rb","P09619"
"X3730.81",122,-0.0138405102614098,1.23503566584908,TRUE,4138,"TNFRSF4","Tumor necrosis factor receptor superfamily member 4","TNR4","P43489"
"X22073.47",123,-0.01451518757518,1.02360470732115,TRUE,4139,"ATP5PB","ATP synthase B chain, mitochondrial","AT5F1","P24539"
"X21916.82",125,-0.0157313865742448,1.15506156700911,TRUE,4140,"OTULIN","Ubiquitin thioesterase otulin","OTUL","Q96BN8"
"X8932.1",122,-0.0175619493301078,1.07163886780662,TRUE,4141,"ENTPD6","Ectonucleoside triphosphate diphosphohydrolase 6","ENTP6","O75354"
"X10835.25",114,-0.0185316455696203,1.01201790028332,TRUE,4142,"A4GNT","Alpha-1,4-N-acetylglucosaminyltransferase","A4GCT","Q9UNA3"
"X6932.42",123,-0.0188945754283448,1.0460298721046,TRUE,4143,"ITGA5","Integrin alpha-5","ITA5","P08648"
"X21208.163",124,-0.0191020254001227,1.26335387932125,TRUE,4144,"CEBPE","CCAAT/enhancer-binding protein epsilon","CEBPE","Q15744"
"X6974.6",124,-0.0191523849991344,1.06955081009462,TRUE,4145,"CD74","HLA class II histocompatibility antigen gamma chain","HG2A","P04233"
"X23639.93",125,-0.0192648034805693,1.03490587648462,TRUE,4146,"NPEPL1","Probable aminopeptidase NPEPL1","PEPL1","Q8NDH3"
"X5581.28",125,-0.0201927094855345,1.03072129705006,TRUE,4147,"FGL1","Fibrinogen-like protein 1","FGL1","Q08830"
"X5613.75",125,-0.0230317331563552,1.07839601848845,TRUE,4148,"LAT2","Linker for activation of T-cells family member 2","NTAL","Q9GZY6"
"X10025.1",122,-0.0231339189519674,1.25789484701848,TRUE,4149,"DLD","Dihydrolipoyl dehydrogenase, mitochondrial","DLDH","P09622"
"X23522.1",116,-0.0241483116174102,1.22807560665234,TRUE,4150,"GIMD1","GTPase IMAP family member GIMD1","GIMD1","P0DJR0"
"X4956.2",124,-0.024792660088444,1.07122651963089,TRUE,4151,"EREG","Epiregulin","EPI","O14944"
"X8804.39",122,-0.0251859783402569,1.14333615987739,TRUE,4152,"COL20A1","Collagen alpha-1(XX) chain","COKA1","Q9P218"
"X9907.216",124,-0.0283052421195096,1.18028126807571,TRUE,4153,"TNKS","Tankyrase-1","Tankyrase-1","O95271"
"X14687.6",125,-0.0296561217216036,1.05228493090047,TRUE,4154,"PLIN3","Perilipin-3","M6PBP","O60664"
"X2719.3",125,-0.0316655605535482,1.06970554191084,TRUE,4155,"CSF3R","Granulocyte colony-stimulating factor receptor","G-CSF-R","Q99062"
"X8929.7",124,-0.0328975115984817,0.924217020958741,TRUE,4156,"BDP1","Transcription factor TFIIIB component B'' homolog","BDP1","A6H8Y1"
"X6367.66",125,-0.0357827593835263,1.23914886191441,TRUE,4157,"FMOD","fibromodulin","fibromodulin","Q06828"
"X15613.16",121,-0.0371843295337139,1.18884681994939,TRUE,4158,"PNLIP","Pancreatic triacylglycerol lipase","LIPP","P16233"
"X10534.40",125,-0.0375463953002483,1.20775166968894,TRUE,4159,"PARP1","Poly [ADP-ribose] polymerase 1:BRCA1 C-terminal:BRCA1 C-terminus domian","PARP:BRCT domain","P09874"
"X24950.21",123,-0.0377634735945925,1.15896771450937,TRUE,4160,"SARG","Specifically androgen-regulated gene protein","SARG","Q9BW04"
"X19614.8",117,-0.0378144648196581,1.1149784677074,TRUE,4161,"TCN1","Transcobalamin-1","Holo-TC I","P20061"
"X12682.5",121,-0.0382271543211758,1.19466085246643,TRUE,4162,"KYAT3","Kynurenine--oxoglutarate transaminase 3","KAT3","Q6YP21"
"X10499.1",124,-0.0387989235635711,1.21629914199228,TRUE,4163,"TMEM106A","Transmembrane protein 106A","T106A","Q96A25"
"X13451.2",124,-0.0396235619973876,1.090365001772,TRUE,4164,"FNDC4","Fibronectin type III domain-containing protein 4","FNDC4","Q9H6D8"
"X7693.13",122,-0.0416212250401539,1.02176072678882,TRUE,4165,"TNFRSF10B","Tumor necrosis factor receptor superfamily member 10B","TRAIL R2","O14763"
"X19287.59",124,-0.0422770164361659,1.21699624466639,TRUE,4166,"DENR","Density-regulated protein","DENR","O43583"
"X16302.11",125,-0.042487033896222,1.26982403000127,TRUE,4167,"BPIFA2","BPI fold-containing family A member 2","SPLC2","Q96DR5"
"X10514.5",124,-0.0433660461924876,1.14887665685391,TRUE,4168,"PTGDS","Prostaglandin-H2 D-isomerase","PGD2 synthase","P41222"
"X25095.1",120,-0.0440463001871872,1.12488567045893,TRUE,4169,"SNCAIP","Synphilin-1","SNCAP","Q9Y6H5"
"X22985.160",125,-0.0442015092298995,1.10247568999337,TRUE,4170,"IGFBP2","Insulin-like growth factor-binding protein 2","IGFBP-2","P18065"
"X25236.11",121,-0.0445893531613624,1.03258950927106,TRUE,4171,"METTL26","Methyltransferase-like 26","MTL26","Q96S19"
"X20990.48",124,-0.0447131697060879,1.02971181034238,TRUE,4172,"TEF","Thyrotroph embryonic factor","TEF","Q10587"
"X22152.162",123,-0.0450646268156136,1.08719359035713,TRUE,4173,"GALNT9","Polypeptide N-acetylgalactosaminyltransferase 9","GALT9","Q9HCQ5"
"X8378.3",124,-0.0451631178886738,1.15703792409769,TRUE,4174,"LDOC1","Protein LDOC1","LDOC1","O95751"
"X20924.85",123,-0.0453352252571834,1.19689856408677,TRUE,4175,"TCEAL1","Transcription elongation factor A protein-like 1","TCAL1","Q15170"
"X13941.82",125,-0.0472064498684954,1.17732280801034,TRUE,4176,"FARS2","Phenylalanine--tRNA ligase, mitochondrial","SYFM","O95363"
"X8385.248",120,-0.0479362378231954,1.2505365491376,TRUE,4177,"HGFAC","Hepatocyte growth factor activator","HGFA","Q04756"
"X11629.36",124,-0.0490252239435467,1.16701190792712,TRUE,4178,"TRAF4","TNF receptor-associated factor 4","TRAF4","Q9BUZ4"
"X14246.50",124,-0.0497836110979966,1.20929449999096,TRUE,4179,"DOK2","Docking protein 2","DOK2","O60496"
"X6495.14",125,-0.0516923530713074,1.23021410389707,TRUE,4180,"EDN1","Endothelin-1","Endothelin 1","P05305"
"X2630.12",124,-0.0517824206676445,1.22217704085186,TRUE,4181,"IL1RAP","Interleukin-1 Receptor accessory protein","IL-1 R AcP","Q9NPH3"
"X8237.56",125,-0.0520180419339773,1.20542537112212,TRUE,4182,"SOSTDC1","Sclerostin domain-containing protein 1","SOSD1","Q6X4U4"
"X21184.1",125,-0.052558808347467,1.19395355937353,TRUE,4183,"BLOC1S2","Biogenesis of lysosome-related organelles complex 1 subunit 2","BL1S2","Q6QNY1"
"X5476.66",125,-0.0537570975591771,1.14202296835413,TRUE,4184,"PRKCG","Protein kinase C gamma type","PKC-G","P05129"
"X25501.128",125,-0.0554838630386156,1.24875578748448,TRUE,4185,"CLNK","Cytokine-dependent hematopoietic cell linker","CLNK","Q7Z7G1"
"X11934.9",123,-0.0558904056577305,1.21210437265683,TRUE,4186,"INTS3","Integrator complex subunit 3","INT3","Q68E01"
"X22431.164",125,-0.0568480692181009,1.02603016184441,TRUE,4187,"SRFBP1","Serum response factor-binding protein 1","SRFB1","Q8NEF9"
"X13472.35",122,-0.0580066493492759,1.15984627434093,TRUE,4188,"HDHD2","Haloacid dehalogenase-like hydrolase domain-containing protein 2","HDHD2","Q9H0R4"
"X22530.111",125,-0.0585133839687339,1.15802305099332,TRUE,4189,"PHYHD1","Phytanoyl-CoA dioxygenase domain-containing protein 1","PHYD1","Q5SRE7"
"X9043.7",124,-0.0585650661756606,1.08676865753664,TRUE,4190,"TFIP11","Tuftelin-interacting protein 11","TFP11","Q9UBB9"
"X5196.7",123,-0.0595311038730691,1.22853506788599,TRUE,4191,"NMT1","Glycylpeptide N-tetradecanoyltransferase 1","NMT1","P30419"
"X20231.23",124,-0.0607464575058071,1.03505150758687,TRUE,4192,"UPP2","Uridine phosphorylase 2","UPP2","O95045"
"X21690.31",125,-0.0612233611090628,1.21470968976663,TRUE,4193,"LRRC4","Leucine-rich repeat-containing protein 4","LRRC4","Q9HBW1"
"X7146.5",123,-0.061576068728877,1.15944440939447,TRUE,4194,"PDIA4","Protein disulfide-isomerase A4","PDIA4","P13667"
"X5357.60",125,-0.0627104687461593,1.23593854699821,TRUE,4195,"NLGN4X","Neuroligin-4, X-linked","NLGNX","Q8N0W4"
"X13482.14",124,-0.0631826107757291,1.13059356355622,TRUE,4196,"CNOT1","CCR4-NOT transcription complex subunit 1","CNOT1","A5YKK6"
"X20570.18",121,-0.0637827950068596,1.19066210126421,TRUE,4197,"VSTM1","V-set and transmembrane domain-containing protein 1","VSTM1","Q6UX27"
"X22114.4",125,-0.0639456283951528,0.948980952113541,TRUE,4198,"LAS2","Uncharacterized protein C18orf54","CR054","Q8IYD9"
"X13734.22",125,-0.0648550991814763,1.22622050973013,TRUE,4199,"IFNL1","Interferon lambda-1","IFN-lambda 1","Q8IU54"
"X25078.13",124,-0.0660560565286499,1.22275996432741,TRUE,4200,"ATG4C","Cysteine protease ATG4C","ATG4C","Q96DT6"
"X23622.128",121,-0.0702826481667163,1.15637555049324,TRUE,4201,"INIP","SOSS complex subunit C","SOSSC","Q9NRY2"
"X2967.8",125,-0.0707297888552958,1.17861621337792,TRUE,4202,"VCAM1","Vascular cell adhesion protein 1","VCAM-1","P19320"
"X20237.38",119,-0.0717539092686436,1.18447617421234,TRUE,4203,"OAT","Ornithine aminotransferase, mitochondrial","OAT","P04181"
"X5957.30",123,-0.0734818923538328,1.21999765616862,TRUE,4204,"SST","Somatostatin-28","Somatostatin-28","P61278"
"X21475.137",125,-0.0741341592311285,1.13219227994698,TRUE,4205,"TXNL1","Thioredoxin-like protein 1","TXNL1","O43396"
"X14324.52",125,-0.0749760342157658,1.13984405385707,TRUE,4206,"SMC3","Structural maintenance of chromosomes protein 3","CSPG6","Q9UQE7"
"X7183.102",125,-0.0752709977140329,1.02747588052719,TRUE,4207,"ANGPTL8","Angiopoietin-like protein 8","TD26","Q6UXH0"
"X12444.39",125,-0.0753447385885997,1.01774077657234,TRUE,4208,"NR5A2","Nuclear receptor subfamily 5 group A member 2","NR5A2","O00482"
"X14599.18",122,-0.0759712876915145,1.05655589688492,TRUE,4209,"STAB1","Stabilin-1","STAB1","Q9NY15"
"X6512.68",125,-0.076469286925743,1.22933614177685,TRUE,4210,"KREMEN1","Kremen protein 1","KREM1","Q96MU8"
"X5110.84",125,-0.0777597522306615,1.24058870255298,TRUE,4211,"NRXN1","Neurexin-1-beta","NRX1B","P58400"
"X6399.52",125,-0.0782267777695844,1.20139142764054,TRUE,4212,"DEFB107A","Beta-defensin 107","D107A","Q8IZN7"
"X19145.4",124,-0.0787844451788552,1.2084299581082,TRUE,4213,"MREG","Melanoregulin","MREG","Q8N565"
"X5223.59",123,-0.0793610866557666,1.26278726146632,TRUE,4214,"GCKR","Glucokinase regulatory protein","GCKR","Q14397"
"X11401.181",125,-0.0800764447066342,1.22442616474599,TRUE,4215,"RNF146","E3 ubiquitin-protein ligase RNF146","RN146","Q9NTX7"
"X5132.71",124,-0.080635160442535,1.21960902276208,TRUE,4216,"IL27RA","Interleukin-27 receptor subunit alpha","TCCR","Q6UWB1"
"X5005.4",125,-0.0812808789912248,1.18655570017769,TRUE,4217,"MAPK12","Mitogen-activated protein kinase 12","MK12","P53778"
"X6383.90",125,-0.0818585158419979,1.2883800269571,TRUE,4218,"TLL1","Tolloid-like protein 1","TLL1","O43897"
"X12663.1",125,-0.0822395103605929,1.07506896669597,TRUE,4219,"TST","Thiosulfate sulfurtransferase","THTR","Q16762"
"X9769.48",125,-0.0824115724012487,1.15979382098567,TRUE,4220,"DNER","Delta and Notch-like epidermal growth factor-related receptor:Extracellular domain","DNER:ECD","Q8NFT8"
"X19381.7",120,-0.0837208494677803,1.22169816497418,TRUE,4221,"RGS21","Regulator of G-protein signaling 21","RGS21","Q2M5E4"
"X9128.34",125,-0.0837266179976895,1.1476421383725,TRUE,4222,"FLRT3","Leucine-rich repeat transmembrane protein FLRT3:Cytoplasmic domain","FLRT3:CD","Q9NZU0"
"X8984.28",121,-0.0838225380834465,1.26331750330007,TRUE,4223,"LRCH4","Leucine-rich repeat and calponin homology domain-containing protein 4:Leucine-rich repeat 5","LRCH4: LRR5","O75427"
"X21737.20",123,-0.085023976987252,1.21746386200354,TRUE,4224,"ST6GAL2","Beta-galactoside alpha-2,6-sialyltransferase 2","SIAT2","Q96JF0"
"X19794.10",124,-0.0867320923849752,1.19096099907177,TRUE,4225,"NUDT14","Uridine diphosphate glucose pyrophosphatase","NUD14","O95848"
"X17843.30",125,-0.0867991544379716,1.07150972699893,TRUE,4226,"PPCS","Phosphopantothenate--cysteine ligase","PPCS","Q9HAB8"
"X2974.61",124,-0.087481193778052,1.29624053280927,TRUE,4227,"CNTN1","Contactin-1","contactin-1","Q12860"
"X23187.9",123,-0.0876718866902299,1.08985622301062,TRUE,4228,"VCPIP1","Deubiquitinating protein VCIP135","VCIP1","Q96JH7"
"X11228.37",124,-0.0892752601396224,1.00307240415192,TRUE,4229,"RIC3","Protein RIC-3","RIC3","Q7Z5B4"
"X13568.30",125,-0.0895767273799867,1.18974375773082,TRUE,4230,"PSMD4","26S proteasome non-ATPase regulatory subunit 4","PSMD4","P55036"
"X5252.33",122,-0.0925392864814845,1.21327914554712,TRUE,4231,"PDE11A","Dual 3',5'-cyclic-AMP and -GMP phosphodiesterase 11A","PDE11","Q9HCR9"
"X18208.3",123,-0.0948182451433142,1.02150123466167,TRUE,4232,"CCNB2","G2/mitotic-specific cyclin-B2","CCNB2","O95067"
"X15527.90",122,-0.0950275293635528,1.02844240031272,TRUE,4233,"DLD","Dihydrolipoyl dehydrogenase, mitochondrial","DLDH","P09622"
"X13666.222",124,-0.0962151613867774,1.25080299985026,TRUE,4234,"CA10","Carbonic anhydrase-related protein 10","Carbonic Anhydrase X","Q9NS85"
"X9913.4",123,-0.0966757823585563,1.21568555104991,TRUE,4235,"RRBP1","Ribosome-binding protein 1","RRBP1","Q9P2E9"
"X24322.1",123,-0.0968528390236351,1.19596736711877,TRUE,4236,"GTF2E1","General transcription factor IIE subunit 1","T2EA","P29083"
"X7073.69",124,-0.0994479311582115,1.05207019944636,TRUE,4237,"C22orf15","Uncharacterized protein C22orf15","CV015","Q8WYQ4"
"X24905.22",124,-0.0997941544911461,1.15307461087421,TRUE,4238,"EOLA1","Protein CXorf40A","CX04A","Q8TE69"
"X3043.49",123,-0.100061272533781,1.22445236429744,TRUE,4239,"SPARC","SPARC","ON","P09486"
"X3627.71",125,-0.10147973354964,1.24166282325093,TRUE,4240,"MMEL1","Membrane metallo-endopeptidase-like 1","MMEL2","Q495T6"
"X9074.6",125,-0.101559619497087,1.08154316248602,TRUE,4241,"FAXDC2","Fatty acid hydroxylase domain-containing protein 2","CE004","Q96IV6"
"X25926.29",124,-0.103067538729801,1.24078685911733,TRUE,4242,"LDB1","LIM domain-binding protein 1","LDB1","Q86U70"
"X12361.102",125,-0.10322493424772,1.27412407864924,TRUE,4243,"RRAS2","Ras-related protein R-Ras2","RRAS2","P62070"
"X20189.28",123,-0.103543464520207,1.27341445388038,TRUE,4244,"ITGAV|ITGB6","Integrin alpha V beta 6","Integrin aVb6","P06756|P18564"
"X23410.46",125,-0.104392498095027,1.274698293458,TRUE,4245,"EIF3M","Eukaryotic translation initiation factor 3 subunit M","EIF3M","Q7L2H7"
"X19254.125",123,-0.10508918407296,1.15313468977483,TRUE,4246,"GMPR","GMP reductase 1","GMPR1","P36959"
"X17704.74",125,-0.105117616694934,1.07684467865098,TRUE,4247,"HSPH1","Heat shock protein 105 kDa","HS105","Q92598"
"X20589.5",123,-0.106137612548696,1.22931471026163,TRUE,4248,"CDH4","Cadherin-4","CADH4","P55283"
"X4569.52",121,-0.106566623194052,1.21723617709719,TRUE,4249,"SORCS2","VPS10 domain-containing receptor SorCS2","SORC2","Q96PQ0"
"X15376.134",124,-0.106580131816665,1.21338053781586,TRUE,4250,"CTSE","Cathepsin E","CATE","P14091"
"X6413.79",124,-0.107020779694946,1.25093343657873,TRUE,4251,"LIPK","Lipase member K","LIPK","Q5VXJ0"
"X8068.43",124,-0.107813945875851,1.19895218975549,TRUE,4252,"MYORG","Uncharacterized family 31 glucosidase KIAA1161:Extracellular domain","K1161:ECD","Q6NSJ0"
"X24279.30",122,-0.108365886062144,1.26302787683757,TRUE,4253,"UTP6","U3 small nucleolar RNA-associated protein 6 homolog","UTP6","Q9NYH9"
"X21008.113",123,-0.110545682046122,1.04384991142822,TRUE,4254,"MAGOH","Protein mago nashi homolog","MGN","P61326"
"X5854.60",124,-0.110785171569399,1.23728261783842,TRUE,4255,"MAPT","Microtubule-associated protein tau","tau","P10636"
"X25227.20",123,-0.110913318434385,1.23784491538486,TRUE,4256,"TCEAL2","Transcription elongation factor A protein-like 2","TCAL2","Q9H3H9"
"X18837.9",124,-0.112336528020396,1.238232351149,TRUE,4257,"SGTB","Small glutamine-rich tetratricopeptide repeat-containing protein beta","SGTB","Q96EQ0"
"X13492.44",124,-0.113620697795194,1.24717829842738,TRUE,4258,"HSPA9","Stress-70 protein, mitochondrial","HSPA9B","P38646"
"X8850.5",125,-0.113646977853157,1.26567675177634,TRUE,4259,"PLA2G2C","Putative inactive group IIC secretory phospholipase A2","PA2GC","Q5R387"
"X17331.138",125,-0.1143290809429,1.23966661663102,TRUE,4260,"KREMEN1","Kremen protein 1","KREM1","Q96MU8"
"X8258.22",125,-0.114568738785242,1.11496289248077,TRUE,4261,"UXS1","UDP-glucuronic acid decarboxylase 1","UXS1","Q8NBZ7"
"X18274.2",121,-0.116119306922308,1.07135869564863,TRUE,4262,"SERF2","Small EDRK-rich factor 2","SERF2","P84101"
"X24712.6",112,-0.117547808926611,1.10102220459382,TRUE,4263,"GTPBP10","GTP-binding protein 10","GTPBA","A4D1E9"
"X2578.67",124,-0.117592811167241,1.23519919959238,TRUE,4264,"CCL2","C-C motif chemokine 2","MCP-1","P13500"
"X9003.99",125,-0.117844062630583,0.988316243945713,TRUE,4265,"MARCO","Macrophage receptor MARCO","MARCO","Q9UEW3"
"X4965.27",125,-0.117960819015314,1.07105202303141,TRUE,4266,"ATP5F1B","ATP synthase subunit beta, mitochondrial","ATP synthase beta chain","P06576"
"X12759.47",123,-0.118663089187585,1.18874894288332,TRUE,4267,"ILF3","Interleukin enhancer-binding factor 3","DRBP76","Q12906"
"X15331.47",123,-0.118872323752213,1.24098855303773,TRUE,4268,"RBBP4","Histone-binding protein RBBP4","RBBP4","Q09028"
"X8285.64",121,-0.119099479348389,1.12807061140923,TRUE,4269,"ADCYAP1","Pituitary adenylate cyclase-activating polypeptide","PACA","P18509"
"X8870.38",125,-0.119533957672738,1.27475153218307,TRUE,4270,"NPM1","Nucleophosmin","NPM1","P06748"
"X5606.24",125,-0.120037853648944,1.37836318196062,TRUE,4271,"MFAP1","Microfibrillar-associated protein 1","MFAP1","P55081"
"X21249.115",125,-0.120615490499717,0.998312140035427,TRUE,4272,"DFFA","DNA fragmentation factor subunit alpha","DFFA","O00273"
"X4703.87",122,-0.120828059368049,1.24853397935812,TRUE,4273,"LTA","Lymphotoxin-alpha","TNF-b","P01374"
"X24693.5",123,-0.121700936508346,1.11719469361581,TRUE,4274,"CLIC3","Chloride intracellular channel protein 3","CLIC3","O95833"
"X9363.11",123,-0.122425352557798,1.19940553459391,TRUE,4275,"CT55","Cancer/testis antigen 55","CX048","Q8WUE5"
"X22554.101",123,-0.122822406398142,1.21697223868673,TRUE,4276,"MRPL10","39S ribosomal protein L10, mitochondrial","RM10","Q7Z7H8"
"X8852.10",125,-0.122907602684168,1.12274312409673,TRUE,4277,"SUN3","SUN domain-containing protein 3","SUN3","Q8TAQ9"
"X25038.5",123,-0.123322658978551,1.22687142254763,TRUE,4278,"WEE2","Wee1-like protein kinase 2","WEE2","P0C1S8"
"X19561.216",125,-0.123651156502716,1.17675228746278,TRUE,4279,"PLXND1","Plexin-D1","PLXD1","Q9Y4D7"
"X14048.7",124,-0.123815758827121,1.27770065120911,TRUE,4280,"IL1RAP","Interleukin-1 Receptor accessory protein","IL-1 R AcP","Q9NPH3"
"X7136.107",124,-0.123903888402777,1.23340567569984,TRUE,4281,"HBE1","Hemoglobin subunit epsilon","Hemoglobin epsilon chain","P02100"
"X21687.3",124,-0.126151192582008,1.07435096348828,TRUE,4282,"ELFN2","Protein phosphatase 1 regulatory subunit 29","PPR29","Q5R3F8"
"X6948.82",122,-0.126747437092265,1.07676394483444,TRUE,4283,"FIG4","Polyphosphoinositide phosphatase","FIG4","Q92562"
"X9787.23",124,-0.126988423550741,1.21628010099017,TRUE,4284,"COLEC12","Collectin-12","COLEC12","Q5KU26"
"X2828.82",122,-0.127477386668958,1.05383389327905,TRUE,4285,"SPINT1","Kunitz-type protease inhibitor 1","HAI-1","O43278"
"X5629.58",124,-0.129430871790352,1.08110500299143,TRUE,4286,"KLRC1","NKG2-A/NKG2-B type II integral membrane protein","NKG2A","P26715"
"X13670.81",125,-0.129673327925669,1.33185432125939,TRUE,4287,"PLA2G2E","Group IIE secretory phospholipase A2","GIIE","Q9NZK7"
"X6468.37",125,-0.129912985768011,1.15769319008738,TRUE,4288,"TAC4","Tachykinin-4","TKN4","Q86UU9"
"X10978.39",123,-0.130242412711107,1.29701660976556,TRUE,4289,"GH2","Growth hormone variant","SOM2","P01242"
"X6633.43",125,-0.130515202910307,1.14497798209414,TRUE,4290,"None","Uroplakin-3b-like protein","UPK3L","B0FP48"
"X11476.43",125,-0.131142000344124,1.1564445221336,TRUE,4291,"VPS4A","Vacuolar protein sorting-associated protein 4A","VPS4A","Q9UN37"
"X16318.12",124,-0.131983066584832,1.19558192389182,TRUE,4292,"ACVRL1","Serine/threonine-protein kinase receptor R3","ALK-1","P37023"
"X14153.8",125,-0.13262296290834,1.24549317610708,TRUE,4293,"EFNA3","Ephrin-A3","Ephrin-A3","P52797"
"X9836.20",124,-0.132968644755976,1.25043600684069,TRUE,4294,"DCK","Deoxycytidine kinase","DCK","P27707"
"X11441.11",124,-0.133245623422323,1.04815127139839,TRUE,4295,"PYGL","Glycogen phosphorylase, liver form","PYGL","P06737"
"X5648.28",125,-0.134405034043704,1.23345410894436,TRUE,4296,"CTRB2","Chymotrypsinogen B2","CTRB2","Q6GPI1"
"X11135.5",125,-0.136051913575695,1.20084021728283,TRUE,4297,"MRPL55","39S ribosomal protein L55, mitochondrial","RM55","Q7Z7F7"
"X5643.2",125,-0.136463633458693,1.14976535370042,TRUE,4298,"LCN8","Epididymal-specific lipocalin-8","LCN8","Q6JVE9"
"X21887.2",125,-0.137139591475555,1.156430733984,TRUE,4299,"CBLN2","Cerebellin-2","CBLN2","Q8IUK8"
"X20520.14",121,-0.137158458838913,1.1187669128369,TRUE,4300,"FAM3C","Protein FAM3C","FAM3C","Q92520"
"X9261.14",125,-0.137655777597522,1.34017636368149,TRUE,4301,"EPHB6","Ephrin type-B receptor 6","EphB6","O15197"
"X12352.70",122,-0.138086818579903,1.16702131096794,TRUE,4302,"ARRDC3","Arrestin domain-containing protein 3","ARRD3","Q96B67"
"X18873.8",123,-0.138992802043291,1.18397407645127,TRUE,4303,"CEACAM8","Carcinoembryonic antigen-related cell adhesion molecule 8","CEAM8","P31997"
"X11198.37",124,-0.139433578627319,0.982071695771661,TRUE,4304,"CREB3L1","Cyclic AMP-responsive element-binding protein 3-like protein 1","CR3L1","Q96BA8"
"X18435.40",124,-0.139687205909662,1.25565341591216,TRUE,4305,"UBXN2B","UBX domain-containing protein 2B","UBX2B","Q14CS0"
"X20463.315",123,-0.141216155205552,1.26868167445675,TRUE,4306,"IMPACT","Protein IMPACT","IMPCT","Q9P2X3"
"X25491.54",125,-0.141729960917337,1.16498881644949,TRUE,4307,"LNPK","Endoplasmic reticulum junction formation protein lunapark","LNP","Q9C0E8"
"X9360.33",121,-0.141748954116631,1.04161124109125,TRUE,4308,"EDIL3","EGF-like repeat and discoidin I-like domain-containing protein 3","EDIL3","O43854"
"X8396.42",124,-0.141957861472897,1.30690201675486,TRUE,4309,"FAAH2","Fatty-acid amide hydrolase 2","FAAH2","Q6GMR7"
"X17365.7",124,-0.1422878995326,1.28275719116065,TRUE,4310,"KYAT1","Kynurenine--oxoglutarate transaminase 1","KAT1","Q16773"
"X23228.2",122,-0.142746666226019,1.311133842958,TRUE,4311,"C12orf76","Uncharacterized protein C12orf76","CL076","Q8N812"
"X21367.63",123,-0.143270846299957,1.23938396605413,TRUE,4312,"NRBF2","Nuclear receptor-binding factor 2","NRBF2","Q96F24"
"X12528.40",124,-0.143802287591985,1.05960396619546,TRUE,4313,"WRNIP1","ATPase WRNIP1","WRIP1","Q96S55"
"X12578.13",121,-0.146002635438862,1.29234127778359,TRUE,4314,"ARF3","ADP-ribosylation factor 3","ARF3","P61204"
"X24487.95",121,-0.147611175848893,1.31136271850234,TRUE,4315,"BLOC1S3","Biogenesis of lysosome-related organelles complex 1 subunit 3","BL1S3","Q6QNY0"
"X20591.48",125,-0.148575572106285,1.08557674063331,TRUE,4316,"GLDN","Gliomedin","GLDN","Q6ZMI3"
"X5598.3",125,-0.149245385050267,1.32404812616716,TRUE,4317,"GREM2","Gremlin-2","GREM2","Q9H772"
"X7742.11",125,-0.149669395079026,1.38999202151751,TRUE,4318,"RNF148","RING finger protein 148:region 1","RN148:region 1","Q8N7C7"
"X12553.5",123,-0.150489851464395,1.20361144481475,TRUE,4319,"VRK1","Serine/threonine-protein kinase VRK1","VRK1","Q99986"
"X3505.6",121,-0.150853468921807,1.27854230803866,TRUE,4320,"LTA|LTB","Lymphotoxin alpha1:beta2","Lymphotoxin a1/b2","P01374|Q06643"
"X13459.30",125,-0.151316274611017,1.28663531733454,TRUE,4321,"TOR4A","Torsin-4A","CI167","Q9NXH8"
"X9522.3",124,-0.151689884613206,1.30432136871749,TRUE,4322,"AIFM1","Apoptosis-inducing factor 1, mitochondrial","AIF","O95831"
"X20524.38",125,-0.152342501782071,1.39769431194247,TRUE,4323,"NRG3","Pro-neuregulin-3, membrane-bound isoform","NRG3","P56975"
"X8654.13",124,-0.152509938089558,1.13768362741299,TRUE,4324,"ADAM10","Disintegrin and metalloproteinase domain-containing protein 10:Cytoplasmic domain","ADAM 10:CD","O14672"
"X18244.1",122,-0.154051052916837,1.14099886118116,TRUE,4325,"ANXA7","Annexin A7","ANXA7","P20073"
"X3601.54",124,-0.154248304297877,1.25983130492693,TRUE,4326,"CHL1","Neural cell adhesion molecule L1-like protein","CHL1","O00533"
"X24634.1",122,-0.154465687327528,1.03270061682979,TRUE,4327,"RIPPLY3","Protein ripply3","DSCR6","P57055"
"X10069.2",124,-0.154487512393183,1.26847097581356,TRUE,4328,"PIN1","Peptidyl-prolyl cis-trans isomerase NIMA-interacting 1","PIN1","Q13526"
"X14076.74",124,-0.154637617754165,1.28852106526967,TRUE,4329,"CST4","Cystatin-S","Cystatin-S","P01036"
"X7755.37",125,-0.156982031806897,1.32266253922027,TRUE,4330,"ITGB5","Integrin beta-5","ITB5","P18084"
"X24290.5",125,-0.157430622127178,1.29587383204489,TRUE,4331,"C20orf202","Uncharacterized protein C20orf202","CT202","A1L168"
"X8310.6",118,-0.15743260271671,1.13150325841358,TRUE,4332,"ZG16B","Zymogen granule protein 16 homolog B","U773","Q96DA0"
"X8367.142",125,-0.158131160435563,1.18212091844157,TRUE,4333,"VSIG1","V-set and immunoglobulin domain-containing protein 1","VSIG1","Q86XK7"
"X23398.1",125,-0.158364673205024,1.270242664165,TRUE,4334,"POLR2M","DNA-directed RNA polymerase II subunit GRINL1A","GRL1A","P0CAP2"
"X16758.96",122,-0.158430467931537,1.08722073943783,TRUE,4335,"HDGF","Hepatoma-derived growth factor","HDGF","P51858"
"X24430.11",125,-0.1587518127965,1.12016132256322,TRUE,4336,"ZNF580","Zinc finger protein 580","ZN580","Q9UK33"
"X6379.62",125,-0.159267998918467,1.30207518983123,TRUE,4337,"ADAMTSL2","ADAMTS-like protein 2","ATL2","Q86TH1"
"X21276.11",121,-0.15956030555038,1.2329311106542,TRUE,4338,"PROM1","CD133 antigen","CD133","O43490"
"X6984.6",125,-0.160945603814861,1.18159770741475,TRUE,4339,"IGSF8","Immunoglobulin superfamily member 8","IGSF8","Q969P0"
"X5759.10",125,-0.160994764397906,1.26671738028565,TRUE,4340,"EFNA3","Ephrin-A3","Ephrin-A3","P52797"
"X15509.2",121,-0.162286674390087,1.3304164659796,TRUE,4341,"NAGLU","Alpha-N-acetylglucosaminidase","NAG","P54802"
"X6291.55",125,-0.16234668043163,1.32760269503644,TRUE,4342,"CLSTN3","Calsyntenin-3","Alcadein-beta","Q9BQT9"
"X3514.49",118,-0.162699470756464,1.03184420395034,TRUE,4343,"PRTN3","Myeloblastin","Proteinase-3","P24158"
"X13994.1",124,-0.164279823992647,1.30738146713112,TRUE,4344,"FBL","rRNA 2'-O-methyltransferase fibrillarin","FBRL","P22087"
"X18220.141",125,-0.165136543519406,1.27634629234373,TRUE,4345,"SRA1","Steroid receptor RNA activator 1","SRA1","Q9HD15"
"X9116.28",124,-0.16602982556639,1.30041517114302,TRUE,4346,"HEPACAM2","HEPACAM family member 2:Isoform 1, Cytoplasmic domain","HECA2:CD","A8MVW5"
"X6897.38",125,-0.166175060836222,1.01593411455315,TRUE,4347,"B3GAT3","Galactosylgalactosylxylosylprotein 3-beta-glucuronosyltransferase 3","B3GA3","O94766"
"X5610.32",125,-0.16669739203107,1.14567326460113,TRUE,4348,"FAM171A1","Protein FAM171A1","CJ038","Q5VUB5"
"X12758.47",122,-0.168428149352581,1.30680519174535,TRUE,4349,"GRID2","Glutamate receptor ionotropic, delta-2","GRID2","O43424"
"X21515.61",124,-0.169265439986906,1.05059789459692,TRUE,4350,"AACS","Acetoacetyl-CoA synthetase","AACS","Q86V21"
"X12754.14",122,-0.16942234795282,1.19896401613651,TRUE,4351,"CSDC2","Cold shock domain-containing protein C2","CSDC2","Q9Y534"
"X7865.126",124,-0.170146735743467,1.19265974750889,TRUE,4352,"PLAAT3","HRAS-like suppressor 3","HRSL3","P53816"
"X8696.15",124,-0.170363375981619,1.18478218135074,TRUE,4353,"GAL3ST1","Galactosylceramide sulfotransferase","G3ST1","Q99999"
"X8249.124",124,-0.170738462894301,1.28054888677034,TRUE,4354,"ALK","ALK tyrosine kinase receptor","ALK","Q9UM73"
"X22968.9",124,-0.172003751801935,1.27729942231198,TRUE,4355,"GAGE2D","G antigen 2D","GGE2D","Q9UEU5"
"X16818.200",124,-0.17206930739814,1.26363611553276,TRUE,4356,"CDCP1","CUB domain-containing protein 1","CDCP1","Q9H5V8"
"X8589.13",115,-0.172540601966571,1.27618437075531,TRUE,4357,"CDCP1","CUB domain-containing protein 1","CDCP1","Q9H5V8"
"X20183.48",122,-0.172684790439743,1.03996467635235,TRUE,4358,"MEOX1","Homeobox protein MOX-1","MEOX1","P50221"
"X24979.17",125,-0.173801096281002,1.25938825652337,TRUE,4359,"EIF3B","Eukaryotic translation initiation factor 3 subunit B","EIF3B","P55884"
"X10672.75",124,-0.174194401253958,1.37128331483849,TRUE,4360,"SFTPB","Pulmonary surfactant-associated protein B","SP-B","P07988"
"X21883.17",125,-0.174796598087653,1.01822138492068,TRUE,4361,"BMP5","Bone morphogenetic protein 5","BMP-5","P22003"
"X21429.50",125,-0.174876484035101,1.30853525826271,TRUE,4362,"THOP1","Thimet oligopeptidase","THOP1","P52888"
"X3867.49",123,-0.174887371771512,1.32979968447742,TRUE,4363,"SEZ6L2","Seizure 6-like protein 2","SE6L2","Q6UXD5"
"X3209.69",125,-0.175761374529902,1.33511962340153,TRUE,4364,"MEPE","Matrix extracellular phosphoglycoprotein","MEPE","Q9NQ76"
"X17703.40",123,-0.17581726536575,1.33073150214037,TRUE,4365,"GMNN","Geminin","GEMI","O75496"
"X21963.48",123,-0.175846856376254,1.30273880227003,TRUE,4366,"DAB2","Disabled homolog 2","DAB2","P98082"
"X2805.6",124,-0.176882353311469,1.19514440491358,TRUE,4367,"ACE2","Angiotensin-converting enzyme 2","ACE2","Q9BYF1"
"X24658.98",124,-0.177135626988798,1.19312388595061,TRUE,4368,"CCDC115","Coiled-coil domain-containing protein 115","CC115","Q96NT0"
"X20175.17",122,-0.17911601990839,1.07156416577552,TRUE,4369,"COL9A3","Collagen alpha-3(IX) chain","CO9A3","Q14050"
"X9511.61",125,-0.179503723914166,1.25526005207188,TRUE,4370,"NXPH2","Neurexophilin-2","NXPH2","O95156"
"X16823.75",125,-0.180923235749576,1.07840258685326,TRUE,4371,"APOL3","Apolipoprotein L3","APOL3","O95236"
"X24013.6",124,-0.181458796275896,1.06236881117013,TRUE,4372,"GRM4","Metabotropic glutamate receptor 4","GRM4","Q14833"
"X8973.23",125,-0.181900302337586,1.29699977239371,TRUE,4373,"FCRL4","Fc receptor-like protein 4:Extracellular domain","FCRL4:ECD","Q96PJ5"
"X11264.33",122,-0.18215257099611,1.1819979019206,TRUE,4374,"XDH","Xanthine dehydrogenase/oxidase","XDH","P47989"
"X23393.56",125,-0.18336282968316,1.25067527642058,TRUE,4375,"ABHD5","1-acylglycerol-3-phosphate O-acyltransferase ABHD5","ABHD5","Q8WTS1"
"X8337.65",125,-0.18336282968316,1.26240881822225,TRUE,4376,"PTPRU","Receptor-type tyrosine-protein phosphatase U","PTPRU","Q92729"
"X9018.38",125,-0.183590197379741,1.36797507497052,TRUE,4377,"PCDH10","Protocadherin-10:Extracellular domain","PCD10:ECD","Q9P2E7"
"X7196.21",124,-0.183869769667059,1.26200685655924,TRUE,4378,"IFNW1","Interferon omega-1","IFN-w","P05000"
"X18926.7",123,-0.184033074162101,1.33420615357953,TRUE,4379,"PSMA3","Proteasome subunit alpha type-3","PSA3","P25788"
"X13668.44",125,-0.184395201927095,1.31812239833288,TRUE,4380,"TYRO3","Tyrosine-protein kinase receptor TYRO3","Dtk","Q06418"
"X7696.3",124,-0.185632361180181,0.979861976266811,TRUE,4381,"NBR1","Next to BRCA1 gene 1 protein","NBR1","Q14596"
"X23570.87",125,-0.185704102450655,1.08147911061262,TRUE,4382,"ZKSCAN7","Zinc finger protein with KRAB and SCAN domains 7","ZKSC7","Q9P0L1"
"X22810.41",124,-0.185808620331493,1.21346491720959,TRUE,4383,"TIPIN","TIMELESS-interacting protein","TIPIN","Q9BVW5"
"X3004.67",121,-0.186931115665385,1.31446712376706,TRUE,4384,"PDCD1LG2","Programmed cell death 1 ligand 2","PD-L2","Q9BQ51"
"X11661.11",124,-0.186961981889543,1.32004488646608,TRUE,4385,"NLRP1","NACHT, LRR and PYD domains-containing protein 1","NALP1","Q9C000"
"X23670.11",123,-0.187336538864649,1.30809453324266,TRUE,4386,"DPH2","2-(3-amino-3-carboxypropyl)histidine synthase subunit 2","DPH2","Q9BQC3"
"X10510.62",124,-0.19039135826561,1.09561708341344,TRUE,4387,"SCIMP","SLP adapter and CSK-interacting membrane protein","SCIMP","Q6UWF3"
"X19147.6",124,-0.190529847598784,1.20505292884633,TRUE,4388,"LGALS13","Galactoside-binding soluble lectin 13","PP13","Q9UHV8"
"X6511.17",124,-0.190913840749857,1.29765045783949,TRUE,4389,"TAFA4","Protein FAM19A4","F19A4","Q96LR4"
"X4557.61",125,-0.192936853231079,1.25077876697236,TRUE,4390,"KIRREL3","Kin of IRRE-like protein 3","KIRR3","Q8IZU9"
"X4246.40",125,-0.193004449032766,1.28231450891035,TRUE,4391,"L1CAM","Neural cell adhesion molecule L1","NCAM-L1","P32004"
"X12703.6",123,-0.19369985294497,1.27998517643583,TRUE,4392,"NEK7","Serine/threonine-protein kinase Nek7","NEK7","Q8TDX7"
"X24951.3",124,-0.193935426200923,1.073839055164,TRUE,4393,"VAC14","Protein VAC14 homolog","VAC14","Q08AM6"
"X5970.61",124,-0.194767670599936,1.36316980237297,TRUE,4394,"LECT2","Leukocyte cell-derived chemotaxin-2","LECT2","O14960"
"X22792.21",125,-0.196832829437357,1.08512573375568,TRUE,4395,"WARS2","Tryptophan--tRNA ligase, mitochondrial","SYWM","Q9UGM6"
"X9350.3",125,-0.198067989086351,1.3007599944506,TRUE,4396,"FSTL4","Follistatin-related protein 4","FSTL4","Q6MZW2"
"X8300.82",125,-0.198541159698154,1.20787206361998,TRUE,4397,"PEX14","Peroxisomal membrane protein PEX14:N-term","PEX14:N-term","O75381"
"X12580.7",125,-0.199266278298061,1.24769548273704,TRUE,4398,"PSMB5","Proteasome subunit beta type-5","PSB5","P28074"
"X7065.1",123,-0.200693994304861,1.13505776006058,TRUE,4399,"MPIG6B","Protein G6b:Isoform A, Extracellular domain","G6B:ECD","O95866"
"X2590.69",124,-0.203146196143109,1.30346892415021,TRUE,4400,"ROR1","Inactive tyrosine-protein kinase transmembrane receptor ROR1","ROR1","Q01973"
"X13977.28",124,-0.203833624474765,1.3561209959943,TRUE,4401,"BARD1","BRCA1-associated RING domain protein 1","BARD1","Q99728"
"X17823.40",121,-0.204480938734308,1.2251831558265,TRUE,4402,"SNRPD2","Small nuclear ribonucleoprotein Sm D2","SMD2","P62316"
"X25261.42",125,-0.20481527910921,1.34008539115877,TRUE,4403,"ANKS3","Ankyrin repeat and SAM domain-containing protein 3","ANKS3","Q6ZW76"
"X10512.13",124,-0.205228601824282,1.12182999574976,TRUE,4404,"CSF2RB","Cytokine receptor common subunit beta:Extracellular domain","IL3RB:ECD","P32927"
"X24422.36",124,-0.205797648836221,1.36145085321072,TRUE,4405,"SPATA24","Spermatogenesis-associated protein 24","SPA24","Q86W54"
"X15414.316",125,-0.206179485288696,1.2228551782077,TRUE,4406,"LDHA","L-lactate dehydrogenase A chain","LDHA","P00338"
"X18174.79",124,-0.206305041641224,1.21234066909438,TRUE,4407,"PDCD6IP","Programmed cell death 6-interacting protein","PDC6I","Q8WUM4"
"X23556.4",125,-0.206535899515768,1.16416299722806,TRUE,4408,"VGLL4","Transcription cofactor vestigial-like protein 4","VGLL4","Q14135"
"X15383.200",123,-0.206969611950118,1.34727951788295,TRUE,4409,"EDN3","Endothelin-3","Endothelin 3","P14138"
"X16867.76",125,-0.208932477939188,0.993217458038968,TRUE,4410,"CDK16","Cyclin-dependent kinase 16","PCTK1","Q00536"
"X22085.86",117,-0.210074713548107,1.26065324277159,TRUE,4411,"BMI1","Polycomb complex protein BMI-1","BMI-1","P35226"
"X22578.17",125,-0.210247523535629,1.30176724730953,TRUE,4412,"ROBO2","Roundabout homolog 2","ROBO2","Q9HCK4"
"X6368.9",124,-0.210617095878683,1.3304427958887,TRUE,4413,"CSTL1","Cystatin-like 1","CST1L","Q9H114"
"X21440.9",125,-0.213252464174225,1.04707964097361,TRUE,4414,"ADAM8","ADAM 8","ADAM-8","P78325"
"X25041.11",125,-0.214493768896099,1.09888410828751,TRUE,4415,"PFKFB4","6-phosphofructo-2-kinase/fructose-2,6-bisphosphatase 4","F264","Q16877"
"X22553.4",124,-0.214812017059314,1.39282270465635,TRUE,4416,"RPL38","60S ribosomal protein L38","RL38","P63173"
"X21269.198",124,-0.215156884900714,1.24432856513004,TRUE,4417,"EPHX2","Epoxide hydrolase 2","HYES","P34913"
"X14032.2",124,-0.216831331027298,1.20900488810495,TRUE,4418,"VEGFA","Vascular endothelial growth factor A, isoform 121","VEGF121","P15692"
"X10624.45",124,-0.217341218757574,1.31273883839129,TRUE,4419,"SPINK13","Serine protease inhibitor Kazal-type 13","ISK13","Q1W4C9"
"X3169.70",117,-0.217816180245128,1.17115745305039,TRUE,4420,"IDUA","Alpha-L-iduronidase","IDUA","P35475"
"X4971.1",124,-0.218293124340997,1.24369735814588,TRUE,4421,"CTSZ","Cathepsin Z","CATZ","Q9UBR2"
"X17806.6",125,-0.218365164810855,1.29769471935396,TRUE,4422,"SDCBP","Syntenin-1","Syntenin 1","O00560"
"X2658.27",125,-0.221087432096945,1.26707896306848,TRUE,4423,"NTRK3","NT-3 growth factor receptor","TrkC","Q16288"
"X6713.4",124,-0.222243904895598,1.28044378962938,TRUE,4424,"LRP11","Low-density lipoprotein receptor-related protein 11","LRP11","Q86VZ4"
"X8841.65",125,-0.222513089005236,1.26367661926395,TRUE,4425,"CILP2","Cartilage intermediate layer protein 2","CILP2","Q8IUL8"
"X7268.12",125,-0.223656072561021,1.31506068552044,TRUE,4426,"IFNA4","Interferon alpha-4","IFNA4","P05014"
"X3522.57",121,-0.224354436039796,1.33969467555852,TRUE,4427,"VIP","Vasoactive Intestinal Peptide","Vasoactive Intestinal Peptide","P01282"
"X8927.6",125,-0.224387336233808,1.34454196131909,TRUE,4428,"None","Uncharacterized protein C7orf73","CG073","E0CX11"
"X2948.58",125,-0.224663864513433,1.21413806123315,TRUE,4429,"GHR","Growth hormone receptor","Growth hormone receptor","P10912"
"X18386.36",123,-0.225078042362168,1.06557169145181,TRUE,4430,"GLRX","Glutaredoxin-1","GLRX1","P35754"
"X7993.23",124,-0.225655778467427,1.31829274596619,TRUE,4431,"ASTL","Astacin-like metalloendopeptidase","ASTL","Q6HA08"
"X3187.52",125,-0.226249293316619,1.31191313636485,TRUE,4432,"CRISP3","Cysteine-rich secretory protein 3","CRIS3","P54108"
"X9873.17",124,-0.226681858526851,1.26828797747445,TRUE,4433,"ESRRA","Steroid hormone receptor ERR1","ERRalpha","P11474"
"X22514.12",123,-0.228606073114729,1.31461085832116,TRUE,4434,"NKD2","Protein naked cuticle homolog 2","NKD2","Q969F2"
"X24899.13",122,-0.229142224498901,1.19749201599498,TRUE,4435,"EPS8L1","Epidermal growth factor receptor kinase substrate 8-like protein 1","ES8L1","Q8TE68"
"X9014.18",124,-0.229932486662575,1.33067173542541,TRUE,4436,"TMEM25","Transmembrane protein 25","TMM25","Q86YD3"
"X25037.4",124,-0.230214310219472,1.35130068318803,TRUE,4437,"DNPEP","Aspartyl aminopeptidase","DNPEP","Q9ULA0"
"X9002.36",124,-0.230937258037103,1.29187555348031,TRUE,4438,"SERPINA11","Serpin A11","SPA11","Q86U17"
"X19579.5",124,-0.23098761779462,1.14744011650665,TRUE,4439,"DEFA1","Neutrophil defensin 1","HNP-1","P59665"
"X9212.22",124,-0.231147411988732,1.35023636336484,TRUE,4440,"CTSF","Cathepsin F","CATF","Q9UBX1"
"X14094.29",124,-0.231459740521349,1.08741925389687,TRUE,4441,"HBEGF","Heparin-binding EGF-like growth factor","HB-EGF","Q99075"
"X22083.60",125,-0.234182582405427,1.27486005722584,TRUE,4442,"BEX5","Protein BEX5","BEX5","Q5H9J7"
"X7735.17",123,-0.236237104591878,1.39185004549628,TRUE,4443,"SERPINF1","Pigment epithelium-derived factor","PEDF","P36955"
"X18195.3",122,-0.236318810788302,1.12957478910238,TRUE,4444,"LTO1","Oral cancer-overexpressed protein 1","ORAV1","Q8WV07"
"X24472.28",125,-0.236357938205147,1.31202254170645,TRUE,4445,"SHARPIN","Sharpin","SHRPN","Q9H0F6"
"X11390.24",125,-0.236425534006833,1.13266642951957,TRUE,4446,"CA8","Carbonic anhydrase-related protein","Carbonic Anhydrase VIII","P35219"
"X3315.15",125,-0.237359585084679,1.35030270972051,TRUE,4447,"GPC2","Glypican-2","GPC2","Q8N158"
"X11670.18",124,-0.237414781847825,1.3130724680907,TRUE,4448,"GPR101","Probable G-protein coupled receptor 101","GP101","Q96P66"
"X21346.71",123,-0.237556838337257,1.11971055817453,TRUE,4449,"DHODH","Dihydroorotate dehydrogenase (quinone), mitochondrial","PYRD","Q02127"
"X11208.15",124,-0.237565861120379,1.36932408927969,TRUE,4450,"NAGPA","N-acetylglucosamine-1-phosphodiester alpha-N-acetylglucosaminidase","NAGPA","Q9UK23"
"X17770.42",123,-0.237668942342732,1.19879736953708,TRUE,4451,"EMC8","ER membrane protein complex subunit 8","EMC8","O43402"
"X2989.17",124,-0.237994819288864,1.290014885246,TRUE,4452,"IFNG","Interferon gamma","IFN-g","P01579"
"X25962.51",123,-0.239893191610124,1.36375986297723,TRUE,4453,"WNK1","Serine/threonine-protein kinase WNK1","WNK1","Q9H4A3"
"X7754.11",125,-0.241704151611238,1.36609900618162,TRUE,4454,"JAG1","Protein jagged-1:Cytoplasmic domain","JAG1:CD","P78504"
"X10866.60",119,-0.242382587142633,1.19824732126888,TRUE,4455,"PPP4R3A","Serine/threonine-protein phosphatase 4 regulatory subunit 3A","P4R3A","Q6IN85"
"X20522.2",125,-0.242613622397562,1.34653650317396,TRUE,4456,"IL1RAPL1","Interleukin-1 receptor accessory protein-like 1","IRPL1","Q9NZN1"
"X7744.10",125,-0.244469434407492,1.32857091758257,TRUE,4457,"LRP12","Low-density lipoprotein receptor-related protein 12","LRP12","Q9Y561"
"X21710.16",125,-0.244592335865103,1.32580986860001,TRUE,4458,"NLGN4Y","Neuroligin-4, Y-linked","NLGNY","Q8NFZ3"
"X21196.29",125,-0.244862719071848,1.34544709419295,TRUE,4459,"SAMSN1","SAM domain-containing protein SAMSN-1","SAMN1","Q9NSI8"
"X25076.2",124,-0.24542198329315,1.31598937732238,TRUE,4460,"SELENBP1","Selenium-binding protein 1","Selenium-binding protein 1","Q13228"
"X8348.4",124,-0.245472343050668,1.29512306448638,TRUE,4461,"EPHB2","Ephrin type-B receptor 2","EPHB2","P29323"
"X23314.46",125,-0.245692303910724,1.27460083455227,TRUE,4462,"CCDC103","Coiled-coil domain-containing protein 103","CC103","Q8IW40"
"X19159.9",125,-0.245913526534425,1.2714743057742,TRUE,4463,"POLD4","DNA polymerase delta subunit 4","DNA polymerase subunit delta 4","Q9HCU8"
"X5063.12",122,-0.246570407849643,1.2423646625195,TRUE,4464,"CD244","Natural killer cell receptor 2B4","CD244","Q9BZW8"
"X23652.15",123,-0.247431390886517,1.33440577081537,TRUE,4465,"PIPOX","Peroxisomal sarcosine oxidase","SOX","Q9P0Z9"
"X6231.46",122,-0.248667316621776,1.23427604234394,TRUE,4466,"STC2","Stanniocalcin-2","STC2","O76061"
"X20073.22",124,-0.250313174742064,1.24886535063198,TRUE,4467,"KRAS","GTPase KRas","K-ras","P01116"
"X4128.27",125,-0.25141336676253,1.30926181347663,TRUE,4468,"CCL24","C-C motif chemokine 24","Eotaxin-2","O00175"
"X7915.31",125,-0.252335127694614,1.32538097404288,TRUE,4469,"APLP2","Amyloid-like protein 2","APLP2","Q06481"
"X21889.2",125,-0.252912764545388,1.35165449620507,TRUE,4470,"GGCT","Uncharacterized protein C7orf24","CG024","O75223"
"X5346.24",125,-0.253109406877566,1.37064725558984,TRUE,4471,"CPNE1","Copine-1:Ca2+-dependent membrane-targeting module domains 1 and 2","CPNE1:C2, 1 and 2","Q99829"
"X7233.73",122,-0.253213919825506,1.32068167099288,TRUE,4472,"P2RX6","P2X purinoceptor 6","P2RX6","O15547"
"X6455.52",125,-0.254916058304452,1.36960536956016,TRUE,4473,"HAPLN4","Hyaluronan and proteoglycan link protein 4","HPLN4","Q86UW8"
"X5248.68",125,-0.25511884570951,1.32980601427093,TRUE,4474,"PPIF","Peptidyl-prolyl cis-trans isomerase F, mitochondrial","Cyclophilin F","P30405"
"X6921.24",125,-0.255297052823046,1.29645267088597,TRUE,4475,"B4GALT3","Beta-1,4-galactosyltransferase 3","B4GT3","O60512"
"X13553.4",121,-0.255571476479376,1.38902148656939,TRUE,4476,"DCUN1D3","DCN1-like protein 3","DCNL3","Q8IWE4"
"X3404.51",123,-0.258665170336545,1.34406520251166,TRUE,4477,"TPSG1","Tryptase gamma","TPSG1","Q9NRR2"
"X13041.47",125,-0.259272914976772,1.29552190370784,TRUE,4478,"TRAF4","TNF receptor-associated factor 4","TRAF4","Q9BUZ4"
"X21350.29",124,-0.260135656169838,1.10156735738738,TRUE,4479,"LIN28B","Protein lin-28 homolog B","LN28B","Q6ZN17"
"X9051.13",125,-0.262290145761129,1.34163469585249,TRUE,4480,"IL32","Interleukin-32","IL32","P24001"
"X19774.8",125,-0.26284320232038,1.33111804138166,TRUE,4481,"HBG2","Hemoglobin subunit gamma-2","HBG2","P69892"
"X7122.31",123,-0.262876142010842,1.29922147735312,TRUE,4482,"LGR5","Leucine-rich repeat-containing G-protein coupled receptor 5","LGR5","O75473"
"X19189.2",122,-0.263799382654849,1.13313430278071,TRUE,4483,"USP14","Ubiquitin carboxyl-terminal hydrolase 14","UBP14","P54578"
"X18304.19",123,-0.264279817342174,1.3176993432234,TRUE,4484,"BCCIP","BRCA2 and CDKN1A-interacting protein","BCCIP","Q9P287"
"X23529.11",123,-0.266133271415626,1.29584132969093,TRUE,4485,"STARD7","StAR-related lipid transfer protein 7, mitochondrial","STAR7","Q9NQZ5"
"X9863.1",123,-0.26629043181012,1.2886596844168,TRUE,4486,"TPM4","Tropomyosin alpha-4 chain","Tropomyosin 4","P67936"
"X21759.23",122,-0.268221911569819,1.2636193290446,TRUE,4487,"USP1|WDR48","UBP1/WDR48 Complex","UBP1/WDR48 Complex","O94782|Q8TAF3"
"X5301.7",123,-0.269794380949924,1.35803311990969,TRUE,4488,"CCL11","Eotaxin","Eotaxin","P51671"
"X21999.61",125,-0.270094388319445,1.34129885324372,TRUE,4489,"NUCB2","Nucleobindin-2","NUCB2","P80303"
"X23425.19",125,-0.271157485927783,1.42027432849839,TRUE,4490,"ERMN","Ermin","ERMIN","Q8TAM6"
"X6997.32",125,-0.272066956714107,1.24909682632901,TRUE,4491,"RAB26","Ras-related protein Rab-26","RAB26","Q9ULW5"
"X13930.3",122,-0.272759720409141,1.2040467090795,TRUE,4492,"APOBEC3G","DNA dC->dU-editing enzyme APOBEC-3G","ABC3G","Q9HC16"
"X7141.21",123,-0.272873271867109,1.17178833900105,TRUE,4493,"MGAT4B","Alpha-1,3-mannosyl-glycoprotein 4-beta-N-acetylglucosaminyltransferase B","MGT4B","Q9UQ53"
"X7049.2",125,-0.27329597129022,1.41144694431166,TRUE,4494,"ADAM23","Disintegrin and metalloproteinase domain-containing protein 23","ADAM 23","O75077"
"X23350.66",123,-0.273473678779201,1.3568694016636,TRUE,4495,"FAM118B","Protein FAM118B","F118B","Q9BPY3"
"X22496.21",124,-0.274064095381381,1.3262434983672,TRUE,4496,"LYRM1","LYR motif-containing protein 1","LYRM1","O43325"
"X9947.22",124,-0.275379744046532,1.45941173436675,TRUE,4497,"TOPBP1","DNA topoisomerase 2-binding protein 1","TOPB1","Q92547"
"X3585.54",125,-0.275876901900057,1.29883909484905,TRUE,4498,"BSG","Basigin","BASI","P35613"
"X9040.144",122,-0.276340358310172,1.31889249881177,TRUE,4499,"EPDR1","Mammalian ependymin-related protein 1","EPDR1","Q9UM22"
"X13992.12",124,-0.276401806650615,1.34827594897593,TRUE,4500,"NSF","Vesicle-fusing ATPase","NSF","P46459"
"X12345.4",123,-0.276792394417069,1.41654982327804,TRUE,4501,"ANAPC10","Anaphase-promoting complex subunit 10","APC10","Q9UM13"
"X3888.8",122,-0.278195836596836,1.41888645494079,TRUE,4502,"ING1","Inhibitor of growth protein 1","ING1","Q9UK53"
"X4840.73",124,-0.278256545194735,1.35977524927306,TRUE,4503,"CSF3","Granulocyte colony-stimulating factor","G-CSF","P09919"
"X9728.4",123,-0.278566084466345,1.47591858108741,TRUE,4504,"CCNB1IP1","E3 ubiquitin-protein ligase CCNB1IP1","CIP1","Q9NPC3"
"X15381.45",123,-0.278817625964242,1.24091322844969,TRUE,4505,"DDR2","Discoidin domain-containing receptor 2","Discoidin domain receptor 2","Q16832"
"X8403.18",124,-0.279150430890675,1.31057239366573,TRUE,4506,"FASN","Fatty acid synthase","Fatty acid synthase","P49327"
"X9244.27",121,-0.279253949757459,1.35387543576856,TRUE,4507,"PPT1","Palmitoyl-protein thioesterase 1","PPT1","P50897"
"X10070.22",125,-0.279563945628395,1.3504857104699,TRUE,4508,"PLCG2","1-phosphatidylinositol 4,5-bisphosphate phosphodiesterase gamma-2","PLCG2","P16885"
"X15319.226",122,-0.28041614615349,1.33144551864107,TRUE,4509,"CCNA1","Cyclin-A1","CCNA1","P78396"
"X21378.7",123,-0.280464640796674,1.28528657565308,TRUE,4510,"PNPT1","Polyribonucleotide nucleotidyltransferase 1, mitochondrial","PNPT1","Q8TCS8"
"X3723.1",125,-0.281315291399356,1.2465223766886,TRUE,4511,"NPPB","Brain natriuretic peptide 32","BNP-32","P16860"
"X12363.70",123,-0.281528851394277,1.36476950684984,TRUE,4512,"TRIB2","Tribbles homolog 2","TRIB2","Q92519"
"X25895.29",125,-0.283146523117764,1.39108369571333,TRUE,4513,"CASP5","Caspase-5","Caspase-5","P51878"
"X13494.6",123,-0.283304846979909,1.35632216234573,TRUE,4514,"CERS5","Ceramide synthase 5","CERS5","Q8N5B7"
"X21628.6",125,-0.283902367082074,1.39697309902088,TRUE,4515,"EEF1E1","Eukaryotic translation elongation factor 1 epsilon-1","MCA3","O43324"
"X7262.191",123,-0.284345089135987,1.41297447772222,TRUE,4516,"CHST14","Carbohydrate sulfotransferase 14","CHSTE","Q8NCH0"
"X24474.12",125,-0.284455423641324,1.12339972716778,TRUE,4517,"TTC9","Tetratricopeptide repeat protein 9A","TTC9A","Q92623"
"X8007.19",123,-0.284704440646264,1.37633229267431,TRUE,4518,"CTSB","Cathepsin B","Cathepsin B","P07858"
"X14065.11",125,-0.285045350637859,1.33091751003863,TRUE,4519,"CD5","T-cell surface glycoprotein CD5:Cytoplasmic domain","CD5:CD","P06127"
"X20592.8",118,-0.2851914620071,1.19472412125738,TRUE,4520,"LXN","Latexin","LXN","Q9BS40"
"X10372.18",125,-0.285758179092004,1.30472613229651,TRUE,4521,"STAT6","Signal transducer and activator of transcription 6","STAT6","P42226"
"X15619.49",125,-0.285924096059779,1.4071742184104,TRUE,4522,"MOG","Myelin-oligodendrocyte glycoprotein","MOG","Q16653"
"X19369.17",125,-0.288062581422216,1.33425986263786,TRUE,4523,"KAT2A","Histone acetyltransferase KAT2A","GCNL2","Q92830"
"X4143.74",124,-0.288215187243873,1.34178389349538,TRUE,4524,"XCL1","Lymphotactin","Lymphotactin","P47992"
"X13940.19",124,-0.288643245182774,1.40460245319511,TRUE,4525,"IFI16","Gamma-interferon-inducible protein 16:Isoform 2, Hematopoietic expression, interferon-inducible nature, and nuclear localization 1","IP16:HIN 1","Q16666"
"X22137.3",123,-0.289634333147366,1.32700589306729,TRUE,4526,"FAM102B","Protein FAM102B","F102B","Q5T8I3"
"X7917.17",124,-0.293700328911131,1.22058186493899,TRUE,4527,"CPD","Carboxypeptidase D","CBPD","O75976"
"X16915.153",125,-0.294539488238331,1.39738000034654,TRUE,4528,"SEMA4A","Semaphorin-4A","SEM4A","Q9H3S1"
"X5124.62",125,-0.295037239141656,1.39102332369879,TRUE,4529,"ICAM5","Intercellular adhesion molecule 5","sICAM-5","Q9UMF0"
"X17343.6",120,-0.296090239142061,1.36767821923661,TRUE,4530,"SNPH","Syntaphilin","SNPH","O15079"
"X8899.75",124,-0.296127964143853,1.41717657001224,TRUE,4531,"UGT1A8","UDP-glucuronosyltransferase 1-8","UD18","Q9HAW9"
"X24900.46",124,-0.296621185653809,1.43590161892689,TRUE,4532,"VPS9D1","VPS9 domain-containing protein 1","VP9D1","Q9Y2B5"
"X11265.8",125,-0.297421527419315,1.09728961502878,TRUE,4533,"ALDH1A1","Retinal dehydrogenase 1","Retinal dehydrogenase 1","P00352"
"X6965.19",125,-0.299080697097068,1.37334677209786,TRUE,4534,"CNTNAP2","Contactin-associated protein-like 2","CNTP2","Q9UHC6"
"X5124.69",125,-0.299701349458005,1.39816453271724,TRUE,4535,"ICAM5","Intercellular adhesion molecule 5","sICAM-5","Q9UMF0"
"X4866.59",125,-0.299811960769855,1.40887258798469,TRUE,4536,"NTRK2","BDNF/NT-3 growth factors receptor","TrkB","Q16620"
"X7956.11",120,-0.300677200902934,1.43863647751525,TRUE,4537,"MICOS10","MICOS complex subunit MIC10","MOS1","Q5TGZ0"
"X5082.51",122,-0.301362574316978,1.25661424254618,TRUE,4538,"IL1RAPL2","X-linked interleukin-1 receptor accessory protein-like 2","IL-1 sR9","Q9NP60"
"X23586.32",122,-0.302239040269676,1.11761420303752,TRUE,4539,"CTAG1A","Cancer/testis antigen 1B","Cancer/testis antigen 1B","P78358"
"X3038.9",121,-0.302369854475488,1.29610065990868,TRUE,4540,"CXCL11","C-X-C motif chemokine 11","I-TAC","O14625"
"X25115.21",122,-0.302439636995763,1.43740986824663,TRUE,4541,"FHOD1","FH1/FH2 domain-containing protein 1","FHOD1","Q9Y613"
"X19333.4",121,-0.302837011568232,1.285618114885,TRUE,4542,"HNRNPK","Heterogeneous nuclear ribonucleoprotein K","hnRNP K","P61978"
"X5726.49",125,-0.304070496276086,1.11214253295913,TRUE,4543,"SPAG11A","Sperm-associated antigen 11A","SG11A","Q6PDA7"
"X8931.124",124,-0.304103690740729,1.40011739414052,TRUE,4544,"G0S2","G0/G1 switch protein 2","G0S2","P27469"
"X12463.7",125,-0.304512941523487,1.16158418481159,TRUE,4545,"KLHL13","Kelch-like protein 13","KLH13","Q9P2N7"
"X5451.1",125,-0.304721874001426,1.39736333058357,TRUE,4546,"ALCAM","CD166 antigen","ALCAM","Q13740"
"X5352.11",122,-0.305731536837096,1.28736945567906,TRUE,4547,"TNFRSF14","Tumor necrosis factor receptor superfamily member 14","HVEM","Q92956"
"X25110.19",124,-0.306076200368255,1.34991945160623,TRUE,4548,"EXOC7","Exocyst complex component 7","EXOC7","Q9UPT5"
"X21131.109",120,-0.30625214881802,1.37650763450957,TRUE,4549,"TYW5","tRNA wybutosine-synthesizing protein 5","TYW5","A2RUC4"
"X5264.65",124,-0.30651055190973,1.29432777450636,TRUE,4550,"CALR","Calreticulin","calreticulin","P27797"
"X25922.7",123,-0.307521389020572,1.26278026285628,TRUE,4551,"LRP5","Low-density lipoprotein receptor-related protein 5","LRP5","O75197"
"X23327.1",123,-0.307796496478419,1.32482849525517,TRUE,4552,"BORCS5","BLOC-1-related complex subunit 5","BORC5","Q969J3"
"X21146.187",124,-0.308890042963033,1.24599774776156,TRUE,4553,"TULP1","Tubby-related protein 1","TULP1","O00294"
"X7967.38",122,-0.310930812829453,1.44130607553624,TRUE,4554,"POTEM","Putative POTE ankyrin domain family member M","POTEM","A6NI47"
"X9030.56",125,-0.31140771329548,1.27772954060629,TRUE,4555,"NDUFAF8","Uncharacterized protein C17orf89","CQ089","A1L188"
"X19383.131",124,-0.311449920368633,1.35129556574349,TRUE,4556,"CINP","Cyclin-dependent kinase 2-interacting protein","CINP","Q9BW66"
"X21343.3",123,-0.312145867799245,1.34150912953279,TRUE,4557,"ARC","Activity-regulated cytoskeleton-associated protein","ARC","Q7LC44"
"X11617.1",125,-0.312347909446206,1.40097306582272,TRUE,4558,"ITGAL","Integrin alpha-L","LFA-1 alpha-L chain","P20701"
"X23682.79",125,-0.313447877491827,1.35455828931795,TRUE,4559,"HENMT1","Small RNA 2'-O-methyltransferase","HENMT","Q5T8I9"
"X12351.25",124,-0.31533607163653,1.43219996428507,TRUE,4560,"STAT1","Signal transducer and activator of transcription 1-alpha/beta","STAT1","P42224"
"X6283.60",124,-0.316372586665995,1.10812863608846,TRUE,4561,"MCEMP1","Mast cell-expressed membrane protein 1","MCEM1","Q8IX19"
"X18171.25",123,-0.317131533204983,1.38845131796006,TRUE,4562,"CXCL11","C-X-C motif chemokine 11","I-TAC","O14625"
"X21437.77",124,-0.317770069937113,1.25581233240779,TRUE,4563,"MGMT","Methylated-DNA--protein-cysteine methyltransferase","MGMT","P16455"
"X12605.1",119,-0.317913599635339,1.35377083816565,TRUE,4564,"EXOSC3","Exosome complex component RRP40","Exosome component 3","Q9NQT5"
"X21856.59",125,-0.319629820809675,1.2409538394368,TRUE,4565,"KHK","Ketohexokinase","KHK","P50053"
"X22788.10",118,-0.320220902456663,1.19240271179608,TRUE,4566,"SULT6B1","Sulfotransferase 6B1","ST6B1","Q6IMI4"
"X17725.37",122,-0.320373975088156,1.30447283660064,TRUE,4567,"USH1C","Harmonin","USH1C","Q9Y6N9"
"X8250.2",125,-0.321381166580636,1.39324926146599,TRUE,4568,"PTPRJ","Receptor-type tyrosine-protein phosphatase eta","PTPRJ","Q12913"
"X11300.32",122,-0.32205070243796,1.04754752472059,TRUE,4569,"SORT1","Sortilin","SORT","Q99523"
"X11516.7",121,-0.322147923822687,1.2000723124532,TRUE,4570,"FABP1","Fatty acid-binding protein, liver","FABPL","P07148"
"X19786.26",120,-0.322694801473882,1.28750778582768,TRUE,4571,"MEP1A","Meprin A subunit alpha","MEP1A","Q16819"
"X17724.3",123,-0.323342653238264,1.43888122136013,TRUE,4572,"WWOX","WW domain-containing oxidoreductase","WWOX","Q9NZC7"
"X19325.21",124,-0.324090219505593,1.36225276878438,TRUE,4573,"ABHD14B","Protein ABHD14B","ABHEB","Q96IU4"
"X12475.48",122,-0.324258317387612,1.3769843431152,TRUE,4574,"CLIC5","Chloride intracellular channel protein 5","CLIC5","Q9NZA1"
"X25453.57",125,-0.324422977656515,1.10137723879459,TRUE,4575,"ROPN1B","Ropporin-1B","ROP1B","Q9BZX4"
"X25274.2",102,-0.324990103489227,1.30859554612394,TRUE,4576,"ANKRD2","Ankyrin repeat domain-containing protein 2","ANKR2","Q9GZV1"
"X23524.2",120,-0.32501232870052,1.02744282627546,TRUE,4577,"NTAN1","Protein N-terminal asparagine amidohydrolase","NTAN1","Q96AB6"
"X8463.2",122,-0.325104431049069,1.36615708794439,TRUE,4578,"SOD3","Extracellular superoxide dismutase [Cu-Zn]","SOD3","P08294"
"X12646.2",125,-0.325854779637686,1.38323095608206,TRUE,4579,"RPE","Ribulose-phosphate 3-epimerase","RPE","Q96AT9"
"X5724.58",124,-0.32597453692775,1.28363708640647,TRUE,4580,"SBSN","Suprabasin","SBSN","Q6UWP8"
"X3168.8",122,-0.326148599075965,1.23641971527201,TRUE,4581,"ADAMTS5","A disintegrin and metalloproteinase with thrombospondin motifs 5","ADAMTS-5","Q9UNA0"
"X8225.86",125,-0.326426271415579,1.34897937694831,TRUE,4582,"EPHB2","Ephrin type-B receptor 2","EPHB2","P29323"
"X4842.62",124,-0.326671157078379,1.20041173738576,TRUE,4583,"GPC3","Glypican-3","Glypican 3","P51654"
"X23967.8",125,-0.32850945112209,1.39233831283327,TRUE,4584,"PAGR1","PAXIP1-associated protein 1","PA1","Q9BTK6"
"X11377.19",123,-0.328515361718732,1.11494262656169,TRUE,4585,"ADH7","Alcohol dehydrogenase class 4 mu/sigma chain","ADH7","P40394"
"X24923.27",125,-0.328681513162746,1.34273651001897,TRUE,4586,"SCRN3","Secernin-3","SCRN3","Q0VDG4"
"X4140.3",125,-0.329406631762653,1.35485552038782,TRUE,4587,"IL7","Interleukin-7","IL-7","P13232"
"X20527.47",125,-0.329910527738859,1.32299172587152,TRUE,4588,"SEMA5B","Semaphorin-5B","SEM5B","Q9P283"
"X19263.147",124,-0.329994901074551,1.16868427853892,TRUE,4589,"EIF4E","Eukaryotic translation initiation factor 4E","IF4E","P06730"
"X3881.49",125,-0.33003342919647,1.37744887166984,TRUE,4590,"DYNLL1","Dynein light chain 1, cytoplasmic","DLC8","P63167"
"X10550.37",123,-0.330121352256933,1.26415194797337,TRUE,4591,"BMPR1B","Bone morphogenetic protein receptor type-1B","BMP RIB","O00238"
"X22784.4",123,-0.330344934341219,1.38788139273671,TRUE,4592,"SPATA22","Spermatogenesis-associated protein 22","SPT22","Q8NHS9"
"X10473.2",123,-0.330585735063159,1.17322511147038,TRUE,4593,"TFF2","Trefoil factor 2","Trefoil factor 2","Q03403"
"X9229.9",125,-0.331041221148883,1.2515347757155,TRUE,4594,"CTRL","Chymotrypsin-like protease CTRL-1","CTRL","P40313"
"X8376.25",122,-0.331405532238342,1.36557618293911,TRUE,4595,"LHB","Lutropin subunit beta","LSHB","P01229"
"X17829.2",122,-0.331566336731827,1.39640461192889,TRUE,4596,"TREX2","Three prime repair exonuclease 2","TREX2","Q9BQ50"
"X8832.55",123,-0.331804739929504,1.16922080338842,TRUE,4597,"BST2","Bone marrow stromal antigen 2","BST-2","Q10589"
"X15482.12",124,-0.332342924768817,1.08923451253945,TRUE,4598,"A2ML1","Alpha-2-macroglobulin-like protein 1","A2ML1","A8K2U0"
"X20948.16",125,-0.332374701963965,1.39502252333326,TRUE,4599,"NUDT16","U8 snoRNA-decapping enzyme","NUD16","Q96DE0"
"X19496.1",124,-0.333029076464997,1.2028554346263,TRUE,4600,"NPL","N-acetylneuraminate lyase","NPL","Q9BXD5"
"X20461.58",125,-0.33329646289605,1.33908868025009,TRUE,4601,"FAM50A","Protein FAM50A","FA50A","Q14320"
"X15525.294",125,-0.334488607034879,1.13913872535271,TRUE,4602,"ADH1C","Alcohol dehydrogenase 1C","ADH1G","P00326"
"X9057.19",122,-0.334567134189062,1.37745456819099,TRUE,4603,"ADRM1","Proteasomal ubiquitin receptor ADRM1","ADRM1","Q16186"
"X12712.9",123,-0.336758156529254,1.3462891394422,TRUE,4604,"HMG20A","High mobility group protein 20A","HM20A","Q9NP66"
"X22149.2",123,-0.337162316868274,1.14293697798137,TRUE,4605,"FUNDC1","FUN14 domain-containing protein 1","FUND1","Q8IVP5"
"X21769.10",125,-0.337303050414178,1.27671991013156,TRUE,4606,"XYLB","Xylulose kinase","XYLB","O75191"
"X18182.24",125,-0.337511982892117,1.32273821864098,TRUE,4607,"PCK1","Phosphoenolpyruvate carboxykinase, cytosolic [GTP]","PCKGC","P35558"
"X14713.46",124,-0.337544654800686,1.315165592119,TRUE,4608,"AZU1","Azurocidin","Azurocidin","P20160"
"X6281.51",125,-0.337733205515817,1.40972381250751,TRUE,4609,"ST3GAL2","CMP-N-acetylneuraminate-beta-galactosamide-alpha-2,3-sialyltransferase 2","SIA4B","Q16842"
"X25042.3",125,-0.337960573212398,1.26997367871289,TRUE,4610,"ME2","NAD-dependent malic enzyme, mitochondrial","MAOM","P23368"
"X21797.4",125,-0.338187940908979,1.36221174425027,TRUE,4611,"HLA-C","HLA-C","HLA-C","P10321"
"X20390.4",123,-0.338394262273935,1.29245704527764,TRUE,4612,"HMGN3","High mobility group nucleosome-binding domain-containing protein 3","HMGN3","Q15651"
"X10940.25",124,-0.340364792345341,1.40944335475648,TRUE,4613,"SRL","Sarcalumenin","SRCA","Q86TD4"
"X18429.10",122,-0.342091174079435,1.40972554359235,TRUE,4614,"CDH1","Cadherin-1","Cadherin E","P12830"
"X20091.138",125,-0.342858196298208,1.41584213624862,TRUE,4615,"EFNA1","Ephrin-A1","Ephrin-A1","P20827"
"X20928.39",125,-0.343687781137084,1.36096488056878,TRUE,4616,"TCEAL7","Transcription elongation factor A protein-like 7","TCAL7","Q9BRU2"
"X13978.122",123,-0.344598952555404,1.42724710042358,TRUE,4617,"TBX3","T-box transcription factor TBX3","Tbx3","O15119"
"X20586.18",125,-0.345199469065703,1.44085759358585,TRUE,4618,"CNTN3","Contactin-3","CNTN3","Q9P232"
"X9276.7",125,-0.345568173438537,1.09671865390974,TRUE,4619,"CPA2","Carboxypeptidase A2","CBPA2","P48052"
"X14068.29",125,-0.345844701718162,1.27341419541758,TRUE,4620,"CCL25","C-C motif chemokine 25","TECK","O15444"
"X2666.53",125,-0.346059779268982,1.13694586457528,TRUE,4621,"DCN","Decorin","Bone proteoglycan II","P07585"
"X19118.47",124,-0.346137261382056,1.39394925778261,TRUE,4622,"OSTF1","Osteoclast-stimulating factor 1","OSTF1","Q92882"
"X17148.7",118,-0.346202312033165,1.23387970840103,TRUE,4623,"BLVRB","Flavin reductase (NADPH)","BLVRB","P30043"
"X21189.9",125,-0.347036845856992,1.21843595754224,TRUE,4624,"NUBP1","Nucleotide-binding protein 1","NUBP1","P53384"
"X5834.18",123,-0.348303229072944,1.24667009728777,TRUE,4625,"IL9","Interleukin-9","IL-9","P15248"
"X3040.59",124,-0.352885447649623,1.21176919676157,TRUE,4626,"CCL3","C-C motif chemokine 3","MIP-1a","P10147"
"X11562.9",124,-0.354154798137966,1.40250660509431,TRUE,4627,"POLE2","DNA polymerase epsilon subunit 2","DPOE2","P56282"
"X17802.4",123,-0.355750625628854,1.19701874229444,TRUE,4628,"NANS","Sialic acid synthase","SIAS","Q9NR45"
"X21001.393",123,-0.356017143465263,1.49953821042494,TRUE,4629,"BRK1","Protein BRICK1","BRK1","Q8WUW1"
"X22838.39",123,-0.356457802573446,1.4434670300207,TRUE,4630,"ZNF230","Zinc finger protein 230","ZN230","Q9UIE0"
"X9886.28",124,-0.357170060147868,1.39934332485162,TRUE,4631,"XRCC4","DNA repair protein XRCC4","XRCC4","Q13426"
"X7986.98",125,-0.357723127596293,1.33051118653318,TRUE,4632,"NAALAD2","N-acetylated-alpha-linked acidic dipeptidase 2","NALD2","Q9Y3Q0"
"X22143.6",123,-0.358078996929904,1.37671849731177,TRUE,4633,"FBXO28","F-box only protein 28","FBX28","Q9NVF7"
"X6263.77",125,-0.358411375758917,1.15240730573916,TRUE,4634,"PLTP","Phospholipid transfer protein","PLTP","P55058"
"X13728.19",125,-0.35899515768257,1.34542380455158,TRUE,4635,"ERP29","Endoplasmic reticulum resident protein 29","ERP29","P30040"
"X21770.18",122,-0.359177225648245,1.36052658413385,TRUE,4636,"B3GAT1","Galactosylgalactosylxylosylprotein 3-beta-glucuronosyltransferase 1","B3GA1","Q9P2W7"
"X12459.13",125,-0.36051913575695,1.47383785008458,TRUE,4637,"PLEKHA1","Pleckstrin homology domain-containing family A member 1","PKHA1","Q9HB21"
"X13639.101",125,-0.360697342870486,1.40285284905544,TRUE,4638,"USO1","General vesicular transport factor p115","USO1","O60763"
"X6103.70",122,-0.360735000082621,1.40070489821888,TRUE,4639,"FCRL5","Fc receptor-like protein 5","FCRL5","Q96RD9"
"X18327.6",125,-0.361655974239855,1.38177792278575,TRUE,4640,"SNX5","Sorting nexin-5","SNX5","Q9Y5X3"
"X18859.7",124,-0.363536502840596,1.46849483087011,TRUE,4641,"EIF4EBP3","Eukaryotic translation initiation factor 4E-binding protein 3","4EBP3","O60516"
"X9180.6",124,-0.3649528665628,1.38862692639646,TRUE,4642,"IFNGR2","Interferon gamma receptor 2:Extracellular domain","INGR2:ECD","P38484"
"X13589.10",119,-0.367876016694443,1.33179612026866,TRUE,4643,"APBB3","Amyloid beta A4 precursor protein-binding family B member 3:Phosphotyrosine Interaction Domain 2, Isoform IV","APBB3:PID 2","O95704"
"X3446.7",124,-0.368199072121468,1.41752495043616,TRUE,4644,"IL18R1","Interleukin-18 receptor 1","IL-18 Ra","Q13478"
"X24318.13",122,-0.368589425816132,1.38039511480219,TRUE,4645,"FGD2","FYVE, RhoGEF and PH domain-containing protein 2","FGD2","Q7Z6J4"
"X15365.41",125,-0.36879654892707,1.33279640739165,TRUE,4646,"ADGRB3","Adhesion G protein-coupled receptor B3","BAI3","O60242"
"X13406.161",118,-0.368827819963549,1.35745382247427,TRUE,4647,"CD300C","CMRF35-like molecule 6","CLM6","Q08708"
"X20217.26",119,-0.369427182564413,1.31349275303779,TRUE,4648,"LMNB2","Lamin-B2","Lamin-B2","Q03252"
"X3007.7",125,-0.369626133765946,1.40545857751182,TRUE,4649,"SIGLEC9","Sialic acid-binding Ig-like lectin 9","Siglec-9","Q9Y336"
"X20953.34",124,-0.37041490145225,1.39893589109862,TRUE,4650,"MMACHC","Methylmalonic aciduria and homocystinuria type C protein","MMAC","Q9Y4U1"
"X2781.63",123,-0.370494467753014,1.40773316177801,TRUE,4651,"CCL4L1","C-C motif chemokine 4-like","LAG-1","Q8NHW4"
"X22512.18",124,-0.371103032592103,1.15983171174911,TRUE,4652,"NGDN","Neuroguidin","NGDN","Q8NEJ9"
"X6405.74",124,-0.37354547314417,1.27371817270496,TRUE,4653,"PSG2","Pregnancy-specific beta-1-glycoprotein 2","PSG2","P11465"
"X10447.18",123,-0.375551456360775,1.36687133782786,TRUE,4654,"PABPC3","Polyadenylate-binding protein 3","PABP3","Q9H361"
"X9774.59",124,-0.376258596540925,1.40723720754419,TRUE,4655,"RNF150","RING finger protein 150","RN150","Q9ULK6"
"X15431.31",120,-0.376781143752149,1.41392351551737,TRUE,4656,"OTC","Ornithine carbamoyltransferase, mitochondrial","OTCase","P00480"
"X25879.6",124,-0.377259493571282,1.31994526129933,TRUE,4657,"KAT5","Histone acetyltransferase KAT5","KAT5","Q92993"
"X17835.28",123,-0.377260223611778,1.48854910018906,TRUE,4658,"ANXA13","Annexin A13","ANX13","P27216"
"X8391.12",123,-0.378423613865697,1.19501915975012,TRUE,4659,"DEFB115","Beta-defensin 115","DB115","Q30KQ5"
"X18337.4",123,-0.37951362350809,1.39003588622264,TRUE,4660,"GMDS","GDP-mannose 4,6 dehydratase","GMDS","O60547"
"X3860.7",124,-0.379706276714278,1.31774873302038,TRUE,4661,"PSMA6","Proteasome subunit alpha type-6","PSA6","P60900"
"X22150.2",124,-0.380268479612231,1.33520323912383,TRUE,4662,"GABPB1","GA-binding protein subunit beta-1","GABP1","Q06547"
"X9233.71",125,-0.380822456554335,1.37865159015189,TRUE,4663,"TFPI2","Tissue factor pathway inhibitor 2","TFPI -2","P48307"
"X9204.33",124,-0.382478007018869,1.48743218953157,TRUE,4664,"POMC","Pro-opiomelanocortin","Corticotropin-lipotropin","P01189"
"X17744.31",125,-0.382567657252415,1.24941447099056,TRUE,4665,"RAB11A","Ras-related protein Rab-11A","RB11A","P62491"
"X7201.5",125,-0.382684413637146,1.12523651032997,TRUE,4666,"ISCU","Iron-sulfur cluster assembly enzyme ISCU, mitochondrial","ISCU","Q9H1K1"
"X7193.98",124,-0.382734157135033,1.31286820612471,TRUE,4667,"PCDHAC1","Protocadherin alpha-C1","PCDC1","Q9H158"
"X13387.55",125,-0.382758154511713,1.36544795733621,TRUE,4668,"EHF","ETS homologous factor","EHF","Q9NZC4"
"X10819.108",121,-0.382808053982277,1.5282889458942,TRUE,4669,"FBLN1","Fibulin-1","fibulin 1","P23142"
"X4234.8",125,-0.383003957426935,1.48778873500711,TRUE,4670,"IL1RL1","Interleukin-1 receptor-like 1","IL-1 R4","Q01638"
"X14025.18",125,-0.383040827864219,1.51248526605123,TRUE,4671,"TNFRSF9","Tumor necrosis factor receptor superfamily member 9","4-1BB","Q07011"
"X7753.21",123,-0.383078351951704,1.34887632747809,TRUE,4672,"HTATIP2","Oxidoreductase HTATIP2","HTAI2","Q9BUP3"
"X10558.26",125,-0.384060909962392,1.41874241269637,TRUE,4673,"PCDH9","Protocadherin-9","PCDH9","Q9HC56"
"X20215.45",119,-0.384613741012574,1.33637477635132,TRUE,4674,"ITGAV|ITGB1","Integrin alpha-V: beta-1 complex","Integrin aVb1","P06756|P05556"
"X9394.19",125,-0.384736867979254,1.38345069918743,TRUE,4675,"CPQ","Carboxypeptidase Q","Aminopeptidase","Q9Y646"
"X21579.35",121,-0.385236072437552,1.50033817256656,TRUE,4676,"MYBPC3","Myosin-binding protein C, cardiac-type","MYPC3","Q14896"
"X18326.50",124,-0.385548008586339,1.38415226253131,TRUE,4677,"MAGEA8","Melanoma-associated antigen 8","MAGA8","P43361"
"X15368.3",125,-0.385744659931667,1.39935763882582,TRUE,4678,"BMPER","BMP-binding endothelial regulator protein","BMPER","Q8N8U9"
"X2441.2",124,-0.386651558786963,1.22563362760574,TRUE,4679,"FGF10","Fibroblast growth factor 10","FGF-10","O15520"
"X7849.3",122,-0.388536926325808,1.46042471138608,TRUE,4680,"QPCT","Glutaminyl-peptide cyclotransferase","Glutaminyl cyclase","Q16769"
"X21348.22",125,-0.388688149841457,1.20330384554774,TRUE,4681,"TRPT1","tRNA 2'-phosphotransferase 1","TRPT1","Q86TN4"
"X10043.31",125,-0.388792616080427,1.50851102140801,TRUE,4682,"BRD4","Bromodomain-containing protein 4","BRD4","O60885"
"X21156.5",122,-0.389068267969212,1.49822219077793,TRUE,4683,"CHAC2","Putative glutathione-specific gamma-glutamylcyclotransferase 2","CHAC2","Q8WUX2"
"X10785.8",121,-0.389074821820547,1.29896730868333,TRUE,4684,"LRRC52","Leucine-rich repeat-containing protein 52","LRC52","Q8N7C0"
"X24320.3",118,-0.391144908797382,1.44296572715225,TRUE,4685,"TRIM72","Tripartite motif-containing protein 72","TRI72","Q6ZMU5"
"X13653.335",124,-0.39183038833668,1.19415161125099,TRUE,4686,"MACROD1","O-acetyl-ADP-ribose deacetylase MACROD1","MACD1","Q9BQ69"
"X8245.27",125,-0.39198190890544,1.43760995264612,TRUE,4687,"ICAM5","Intercellular adhesion molecule 5","sICAM-5","Q9UMF0"
"X21395.23",125,-0.392713172578227,1.39759170924781,TRUE,4688,"PCDH17","Protocadherin-17","PCD17","O14917"
"X11333.82",122,-0.393111379905217,1.45723559160141,TRUE,4689,"ARHGAP25","Rho GTPase-activating protein 25","RHG25","P42331"
"X9794.17",123,-0.393404452929491,1.18081669881594,TRUE,4690,"COQ8B","AarF domain-containing protein kinase 4","ADCK4","Q96D53"
"X8474.6",125,-0.393419855959492,1.45394021984123,TRUE,4691,"ROR1","Inactive tyrosine-protein kinase transmembrane receptor ROR1","ROR1","Q01973"
"X5590.11",124,-0.393538233951812,1.42411611470153,TRUE,4692,"ZPLD1","Zona pellucida-like domain-containing protein 1","ZPLD1","Q8TCW7"
"X15318.75",119,-0.39397522141542,1.5100816754694,TRUE,4693,"S100A10","Protein S100-A10","Calpactin I light chain","P60903"
"X20195.13",124,-0.394700894515193,1.25737036006004,TRUE,4694,"IFIH1","Interferon-induced helicase C domain-containing protein 1","IFIH1","Q9BYX4"
"X9604.14",124,-0.39521078706006,1.43193721119572,TRUE,4695,"CDH11","Cadherin-11:Extracellular domain","Cadherin-11:ECD","P55287"
"X4541.49",125,-0.395957771059165,1.30175689577117,TRUE,4696,"CDON","Cell adhesion molecule-related/down-regulated by oncogenes","CDON","Q4KMG0"
"X9865.40",123,-0.396341050472606,1.31073884001581,TRUE,4697,"UBE2B","Ubiquitin-conjugating enzyme E2 B","UBE2B","P63146"
"X3025.50",117,-0.397129079034633,1.2803673737036,TRUE,4698,"FGF2","Fibroblast growth factor 2","bFGF","P09038"
"X24407.31",124,-0.400431204066538,1.16398589824528,TRUE,4699,"KIF3C","Kinesin-like protein KIF3C","KIF3C","O14782"
"X20547.5",124,-0.401989821130125,1.38081565247895,TRUE,4700,"CHRNB3","Neuronal acetylcholine receptor subunit beta-3","ACHB3","Q05901"
"X9300.13",124,-0.404974285048817,1.46293494472934,TRUE,4701,"NECTIN1","Nectin-1, isoform gamma:Extracellular domain","nectin-1 gamma:ECD","Q15223"
"X24469.10",124,-0.405496767533064,1.25738913630462,TRUE,4702,"LPIN1","Phosphatidate phosphatase LPIN1","LPIN1","Q14693"
"X12627.97",125,-0.406097141312096,1.46292161173556,TRUE,4703,"ATG7","Ubiquitin-like modifier-activating enzyme ATG7","ATG7","O95352"
"X4549.78",122,-0.406332724142147,1.31516852069616,TRUE,4704,"FUT5","Alpha-(1,3)-fucosyltransferase 5","FUT5","Q11128"
"X5825.49",124,-0.406623567107524,1.47458615989375,TRUE,4705,"IFNGR1","Interferon gamma receptor 1","IFN-g R1","P15260"
"X21132.9",123,-0.406640609883518,1.52736793541195,TRUE,4706,"SYT13","Synaptotagmin-13","SYT13","Q7L8C5"
"X7867.154",124,-0.407280109532128,1.27951167595247,TRUE,4707,"ST6GALNAC1","Alpha-N-acetylgalactosaminide alpha-2,6-sialyltransferase 1","SIA7A","Q9NSC7"
"X13039.1",123,-0.407315916940511,1.43883403544186,TRUE,4708,"PPP1R8","Nuclear inhibitor of protein phosphatase 1","PP1R8","Q12972"
"X9385.4",123,-0.407636492631172,1.1628619413985,TRUE,4709,"GAA","Lysosomal alpha-glucosidase","GAA","P10253"
"X14074.2",124,-0.408633523755567,1.45867681015085,TRUE,4710,"SHC2","SHC-transforming protein 2","SHC2","P98077"
"X7064.2",123,-0.409026998439173,1.31045679957808,TRUE,4711,"VAMP8","Vesicle-associated membrane protein 8","VAMP8","Q9BV40"
"X10037.98",124,-0.409984357148028,1.42209146271357,TRUE,4712,"SIGLEC12","Sialic acid-binding Ig-like lectin 12:Ig-like V-type 2 domain, Isoform long","SIG12:Ig-like V-type 2","Q96PQ1"
"X9582.93",125,-0.410878008013175,1.37850011650275,TRUE,4713,"SUSD1","Sushi domain-containing protein 1","SUSD1","Q6UWL2"
"X23200.25",125,-0.411959540840154,1.37637669161231,TRUE,4714,"C1QTNF4","Complement C1q tumor necrosis factor-related protein 4","C1QT4","Q9BXJ3"
"X24677.106",123,-0.41347161621341,1.4614573218507,TRUE,4715,"RER1","Protein RER1","RER1","O15258"
"X21588.4",121,-0.414253097836765,1.44518575592495,TRUE,4716,"KCTD4","BTB/POZ domain-containing protein KCTD4","KCTD4","Q8WVF5"
"X20994.37",124,-0.414599293704401,1.16866894913974,TRUE,4717,"PLEKHF2","Pleckstrin homology domain-containing family F member 2","PKHF2","Q9H8W4"
"X22112.30",125,-0.414933756114348,1.21950471289966,TRUE,4718,"COQ5","2-methoxy-6-polyprenyl-1,4-benzoquinol methylase, mitochondrial","COQ5","Q5HYK3"
"X8065.245",124,-0.415155091827581,1.40990485055265,TRUE,4719,"PATE4","Prostate and testis expressed protein 4","PATE4","P0C8F1"
"X18918.86",124,-0.416248575763108,1.42512331981454,TRUE,4720,"PDE4A","cAMP-specific 3',5'-cyclic phosphodiesterase 4A","PDE4A","P27815"
"X23661.61",123,-0.416638448961427,1.54115999213622,TRUE,4721,"XPNPEP3","Probable Xaa-Pro aminopeptidase 3","XPP3","Q9NQH7"
"X10024.44",125,-0.416654376520906,1.21471050606726,TRUE,4722,"HOGA1","4-hydroxy-2-oxoglutarate aldolase, mitochondrial","HOGA1","Q86XE5"
"X7892.132",125,-0.416875599144606,1.39620139701898,TRUE,4723,"FAM234B","Protein FAM234B:N-term","K1467:N-term","A2RU67"
"X3324.51",122,-0.417031022277743,1.41824286940002,TRUE,4724,"LY9","T-lymphocyte surface antigen Ly-9","LY9","Q9HBG7"
"X8363.18",122,-0.418603037163111,1.49295586749606,TRUE,4725,"ELAPOR2","UPF0577 protein KIAA1324-like","K132L","A8MWY0"
"X12822.34",123,-0.41860375119321,1.51394903299578,TRUE,4726,"APBB1","Amyloid beta A4 precursor protein-binding family B member 1:Phosphotyrosine Interaction Domain 1","APBB1:PID 1","O00213"
"X11712.207",124,-0.418923937881239,1.45464247929222,TRUE,4727,"UNC45A","Protein unc-45 homolog A","UN45A","Q9H3U1"
"X2869.68",124,-0.41898242135247,1.35393619722067,TRUE,4728,"PRKCD","Protein kinase C delta type","PKC-D","Q05655"
"X9565.6",124,-0.419011258446983,1.29792446172034,TRUE,4729,"PAWR","PRKC apoptosis WT1 regulator protein","PAWR","Q96IZ0"
"X11911.13",125,-0.419474964973085,1.413280577124,TRUE,4730,"LRRC4B","Leucine-rich repeat-containing protein 4B:Cytoplasmic domain","LRC4B:CD","Q9NT99"
"X24436.23",125,-0.419960425730649,1.44832551826712,TRUE,4731,"DLGAP4","Disks large-associated protein 4","DLGP4","Q9Y2H0"
"X8772.5",125,-0.420169358208588,1.24465008496533,TRUE,4732,"EFNB2","Ephrin-B2:Cytoplasmic domain","EFNB2:CD","P52799"
"X5351.52",125,-0.420501192144139,1.21074109496073,TRUE,4733,"HNRNPA2B1","Heterogeneous nuclear ribonucleoproteins A2/B1","hnRNP A2/B1","P22626"
"X2683.1",125,-0.421152569869479,1.16313058581333,TRUE,4734,"C3","Complement C3b, inactivated","iC3b","P01024"
"X7856.51",121,-0.421266217269063,1.12921783970888,TRUE,4735,"FAM151A","Protein FAM151A","F151A","Q8WW52"
"X5441.67",125,-0.421441388294865,1.48092889880345,TRUE,4736,"TNNI3","Troponin I, cardiac muscle","Troponin I","P19429"
"X3448.13",125,-0.422535211267606,1.39650141731153,TRUE,4737,"INSR","Insulin receptor","IR","P06213"
"X7147.35",125,-0.425269768699457,1.3622116753768,TRUE,4738,"WFDC8","WAP four-disulfide core domain protein 8","WFDC8","Q8IUA0"
"X2635.61",125,-0.425454120885874,1.52419331895361,TRUE,4739,"LAYN","Layilin","Layilin","Q6UX15"
"X24676.105",125,-0.426676990389106,1.48025671116623,TRUE,4740,"CFAP298","Uncharacterized protein C21orf59","CU059","P57076"
"X10612.18",124,-0.426861894659977,1.14664928737477,TRUE,4741,"PLOD3","Procollagen-lysine,2-oxoglutarate 5-dioxygenase 3","PLOD3","O60568"
"X9742.59",125,-0.427033404616179,1.44597009428824,TRUE,4742,"DDX39B","Spliceosome RNA helicase DDX39B","BAT1","Q13838"
"X9302.90",124,-0.427345719618403,1.26479919534034,TRUE,4743,"GADD45GIP1","Growth arrest and DNA damage-inducible proteins-interacting protein 1","G45IP","Q8TAE8"
"X3858.5",125,-0.427395963916132,1.16037536054,TRUE,4744,"ACP1","Low molecular weight phosphotyrosine protein phosphatase","PPAC","P24666"
"X10078.5",124,-0.42769912562871,1.37212478490576,TRUE,4745,"BAG3","BAG family molecular chaperone regulator 3","BAG3","O95817"
"X7960.53",123,-0.427987268253513,1.45128023705051,TRUE,4746,"POTEG","POTE ankyrin domain family member G","POTEG","Q6S5H5"
"X19575.4",125,-0.428004326131308,1.13976498939637,TRUE,4747,"EPOR","Erythropoietin receptor","EPO-R","P19235"
"X8897.3",122,-0.428325924946709,1.46714522943505,TRUE,4748,"LRRC37A2","Leucine-rich repeat-containing protein 37A2","L37A2","A6NM11"
"X6485.59",121,-0.428373988421684,1.49637567256359,TRUE,4749,"IGLL1","Immunoglobulin lambda-like polypeptide 1","IGLL1","P15814"
"X16618.7",125,-0.428809330678662,1.36689940616078,TRUE,4750,"CD69","Early activation antigen CD69","CD69","Q07108"
"X22952.28",123,-0.429109519463641,1.54470652950899,TRUE,4751,"CDK2AP2","Cyclin-dependent kinase 2-associated protein 2","CDKA2","O75956"
"X6556.5",125,-0.430069070619178,1.47750411267931,TRUE,4752,"ENPP5","Ectonucleotide pyrophosphatase/phosphodiesterase family member 5","ENPP5","Q9UJA9"
"X2449.1",124,-0.432382583077862,1.44327226818706,TRUE,4753,"PLA2G5","Calcium-dependent phospholipase A2","GV","P39877"
"X8257.71",123,-0.432779409915154,1.57934520767817,TRUE,4754,"OXT","Oxytocin-neurophysin 1","NEU1","P01178"
"X3766.51",125,-0.43379912985768,1.29745511610181,TRUE,4755,"STX1A","Syntaxin-1A","STX1a","Q16623"
"X12707.26",125,-0.434087948283067,1.24964452296673,TRUE,4756,"DPYSL3","Dihydropyrimidinase-related protein 3","DPYL3","Q14195"
"X13497.34",124,-0.434845695041153,1.29855040354341,TRUE,4757,"EIF3J","Eukaryotic translation initiation factor 3 subunit J","EIF3J","O75822"
"X13109.82",125,-0.435077305016838,1.40463471886725,TRUE,4758,"NEGR1","Neuronal growth regulator 1","NEGR1","Q7Z3B1"
"X16932.5",125,-0.436545977435292,1.43472390599923,TRUE,4759,"SULT1E1","Estrogen sulfotransferase","SULT 1E","P49888"
"X18831.6",125,-0.436681169038665,1.32748244657628,TRUE,4760,"LRIG1","Leucine-rich repeats and immunoglobulin-like domains protein 1","LRIG1","Q96JA1"
"X23291.18",123,-0.437819464734318,1.32223644219254,TRUE,4761,"PID1","PTB-containing, cubilin and LRP1-interacting protein","PCLI1","Q7Z2X4"
"X23580.2",122,-0.437858988849451,1.41641393005487,TRUE,4762,"PRR15","Proline-rich protein 15","PRR15","Q8IV56"
"X12636.113",123,-0.437890412107492,1.4218985286908,TRUE,4763,"SMYD2","N-lysine methyltransferase SMYD2","SMYD2","Q9NRG4"
"X15567.2",123,-0.439306526148776,1.57727190315409,TRUE,4764,"CD247","T-cell surface glycoprotein CD3 zeta chain","CD3-zeta","P20963"
"X18416.3",122,-0.439707850686584,1.55360660685474,TRUE,4765,"ARL9","ADP-ribosylation factor-like protein 9","ARL9","Q6T311"
"X4125.52",120,-0.440558711989665,1.28677385556244,TRUE,4766,"AGER","Advanced glycosylation end product-specific receptor, soluble","sRAGE","Q15109"
"X21144.160",124,-0.441806152703375,1.51386363819193,TRUE,4767,"SGK1","Serine/threonine-protein kinase Sgk1","SGK1","O00141"
"X17786.5",124,-0.443178456095734,1.23064792157768,TRUE,4768,"GGPS1","Geranylgeranyl pyrophosphate synthase","GGPPS","O95749"
"X23572.186",124,-0.445666713878791,1.48577803648849,TRUE,4769,"TYW3","tRNA wybutosine-synthesizing protein 3 homolog","TYW3","Q6IPR3"
"X10910.6",123,-0.447491220319197,1.53870106489306,TRUE,4770,"CEACAM4","Carcinoembryonic antigen-related cell adhesion molecule 4","CEAM4","O75871"
"X23395.5",123,-0.448543639224994,1.51175373118361,TRUE,4771,"KHDRBS2","KH domain-containing, RNA-binding, signal transduction-associated protein 2","KHDR2","Q5VWX1"
"X7775.15",121,-0.450664625140581,1.34891420387684,TRUE,4772,"KLK11","Kallikrein-11","Kallikrein 11","Q9UBX7"
"X5105.2",125,-0.450882432465649,1.39388162903268,TRUE,4773,"RTN4R","Reticulon-4 receptor","Nogo Receptor","Q9BZR6"
"X10565.19",125,-0.451208121328319,1.41799599880229,TRUE,4774,"SLITRK3","SLIT and NTRK-like protein 3","SLIK3","O94933"
"X19209.6",123,-0.45200893936902,1.60202047435426,TRUE,4775,"NFKBIA","NF-kappa-B inhibitor alpha","IKB-alpha","P25963"
"X11342.59",124,-0.453182884031286,1.27379797092946,TRUE,4776,"PLXDC2","Plexin domain-containing protein 2:Cytoplasmic domain","PXDC2:CD","Q6UX71"
"X17145.1",117,-0.453208135369674,1.28622023052277,TRUE,4777,"S100A8|S100A9","Protein S100-A8/A9 heterodimer","S100A8/S100A9","P05109|P06702"
"X17832.12",116,-0.453617125984252,1.43567718352423,TRUE,4778,"IDI2","Isopentenyl-diphosphate delta-isomerase 2","IDI2","Q9BXS1"
"X22511.28",125,-0.453801342083917,1.15146569361354,TRUE,4779,"NFYA","Nuclear transcription factor Y subunit alpha","NFYA","P23511"
"X17411.55",124,-0.454630722502872,1.46909402508139,TRUE,4780,"UFD1","Ubiquitin recognition factor in ER-associated degradation protein 1","UFD1","Q92890"
"X6533.20",124,-0.454926585147066,1.26868500160186,TRUE,4781,"DNASE2B","Deoxyribonuclease-2-beta","DNS2B","Q8WZ79"
"X18928.10",124,-0.456492316989494,1.52395031449194,TRUE,4782,"S100Z","Protein S100-Z","S100Z","Q8WXG8"
"X21643.8",125,-0.456972199690288,1.32971942912466,TRUE,4783,"RPS20","40S ribosomal protein S20","RS20","P60866"
"X17855.28",125,-0.457549836541061,1.39475940052759,TRUE,4784,"RGS4","Regulator of G-protein signaling 4","RGS4","P49798"
"X8766.29",124,-0.459173974077315,1.18805877201002,TRUE,4785,"LILRA5","Leukocyte immunoglobulin-like receptor subfamily A member 5","LIRA5","A6NI73"
"X24678.10",121,-0.461218738038055,1.57771901605135,TRUE,4786,"AVEN","Cell death regulator Aven","AVEN","Q9NQS1"
"X5749.53",124,-0.461270198983992,1.59945766969087,TRUE,4787,"CLPS","Colipase","COL","P04118"
"X20396.70",124,-0.461289083893061,1.51703874404002,TRUE,4788,"COMMD6","COMM domain-containing protein 6","COMD6","Q7Z4G1"
"X21369.15",122,-0.461334831534941,1.32642712693389,TRUE,4789,"RTCA","RNA 3'-terminal phosphate cyclase","RTCA","O00442"
"X8686.342",121,-0.461355537187843,1.29092881319982,TRUE,4790,"HIKESHI","Protein Hikeshi","HIKES","Q53FT3"
"X15670.15",125,-0.461691615662562,1.31274354040185,TRUE,4791,"C1QL2","Complement C1q-like protein 2","C1QL2","Q7Z5L3"
"X23526.25",123,-0.462371971827352,1.43571768338707,TRUE,4792,"KTI12","Protein KTI12 homolog","KTI12","Q96EK9"
"X12477.42",122,-0.462566014290152,1.25723655194297,TRUE,4793,"TSN","Translin","TSN","Q15631"
"X5228.25",125,-0.462767003416661,1.51006916791952,TRUE,4794,"KIF23","Kinesin-like protein KIF23","KIF23","Q02241"
"X7249.37",125,-0.463240174028464,1.35082435530814,TRUE,4795,"BCL2L10","Bcl-2-like protein 10","B2L10","Q9HD36"
"X24948.79",125,-0.463350785340314,1.38247861348027,TRUE,4796,"PSPC1","Paraspeckle component 1","PSPC1","Q8WXF1"
"X23268.15",124,-0.463744122072052,1.44966628945709,TRUE,4797,"FRG1","Protein FRG1","FRG1","Q14331"
"X20066.19",124,-0.464309432608265,1.55492621582812,TRUE,4798,"FZD5","Frizzled-5","Frizzled-5","Q13467"
"X12437.18",125,-0.464377012511368,1.3463975437571,TRUE,4799,"ULK3","Serine/threonine-protein kinase ULK3","ULK3","Q6PHR2"
"X9172.69",122,-0.467744920485941,1.27824908963203,TRUE,4800,"MMP8","Neutrophil collagenase","MMP-8","P22894"
"X11573.3",125,-0.468549516997272,1.50393997231825,TRUE,4801,"SRSF6","Serine/arginine-rich splicing factor 6","SRSF6","Q13247"
"X10955.4",125,-0.468598677580316,1.57650748715149,TRUE,4802,"CLEC10A","C-type lectin domain family 10 member A","CLC10","Q8IUN9"
"X15486.126",122,-0.469248412021706,1.39698410320591,TRUE,4803,"AOC1","Amiloride-sensitive amine oxidase [copper-containing]","ABP1","P19801"
"X15570.99",122,-0.470530692100758,1.29106162313849,TRUE,4804,"CR2","Complement receptor type 2","Complement receptor type 2","P20023"
"X12936.38",122,-0.470630225717968,1.46962789340967,TRUE,4805,"RLBP1","Retinaldehyde-binding protein 1","RLBP1","P12271"
"X21685.29",125,-0.470669567141066,1.51711405588153,TRUE,4806,"DCC","DCC","DCC","P43146"
"X16756.30",125,-0.471351670230809,1.49538412363981,TRUE,4807,"GDF7","Growth/differentiation factor 7","GDF7","Q7Z4P5"
"X9942.2",125,-0.471849421134135,1.51506441623679,TRUE,4808,"NXT1","NTF2-related export protein 1","NXT1","Q9UKK6"
"X5337.64",123,-0.472099945499518,1.61047380536375,TRUE,4809,"CD86","T-lymphocyte activation antigen CD86","B7-2","P42081"
"X25437.18",120,-0.472752024671121,1.5633390924207,TRUE,4810,"ANKMY2","Ankyrin repeat and MYND domain-containing protein 2","ANKY2","Q8IV38"
"X7763.25",123,-0.475299027053523,1.47115600096668,TRUE,4811,"CDH11","Cadherin-11:Cytoplasmic domain","Cadherin-11:CD","P55287"
"X24947.40",123,-0.475318376337116,1.18962205921951,TRUE,4812,"NUMBL","Numb-like protein","NUMBL","Q9Y6R0"
"X19142.39",123,-0.475329583860066,1.43104815623689,TRUE,4813,"DNMT3L","DNA (cytosine-5)-methyltransferase 3-like","DNM3L","Q9UJW3"
"X23337.54",124,-0.475416646994948,1.2364149996105,TRUE,4814,"KCTD10","BTB/POZ domain-containing adapter for CUL3-mediated RhoA degradation protein 3","BACD3","Q9H3F6"
"X8088.56",122,-0.475522742219593,1.57575984695798,TRUE,4815,"C1orf210","Type III endosome membrane protein TEMP","CA210","Q8IVY1"
"X18839.24",124,-0.475989487433706,1.39456685458581,TRUE,4816,"TG","Thyroglobulin","Thyroglobulin","P01266"
"X25065.22",122,-0.476139172736526,1.20106757706833,TRUE,4817,"MYBPH","Myosin-binding protein H","MYBPH","Q13203"
"X23384.19",125,-0.47648280608608,1.57686277699839,TRUE,4818,"KCTD17","BTB/POZ domain-containing protein KCTD17","KCD17","Q8N5Z5"
"X22123.15",122,-0.476902434349243,1.36033333011385,TRUE,4819,"DLX2","Homeobox protein DLX-2","DLX2","Q07687"
"X5493.17",123,-0.477582242517471,1.33660191215874,TRUE,4820,"WNK3","Serine/threonine-protein kinase WNK3","WNK3","Q9BYP7"
"X6526.77",124,-0.477744134661992,1.44715560974865,TRUE,4821,"OBP2A","Odorant-binding protein 2a","OBP2A","Q9NY56"
"X5093.47",125,-0.477920753140132,1.26500740823273,TRUE,4822,"JAG2","Protein jagged-2","JAG2","Q9Y219"
"X10035.6",123,-0.478133838131387,1.56588666976359,TRUE,4823,"DUSP4","Dual specificity protein phosphatase 4","DUS4","Q13115"
"X15637.38",125,-0.479155912789126,1.27607500103009,TRUE,4824,"SORCS3","VPS10 domain-containing receptor SorCS3","SORC3","Q9UPU3"
"X22414.127",124,-0.479325810868231,1.47265054410647,TRUE,4825,"TLK1","Serine/threonine-protein kinase tousled-like 1","TLK1","Q9UKI8"
"X22397.2",123,-0.479328448698434,1.50818988955571,TRUE,4826,"XBP1","X-box-binding protein 1","XBP1","P17861"
"X17764.108",125,-0.479377135412826,1.51803282503594,TRUE,4827,"RHOC","Rho-related GTP-binding protein RhoC","RHOC","P08134"
"X16288.17",123,-0.480076880409685,1.36133803134268,TRUE,4828,"EPHA4","Ephrin type-A receptor 4","EPHA4","P54764"
"X13748.4",123,-0.480207295324891,1.29449802212683,TRUE,4829,"CCL8","C-C motif chemokine 8","MCP-2","P80075"
"X12595.11",117,-0.480300503962381,1.54041777886428,TRUE,4830,"TMOD1","Tropomodulin-1","TMOD1","P28289"
"X4801.13",122,-0.480456989513829,1.52246891282015,TRUE,4831,"LPO","Lactoperoxidase","PERL","P22079"
"X5661.15",116,-0.48116308664711,1.52625187972605,TRUE,4832,"IL18","Interleukin-18","IL-18","Q14116"
"X25072.11",124,-0.481352784728451,1.56540256858206,TRUE,4833,"CHD1L","Chromodomain-helicase-DNA-binding protein 1-like","CHD1L","Q86WJ1"
"X7199.3",121,-0.482193850416826,1.45435761678505,TRUE,4834,"SYN3","Synapsin-3","SYN3","O14994"
"X24427.33",125,-0.482707764914092,1.23355503359082,TRUE,4835,"INPP4B","Type II inositol-3,4-bisphosphate 4-phosphatase","INP4B","O15327"
"X22787.39",124,-0.483038204171047,1.22879492425022,TRUE,4836,"SPANXN3","Sperm protein associated with the nucleus on the X chromosome N3","SPXN3","Q5MJ09"
"X9327.3",124,-0.483052421195096,1.40436766537292,TRUE,4837,"LYPD1","Ly6/PLAUR domain-containing protein 1","LYPD1","Q8N2G4"
"X7930.3",124,-0.483397017443361,1.52604240830049,TRUE,4838,"EXOSC1","Exosome complex component CSL4","EXOS1","Q9Y3B2"
"X18317.111",124,-0.483560686655294,1.43328114921915,TRUE,4839,"ZFAND5","AN1-type zinc finger protein 5","ZFAN5","O76080"
"X9547.29",123,-0.484046567125673,1.47577646056818,TRUE,4840,"EMID1","EMI domain-containing protein 1","EMID1","Q96A84"
"X9412.52",125,-0.484704913600275,1.49208010085744,TRUE,4841,"ACVR2B","Activin receptor type-2B","Activin RIIB","Q13705"
"X24252.85",123,-0.485991073501716,1.38887214164769,TRUE,4842,"C12orf65","Probable peptide chain release factor C12orf65, mitochondrial","CL065","Q9H3J6"
"X8036.75",123,-0.486384510203555,1.36461154908811,TRUE,4843,"FSHB","Follitropin subunit beta","FSHB","P01225"
"X20081.14",124,-0.48725438047067,1.29269695456442,TRUE,4844,"PIM2","Serine/threonine-protein kinase Pim-2","PIM2","Q9P1W9"
"X20093.9",125,-0.487285844210112,1.50888950161738,TRUE,4845,"VCAM1","Vascular cell adhesion protein 1","VCAM-1","P19320"
"X13712.104",125,-0.487494776688052,1.55389187130754,TRUE,4846,"GZMA","Granzyme A","granzyme A","P12544"
"X7084.1",123,-0.487558370527076,1.46328914014198,TRUE,4847,"DRAXIN","Draxin","DRAXI","Q8NBI3"
"X13655.34",125,-0.487851190915124,1.44525511665477,TRUE,4848,"NCL","Nucleolin","Nucleolin","P19338"
"X8366.19",123,-0.48845983920849,1.37522566957644,TRUE,4849,"C1orf115","Uncharacterized protein C1orf115","CA115","Q9H7X2"
"X23413.38",125,-0.488656195462478,1.41988301270772,TRUE,4850,"ANKRD45","Ankyrin repeat domain-containing protein 45","ANR45","Q5TZF3"
"X9366.54",125,-0.488711501118403,1.46613122352257,TRUE,4851,"IL21R","Interleukin-21 receptor","IL-21 sR","Q9HBE5"
"X24910.18",125,-0.488945013887865,1.47737962751855,TRUE,4852,"NONO","Non-POU domain-containing octamer-binding protein","NonO protein","Q15233"
"X13985.12",122,-0.489168332865145,1.35756823682821,TRUE,4853,"SMURF2","E3 ubiquitin-protein ligase SMURF2","SMUF2","Q9HAU4"
"X20579.50",124,-0.489175799618525,1.54820979710215,TRUE,4854,"MAG","Myelin-associated glycoprotein","MAG","P20916"
"X14088.38",125,-0.490389106014797,1.24311735279899,TRUE,4855,"IGFBP6","Insulin-like growth factor-binding protein 6","IGFBP-6","P24592"
"X11143.32",125,-0.49063490893002,1.45615724227486,TRUE,4856,"OLFM3","Noelin-3:Isoform 2, N-term","NOE3:N-term","Q96PB7"
"X18319.7",121,-0.491492468048061,1.48866986638032,TRUE,4857,"PDHX","Pyruvate dehydrogenase protein X component, mitochondrial","ODPX","O00330"
"X25963.2",115,-0.492554039443467,1.46443058019628,TRUE,4858,"XPO5","Exportin-5","XPO5","Q9HAV4"
"X11825.27",125,-0.492884005604307,1.42684436559261,TRUE,4859,"PPARGC1A","Peroxisome proliferator-activated receptor gamma coactivator 1-alpha","PRGC1","Q9UBK2"
"X11137.43",125,-0.493320305778827,1.38139902306435,TRUE,4860,"CSF2RB","Cytokine receptor common subunit beta:Cytoplasmic domain","IL3RB:CD","P32927"
"X3388.58",124,-0.493387134340948,1.35610973316609,TRUE,4861,"PAK5","Serine/threonine-protein kinase PAK 5","PAK7","Q9P286"
"X5098.79",124,-0.494043403679398,1.38258634446493,TRUE,4862,"KLRF1","Killer cell lectin-like receptor subfamily F member 1","KLRF1","Q9NZS2"
"X18243.9",125,-0.494051569451614,1.41510384682267,TRUE,4863,"CMPK1","UMP-CMP kinase","Cytidylate kinase","P30085"
"X12803.9",125,-0.494162180763464,1.54991923751178,TRUE,4864,"ZNF329","Zinc finger protein 329","ZN329","Q86UD4"
"X9005.16",125,-0.495108521987071,1.51164158251592,TRUE,4865,"PLXNA1","Plexin-A1","PLXA1","Q9UIW2"
"X5693.6",122,-0.495469056730979,1.49627316731222,TRUE,4866,"REG1B","Lithostathine-1-beta","REG1B","P48304"
"X24683.11",123,-0.496588065323392,1.51183679452876,TRUE,4867,"GIMAP7","GTPase IMAP family member 7","GIMA7","Q8NHV1"
"X20057.177",124,-0.496761238094639,1.42804835611292,TRUE,4868,"ASF1B","Histone chaperone ASF1B","ASF1B","Q9NVP2"
"X21382.70",122,-0.496807540285801,1.52811169953591,TRUE,4869,"ELAC1","Zinc phosphodiesterase ELAC protein 1","RNZ1","Q9H777"
"X21331.19",123,-0.497271742215113,1.50591879712624,TRUE,4870,"BCL7A","B-cell CLL/lymphoma 7 protein family member A","BCL7A","Q4VC05"
"X10361.25",124,-0.498070591790101,1.52312357570425,TRUE,4871,"OAS1","2'-5'-oligoadenylate synthase 1","OAS1","P00973"
"X11278.4",125,-0.498205638718875,1.27420513697332,TRUE,4872,"COL11A2","Collagen alpha-2(XI) chain","COL11A2","P13942"
"X22125.9",123,-0.498505267842458,1.52413761789133,TRUE,4873,"E2F5","E2F5","E2F5","Q15329"
"X11596.47",125,-0.498648083966276,1.4400090265551,TRUE,4874,"ZNF75D","Zinc finger protein 75D","ZN75D","P51815"
"X14294.61",121,-0.498733079497568,1.40306225761142,TRUE,4875,"MBD1","Methyl-CpG-binding domain protein 1","MBD1","Q9UIS9"
"X3889.64",125,-0.498814000934051,1.49161016404515,TRUE,4876,"LMNB1","Lamin-B1","Lamin-B1","P20700"
"X5852.6",120,-0.499192559741897,1.6001438374624,TRUE,4877,"S100A12","Protein S100-A12","S100A12","P80511"
"X24236.46",125,-0.499293316618735,1.35835154417561,TRUE,4878,"VAT1L","Synaptic vesicle membrane protein VAT-1 homolog-like","VAT1L","Q9HCJ6"
"X22147.19",124,-0.499564074721055,1.53256924697016,TRUE,4879,"FOXO4","Forkhead box protein O4","FOXO4","P98177"
"X13557.3",124,-0.499738758757877,1.57905367744076,TRUE,4880,"NECTIN3","Nectin-3","Nectin 3","Q9NQS3"
"X7881.244",122,-0.500234644035084,1.62030994891433,TRUE,4881,"PARP16","Mono [ADP-ribose] polymerase PARP16","PAR16","Q8N5Y8"
"X13650.11",123,-0.500453095724131,1.20660281857505,TRUE,4882,"KCNIP1","Kv channel-interacting protein 1","KCIP1","Q9NZI2"
"X25493.11",120,-0.501672182728072,1.34103473695419,TRUE,4883,"FAM221B","Protein FAM221B","F221B","A6H8Z2"
"X18268.5",125,-0.502666961630165,1.5791635991529,TRUE,4884,"GAGE2A","G antigen 2A","GAG2A","Q6NT46"
"X9723.105",125,-0.50359486763513,1.28861039697011,TRUE,4885,"MMRN2","Multimerin-2","EMILIN-3","Q9H8L6"
"X14271.23",124,-0.504567000509893,1.44587731676365,TRUE,4886,"RAB6B","Ras-related protein Rab-6B","RAB6B","Q9NRW1"
"X8960.3",125,-0.505315488041688,1.52820532274749,TRUE,4887,"ERAP2","Endoplasmic reticulum aminopeptidase 2","LRAP","Q6P179"
"X11444.49",123,-0.505780598473342,1.48987939182343,TRUE,4888,"POLR3F","DNA-directed RNA polymerase III subunit RPC6","RPC6","Q9H1D9"
"X19225.11",125,-0.50642160116019,1.43639415189442,TRUE,4889,"BLNK","B-cell linker protein","BLNK","Q8WV28"
"X21106.206",125,-0.506734999877099,1.40036737026939,TRUE,4890,"CETN1","Centrin-1","CETN1","Q12798"
"X3401.8",124,-0.507278489976929,1.36755580020175,TRUE,4891,"PTPN2","Tyrosine-protein phosphatase non-receptor type 2","TCPTP","P17706"
"X17516.7",125,-0.509211464247966,1.61983629243103,TRUE,4892,"RAB3A","Ras-related protein Rab-3A","Rab3A","P20336"
"X6264.9",124,-0.50982330020081,1.47951373572652,TRUE,4893,"CCN1","Protein CYR61","CYR61","O00622"
"X2867.52",124,-0.509968084503673,1.42836380868671,TRUE,4894,"AKT1","RAC-alpha serine/threonine-protein kinase","PKB","P31749"
"X6423.66",125,-0.510692426812182,1.57765412067342,TRUE,4895,"C1QL2","Complement C1q-like protein 2","C1QL2","Q7Z5L3"
"X5480.49",120,-0.511637598716426,1.40108527770877,TRUE,4896,"CCL5","C-C motif chemokine 5","RANTES","P13501"
"X3836.51",124,-0.512412067418913,1.28362506005113,TRUE,4897,"UFM1","Ubiquitin-fold modifier 1","UFM1","P61960"
"X7219.152",124,-0.513612871954022,1.44116060902023,TRUE,4898,"HSPA1A","Heat shock 70 kDa protein 1A","HSP 70","P0DMV8"
"X2953.31",125,-0.51393088022024,1.3879596288377,TRUE,4899,"CGA|LHB","Luteinizing hormone","Luteinizing hormone","P01215|P01229"
"X22121.43",125,-0.514213553572745,1.51865976863389,TRUE,4900,"DCAF12","DDB1- and CUL4-associated factor 12","DCA12","Q5T6F0"
"X12515.45",121,-0.514437473746968,1.52068263229717,TRUE,4901,"UCK2","Uridine-cytidine kinase 2","UCK2","Q9BZX2"
"X23311.19",125,-0.514711304476071,1.3645991214823,TRUE,4902,"RPP25","Ribonuclease P protein subunit p25","RPP25","Q9BUL9"
"X7092.7",124,-0.515092189831106,1.43938974414652,TRUE,4903,"PDILT","Protein disulfide-isomerase-like protein of the testis","PDILT","Q8N807"
"X12593.33",125,-0.517015706806283,1.5036296736203,TRUE,4904,"PDRG1","p53 and DNA damage-regulated protein 1","PDRG1","Q9NUG6"
"X13416.8",125,-0.517150898409655,1.62779083710173,TRUE,4905,"TMEM132D","Transmembrane protein 132D","T132D","Q14C87"
"X16551.14",124,-0.517553522979787,1.58781445507904,TRUE,4906,"STAT5B","Signal transducer and activator of transcription 5B","STA5B","P51692"
"X23699.61",125,-0.51763635916722,1.41054948947768,TRUE,4907,"DLST","Dihydrolipoyllysine-residue succinyltransferase component of 2-oxoglutarate dehydrogenase complex, mitochondrial","ODO2","P36957"
"X5614.44",122,-0.517669181629207,1.63491797229004,TRUE,4908,"CRH","Corticoliberin","CRH","P06850"
"X18389.11",123,-0.518688122803057,1.47620046567898,TRUE,4909,"IFNA1","Interferon alpha-1/13","IFNA1","P01562"
"X17511.10",125,-0.519504461322911,1.59989211251735,TRUE,4910,"RPP30","Ribonuclease P protein subunit p30","RPP30","P78346"
"X9290.8",125,-0.519565912051717,1.2518856531499,TRUE,4911,"RMDN3","Regulator of microtubule dynamics protein 3","RMD3","Q96TC7"
"X9416.77",125,-0.520309465870265,1.43780268733236,TRUE,4912,"CPM","Carboxypeptidase M","CBPM","P14384"
"X12678.66",124,-0.520801727339683,1.26903882829715,TRUE,4913,"SNRPA","U1 small nuclear ribonucleoprotein A","SNRPA","P09012"
"X12834.3",123,-0.521451974923248,1.38364524433284,TRUE,4914,"KCNF1","Potassium voltage-gated channel subfamily F member 1","KCNF1","Q9H3M0"
"X12446.49",121,-0.521457969885334,1.66807352584065,TRUE,4915,"GSTA1","Glutathione S-transferase A1","GST A1-1","P08263"
"X8321.27",124,-0.522071529065174,1.55745504544431,TRUE,4916,"ZNF843","Zinc finger protein 843","ZN843","Q8N446"
"X8569.147",125,-0.522294324410687,1.64777261217402,TRUE,4917,"ARL8B","ADP-ribosylation factor-like protein 8B","ARL8B","Q9NVJ2"
"X11565.58",124,-0.522299930125836,1.5240771452566,TRUE,4918,"ZNF23","Zinc finger protein 23","ZNF23","P17027"
"X15523.9",110,-0.522406633391497,1.54836843290805,TRUE,4919,"ALAD","Delta-aminolevulinic acid dehydratase","HEM2","P13716"
"X15559.5",125,-0.524703192979869,1.51300781627673,TRUE,4920,"ANTXR2","Anthrax toxin receptor 2","ANTR2","P58335"
"X21763.46",124,-0.525296335698144,1.3036265731888,TRUE,4921,"USP4","Ubiquitin carboxyl-terminal hydrolase 4","UBP4","Q13107"
"X25251.6",125,-0.52547747216282,1.37547469394575,TRUE,4922,"ENPP3","Ectonucleotide pyrophosphatase/phosphodiesterase family member 3","ENPP3","O14638"
"X11402.17",123,-0.525532827460326,1.51153909055912,TRUE,4923,"KMT2C","Histone-lysine N-methyltransferase 2C","KMT2C","Q8NEZ4"
"X23542.8",125,-0.527351719391392,1.29252214753736,TRUE,4924,"GOLPH3L","Golgi phosphoprotein 3-like","GLP3L","Q9H4A5"
"X4162.54",114,-0.527499858227274,1.48067264112554,TRUE,4925,"TF","Serotransferrin","Transferrin","P02787"
"X4859.6",123,-0.528406360754493,1.57547783227809,TRUE,4926,"BMPR1A","Bone morphogenetic protein receptor type-1A","BMPR1A","P36894"
"X25215.1",104,-0.528539951664275,1.57385262689422,TRUE,4927,"TIMM10","Mitochondrial import inner membrane translocase subunit Tim10","TIM10","P62072"
"X10847.1",121,-0.530428007655697,1.55473113331362,TRUE,4928,"SIGLEC15","Sialic acid-binding Ig-like lectin 15","SIG15","Q6ZMC9"
"X21748.36",125,-0.530620898163852,1.36166565860985,TRUE,4929,"USP46|WDR48","UBP46/WDR48 Complex","UBP46/WDR48 Complex","P62068|Q8TAF3"
"X14026.24",125,-0.53102647297397,1.57367160280646,TRUE,4930,"IL17F","Interleukin-17F","IL-17F","Q96PD4"
"X8970.9",124,-0.531610190296934,1.59953271100777,TRUE,4931,"RIPK2","Receptor-interacting serine/threonine-protein kinase 2","RIPK2","O43353"
"X8945.7",123,-0.531966628935564,1.57784243188972,TRUE,4932,"ABRAXAS2","BRISC complex subunit Abro1","F175B","Q15018"
"X10075.75",125,-0.531978959270457,1.53951785668278,TRUE,4933,"ACBD6","Acyl-CoA-binding domain-containing protein 6","ACBD6","Q9BR61"
"X16828.8",114,-0.532020382867374,1.35174525252544,TRUE,4934,"COL6A1","Collagen alpha-1(VI) chain","Collagen a1(VI)","P12109"
"X24960.48",124,-0.53214526272056,1.56209323717441,TRUE,4935,"HIP1R","Huntingtin-interacting protein 1-related protein","HIP1R","O75146"
"X23301.2",125,-0.532378389007694,1.47442642256756,TRUE,4936,"MSX2","MSX-2","MSX-2","P35548"
"X5758.49",125,-0.532740948307647,1.47183549098923,TRUE,4937,"KLK9","Kallikrein-9","kallikrein 9","Q9UKQ9"
"X13129.40",124,-0.533064328295259,1.44613737558936,TRUE,4938,"LDLR","Low-density lipoprotein receptor","LDLR","P01130"
"X17737.7",125,-0.533171103409287,1.43368994262232,TRUE,4939,"IVD","Isovaleryl-CoA dehydrogenase, mitochondrial","IVD","P26440"
"X14086.11",124,-0.53326576732533,1.60116120214948,TRUE,4940,"SMPDL3A","Acid sphingomyelinase-like phosphodiesterase 3a","ASM3A","Q92484"
"X13661.193",122,-0.533500776628441,1.43969080968596,TRUE,4941,"CST5","Cystatin-D","CYTD","P28325"
"X3440.7",124,-0.533742292669262,1.56771690147547,TRUE,4942,"GZMA","Granzyme A","granzyme A","P12544"
"X5253.1",123,-0.533977451562137,1.31284061125012,TRUE,4943,"PDE1A","Calcium/calmodulin-dependent 3',5'-cyclic nucleotide phosphodiesterase 1A","PDE1A","P54750"
"X22050.19",124,-0.534154824292212,1.32288210737415,TRUE,4944,"KXD1","KxDL motif-containing protein 1","KXDL1","Q9BQD3"
"X3593.72",121,-0.534681101882088,1.54790512320202,TRUE,4945,"CASP3","Caspase-3","Caspase-3","P42574"
"X14077.6",123,-0.535222259487629,1.42293026900867,TRUE,4946,"FCN3","Ficolin-3","Ficolin-3","O75636"
"X6570.1",125,-0.536108448246196,1.48893021243741,TRUE,4947,"COL13A1","Collagen alpha-1(XIII) chain","CODA1","Q5TAT6"
"X15641.20",125,-0.536120738391957,1.59263194260731,TRUE,4948,"TMEFF1","Tomoregulin-1","TEFF1","Q8IYR6"
"X4915.64",124,-0.536451021988329,1.49948740144497,TRUE,4949,"HBA1|HBB","Hemoglobin","Hemoglobin","P69905|P68871"
"X6371.50",120,-0.536892333979288,1.64803388166485,TRUE,4950,"ANGPTL7","Angiopoietin-related protein 7","ANGL7","O43827"
"X13549.15",125,-0.536895017574909,1.25716277012809,TRUE,4951,"ADAM29","Disintegrin and metalloproteinase domain-containing protein 29","ADA29","Q9UKF5"
"X14039.33",124,-0.537577821562789,1.45394737543588,TRUE,4952,"KLK5","Kallikrein-5","kallikrein 5","Q9Y337"
"X23176.17",123,-0.537803662819384,1.55409134863009,TRUE,4953,"DAG1","Beta-dystroglycan","Beta-dystroglycan","Q14118"
"X3497.13",125,-0.538062581422216,1.61187271703773,TRUE,4954,"IFNA2","Interferon alpha-2","IFN-aA","P01563"
"X6900.30",120,-0.538453524110507,1.28236979773983,TRUE,4955,"UBE2J1","Ubiquitin-conjugating enzyme E2 J1","UB2J1","Q9Y385"
"X18886.28",125,-0.538726249293317,1.53079655860256,TRUE,4956,"DSCAML1","Down syndrome cell adhesion molecule-like protein 1","DSCL1","Q8TD84"
"X23225.26",123,-0.539288593634106,1.57839020618139,TRUE,4957,"TRIM62","E3 ubiquitin-protein ligase TRIM62","TRI62","Q9BVG3"
"X8918.64",125,-0.539291595998329,1.33318683377078,TRUE,4958,"PTK2B","Protein-tyrosine kinase 2-beta:Focal adhesion targeting domain","FAK2:FAT","Q14289"
"X21391.17",124,-0.54071271646827,1.42022085834012,TRUE,4959,"CGB3","Choriogonadotropin subunit beta 3","b-CF","P0DN86"
"X24720.10",123,-0.541799020287593,1.70896974208977,TRUE,4960,"ANKRD16","Ankyrin repeat domain-containing protein 16","ANR16","Q6P6B7"
"X9983.97",124,-0.542701926890222,1.60223068160455,TRUE,4961,"PRSS35","Inactive serine protease 35","PRS35","Q8N3Z0"
"X21929.53",123,-0.54291684941049,1.27664596224539,TRUE,4962,"UBE2D3|UBB","UB2D3/PolyUbiquitin K48","UB2D3/ PolyUbiquitin K48","P61077|P0CG47"
"X22417.10",125,-0.543138411621562,1.25212983697438,TRUE,4963,"CBLC","E3 ubiquitin-protein ligase CBL-C","CBLC","Q9ULV8"
"X24946.9",124,-0.543858213441522,1.57270550225786,TRUE,4964,"ARHGAP22","Rho GTPase-activating protein 22","RHG22","Q7Z5H3"
"X13007.66",124,-0.543918291550603,1.51099218300661,TRUE,4965,"LCN10","Epididymal-specific lipocalin-10","LCN10","Q6JVE6"
"X13449.25",124,-0.543973510767546,1.44264821531388,TRUE,4966,"SF3B4","Splicing factor 3B subunit 4","SF3B4","Q15427"
"X12389.4",125,-0.545018803923015,1.31380494962116,TRUE,4967,"ORC6","Origin recognition complex subunit 6","ORC6","Q9Y5N6"
"X3414.40",122,-0.545861341899493,1.62584286229523,TRUE,4968,"BMX","Cytoplasmic tyrosine-protein kinase BMX","BMX","P51813"
"X2619.72",122,-0.546440881856247,1.54218774984556,TRUE,4969,"TACSTD2","Tumor-associated calcium signal transducer 2","GA733-1 protein","P09758"
"X9176.3",118,-0.546870719725332,1.20636000933101,TRUE,4970,"MUC1","Mucin-1:region 2","MUC1:region 2","P15941"
"X8329.166",123,-0.547433156287388,1.61123498600213,TRUE,4971,"CDH12","Cadherin-12:Cytoplasmic domain","Cadherin-12:CD","P55289"
"X3342.76",125,-0.548724282869995,1.66336907830155,TRUE,4972,"ABL2","Abelson tyrosine-protein kinase 2","ABL2","P42684"
"X21385.5",122,-0.549028874340272,1.38446949105559,TRUE,4973,"SLITRK2","SLIT and NTRK-like protein 2","SLIK2","Q9H156"
"X23596.17",123,-0.549204752138075,1.62465132480387,TRUE,4974,"CCDC89","Coiled-coil domain-containing protein 89","CCD89","Q8N998"
"X23326.10",123,-0.549234093327744,1.58330020052017,TRUE,4975,"GSTA2","Glutathione S-transferase A2","GSTA2","P09210"
"X15634.139",125,-0.549271194356365,1.54759151704295,TRUE,4976,"SLIT1","Slit homolog 1 protein","SLIT1","O75093"
"X19560.23",125,-0.54964604380208,1.5722979901817,TRUE,4977,"PLXNA4","Plexin-A4","PLXA4","Q9HCM2"
"X24649.11",123,-0.549716371751336,1.709726665405,TRUE,4978,"NTAQ1","Protein N-terminal glutamine amidohydrolase","NTAQ1","Q96HA8"
"X11372.2",120,-0.549823751063571,1.32324346205795,TRUE,4979,"ZNF18","Zinc finger protein 18","ZNF18","P17022"
"X11538.216",123,-0.551404762519027,1.56799818786738,TRUE,4980,"MLYCD","Malonyl-CoA decarboxylase, mitochondrial","DCMC","O95822"
"X3797.1",122,-0.551907042225593,1.29412132225642,TRUE,4981,"CDH2","Cadherin-2","Cadherin-2","P19022"
"X21219.7",125,-0.552798466189809,1.52771726862338,TRUE,4982,"RPAIN","RPA-interacting protein","RPAIN","Q86UA6"
"X5656.53",123,-0.553126854312324,1.63723219170176,TRUE,4983,"ENDOU","Poly(U)-specific endoribonuclease","PP11","P21128"
"X5112.73",125,-0.553154880416882,1.47507533694953,TRUE,4984,"CD200","OX-2 membrane glycoprotein","OX2G","P41217"
"X10885.36",124,-0.553183051423607,1.6503354147912,TRUE,4985,"C6orf89","Bombesin receptor-activated protein C6orf89","CF089","Q6UWU4"
"X2760.2",124,-0.553384490453679,1.55632803405548,TRUE,4986,"FAM107A","Protein FAM107A","DRR1","O95990"
"X21306.7",122,-0.554285034436263,1.26761626279469,TRUE,4987,"HAUS1","HAUS augmin-like complex subunit 1","HAUS1","Q96CS2"
"X25039.10",124,-0.554750498876348,1.36559248029045,TRUE,4988,"KLHL3","Kelch-like protein 3","KLHL3","Q9UH77"
"X16043.30",124,-0.554876398270142,1.36473262417362,TRUE,4989,"SHC1","SHC-transforming protein 1:Phosphotyrosine Interaction Domain","SHC1:PID","P29353"
"X7082.2",124,-0.555140786997111,1.6167481043655,TRUE,4990,"B3GNT6","UDP-GlcNAc:betaGal beta-1,3-N-acetylglucosaminyltransferase 6","B3GN6","Q6ZMB0"
"X13088.397",122,-0.555264732029254,1.4911228593014,TRUE,4991,"BTC","Betacellulin","BTC","P35070"
"X21577.35",125,-0.555360961581004,1.48974048609597,TRUE,4992,"FKBP5","FK506-binding protein 5","FKBP5","Q13451"
"X9255.5",124,-0.555915068268946,1.39161534127073,TRUE,4993,"IL17C","Interleukin-17C","IL-17C","Q9P0M4"
"X7231.37",122,-0.556541137201117,1.5896233485015,TRUE,4994,"TMPRSS11A","Transmembrane protease serine 11A","TM11A","Q6ZMR5"
"X8446.4",122,-0.557198425576776,1.34966854259696,TRUE,4995,"ADCYAP1","Pituitary adenylate cyclase-activating polypeptide 27","PACAP-27","P18509"
"X21240.6",121,-0.557758168052709,1.39474435400471,TRUE,4996,"AMT","Aminomethyltransferase, mitochondrial","GCST","P48728"
"X17166.4",121,-0.557783769867617,1.63331803784941,TRUE,4997,"FGF8","Fibroblast growth factor 8 isoform F","FGF-8F","P55075"
"X6055.53",124,-0.558338631599489,1.65044065569903,TRUE,4998,"IFNAR1","Interferon alpha/beta receptor 1","IFN-a/b R1","P17181"
"X18183.3",123,-0.559250540165758,1.35389359823173,TRUE,4999,"LDLRAP1","Low density lipoprotein receptor adapter protein 1","ARH","Q5SW96"
"X18242.8",120,-0.559325565646217,1.58807584234703,TRUE,5000,"SPA17","Sperm surface protein Sp17","Sperm protein 17","Q15506"
"X21354.92",125,-0.559472015338102,1.52290968083455,TRUE,5001,"UPRT","Uracil phosphoribosyltransferase homolog","UPP","Q96BW1"
"X21387.64",125,-0.559803849273652,1.51715975471954,TRUE,5002,"MEP1A","Meprin A subunit alpha","MEP1A","Q16819"
"X15636.49",125,-0.559908315512622,1.55789789592357,TRUE,5003,"SORCS1","VPS10 domain-containing receptor SorCS1","SORC1","Q8WY21"
"X2831.29",120,-0.560081126885783,1.43920931928618,TRUE,5004,"KLK11","Kallikrein-11","Kallikrein 11","Q9UBX7"
"X20926.31",124,-0.560214532567026,1.20227914323881,TRUE,5005,"ATF1","Cyclic AMP-dependent transcription factor ATF-1","ATF1","P18846"
"X22782.80",125,-0.560522822800678,1.39692658267763,TRUE,5006,"SPC25","Kinetochore protein Spc25","SPC25","Q9HBM1"
"X17727.1",124,-0.560920951166926,1.37528060791527,TRUE,5007,"PTTG1","Securin","Securin","O95997"
"X24314.9",124,-0.561360217050555,1.63545761341441,TRUE,5008,"TRAPPC13","Trafficking protein particle complex subunit 13","TPC13","A5PLN9"
"X13723.6",124,-0.561674965535041,1.40584311081879,TRUE,5009,"IL10","Interleukin-10","IL-10","P22301"
"X25061.8",124,-0.561964534140768,1.51120085693724,TRUE,5010,"ELMO2","Engulfment and cell motility protein 2","ELMO2","Q96JJ3"
"X20225.119",125,-0.562476955976698,1.44069573315985,TRUE,5011,"STAT5A","Signal transducer and activator of transcription 5A","STA5A","P42229"
"X14021.81",123,-0.562663863188548,1.68055861284272,TRUE,5012,"MED4","Mediator of RNA polymerase II transcription subunit 4","MED4","Q9NPJ6"
"X6961.14",125,-0.563361846471499,1.62178628244966,TRUE,5013,"IGFL3","Insulin growth factor-like family member 3","IGFL3","Q6UXB1"
"X13958.5",125,-0.564043949561242,1.45421580853908,TRUE,5014,"RBM46","Probable RNA-binding protein 46","RBM46","Q8TBY0"
"X7251.64",125,-0.566028808101664,1.40472555616982,TRUE,5015,"C1QTNF3","Complement C1q tumor necrosis factor-related protein 3","C1QT3","Q9BXJ4"
"X11422.2",123,-0.566993885606667,1.41705754779644,TRUE,5016,"DLX3","Homeobox protein DLX-3","DLX3","O60479"
"X7945.10",125,-0.567202517021852,1.49866694866637,TRUE,5017,"SEMA6A","Semaphorin-6A","Semaphorin-6A","Q9H2E6"
"X24665.48",125,-0.567233242386255,1.67883907556551,TRUE,5018,"REM1","GTP-binding protein REM 1","REM1","O75628"
"X12367.52",123,-0.567284125796548,1.65458242477313,TRUE,5019,"MACO1","Macoilin","MACOI","Q8N5G2"
"X19797.4",125,-0.56740530442691,1.585017220275,TRUE,5020,"KAT2A","Histone acetyltransferase KAT2A","GCNL2","Q92830"
"X15388.24",125,-0.568609738711501,1.55958188090415,TRUE,5021,"FCGR3A","Low affinity immunoglobulin gamma Fc region receptor III-A","FcRIIIa","P08637"
"X8358.30",125,-0.568695769731829,1.36551918846526,TRUE,5022,"PRDX3","Thioredoxin-dependent peroxide reductase, mitochondrial","Peroxiredoxin-3","P30048"
"X9715.15",124,-0.568783343562627,1.47411991998975,TRUE,5023,"IGSF3","Immunoglobulin superfamily member 3","IGSF3","O75054"
"X13691.10",123,-0.568915920641882,1.48908111397109,TRUE,5024,"SLC5A8","Sodium-coupled monocarboxylate transporter 1","SC5A8","Q8N695"
"X7019.13",125,-0.568996878302977,1.5098668985793,TRUE,5025,"SEMA7A","Semaphorin-7A","Semaphorin-7A","O75326"
"X23202.78",124,-0.569601687046567,1.67484552711834,TRUE,5026,"ART5","Ecto-ADP-ribosyltransferase 5","NAR5","Q96L15"
"X2794.60",121,-0.569983096606788,1.53729987225491,TRUE,5027,"SOD1","Superoxide dismutase [Cu-Zn]","SOD","P00441"
"X17408.2",119,-0.570027492485862,1.59645609653912,TRUE,5028,"PMM1","Phosphomannomutase 1","PMM1","Q92871"
"X20979.86",123,-0.570304009494048,1.49212553056302,TRUE,5029,"GTF2B","Transcription initiation factor IIB","TF2B","Q00403"
"X25419.59",124,-0.570567517633617,1.49492217094083,TRUE,5030,"SPANXN4","Sperm protein associated with the nucleus on the X chromosome N4","SPXN4","Q5MJ08"
"X5017.19",123,-0.57063801243518,1.27603507650087,TRUE,5031,"PRDX5","Peroxiredoxin-5, mitochondrial","Peroxiredoxin-5","P30044"
"X5097.14",123,-0.571031449137019,1.52831080749293,TRUE,5032,"KIR3DS1","Killer cell immunoglobulin-like receptor 3DS1","KI3S1","Q14943"
"X7782.34",124,-0.571123715039312,1.32452343942436,TRUE,5033,"EDDM3B","Epididymal secretory protein E3-beta","EP3B","P56851"
"X2618.10",125,-0.571657694860261,1.56187880979886,TRUE,5034,"ERBB4","Receptor tyrosine-protein kinase erbB-4","ERBB4","Q15303"
"X21166.1",125,-0.571762161099231,1.42763017475306,TRUE,5035,"CTDSP1","Carboxy-terminal domain RNA polymerase II polypeptide A small phosphatase 1","CTDS1","Q9GZU7"
"X7227.75",125,-0.571823611828036,1.5545191348304,TRUE,5036,"COCH","Cochlin","COCH","O43405"
"X9094.5",119,-0.573218807089516,1.53925734941702,TRUE,5037,"CLEC4C","C-type lectin domain family 4 member C","CLC4C","Q8WTT0"
"X9368.64",124,-0.574258609944793,1.39909687232065,TRUE,5038,"LRTM1","Leucine-rich repeat and transmembrane domain-containing protein 1","LRTM1","Q9HBL6"
"X5062.60",124,-0.574592243338348,1.53304646584043,TRUE,5039,"CD226","CD226 antigen","CD226","Q15762"
"X10451.11",125,-0.575836344419045,1.56259487780357,TRUE,5040,"NUCB1","Nucleobindin-1","NUCB1","Q02818"
"X23663.28",123,-0.576582358081982,1.53576190111854,TRUE,5041,"ATP6V1C1","Vacuolar ATP synthase subunit C 1","VATC1","P21283"
"X2979.8",125,-0.576592188383354,1.37207073847092,TRUE,5042,"CXCL5","C-X-C motif chemokine 5","ENA-78","P42830"
"X8839.4",125,-0.577354177420544,1.55015042204668,TRUE,5043,"MTX2","Metaxin-2","Metaxin-2","O75431"
"X16918.198",124,-0.577445194592638,1.4874679456599,TRUE,5044,"TLR3","Toll-like receptor 3","TLR3","O15455"
"X12970.35",123,-0.578033544991631,1.53219893798468,TRUE,5045,"STAU2","Double-stranded RNA-binding protein Staufen homolog 2","STAU2","Q9NUL3"
"X18204.1",124,-0.578035591758626,1.32403891770659,TRUE,5046,"TCEA1","Transcription elongation factor A protein 1","TCEA1","P23193"
"X23162.36",122,-0.578322928612267,1.39396205177699,TRUE,5047,"MAP3K10","Mitogen-activated protein kinase kinase kinase 10","M3K10","Q02779"
"X20574.8",123,-0.578374020445677,1.4633088134226,TRUE,5048,"CD81","CD81 antigen","CD81","P60033"
"X9068.17",125,-0.578687658235627,1.33336560741846,TRUE,5049,"JAKMIP3","Janus kinase and microtubule-interacting protein 3","JKIP3","Q5VZ66"
"X17336.54",124,-0.579005017090843,1.52935739549771,TRUE,5050,"CREB3L2","Cyclic AMP-responsive element-binding protein 3-like protein 2","CR3L2","Q70SY1"
"X14268.4",125,-0.579228424649116,1.37736547974471,TRUE,5051,"SRXN1","Sulfiredoxin-1","SRXN1","Q9BYN0"
"X6290.3",124,-0.579321089655824,1.49875980281999,TRUE,5052,"UTS2B","Urotensin-2B","UTS2B","Q765I0"
"X9890.8",124,-0.579779298362678,1.58321056991654,TRUE,5053,"TPM3","Tropomyosin alpha-3 chain","Tropomyosin alpha-3 chain","P06753"
"X22467.94",124,-0.580685773997998,1.6724171632159,TRUE,5054,"HHLA3","HERV-H LTR-associating protein 3","HHLA3","Q9XRX5"
"X17774.38",125,-0.580752402723496,1.47961330358635,TRUE,5055,"SNRPD3","Small nuclear ribonucleoprotein Sm D3","SMD3","P62318"
"X12904.180",124,-0.581944767935942,1.56273148901823,TRUE,5056,"CUBN","cubilin","cubilin","O60494"
"X12406.119",124,-0.583142124230836,1.26157704873747,TRUE,5057,"DIRAS3","GTP-binding protein Di-Ras3","ARHI","O95661"
"X7054.87",125,-0.583161271292678,1.60246030648354,TRUE,5058,"CLEC2D","C-type lectin domain family 2 member D","CLC2D","Q9UHP7"
"X22954.10",125,-0.583788068726495,1.27286901383632,TRUE,5059,"CLIC2","Chloride intracellular channel protein 2","CLIC2","O15247"
"X12652.37",125,-0.583794213799376,1.2756040694806,TRUE,5060,"AHCYL1","Adenosylhomocysteinase 2","SAHH2","O43865"
"X9372.157",125,-0.584464026743357,1.45129215054806,TRUE,5061,"MPZL2","Myelin protein zero-like protein 2","MPZL2","O60487"
"X12849.25",125,-0.585385787675442,1.51583157876472,TRUE,5062,"GSKIP","GSK3-beta interaction protein","GSKIP","Q9P0R6"
"X13027.20",123,-0.585640205361059,1.57641274730707,TRUE,5063,"CBX7","Chromobox protein homolog 7","CBX7","O95931"
"X7870.8",125,-0.586541061376988,1.5748943618159,TRUE,5064,"CNDP1","Beta-Ala-His dipeptidase","CNDP1","Q96KN2"
"X19264.6",125,-0.587044957353194,1.32142571906551,TRUE,5065,"RPA2","Replication protein A 32 kDa subunit","RFA2","P15927"
"X5813.58",125,-0.587229309539611,1.47800347237373,TRUE,5066,"EPO","Erythropoietin","Epo","P01588"
"X13602.6",123,-0.587318479533295,1.34571418333117,TRUE,5067,"SNU13","NHP2-like protein 1","NH2L1","P55769"
"X21905.10",124,-0.587547290959794,1.48670513245909,TRUE,5068,"ITGA2|ITGB1","Integrin alpha-2/b1","Integrin alpha-2/ b1","P17301|P05556"
"X20553.2",120,-0.587563204978608,1.4689329701721,TRUE,5069,"PIK3IP1","Phosphoinositide-3-kinase-interacting protein 1","P3IP1","Q96FE7"
"X23161.3",124,-0.588593550823851,1.30043166082445,TRUE,5070,"KCTD6","BTB/POZ domain-containing protein KCTD6","KCTD6","Q8NC69"
"X8406.17",124,-0.589857544835922,1.61311106618851,TRUE,5071,"IGF1","Insulin-like growth factor I","IGF-I","P05019"
"X13457.33",125,-0.591979450876287,1.61452011594509,TRUE,5072,"ELF5","ETS-related transcription factor Elf-5","ELF5","Q9UKW6"
"X6441.62",125,-0.592102352333899,1.45376639830303,TRUE,5073,"ADAMTS6","A disintegrin and metalloproteinase with thrombospondin motifs 6","ATS6","Q9UKP5"
"X5755.29",123,-0.592149350670291,1.45669384333334,TRUE,5074,"GIP","Gastric inhibitory polypeptide","GIP","P09681"
"X23364.3",124,-0.59236923774212,1.64696911068537,TRUE,5075,"UCK1","Uridine-cytidine kinase 1","UCK1","Q9HA47"
"X9027.10",125,-0.592532507435538,1.51949004966197,TRUE,5076,"NLGN2","Neuroligin-2:Cytoplasmic domain","NLGN2:CD","Q8NFZ4"
"X10432.3",125,-0.592962662537178,1.53230370883676,TRUE,5077,"SHISAL1","Uncharacterized protein KIAA1644","K1644","Q3SXP7"
"X12411.60",125,-0.593128579504953,1.44215419536467,TRUE,5078,"MAX","Protein max","MAX","P61244"
"X19129.15",124,-0.593344958044027,1.40582949565164,TRUE,5079,"MTHFSD","Methenyltetrahydrofolate synthase domain-containing protein","MTHFSD","Q2M296"
"X9369.174",125,-0.593915148833665,1.46442081388948,TRUE,5080,"LRRC4C","Leucine-rich repeat-containing protein 4C","NGL1","Q9HCJ2"
"X6561.77",120,-0.593971175551311,1.42415359975152,TRUE,5081,"IGKV1-5","Ig Kappa chain V-I region HK102- like","Ig K chain V-I region HK102-like","P01602"
"X6289.78",124,-0.594799096042353,1.51359476589618,TRUE,5082,"ARHGAP36","Rho GTPase-activating protein 36","RHG36","Q6ZRI8"
"X8243.55",125,-0.594824619619989,1.54590708389613,TRUE,5083,"SPINK1","Serine protease inhibitor Kazal-type 1","TATI","P00995"
"X6957.14",123,-0.595848973852921,1.4626857784699,TRUE,5084,"PNLIPRP2","Pancreatic lipase-related protein 2","LIPR2","P54317"
"X8948.13",124,-0.596165104465022,1.43159359925588,TRUE,5085,"ADAM19","Disintegrin and metalloproteinase domain-containing protein 19","ADA19","Q9H013"
"X9310.2",124,-0.596462238169428,1.34241476359947,TRUE,5086,"CD8B","T-cell surface glycoprotein CD8 beta chain","CD8B","P10966"
"X21957.12",123,-0.596573886851839,1.27319994289291,TRUE,5087,"PIK3AP1","Phosphoinositide 3-kinase adapter protein 1","BCAP","Q6ZUJ8"
"X7204.1",121,-0.596780585957745,1.65443453756577,TRUE,5088,"CEACAM21","Carcinoembryonic antigen-related cell adhesion molecule 21","CEA21","Q3KPI0"
"X21247.16",121,-0.596964821056554,1.40648146848209,TRUE,5089,"MAT1A","S-adenosylmethionine synthase isoform type-1","METK1","Q00266"
"X22799.17",124,-0.597392623554518,1.55433290275948,TRUE,5090,"TBC1D28","TBC1 domain family member 28","TBC28","Q2M2D7"
"X4546.27",125,-0.59766978836369,1.67764210882175,TRUE,5091,"ADGRE2","Adhesion G protein-coupled receptor E2","EMR2","Q9UHX3"
"X7153.66",125,-0.597970896934838,1.64356106280688,TRUE,5092,"NGRN","Neugrin","NGRN","Q9NPE2"
"X6493.9",122,-0.598044853364002,1.26979694111354,TRUE,5093,"CPZ","Carboxypeptidase Z","CBPZ","Q66K79"
"X5719.66",123,-0.598747456375428,1.33203727011408,TRUE,5094,"FAM189A2","Protein FAM189A2","CI061","Q15884"
"X24698.12",124,-0.599079675431363,1.66060754482154,TRUE,5095,"PRPF18","Pre-mRNA-splicing factor 18","PRP18","Q99633"
"X5087.5",125,-0.599863579382051,1.59776840921004,TRUE,5096,"IL22RA2","Interleukin-22 receptor subunit alpha-2","IL-22BP","Q969J5"
"X2858.29",123,-0.600727533063088,1.59534632583008,TRUE,5097,"HAT1","Histone acetyltransferase type B catalytic subunit","Hat1","O14929"
"X11293.14",125,-0.600846791042942,1.4195947836134,TRUE,5098,"LRRN1","Leucine-rich repeat neuronal protein 1:Cytoplasmic domain","LRRN1:CD","Q6UXK5"
"X11285.8",122,-0.600914778229071,1.33567262635013,TRUE,5099,"CD34","Hematopoietic progenitor cell antigen CD34","CD34","P28906"
"X5107.7",125,-0.601166334832731,1.63276824401403,TRUE,5100,"NOTCH1","Neurogenic locus notch homolog protein 1","Notch 1","P46531"
"X12766.33",122,-0.601826912590428,1.53108155764268,TRUE,5101,"GPR142","Probable G-protein coupled receptor 142","GP142","Q7Z601"
"X14192.31",124,-0.60215287285775,1.44483660730885,TRUE,5102,"PDCL2","Phosducin-like protein 2","PDCL2","Q8N4E4"
"X17397.8",124,-0.602681648647373,1.58182061178803,TRUE,5103,"HSD17B11","Estradiol 17-beta-dehydrogenase 11","DHB11","Q8NBQ5"
"X13624.17",125,-0.602936115822334,1.59143350620278,TRUE,5104,"NADK","NAD kinase","NADK","O95544"
"X24941.14",125,-0.603280239903645,1.63481431653647,TRUE,5105,"CLUH","Clustered mitochondria protein homolog","CLU","O75153"
"X11836.144",125,-0.603372415996854,1.55109327762564,TRUE,5106,"DDR1","Epithelial discoidin domain-containing receptor 1","discoidin domain receptor 1","Q08345"
"X24426.15",125,-0.603907037337463,1.50673475526419,TRUE,5107,"CTNNA1","Catenin alpha-1","CTNA1","P35221"
"X19372.7",125,-0.604288031856058,1.59045291356676,TRUE,5108,"MDGA2","MAM domain-containing glycosylphosphatidylinositol anchor protein 2","MDGA2","Q7Z553"
"X17729.20",125,-0.604724332030578,1.56166251807887,TRUE,5109,"UBE2S","Ubiquitin-conjugating enzyme E2 S","UBE2S","Q16763"
"X14127.240",123,-0.605037247250798,1.5219895278,TRUE,5110,"IFNB1","Interferon beta","IFN-b","P01574"
"X12698.72",125,-0.605043875820367,1.47968574212731,TRUE,5111,"KPNA4","Importin subunit alpha-3","IMA4","O00629"
"X2998.53",124,-0.605280220575738,1.67369367639773,TRUE,5112,"JAM3","Junctional adhesion molecule C","JAM-C","Q9BX67"
"X8775.61",125,-0.605320404099993,1.393474153808,TRUE,5113,"FAM24B","Protein FAM24B","FA24B","Q8N5W8"
"X5339.49",122,-0.606454981691277,1.53243012597403,TRUE,5114,"S100A9","Protein S100-A9","calgranulin B","P06702"
"X13603.7",124,-0.606842610515714,1.23809835423797,TRUE,5115,"RFESD","Rieske domain-containing protein","RFESD","Q8TAC1"
"X11175.45",124,-0.607319790755207,1.6682845253119,TRUE,5116,"LPCAT2","Lysophosphatidylcholine acyltransferase 2","PCAT2","Q7L5N7"
"X23624.34",123,-0.607644207668071,1.62159036099463,TRUE,5117,"PSENEN","Gamma-secretase subunit PEN-2","PEN2","Q9NZ42"
"X21375.34",119,-0.607961283292202,1.68363966548851,TRUE,5118,"RAB3IL1","Guanine nucleotide exchange factor for Rab-3A","R3GEF","Q8TBN0"
"X3620.67",124,-0.608043712269525,1.28532457813299,TRUE,5119,"IL22RA1","Interleukin-22 receptor subunit alpha-1","IL22RA1","Q8N6P7"
"X17153.46",119,-0.608670724020413,1.42981964117375,TRUE,5120,"KIR2DL3","Killer cell immunoglobulin-like receptor 2DL3","KI2L3","P43628"
"X11616.9",123,-0.608691726219654,1.54842247842804,TRUE,5121,"HSF1","Heat shock factor protein 1","HSF1","Q00613"
"X23545.6",125,-0.608878401297839,1.55454570562641,TRUE,5122,"NDEL1","Nuclear distribution protein nudE-like 1","NDEL1","Q9GZM8"
"X5245.40",124,-0.608970303573958,1.34260160685401,TRUE,5123,"PRKAA2|PRKAB2|PRKAG1","AMP Kinase (alpha2beta2gamma1)","AMPK a2b2g1","P54646|O43741|P54619"
"X11439.88",120,-0.609981072774315,1.59832514959407,TRUE,5124,"RHPN2","Rhophilin-2","RHPN2","Q8IUC4"
"X23309.11",120,-0.610078313566827,1.35058059384105,TRUE,5125,"PSMC3IP","Homologous-pairing protein 2 homolog","HOP2","Q9P2W1"
"X18318.98",125,-0.610316348351892,1.39298106041325,TRUE,5126,"SH3GL3","Endophilin-A3","SH3G3","Q99963"
"X23292.1",124,-0.610814723887761,1.55466634712418,TRUE,5127,"CEP112","Centrosomal protein of 112 kDa","CE112","Q8N8E3"
"X3422.4",125,-0.611047612024679,1.60188245263327,TRUE,5128,"CDK1|CCNB1","Cyclin-dependent kinase 1:G2/mitotic-specific cyclin-B1 complex","CDK1/cyclin B","P06493|P14635"
"X18449.33",125,-0.611133643045007,1.30913389087402,TRUE,5129,"PPIG","Peptidyl-prolyl cis-trans isomerase G","PPIG","Q13427"
"X12656.1",125,-0.611262689575498,1.64197485587005,TRUE,5130,"KLC1","Kinesin light chain 1","KLC1","Q07866"
"X19193.18",124,-0.611721196669971,1.47017208630021,TRUE,5131,"VBP1","Prefoldin subunit 3","PFD3","P61758"
"X13620.10",125,-0.611791165843227,1.62411704177558,TRUE,5132,"GET3","ATPase ASNA1","ASNA","O43681"
"X6925.26",123,-0.611832770052372,1.64470084192886,TRUE,5133,"SNX8","Sorting nexin-8","SNX8","Q9Y5X2"
"X9370.69",125,-0.612362657621119,1.38416133917709,TRUE,5134,"GGH","Gamma-glutamyl hydrolase","GGH","Q92820"
"X6593.5",124,-0.612413641156382,1.59087619157927,TRUE,5135,"GALNT3","Polypeptide N-acetylgalactosaminyltransferase 3","GALT3","Q14435"
"X3736.60",125,-0.612823538087162,1.2897183174976,TRUE,5136,"BMP6","Bone morphogenetic protein 6","BMP-6","P22004"
"X5729.27",124,-0.612841697747982,1.57664675550462,TRUE,5137,"SOST","Sclerostin","SOST","Q9BQB4"
"X24635.25",125,-0.613087776221026,1.5990630025057,TRUE,5138,"TRAPPC6A","Trafficking protein particle complex subunit 6A","TPC6A","O75865"
"X16609.106",123,-0.613265868831206,1.63782343097657,TRUE,5139,"KIRREL2","Kin of IRRE-like protein 2","KIRR2","Q6UWL6"
"X3902.21",124,-0.613389358387234,1.59886288391795,TRUE,5140,"SKP1","S-phase kinase-associated protein 1","SKP1","P63208"
"X9305.89",123,-0.613656592237143,1.44337963326222,TRUE,5141,"IFNGR2","Interferon gamma receptor 2:Extracellular domain","INGR2:ECD","P38484"
"X12497.29",125,-0.614378241525945,1.4753106212299,TRUE,5142,"NUDT16L1","Tudor-interacting repair regulator protein","SDOS","Q9BRJ7"
"X4245.80",122,-0.614422393707553,1.65135719296617,TRUE,5143,"MDM2","E3 ubiquitin-protein ligase Mdm2","MDM2","Q00987"
"X7127.3",125,-0.61509721505297,1.22240926749306,TRUE,5144,"APOA2","Apolipoprotein A-II","Apo A-II","P02652"
"X21780.15",118,-0.615432378336523,1.32340626074232,TRUE,5145,"ABHD4","Protein ABHD4","ABHD4","Q8TB40"
"X10667.78",122,-0.615676709992762,1.70837969579609,TRUE,5146,"C1orf185","Uncharacterized protein C1orf185","CA185","Q5T7R7"
"X7194.36",125,-0.615680996976624,1.50734389562845,TRUE,5147,"NPTN","Neuroplastin","NPTN","Q9Y639"
"X24983.119",125,-0.616055846422339,1.59224164175324,TRUE,5148,"ERC1","ELKS/RAB6-interacting/CAST family member 1","RB6I2","Q8IUD2"
"X4452.9",124,-0.616176813108645,1.59414745001217,TRUE,5149,"LRRTM1","Leucine-rich repeat transmembrane neuronal protein 1","LRRT1","Q86UE6"
"X25252.29",120,-0.616969848513263,1.64640210471709,TRUE,5150,"MTSS2","MTSS1-like protein","MTSSL","Q765P7"
"X21692.12",124,-0.617902837448657,1.39891608431894,TRUE,5151,"CD8A|CD8B","CD8A/CD8B Complex","CD8A/CD8B Complex","P01732|P10966"
"X20117.5",125,-0.618108300764447,1.41302898382904,TRUE,5152,"EIF4EBP2","Eukaryotic translation initiation factor 4E-binding protein 2","4EBP2","Q13542"
"X19353.25",125,-0.618544600938967,1.64352400832591,TRUE,5153,"OSTM1","Osteopetrosis-associated transmembrane protein 1","OSTM1","Q86WC4"
"X13692.154",125,-0.619251284320232,1.50516494501063,TRUE,5154,"CCN4","WNT1-inducible-signaling pathway protein 1","WISP-1","O95388"
"X11159.14",124,-0.619451395118266,1.50406243215287,TRUE,5155,"MUL1","Mitochondrial ubiquitin ligase activator of NFKB 1:Cytoplasmic domain","MUL1:CD","Q969V5"
"X5801.72",123,-0.619856298857099,1.46361435785544,TRUE,5156,"NGF","beta-nerve growth factor","b-NGF","P01138"
"X21599.6",124,-0.621005054860661,1.61849887229167,TRUE,5157,"CTH","Cystathionine gamma-lyase","CGL","P32929"
"X13495.48",119,-0.62205049677718,1.33787055366203,TRUE,5158,"HCAR2","Hydroxycarboxylic acid receptor 2","HCAR2","Q8TDS4"
"X6933.20",124,-0.622692106737506,1.64775963150389,TRUE,5159,"MRPL34","39S ribosomal protein L34, mitochondrial","RM34","Q9BQ48"
"X22588.35",125,-0.62281542659096,1.63094131336637,TRUE,5160,"ADGRB2","Adhesion G protein-coupled receptor B2","AGRB2","O60241"
"X9170.24",123,-0.622908261821606,1.34620357056326,TRUE,5161,"IL17A","Interleukin-17A","IL-17","Q16552"
"X25306.51",124,-0.62305092000982,1.57173507561503,TRUE,5162,"DAXX","DAXX","DAXX","Q9UER7"
"X15471.29",123,-0.625352721315493,1.57621277172207,TRUE,5163,"PNLIPRP2","Pancreatic lipase-related protein 2","LIPR2","P54317"
"X20959.12",122,-0.626420257381372,1.37673475093157,TRUE,5164,"DUSP18","Dual specificity protein phosphatase 18","DUS18","Q8NEJ0"
"X11388.75",125,-0.626723692942998,1.65739542320227,TRUE,5165,"WFDC2","WAP four-disulfide core domain protein 2","HE4","Q14508"
"X17800.33",122,-0.626783790393475,1.49939880541291,TRUE,5166,"SCAND1","SCAN domain-containing protein 1","SCAND1","P57086"
"X3798.71",124,-0.627098585520311,1.26180728585215,TRUE,5167,"CA9","Carbonic anhydrase 9","Carbonic anhydrase 9","Q16790"
"X12449.16",124,-0.627684017701455,1.32128174096913,TRUE,5168,"PPIH","Peptidyl-prolyl cis-trans isomerase H","PPIH","O43447"
"X3800.71",125,-0.627817515915739,1.38554917041992,TRUE,5169,"CKB","Creatine kinase B-type","CK-BB","P12277"
"X12478.15",125,-0.627983432883514,1.41014784114834,TRUE,5170,"RPL30","60S ribosomal protein L30","RL30","P62888"
"X12453.161",125,-0.628438168276676,1.6647363952146,TRUE,5171,"NXF1","Nuclear RNA export factor 1","NXF1","Q9UBU9"
"X2833.20",123,-0.628853744743428,1.39501024261599,TRUE,5172,"KLK4","Kallikrein-4","Kallikrein 4","Q9Y5K2"
"X22529.31",125,-0.629083400929135,1.62045506776223,TRUE,5173,"PHF6","PHD finger protein 6","PHF6","Q8IWS0"
"X5731.1",121,-0.629117491632905,1.60780558121196,TRUE,5174,"SPINK6","Serine protease inhibitor Kazal-type 6","ISK6","Q6UWN8"
"X21116.13",123,-0.629983649855364,1.29241087367261,TRUE,5175,"EED","Polycomb protein EED","EED","O75530"
"X21691.27",124,-0.630019451456341,1.57843171738286,TRUE,5176,"LRFN3","Leucine-rich repeat and fibronectin type-III domain-containing protein 3","LRFN3","Q9BTN0"
"X3837.6",125,-0.630920777720424,1.28164154464559,TRUE,5177,"ZAP70","Tyrosine-protein kinase ZAP-70","ZAP70","P43403"
"X14616.16",122,-0.632415247235497,1.64441252053989,TRUE,5178,"ZNF382","Zinc finger protein 382","ZN382","Q96SR6"
"X18408.26",124,-0.63251855442316,1.5489931486218,TRUE,5179,"ARF4","ADP-ribosylation factor 4","ARF4","P18085"
"X11338.49",125,-0.633354226581127,1.69245909642106,TRUE,5180,"BLK","Tyrosine-protein kinase BLK","BLK","P51451"
"X17856.23",125,-0.63349556325738,1.53682151864028,TRUE,5181,"NT5M","5'(3')-deoxyribonucleotidase, mitochondrial","NT5M","Q9NPB1"
"X13025.4",124,-0.633758663452035,1.71003541786162,TRUE,5182,"FRS2","Fibroblast growth factor receptor substrate 2","FRS2","Q8WU20"
"X20954.27",124,-0.634407045330077,1.54580993281246,TRUE,5183,"RTL6","Protein LDOC1L","LDOCL","Q6ICC9"
"X23594.2",125,-0.63458324115724,1.37254534915298,TRUE,5184,"NR2C2AP","Nuclear receptor 2C2-associated protein","NR2CA","Q86WQ0"
"X6377.54",125,-0.63632229678244,1.44863857880238,TRUE,5185,"LYZL2","Lysozyme-like protein 2","LYZL2","Q7Z4W2"
"X18375.28",125,-0.637582036722956,1.66525190239466,TRUE,5186,"IL36RN","Interleukin-36 receptor antagonist protein","IL-1F5","Q9UBH0"
"X13936.24",125,-0.63784627485682,1.71070699345267,TRUE,5187,"PGK2","Phosphoglycerate kinase 2","PGK2","P07205"
"X11358.15",125,-0.63849765258216,1.41830966477161,TRUE,5188,"GRB10","Growth factor receptor-bound protein 10","GRB10","Q13322"
"X7207.4",124,-0.638788344234123,1.51282545732411,TRUE,5189,"IK","Protein Red","RED","Q13123"
"X19570.12",124,-0.638808365988386,1.66227343406309,TRUE,5190,"FGF8","Fibroblast growth factor 8","FGF-8","P55075"
"X14107.1",123,-0.63926369288718,1.37058048330317,TRUE,5191,"MTHFS","5-formyltetrahydrofolate cyclo-ligase","MTHFS","P49914"
"X13694.24",123,-0.639500535325,1.64681269823348,TRUE,5192,"CRLF2","Cytokine receptor-like factor 2","TSLP R","Q9HC73"
"X7891.45",124,-0.639889963929824,1.44455374847274,TRUE,5193,"UGT1A6","UDP-glucuronosyltransferase 1-6","UGT 1A6","P19224"
"X2806.49",125,-0.639984760219256,1.64834863316894,TRUE,5194,"ACVR1B","Activin receptor type-1B","Activin RIB","P36896"
"X12685.57",124,-0.640173237565861,1.53590872092595,TRUE,5195,"HOMER2","Homer protein homolog 2","HOME2","Q9NSB8"
"X8545.14",124,-0.640703145901201,1.48971819547875,TRUE,5196,"C17orf78","Uncharacterized protein C17orf78:C-term","CQ078:C-term","Q8N4C9"
"X20425.12",125,-0.640716023892043,1.44913280423633,TRUE,5197,"HHEX","Hematopoietically-expressed homeobox protein HHEX","HHEX","Q03014"
"X24432.3",125,-0.641305950888578,1.58165763643213,TRUE,5198,"GRIPAP1","GRIP1-associated protein 1","GRAP1","Q4V328"
"X12735.39",120,-0.641414422048425,1.66910869224276,TRUE,5199,"CSDE1","Cold shock domain-containing protein E1","CSDE1","O75534"
"X5621.64",122,-0.641855069781583,1.6507869738462,TRUE,5200,"THSD1","Thrombospondin type-1 domain-containing protein 1","THSD1","Q9NS62"
"X15343.337",106,-0.64185873081458,1.6440776753142,TRUE,5201,"KNG1","Kininogen, HMW, Two Chain","Kininogen, HMW, Two Chain","P01042"
"X20055.40",122,-0.643095328585356,1.3272591350112,TRUE,5202,"ALDH1A2","Retinal dehydrogenase 2","AL1A2","O94788"
"X12378.71",125,-0.64372710960352,1.4410275590981,TRUE,5203,"TAPBP","Tapasin","TPSN","O15533"
"X15444.45",115,-0.644202958596225,1.57500461305223,TRUE,5204,"SERPINB4","Serpin B4","SCCA2","P48594"
"X11289.31",125,-0.644605855025441,1.64955646712453,TRUE,5205,"CSNK1D","Casein kinase I isoform delta","KC1D","P48730"
"X13689.2",122,-0.646245059288537,1.44124433332969,TRUE,5206,"ODC1","Ornithine decarboxylase","Ornithine decarboxylase","P11926"
"X5623.11",125,-0.646676744586191,1.60917259176592,TRUE,5207,"CD300LF","CMRF35-like molecule 1","CLM1","Q8TDQ1"
"X23280.9",124,-0.64695921489138,1.62015383614399,TRUE,5208,"AKIRIN2","Akirin-2","AKIR2","Q53H80"
"X2501.51",124,-0.6478656905267,1.27068907750532,TRUE,5209,"CDH1","Cadherin-1","Cadherin E","P12830"
"X9398.30",125,-0.647881178870781,1.53654732134836,TRUE,5210,"GALP","Galanin-like peptide","GALP","Q9UBC7"
"X5009.11",124,-0.649433137979441,1.46734215584335,TRUE,5211,"MSN","Moesin","Moesin","P26038"
"X17776.15",125,-0.649909052921368,1.51416341885761,TRUE,5212,"PECR","Peroxisomal trans-2-enoyl-CoA reductase","PECR","Q9BY49"
"X15604.18",124,-0.650126685866264,1.4406211750629,TRUE,5213,"MAPK9","Mitogen-activated protein kinase 9","JNK2","P45984"
"X21933.7",124,-0.650635477190177,1.44581558152862,TRUE,5214,"UBA7","Ubiquitin-like modifier-activating enzyme 7","UBA7","P41226"
"X23605.3",123,-0.650816378523585,1.61123771630282,TRUE,5215,"TCP11L1","T-complex protein 11-like protein 1","T11L1","Q9NUJ3"
"X8458.16",124,-0.650874686038387,1.49796134010627,TRUE,5216,"SNCA","Alpha-synuclein","a-Synuclein","P37840"
"X21504.41",114,-0.651203862730484,1.47400809066148,TRUE,5217,"AGO2","Eukaryotic translation initiation factor 2C 2","I2C2","Q9UKV8"
"X22155.44",125,-0.65210898901261,1.51134626657106,TRUE,5218,"GEMIN7","Gem-associated protein 7","GEMI7","Q9H840"
"X9606.4",125,-0.653104490819261,1.30511921874102,TRUE,5219,"NUP210L","Nuclear pore membrane glycoprotein 210-like","P210L","Q5VU65"
"X11352.42",122,-0.653879202083361,1.66238026245624,TRUE,5220,"TTN","Titin","TITIN","Q8WZ42"
"X18458.4",122,-0.654016861266346,1.53725030164436,TRUE,5221,"PTGES2","Prostaglandin E synthase 2","PGES2","Q9H7Z7"
"X14002.18",125,-0.654081557407271,1.45672555198927,TRUE,5222,"DOCK9","Dedicator of cytokinesis protein 9","DOCK9","Q9BZ29"
"X24267.24",123,-0.654118656256752,1.31657783632966,TRUE,5223,"PWWP2B","PWWP domain-containing protein 2B","PWP2B","Q6NUJ5"
"X23156.146",124,-0.654684229576822,1.53053504483714,TRUE,5224,"CASP10","Caspase-10:region 2","Caspase-10:region 2","Q92851"
"X3823.9",125,-0.656398249883244,1.59285933335987,TRUE,5225,"MATK","Megakaryocyte-associated tyrosine-protein kinase","MATK","P42679"
"X12556.7",123,-0.65641053755188,1.49843726470166,TRUE,5226,"UBE2C","Ubiquitin-conjugating enzyme E2 C","UBE2C","O00762"
"X3452.17",124,-0.657238900394695,1.56417254601869,TRUE,5227,"LCK","Tyrosine-protein kinase Lck","LCK","P06239"
"X12341.8",124,-0.657245195364384,1.64216649009762,TRUE,5228,"DUSP6","Dual specificity protein phosphatase 6","DUS6","Q16828"
"X15698.6",124,-0.657956526939323,1.70375823039136,TRUE,5229,"TXLNA","Alpha-taxilin","TXLNA","P40222"
"X22404.4",125,-0.659913231570926,1.58525215409516,TRUE,5230,"IP6K1","Inositol hexakisphosphate kinase 1","IP6K1","Q92551"
"X11194.6",123,-0.65994608051804,1.69460236266923,TRUE,5231,"SIT1","Signaling threshold-regulating transmembrane adapter 1","SIT1","Q9Y3P8"
"X12046.51",124,-0.660014982027861,1.65478055885263,TRUE,5232,"TARDBP","TAR DNA-binding protein 43","TADBP","Q13148"
"X12954.71",119,-0.660213813095162,1.44368653248657,TRUE,5233,"PPARA","Peroxisome proliferator-activated receptor alpha","PPARa","Q07869"
"X3758.68",122,-0.660394069785119,1.38490775156667,TRUE,5234,"PROC","Activated Protein C","Activated Protein C","P04070"
"X19227.18",124,-0.660616208764404,1.30076275330684,TRUE,5235,"BATF","Basic leucine zipper transcriptional factor ATF-like","BATF","Q16520"
"X2937.10",124,-0.660827033117836,1.56343095215013,TRUE,5236,"APOE","Apolipoprotein E (isoform E3)","Apo E3","P02649"
"X24688.9",123,-0.662012073991899,1.30857443401611,TRUE,5237,"DMRTB1","Doublesex- and mab-3-related transcription factor B1","DMRTB","Q96MA1"
"X11288.26",124,-0.662835128448857,1.57263416003513,TRUE,5238,"NT5C2","Cytosolic purine 5'-nucleotidase","5NTC","P49902"
"X8459.10",125,-0.662985768011209,1.35144309811183,TRUE,5239,"BMP6","Bone morphogenetic protein 6","BMP-6","P22004"
"X14703.6",125,-0.66354496964334,1.48283887101492,TRUE,5240,"PROK1","Prokineticin-1","EG-VEGF","P58294"
"X10008.43",125,-0.663637145736548,1.70723714946537,TRUE,5241,"GUCA1A","Guanylyl cyclase-activating protein 1","GUC1A","P43080"
"X11101.18",124,-0.664415165840976,1.23376515033923,TRUE,5242,"TLR4","Toll-like receptor 4","TLR4","O00206"
"X2994.71",123,-0.664710245412622,1.46744362816578,TRUE,5243,"IL1RL2","Interleukin-1 receptor-like 2","IL-1Rrp2","Q9HB29"
"X23584.2",121,-0.664742586532794,1.61733337725644,TRUE,5244,"NUDT15","Nucleotide triphosphate diphosphatase NUDT15","NUD15","Q9NV35"
"X9849.13",125,-0.665462232382076,1.38302162774806,TRUE,5245,"APEX1","DNA-(apurinic or apyrimidinic site) lyase","APEX1","P27695"
"X22960.8",121,-0.665465237598407,1.45085574160297,TRUE,5246,"FCGR2B","Low affinity immunoglobulin gamma Fc region receptor II-b","FCG2B","P31994"
"X14079.14",125,-0.666322542585355,1.67852214534659,TRUE,5247,"IL18R1","Interleukin-18 receptor 1","IL-18 Ra","Q13478"
"X20976.19",122,-0.667586512308857,1.57365383890858,TRUE,5248,"LSM3","U6 snRNA-associated Sm-like protein LSm3","LSM3","P62310"
"X22516.30",124,-0.667802905119368,1.52883600488162,TRUE,5249,"NRL","Neural retina-specific leucine zipper protein","NRL","P54845"
"X18270.10",124,-0.668023228365044,1.55899628253277,TRUE,5250,"TAF10","Transcription initiation factor TFIID subunit 10","TAF10","Q12962"
"X12417.46",125,-0.669038664798565,1.57620624670012,TRUE,5251,"TPRKB","EKC/KEOPS complex subunit TPRKB","TPRKB","Q9Y3C4"
"X4258.15",118,-0.669171064886681,1.3217050886257,TRUE,5252,"PA2G4","Proliferation-associated protein 2G4","PA2G4","Q9UQ80"
"X9253.52",125,-0.669929700366246,1.7694345460887,TRUE,5253,"ABO","Histo-blood group ABO system transferase","BGAT","P16442"
"X22003.4",122,-0.670170892999369,1.70258667939641,TRUE,5254,"PON2","Paraoxonase 2","Paraoxonase-2","Q15165"
"X15466.30",125,-0.670372145613647,1.38693691476358,TRUE,5255,"COL9A1","Collagen alpha-1(IX) chain","CO9A1","P20849"
"X22383.21",125,-0.670531917508542,1.64027140523491,TRUE,5256,"MITF","MITF","MITF","O75030"
"X7827.20",125,-0.670906766954256,1.64325093538047,TRUE,5257,"ADAM32","Disintegrin and metalloproteinase domain-containing protein 32","ADA32","Q8TC27"
"X21697.57",122,-0.671596410925856,1.64994232381794,TRUE,5258,"ADGRF2","Adhesion G-protein coupled receptor F2","AGRF2","Q8IZF7"
"X22783.40",124,-0.671666970923535,1.56800859760073,TRUE,5259,"SPI1","Transcription factor PU.1","SPI1","P17947"
"X2585.2",125,-0.671994444854116,1.52777741123793,TRUE,5260,"PRL","Prolactin","PRL","P01236"
"X4987.17",125,-0.6720313152914,1.58894810015411,TRUE,5261,"FCAR","Immunoglobulin alpha Fc receptor","FCAR","P24071"
"X15430.165",124,-0.672360448829926,1.54452623322805,TRUE,5262,"OPTC","Opticin","OPT","Q9UBM4"
"X7100.31",124,-0.672485316983199,1.64095307277865,TRUE,5263,"CD2","T-cell surface antigen CD2","CD2","P06729"
"X4394.71",124,-0.67327951151189,1.64702072725975,TRUE,5264,"FGF8","Fibroblast growth factor 8 isoform A","FGF-8A","P55075"
"X17462.19",124,-0.673511397042623,1.54187967647231,TRUE,5265,"IRF1","Interferon regulatory factor 1","IRF1","P10914"
"X15539.15",125,-0.674685986775803,1.67882747240173,TRUE,5266,"SLITRK1","SLIT and NTRK-like protein 1","SLIK1","Q96PX8"
"X12888.18",125,-0.675177592606248,1.4042121031038,TRUE,5267,"SAP30","Histone deacetylase complex subunit SAP30","SAP30","O75446"
"X19116.1",125,-0.675245188407935,1.73194831043682,TRUE,5268,"BLOC1S5","Biogenesis of lysosome-related organelles complex 1 subunit 5","MUTED","Q8TDH9"
"X12564.9",121,-0.675623124191243,1.6622837918577,TRUE,5269,"NIP7","60S ribosome subunit biogenesis protein NIP7 homolog","NIP7","Q9Y221"
"X25242.12",123,-0.675849992421579,1.59831414352252,TRUE,5270,"CATIP","Ciliogenesis-associated TTC17-interacting protein","CATIP","Q7Z7H3"
"X4138.25",125,-0.676203819777303,1.58238624829841,TRUE,5271,"IL20","Interleukin-20","IL-20","Q9NYY1"
"X4771.10",123,-0.676783117105089,1.55037422388488,TRUE,5272,"SMPDL3A","Acid sphingomyelinase-like phosphodiesterase 3a","ASM3A","Q92484"
"X24953.27",120,-0.677457891995138,1.59884297721991,TRUE,5273,"KIF3B","Kinesin-like protein KIF3B","KIF3B","O15066"
"X12987.12",123,-0.677888103814686,1.4129455007335,TRUE,5274,"SRSF7","Serine/arginine-rich splicing factor 7","SRSF7","Q16629"
"X19262.219",125,-0.678729444731215,1.58800003366153,TRUE,5275,"ACADVL","Very long-chain specific acyl-CoA dehydrogenase, mitochondrial","ACADV","P49748"
"X5612.16",125,-0.678870781407467,1.36014229955911,TRUE,5276,"HINT2","Histidine triad nucleotide-binding protein 2, mitochondrial","HINT2","Q9BX68"
"X5356.2",122,-0.678901204946693,1.36054271842882,TRUE,5277,"MIF","Macrophage migration inhibitory factor","MIF","P14174"
"X17789.1",123,-0.679295176915238,1.57814834442306,TRUE,5278,"QPRT","Nicotinate-nucleotide pyrophosphorylase [carboxylating]","NADC","Q15274"
"X4455.89",123,-0.681051830448131,1.64693375774493,TRUE,5279,"MFGE8","Lactadherin","MFGM","Q08431"
"X22136.9",124,-0.681173378656972,1.61278188467369,TRUE,5280,"EXOG","Nuclease EXOG, mitochondrial","EXOG","Q9Y2C4"
"X9829.91",123,-0.681194753764242,1.65580494837996,TRUE,5281,"SULT2A1","Bile salt sulfotransferase","SULT 2A1","Q06520"
"X22086.2",125,-0.681537743037632,1.40676366869088,TRUE,5282,"BRMS1L","Breast cancer metastasis-suppressor 1-like protein","BRM1L","Q5PSV4"
"X2598.9",125,-0.682643856156134,1.45858196775616,TRUE,5283,"TNFRSF9","Tumor necrosis factor receptor superfamily member 9","4-1BB","Q07011"
"X8644.46",122,-0.683442062752407,1.44323141317852,TRUE,5284,"CTSH","Cathepsin H","Cathepsin H","P09668"
"X2704.74",124,-0.68455575244636,1.68006339618132,TRUE,5285,"TNFRSF13B","Tumor necrosis factor receptor superfamily member 13B","TACI","O14836"
"X8465.52",123,-0.686012725378843,1.58648580209447,TRUE,5286,"CTSH","Cathepsin H","Cathepsin H","P09668"
"X24636.9",124,-0.686875617693901,1.46462997348997,TRUE,5287,"DRAP1","Dr1-associated corepressor","Dr1-associated corepressor","Q14919"
"X17734.13",125,-0.68749846373178,1.33730069374458,TRUE,5288,"ENSA","Alpha-endosulfine","a-endosulfine","O43768"
"X11138.16",125,-0.68826045276897,1.56685125636403,TRUE,5289,"RUNX3","Runt-related transcription factor 3","RUNX3","Q13761"
"X11098.1",123,-0.689102160992489,1.56579058809477,TRUE,5290,"PDXK","Pyridoxal kinase","PDXK","O00764"
"X23212.8",124,-0.689179576600339,1.4833333429852,TRUE,5291,"EURL","Protein EURL homolog","EURL","Q9NYK6"
"X9933.49",121,-0.689401817682946,1.66993092464659,TRUE,5292,"ATP1B4","Protein ATP1B4","AT1B4","Q9UN42"
"X23686.44",125,-0.689858171717917,1.67786931579096,TRUE,5293,"CWF19L1","CWF19-like protein 1","C19L1","Q69YN2"
"X20984.142",125,-0.690571000172062,1.30229721465557,TRUE,5294,"DUSP19","Dual specificity protein phosphatase 19","DUS19","Q8WTR2"
"X10583.1",124,-0.690583354841146,1.60640786621909,TRUE,5295,"TMEM108","Transmembrane protein 108","TM108","Q6UXF1"
"X20530.2",125,-0.690822948160165,1.52810561014301,TRUE,5296,"SEMA6D","Semaphorin-6D","SEM6D","Q8NFY4"
"X12633.3",125,-0.690884398888971,1.60145292479318,TRUE,5297,"PTPN9","Tyrosine-protein phosphatase non-receptor type 9","PTN9","P43378"
"X7713.50",123,-0.691294084259952,1.66538162059774,TRUE,5298,"FMR1","Fragile X mental retardation protein 1","FMR1","Q06787"
"X4883.56",124,-0.691408967156099,1.70423154743775,TRUE,5299,"INS","Insulin","Insulin","P01308"
"X3312.64",125,-0.692715630607379,1.59084803503332,TRUE,5300,"FCGR1A","High affinity immunoglobulin gamma Fc receptor I","FCGR1","P12314"
"X3471.49",124,-0.692818069080997,1.56352671946885,TRUE,5301,"STK16","Serine/threonine-protein kinase 16","STK16","O75716"
"X19188.21",124,-0.693145407504863,1.42580652155038,TRUE,5302,"NAP1L4","nucleosome assembly protein 1-like 4","NAP2L","Q99733"
"X19208.8",123,-0.69458347307861,1.56624013222379,TRUE,5303,"ACVR2A","Activin receptor type-2A","Activin RIIA","P27037"
"X22116.9",123,-0.695541968190086,1.51397053062977,TRUE,5304,"CREM","cAMP-responsive element modulator","CREM","Q03060"
"X18160.2",125,-0.695708281100214,1.63399570284311,TRUE,5305,"PCMT1","Protein-L-isoaspartate(D-aspartate) O-methyltransferase","PIMT","P22061"
"X6469.62",124,-0.695721007821475,1.67486377824285,TRUE,5306,"LY6G6D","Lymphocyte antigen 6 complex locus protein G6d","LY66D","O95868"
"X3198.4",125,-0.695806602266303,1.37547435920182,TRUE,5307,"IDS","Iduronate 2-sulfatase","IDS","P22304"
"X4981.6",124,-0.69608173311469,1.44472949421642,TRUE,5308,"DSC3","Desmocollin-3","DSC3","Q14574"
"X12714.38",109,-0.696219542712031,1.53422757934484,TRUE,5309,"AP1G2","AP-1 complex subunit gamma-like 2","AP1G2","O75843"
"X6214.84",123,-0.69691927156397,1.6496798402234,TRUE,5310,"IFNA8","Interferon alpha-8","IFNA8","P32881"
"X21885.196",123,-0.696998622984866,1.69353091932168,TRUE,5311,"TIA1","Nucleolysin TIA-1 isoform p40","TIA1","P31483"
"X12626.6",124,-0.697498087921012,1.57090083469954,TRUE,5312,"SENP7","Sentrin-specific protease 7","SENP7","Q9BQF6"
"X12370.30",125,-0.698037263721948,1.34104937354851,TRUE,5313,"APOF","Apolipoprotein F","Apo F","Q13790"
"X20975.2",124,-0.698906252458965,1.32893601663102,TRUE,5314,"RCAN2","Calcipressin-2","RCAN2","Q14206"
"X18405.117",124,-0.699044741356247,1.62363694304732,TRUE,5315,"AP1S2","AP-1 complex subunit sigma-2","AP1S2","P56377"
"X6547.83",125,-0.699395324828552,1.41501607665109,TRUE,5316,"TMPRSS11D","Transmembrane protease serine 11D","TM11D","O60235"
"X24977.18",125,-0.700292505469115,1.64359008879511,TRUE,5317,"VILL","Villin-like protein","VILL","O15195"
"X16923.20",124,-0.700410745479439,1.68812748483156,TRUE,5318,"PFN2","Profilin-2","Profilin II","P35080"
"X19260.4",125,-0.700716515497874,1.7130194288565,TRUE,5319,"GIPC1","PDZ domain-containing protein GIPC1","GIPC1","O14908"
"X8299.66",124,-0.701155430776446,1.54203601939367,TRUE,5320,"LILRA4","Leukocyte immunoglobulin-like receptor subfamily A member 4","LIRA4","P59901"
"X2468.62",125,-0.701312587567289,1.61747088008745,TRUE,5321,"CCL20","C-C motif chemokine 20","MIP-3a","P78556"
"X12536.46",125,-0.702123737187523,1.44373079336396,TRUE,5322,"MTMR6","Myotubularin-related protein 6","MTMR6","Q9Y217"
"X9884.8",122,-0.702239040269676,1.66353990476785,TRUE,5323,"PPIL1","Peptidyl-prolyl cis-trans isomerase-like 1","PPIL1","Q9Y3C6"
"X13125.45",125,-0.70231423444682,1.45263919597409,TRUE,5324,"VTN","Vitronectin","Vitronectin","P04004"
"X11690.47",125,-0.702461716195954,1.75927472994044,TRUE,5325,"ANAPC7","Anaphase-promoting complex subunit 7","APC7","Q9UJX3"
"X5238.26",125,-0.702984047390802,1.67064157588559,TRUE,5326,"PPIE","Peptidyl-prolyl cis-trans isomerase E","PPIE","Q9UNP9"
"X5229.90",125,-0.703844357594081,1.67699111388263,TRUE,5327,"IMPDH1","Inosine-5'-monophosphate dehydrogenase 1","IMDH1","P20839"
"X15333.11",113,-0.704483447013808,1.54557691680104,TRUE,5328,"SDF2","Stromal cell-derived factor 2","SDF2","Q99470"
"X14135.3",122,-0.706390910352759,1.73340290648694,TRUE,5329,"RXFP1","Relaxin receptor 1","RXFP1","Q9HBX9"
"X19623.26",123,-0.707315342741415,1.45318916733708,TRUE,5330,"RPSA","40S ribosomal protein SA","40S ribosomal protein SA","P08865"
"X6937.251",125,-0.707359339281764,1.57396443997466,TRUE,5331,"C1orf43","Uncharacterized protein C1orf43","CA043","Q9BWL3"
"X19250.50",125,-0.707396209719047,1.65600180385937,TRUE,5332,"MYCBP","C-Myc-binding protein","MYCBP","Q99417"
"X10816.150",125,-0.707795639456284,1.53067194690844,TRUE,5333,"PILRA","Paired immunoglobulin-like type 2 receptor alpha isoform FDF03-M14","PILRA isoform FDF03-M14","Q9UKJ1"
"X4224.7",125,-0.708023007152865,1.63709938641829,TRUE,5334,"SYNCRIP","Heterogeneous nuclear ribonucleoprotein Q","HNRPQ","O60506"
"X20557.19",123,-0.70845695415495,1.35523929465985,TRUE,5335,"VSIG8","V-set and immunoglobulin domain-containing protein 8","VSIG8","P0DPA2"
"X3535.84",122,-0.708743960394731,1.65941186864143,TRUE,5336,"DKK1","Dickkopf-related protein 1","DKK1","O94907"
"X24497.8",123,-0.709734010990429,1.73414811714144,TRUE,5337,"TRIML1","Probable E3 ubiquitin-protein ligase TRIML1","TRIML","Q8N9V2"
"X11480.1",121,-0.710972751046734,1.29099126591744,TRUE,5338,"ALDH3A1","Aldehyde dehydrogenase, dimeric NADP-preferring","Aldehyde dehydrogenase, class 3","P30838"
"X23213.21",124,-0.712313590210063,1.38569274637148,TRUE,5339,"CFAP300","Uncharacterized protein C11orf70","CK070","Q9BRQ4"
"X12625.138",124,-0.712640928633929,1.68049492631806,TRUE,5340,"KLHL7","Kelch-like protein 7","KLHL7","Q8IXQ5"
"X23266.62",123,-0.713011425751961,1.63675631382194,TRUE,5341,"MITD1","MIT domain-containing protein 1","MITD1","Q8WV92"
"X17739.1",118,-0.713557303879672,1.57974269214283,TRUE,5342,"HADH","Hydroxyacyl-coenzyme A dehydrogenase, mitochondrial","HCDH","Q16836"
"X4889.82",124,-0.714127441260249,1.63641226405022,TRUE,5343,"WNT7A","Protein Wnt-7a","WNT7A","O00755"
"X15435.4",110,-0.714194249437523,1.64606949260719,TRUE,5344,"PNP","Purine nucleoside phosphorylase","PNP","P00491"
"X17460.51",124,-0.714347764505925,1.56670061702183,TRUE,5345,"MX1","Interferon-induced GTP-binding protein Mx1","Mx1","P20591"
"X10048.7",125,-0.714696556301158,1.52676341672872,TRUE,5346,"CBFB","Core-binding factor subunit beta","PEBB","Q13951"
"X20386.15",121,-0.715594248064904,1.51194109786533,TRUE,5347,"PTRHD1","Putative peptidyl-tRNA hydrolase PTRHD1","PTRD1","Q6GMV3"
"X4220.39",124,-0.715845068205997,1.65192818386722,TRUE,5348,"FER","Tyrosine-protein kinase Fer","FER","P16591"
"X10551.7",122,-0.715862597740807,1.56914643029839,TRUE,5349,"LAT","Linker for activation of T-cells family member 1","LAT","O43561"
"X21129.95",124,-0.715934091874793,1.6368794665699,TRUE,5350,"MAD2L1BP","MAD2L1-binding protein","MD2BP","Q15013"
"X9345.436",125,-0.716048472334882,1.72109899727829,TRUE,5351,"WFDC13","WAP four-disulfide core domain protein 13","WFD13","Q8IUB5"
"X24245.2",122,-0.716075046185064,1.70717810199666,TRUE,5352,"KLC3","Kinesin light chain 3","KLC3","Q6P597"
"X4282.3",121,-0.716088819633814,1.39486676606961,TRUE,5353,"RAN","GTP-binding nuclear protein Ran","RAN","P62826"
"X24496.26",124,-0.71634955856664,1.64788272763964,TRUE,5354,"RILPL1","RILP-like protein 1","RIPL1","Q5EBL4"
"X3894.15",124,-0.71644938529621,1.24418565598602,TRUE,5355,"NAGK","N-acetyl-D-glucosamine kinase","NAGK","Q9UJ70"
"X10015.119",124,-0.716638234386901,1.60360222029526,TRUE,5356,"KCNAB2","Voltage-gated potassium channel subunit beta-2","KCAB2","Q13303"
"X14019.73",124,-0.717236256507425,1.59346983999789,TRUE,5357,"EVPL","Envoplakin","EVPL","Q92817"
"X12991.49",125,-0.717357372858442,1.5417735931674,TRUE,5358,"CUL9","Cullin-9","CUL9","Q8IWT3"
"X3506.49",122,-0.717568831443519,1.62572776513598,TRUE,5359,"LTA|LTB","Lymphotoxin alpha2:beta1","Lymphotoxin a2/b1","P01374|Q06643"
"X19148.58",123,-0.717673692629189,1.54598698275292,TRUE,5360,"TIMM8A","Mitochondrial import inner membrane translocase subunit Tim8 A","TIM8A","O60220"
"X24928.20",124,-0.718596855672537,1.60003392116094,TRUE,5361,"MZT2A","Mitotic-spindle organizing protein 2A","MZT2A","Q6P582"
"X7808.5",125,-0.718930511515867,1.40253569820813,TRUE,5362,"GLCE","D-glucuronyl C5-epimerase","GLCE","O94923"
"X16298.84",124,-0.719077040259099,1.58823541581524,TRUE,5363,"PLA2G2D","Group IID secretory phospholipase A2","sPLA(2)-IID","Q9UNK4"
"X15419.15",125,-0.720350023351277,1.58846856212823,TRUE,5364,"MMP20","Matrix metalloproteinase-20","MMP20","O60882"
"X9518.95",123,-0.721086526771346,1.34611624019407,TRUE,5365,"PLA1A","Phospholipase A1 member A","PLA1A","Q53H76"
"X22376.95",124,-0.721362092679964,1.51875995566175,TRUE,5366,"HOXA5","Homeobox protein Hox-A5","HXA5","P20719"
"X7789.182",124,-0.721384641532951,1.36260509853941,TRUE,5367,"PRDX4","Peroxiredoxin-4","PRDX4","Q13162"
"X8906.60",125,-0.721529877344345,1.72640754168488,TRUE,5368,"LRTM2","Leucine-rich repeat and transmembrane domain-containing protein 2","LRTM2","Q8N967"
"X7982.10",125,-0.723293513261067,1.48272256341498,TRUE,5369,"MRPL32","39S ribosomal protein L32, mitochondrial","RM32","Q9BYC8"
"X18261.34",125,-0.723668362706782,1.59643149978212,TRUE,5370,"NATD1","Protein NATD1","NATD1","Q8N6N6"
"X2696.87",125,-0.72376053879999,1.74074332661645,TRUE,5371,"PSPN","Persephin","Persephin","O60542"
"X3341.33",125,-0.723951036059288,1.77742158541522,TRUE,5372,"ABL1","Tyrosine-protein kinase ABL1","ABL1","P00519"
"X21178.8",122,-0.724071834123191,1.48614252233627,TRUE,5373,"CIAO1","Probable cytosolic iron-sulfur protein assembly protein CIAO1","CIAO1","O76071"
"X12664.19",124,-0.725035723952989,1.33759938776661,TRUE,5374,"PTPN13","Tyrosine-protein phosphatase non-receptor type 13","PTN13","Q12923"
"X9955.40",123,-0.725453015102116,1.51529481704688,TRUE,5375,"RNF148","RING finger protein 148:region 2","RN148:region 2","Q8N7C7"
"X25486.38",125,-0.725640931101443,1.80429431329888,TRUE,5376,"MRPL38","39S ribosomal protein L38, mitochondrial","RM38","Q96DV4"
"X19144.9",124,-0.725860364982343,1.61020631889895,TRUE,5377,"TCF4","Transcription factor 4","ITF2","P15884"
"X20075.130",123,-0.726081292003663,1.64167041534646,TRUE,5378,"MAGEA4","Melanoma-associated antigen 4","MAGE-4","P43358"
"X18813.15",125,-0.726224713025097,1.71171476724505,TRUE,5379,"DDX19A","ATP-dependent RNA helicase DDX19A","DD19A","Q9NUU7"
"X21241.1",124,-0.727103050828253,1.71555947173574,TRUE,5380,"NAA80","N-acetyltransferase 6","NAT6","Q93015"
"X11107.25",125,-0.72789617284861,1.63771036079463,TRUE,5381,"TENM3","Teneurin-3","TEN3","Q9P273"
"X5745.64",125,-0.727963768650296,1.41947225978711,TRUE,5382,"PI15","Peptidase inhibitor 15","PI15","O43692"
"X19141.22",123,-0.729005959598566,1.37078500075771,TRUE,5383,"DAP","Death-associated protein 1","DAP1","P51397"
"X14205.6",125,-0.730046948356808,1.56421032489057,TRUE,5384,"HEXIM2","Protein HEXIM2","HEXI2","Q96MH2"
"X22509.9",125,-0.730624585207581,1.49417625307572,TRUE,5385,"NDUFAF5","Arginine-hydroxylase NDUFAF5, mitochondrial","NDUF5","Q5TEU4"
"X18866.8",125,-0.730710616227909,1.42179432379325,TRUE,5386,"PPP3R2","Calcineurin subunit B type 2","CANB2","Q96LZ3"
"X25484.120",125,-0.730778212029595,1.56115658166846,TRUE,5387,"ARID3C","AT-rich interactive domain-containing protein 3C","ARI3C","A6NKF2"
"X9532.5",124,-0.731532132672781,1.75956326272432,TRUE,5388,"WBP1L","WW domain binding protein 1-like","WBP1L","Q9NX94"
"X4807.13",118,-0.731600593164004,1.73103899669376,TRUE,5389,"COL8A1","Collagen alpha-1(VIII) chain","CO8A1","P27658"
"X12727.7",125,-0.732080967480274,1.61410666391634,TRUE,5390,"PTGFRN","Prostaglandin F2 receptor negative regulator","FPRP","Q9P2B2"
"X3635.76",125,-0.732099402698916,1.49156471505588,TRUE,5391,"OCIAD1","OCIA domain-containing protein 1","OCAD1","Q9NX40"
"X14051.54",125,-0.732431236634467,1.64440867484354,TRUE,5392,"FOXC2","Forkhead box protein C2","FOXC2","Q99958"
"X6620.82",125,-0.732701619841211,1.53030322884454,TRUE,5393,"LINGO1","Leucine-rich repeat and immunoglobulin-like domain-containing nogo receptor-interacting protein 1","LIGO1","Q96FE5"
"X3323.37",125,-0.733359142639432,1.30730725076774,TRUE,5394,"LRP8","Low-density lipoprotein receptor-related protein 8","LRP8","Q14114"
"X8318.13",125,-0.734121131676622,1.41863524964514,TRUE,5395,"SPRED1","Sprouty-related, EVH1 domain-containing protein 1","SPRE1","Q7Z699"
"X14006.36",125,-0.735055182754467,1.34043358499171,TRUE,5396,"GNMT","Glycine N-methyltransferase","GNMT","Q14749"
"X15669.7",125,-0.735128923629034,1.3412288388878,TRUE,5397,"BRAF","Serine/threonine-protein kinase B-raf","BRAF1","P15056"
"X5897.58",122,-0.735242212131427,1.649365962356,TRUE,5398,"GRP","Gastrin-releasing peptide","Gastrin-releasing peptide","P07492"
"X21371.12",124,-0.73561756800141,1.62163647317022,TRUE,5399,"RIOX2","Bifunctional lysine-specific demethylase and histidyl-hydroxylase MINA","MINA","Q8IUF8"
"X12521.3",124,-0.735718287516446,1.71802930394578,TRUE,5400,"CDKN2C","Cyclin-dependent kinase 4 inhibitor C","CDN2C","P42773"
"X20966.7",125,-0.735995378905194,1.67311530734845,TRUE,5401,"SENP8","Sentrin-specific protease 8","SENP8","Q96LD8"
"X6077.63",125,-0.737304279428754,1.35721597841495,TRUE,5402,"ADA2","Adenosine deaminase CECR1","CECR1","Q9NZK5"
"X16753.46",123,-0.737480973143108,1.51829244785998,TRUE,5403,"COL6A2","Collagen alpha-2(VI) chain","CO6A2","P12110"
"X12543.76",124,-0.737676023089949,1.47905015123211,TRUE,5404,"ZNF560","Zinc finger protein 560","ZN560","Q96MR9"
"X5478.50",121,-0.738300661565196,1.61647943346123,TRUE,5405,"FOLH1","Glutamate carboxypeptidase 2","PSMA","Q04609"
"X17164.15",123,-0.738779906543563,1.63636428877886,TRUE,5406,"ANXA4","Annexin A4","annexin IV","P09525"
"X17204.17",123,-0.739577992124841,1.68137739176286,TRUE,5407,"PNMT","Phenylethanolamine N-methyltransferase","PNMT","P11086"
"X22561.3",123,-0.74029307809396,1.38960631031948,TRUE,5408,"LYPD8","Uncharacterized protein UNQ511/PRO1026","YA003","Q6UX82"
"X12372.50",119,-0.740846916209354,1.61412573612717,TRUE,5409,"TPM3","Tropomyosin alpha-3 chain","Tropomyosin alpha-3 chain","P06753"
"X11534.6",125,-0.741212545780793,1.37798433529552,TRUE,5410,"LRIT3","Leucine-rich repeat, immunoglobulin-like domain and transmembrane domain-containing protein 3","LRIT3","Q3SXY7"
"X10039.32",110,-0.741355444638324,1.64199421180257,TRUE,5411,"PNP","Purine nucleoside phosphorylase","PNP","P00491"
"X23339.46",125,-0.741452203623135,1.35399429059291,TRUE,5412,"TCF24","Transcription factor 24","TCF24","Q7RTU0"
"X23673.9",125,-0.741476783914657,1.6411866413134,TRUE,5413,"DBT","Lipoamide acyltransferase component of branched-chain alpha-keto acid dehydrogenase complex, mitochondrial","ODB2","P11182"
"X12667.2",125,-0.741777892485805,1.79125252751052,TRUE,5414,"GDA","Guanine deaminase","GUAD","Q9Y2T3"
"X7178.59",124,-0.741824408115475,1.53137427574397,TRUE,5415,"DEPP1","Protein DEPP","DEPP","Q9NTK1"
"X10967.12",125,-0.741876213651894,1.55115357363822,TRUE,5416,"PRL","Prolactin","PRL","P01236"
"X10631.9",125,-0.742214192660325,1.65498781167894,TRUE,5417,"PGRMC2","Membrane-associated progesterone receptor component 2","PGRC2","O15173"
"X4567.82",123,-0.742531982753339,1.67261780607052,TRUE,5418,"SH2D1A","SH2 domain-containing protein 1A","SH21A","O60880"
"X6991.24",120,-0.742756429179184,1.68008342746703,TRUE,5419,"FUT9","Alpha-(1,3)-fucosyltransferase 9","FUT9","Q9Y231"
"X24643.21",124,-0.742907952095431,1.34044761750475,TRUE,5420,"CRYL1","Lambda-crystallin homolog","CRYL1","Q9Y2S2"
"X20453.9",122,-0.742923522821535,1.41804634007991,TRUE,5421,"NSMCE1","Non-structural maintenance of chromosomes element 1 homolog","NSE1","Q8WV22"
"X25414.11",125,-0.743013052134798,1.62096437142084,TRUE,5422,"LCE3B","Late cornified envelope protein 3B","LCE3B","Q5TA77"
"X2906.55",125,-0.743062212717843,1.51832451761169,TRUE,5423,"IL4","Interleukin-4","IL-4","P05112"
"X21555.17",123,-0.743874359057048,1.54345548086646,TRUE,5424,"FAM3A","Protein FAM3A","FAM3A","P98173"
"X8916.32",124,-0.743952107870601,1.30645496664152,TRUE,5425,"STIM1","Stromal interaction molecule 1:Cytoplasmic domain","STIM1:CD","Q13586"
"X12939.1",124,-0.744255071368994,1.52771093653984,TRUE,5426,"POLR1C","DNA-directed RNA polymerases I and III subunit RPAC1","RPAC1","O15160"
"X19270.26",125,-0.744788978197281,1.26307078493386,TRUE,5427,"YARS1","Tyrosine--tRNA ligase, cytoplasmic","SYYC","P54577"
"X5637.81",125,-0.745827495514097,1.53633284299335,TRUE,5428,"NTNG1","Netrin-G1","NTNG1","Q9Y2I2"
"X4851.25",124,-0.746016857928829,1.58199135434748,TRUE,5429,"IL1A","Interleukin-1 alpha","IL-1a","P01583"
"X21457.141",124,-0.746017657334403,1.46729860861624,TRUE,5430,"COQ10A","Coenzyme Q-binding protein COQ10 homolog A, mitochondrial","CQ10A","Q96MF6"
"X24912.40",125,-0.746816852247868,1.59459217903691,TRUE,5431,"WDR26","WD repeat-containing protein 26","WDR26","Q9H7D7"
"X5193.51",125,-0.747087235454613,1.59241693435927,TRUE,5432,"KRAS","GTPase KRas","K-ras","P01116"
"X8003.57",124,-0.747603190290639,1.46224367807887,TRUE,5433,"LGI3","Leucine-rich repeat LGI family member 3","LGI3","Q8N145"
"X11071.1",123,-0.747686155632236,1.59855718155368,TRUE,5434,"IL5","Interleukin-5","IL-5","P05113"
"X20103.176",123,-0.748692315134316,1.72225418496248,TRUE,5435,"OGG1","N-glycosylase/DNA lyase","N-glycosylase/DNA lyase","O15527"
"X13473.55",125,-0.749010643266229,1.2841830913693,TRUE,5436,"ITPKA","Inositol-trisphosphate 3-kinase A","IP3KA","P23677"
"X14146.92",125,-0.749084384140796,1.50660241872575,TRUE,5437,"H3C1","Histone H3.1","H31","P68431"
"X2853.68",123,-0.749143796962172,1.60417330058942,TRUE,5438,"CHEK1","Serine/threonine-protein kinase Chk1","CHK1","O14757"
"X7853.19",123,-0.749284074198292,1.51137095424046,TRUE,5439,"SCO1","Protein SCO1 homolog, mitochondrial","SCO1","O75880"
"X22140.6",125,-0.74956369982548,1.3889221994474,TRUE,5440,"FAM204A","Protein FAM204A","F204A","Q9H8W3"
"X24416.20",125,-0.750608362215176,1.64499758056145,TRUE,5441,"SND1","Staphylococcal nuclease domain-containing protein 1","SND1","Q7KZF4"
"X12568.14",124,-0.750851394650535,1.58275434626279,TRUE,5442,"KEAP1","Kelch-like ECH-associated protein 1","KEAP1","Q14145"
"X3828.54",122,-0.750972454021184,1.64855911445371,TRUE,5443,"PDGFC","Platelet-derived growth factor C","PDGF-CC","Q9NRA1"
"X22547.17",124,-0.751229092831918,1.60159787146721,TRUE,5444,"RBMS1","RNA-binding motif, single-stranded-interacting protein 1","RBMS1","P29558"
"X3629.60",125,-0.75152397807438,1.34270068821147,TRUE,5445,"CDC42BPB","Serine/threonine-protein kinase MRCK beta","MRCKB","Q9Y5S2"
"X4706.17",120,-0.752141026442458,1.44667813773548,TRUE,5446,"EPB41","Protein 4.1","41","P11171"
"X17329.2",120,-0.752641120210039,1.72904404099141,TRUE,5447,"BDH2","3-hydroxybutyrate dehydrogenase type 2","BDH2","Q9BUT1"
"X15692.300",123,-0.752767753773916,1.45283465519698,TRUE,5448,"NODAL","Nodal homolog","NODAL","Q96S42"
"X21942.14",124,-0.753136468647904,1.65870066506814,TRUE,5449,"WNT16","Protein Wnt-16","WNT16","Q9UBV4"
"X19150.20",120,-0.754432270051573,1.51654782765369,TRUE,5450,"PRPSAP2","Phosphoribosyl pyrophosphate synthase-associated protein 2","KPRB","O60256"
"X23034.13",125,-0.754608804660423,1.52162561673652,TRUE,5451,"SORCS3","VPS10 domain-containing receptor SorCS3","SORC3","Q9UPU3"
"X5663.18",123,-0.755096907349479,1.55896151203674,TRUE,5452,"PF4V1","Platelet factor 4 variant","PF4V","P10720"
"X5981.6",121,-0.75561637895992,1.72389277924071,TRUE,5453,"None","ES1 protein homolog, mitochondrial","ES1","P30042"
"X10638.1",122,-0.755685179371086,1.7149831626272,TRUE,5454,"TINF2","TERF1-interacting nuclear factor 2","TINF2","Q9BSI4"
"X6294.11",125,-0.755739498070447,1.60474972463775,TRUE,5455,"BAGE2","B melanoma antigen 2","BAGE2","Q86Y30"
"X25073.13",118,-0.755808389794912,1.58730330955164,TRUE,5456,"UBE4A","Ubiquitin conjugation factor E4 A","UBE4A","Q14139"
"X24911.57",125,-0.756624388565248,1.4903176210384,TRUE,5457,"MVP","LRP","LRP","Q14764"
"X12872.35",124,-0.757303738582499,1.33832850827552,TRUE,5458,"CNGA2","Cyclic nucleotide-gated olfactory channel","CNGA2","Q16280"
"X2769.3",123,-0.758141184817311,1.65518847104005,TRUE,5459,"rev","Protein Rev_HV2BE","HIV-2 Rev","P18093"
"X4232.19",125,-0.758461765356537,1.40146442739454,TRUE,5460,"IGF1R","Insulin-like growth factor 1 receptor","IGF-I sR","P08069"
"X3761.4",118,-0.758543988253728,1.63893571298645,TRUE,5461,"PTGS2","Prostaglandin G/H synthase 2","COX-2","P35354"
"X10367.62",124,-0.758663452035478,1.51375947669013,TRUE,5462,"IL12A|IL12B","Interleukin-12","IL-12","P29459|P29460"
"X21510.24",124,-0.759078920035,1.61219174426441,TRUE,5463,"GRK5","G protein-coupled receptor kinase 5","GRK5","P34947"
"X8073.3",123,-0.759823792524082,1.59998063842093,TRUE,5464,"CD84","SLAM family member 5","SLAF5","Q9UIB8"
"X4145.58",124,-0.759997985609699,1.7643201275376,TRUE,5465,"NTF3","Neurotrophin-3","Neurotrophin-3","P20783"
"X10454.99",124,-0.760174999606566,1.55559405631825,TRUE,5466,"DNAJC16","DnaJ homolog subfamily C member 16","DJC16","Q9Y2G8"
"X24459.15",125,-0.760514219698646,1.63672586543566,TRUE,5467,"COPB2","Coatomer subunit beta'","COPB2","P35606"
"X23668.281",124,-0.76084226429347,1.63060722070358,TRUE,5468,"MIEF1","Mitochondrial dynamics protein MID51","MID51","Q9NQG6"
"X22793.110",115,-0.760891438762908,1.52242106993478,TRUE,5469,"GTF2A2","Transcription initiation factor IIA subunit 2","T2AG","P52657"
"X11328.9",125,-0.761030405820613,1.68212200003618,TRUE,5470,"USB1","U6 snRNA phosphodiesterase","USB1","Q9BQ65"
"X3356.50",124,-0.761415104732228,1.6648561639454,TRUE,5471,"CA7","Carbonic anhydrase 7","Carbonic anhydrase VII","P43166"
"X25112.6",125,-0.761675638473072,1.76839480866737,TRUE,5472,"RPS6KB2","Ribosomal protein S6 kinase beta-2","KS6B2","Q9UBS0"
"X9523.34",124,-0.761974606092272,1.7057438939564,TRUE,5473,"ITM2C","Integral membrane protein 2C:C-term","ITM2C:C-term","Q9NQX7"
"X6473.55",125,-0.76415210284394,1.58042645098086,TRUE,5474,"BPIFA1","BPI fold-containing family A member 1","PLUNC","Q9NP55"
"X4332.6",125,-0.76437332546764,1.80487702367282,TRUE,5475,"CLEC1B","C-type lectin domain family 1 member B","CLC1B","Q9P126"
"X5730.60",125,-0.765743676720006,1.55985289726733,TRUE,5476,"CXCL14","C-X-C motif chemokine 14","BRAK","O95715"
"X7824.88",125,-0.765860433104737,1.63245556823114,TRUE,5477,"MSRB3","Methionine-R-sulfoxide reductase B3","MSRB3","Q8IXL7"
"X3473.78",125,-0.76600176978099,1.74063448967943,TRUE,5478,"MPL","Thrombopoietin Receptor","Thrombopoietin Receptor","P40238"
"X3291.30",123,-0.766280003482871,1.5449963247657,TRUE,5479,"FCER2","Low affinity immunoglobulin epsilon Fc receptor","CD23","P06734"
"X21260.74",125,-0.768195560799351,1.49863905572255,TRUE,5480,"SNRPE","Small nuclear ribonucleoprotein E","RUXE","P62304"
"X23286.2",125,-0.769535186687314,1.68116961112487,TRUE,5481,"RNF141","RING finger protein 141","RN141","Q8WVD5"
"X11324.3",121,-0.769559090539552,1.34688662321934,TRUE,5482,"PXDNL","Peroxidasin-like protein","PXDNL","A1KZ92"
"X9840.2",125,-0.769651943072045,1.52261907717737,TRUE,5483,"CDC42","Cell division control protein 42 homolog","Cdc42Hs","P60953"
"X9254.18",124,-0.770479832554333,1.41096743641552,TRUE,5484,"FCER1A","High affinity immunoglobulin epsilon receptor subunit alpha","FCERA","P12319"
"X9049.2",124,-0.770743498870053,1.73992711705333,TRUE,5485,"SLC16A3","Monocarboxylate transporter 4","MOT4","O15427"
"X24702.31",124,-0.77170662923258,1.71087868246508,TRUE,5486,"CCDC149","Coiled-coil domain-containing protein 149","CC149","Q6ZUS6"
"X10527.22",124,-0.77211165911802,1.61374958575395,TRUE,5487,"DHX9","ATP-dependent RNA helicase A","DHX9","Q08211"
"X23330.12",125,-0.772171422953076,1.53531779402771,TRUE,5488,"GUCD1","Uncharacterized protein C22orf13","CV013","Q96NT3"
"X20943.14",125,-0.772460241378463,1.6386070779985,TRUE,5489,"NAA50","N-alpha-acetyltransferase 50","NAA50","Q9GZZ1"
"X22386.11",124,-0.772538281163936,1.55845976212579,TRUE,5490,"OTX1","Homeobox protein OTX1","OTX1","P32242"
"X21946.79",125,-0.77254012732591,1.64910620374646,TRUE,5491,"IL6|IL6R","IL-6/IL-6 sRa Complex","IL-6/ IL-6 sRa Complex","P05231|P08887"
"X3591.51",125,-0.772804365459774,1.41766852535564,TRUE,5492,"CDH6","Cadherin-6","Cadherin-6","P55285"
"X21658.15",125,-0.773013297937714,1.56178955789947,TRUE,5493,"PHB2","Prohibitin-2","PHB2","Q99623"
"X12702.13",125,-0.773037878229236,1.72895131413952,TRUE,5494,"PELI2","E3 ubiquitin-protein ligase pellino homolog 2","PELI2","Q9HAT8"
"X5460.60",125,-0.773455743185114,1.43427482256245,TRUE,5495,"DDX19B","ATP-dependent RNA helicase DDX19B","DEAD-box protein 19B","Q9UMR2"
"X15533.97",124,-0.774325336623504,1.77691638356606,TRUE,5496,"MSR1","Macrophage scavenger receptor types I and II:Extracellular domain","Macrophage scavenger receptor:ECD","P21757"
"X18192.69",125,-0.774740063417152,1.50405182164361,TRUE,5497,"MAGEA5","Melanoma-associated antigen 5","MAGE-5","P43359"
"X17326.44",124,-0.774935948683407,1.64918211341368,TRUE,5498,"DUSP23","Dual specificity protein phosphatase 23","DUS23","Q9BVJ7"
"X21718.150",124,-0.774967423531856,1.74199981035884,TRUE,5499,"HYAL4","Hyaluronidase-4","HYAL4","Q2M3T9"
"X5757.45",124,-0.775030373228753,1.56172737368378,TRUE,5500,"GNAS","Neuroendocrine secretory protein 55","GNAS3","O95467"
"X8818.13",125,-0.775274684757761,1.76284086126735,TRUE,5501,"IFNGR2","Interferon gamma receptor 2:Cytoplasmic domain","INGR2:CD","P38484"
"X14005.2",123,-0.775528961040217,1.75900095055018,TRUE,5502,"CHD7","Chromodomain-helicase-DNA-binding protein 7","CHD7","Q9P2D1"
"X21732.78",125,-0.775643389130595,1.68812336066423,TRUE,5503,"UBE2Q1","Ubiquitin-conjugating enzyme E2 Q1","UB2Q1","Q7Z7E8"
"X11284.24",125,-0.775932207555982,1.54748773251125,TRUE,5504,"LAIR1","Leukocyte-associated immunoglobulin-like receptor 1","LAIR1","Q6GTX8"
"X12878.60",123,-0.776091534420541,1.39495846755296,TRUE,5505,"OSBPL11","Oxysterol-binding protein-related protein 11","OSB11","Q9BXB4"
"X25461.3",124,-0.776427856499871,1.55016454135676,TRUE,5506,"SAG","S-arrestin","ARRS","P10523"
"X17794.6",125,-0.776663471228769,1.40483849911667,TRUE,5507,"PMM2","Phosphomannomutase 2","Phosphomannomutase 2","O15305"
"X18190.15",125,-0.7770014502372,1.48391521080416,TRUE,5508,"CARD18","Caspase recruitment domain-containing protein 18","ICBR","P57730"
"X20516.11",125,-0.777708133618465,1.54535609693402,TRUE,5509,"SCN3B","Sodium channel subunit beta-3","SCN3B","Q9NY72"
"X25088.42",124,-0.778556253245833,1.42189141843813,TRUE,5510,"PHKA1","Phosphorylase b kinase regulatory subunit alpha, skeletal muscle isoform","PHKA1","P46020"
"X17828.3",124,-0.779033973951415,1.60142425749421,TRUE,5511,"S100A14","Protein S100-A14","S100A14","Q9HCY8"
"X15504.39",125,-0.779465624462306,1.61376399819049,TRUE,5512,"BIRC7","Baculoviral IAP repeat-containing protein 7 Isoform beta","Livin B","Q96CA5"
"X11360.39",115,-0.779928736874918,1.50403472299304,TRUE,5513,"RRM1","Ribonucleoside-diphosphate reductase large subunit","RRM1","P23921"
"X23342.4",125,-0.780682348892658,1.44555010904814,TRUE,5514,"ARRDC5","Arrestin domain-containing protein 5","ARRD5","A6NEK1"
"X18909.11",124,-0.781256098251887,1.60327105491649,TRUE,5515,"EXOSC8","Exosome complex component RRP43","EXOS8","Q96B26"
"X15506.34",125,-0.781530368950176,1.56678029576379,TRUE,5516,"LRP12","Low-density lipoprotein receptor-related protein 12","LRP12","Q9Y561"
"X4453.83",124,-0.781715631039237,1.63694582004183,TRUE,5517,"LRRTM3","Leucine-rich repeat transmembrane neuronal protein 3","LRRT3","Q86VH5"
"X21989.12",125,-0.782132586092471,1.33428218772797,TRUE,5518,"MAP4K5","Mitogen-activated protein kinase kinase kinase kinase 5","M4K5","Q9Y4K4"
"X5882.34",123,-0.782256061969306,1.62280071457714,TRUE,5519,"EEF1B2","Elongation factor 1-beta","EF-1-beta","P24534"
"X21583.14",124,-0.782659876492695,1.5449662222816,TRUE,5520,"RPL26L1","60S ribosomal protein L26-like 1","RL26L","Q9UNX3"
"X4396.54",124,-0.782780164612939,1.69242600388694,TRUE,5521,"IFNL1","Interferon lambda-1","IFN-lambda 1","Q8IU54"
"X21696.80",125,-0.782937590639825,1.48966651072713,TRUE,5522,"LRFN4","Leucine-rich repeat and fibronectin type-III domain-containing protein 4","LRFN4","Q6PJG9"
"X18206.18",124,-0.783484517522048,1.58163515422105,TRUE,5523,"ADH6","Alcohol dehydrogenase 6","ADH6","P28332"
"X6565.68",123,-0.783778205611937,1.64213339073142,TRUE,5524,"CDCP1","CUB domain-containing protein 1","CDCP1","Q9H5V8"
"X4931.59",125,-0.783939237519357,1.42677207703768,TRUE,5525,"F3","Tissue Factor","TF","P13726"
"X23518.7",125,-0.784111299560013,1.43222396944336,TRUE,5526,"FAM151B","Protein FAM151B","F151B","Q6UXP7"
"X8859.51",124,-0.78480713847316,1.3387683318268,TRUE,5527,"CA11","Carbonic anhydrase-related protein 11","CAH11","O75493"
"X22401.26",122,-0.784843467541781,1.4669066079835,TRUE,5528,"GUCA1B","Guanylyl cyclase-activating protein 2","GUC1B","Q9UMX6"
"X24217.2",125,-0.785371039500529,1.73609500813663,TRUE,5529,"S100A8","Calgranulin A","Calgranulin A","P05109"
"X11442.1",124,-0.785965409250429,1.51278957322133,TRUE,5530,"DNER","Delta and Notch-like epidermal growth factor-related receptor:Cytoplasmic domain","DNER:CD","Q8NFT8"
"X6123.69",121,-0.786604699059646,1.62452637252511,TRUE,5531,"TP53","Cellular tumor antigen p53","p53","P04637"
"X8269.327",124,-0.787185959699604,1.46230352711925,TRUE,5532,"ARSK","Arylsulfatase K","ARSK","Q6UWY0"
"X21272.100",125,-0.787269867020623,1.55018020542679,TRUE,5533,"RTRAF","UPF0568 protein C14orf166","CN166","Q9Y224"
"X5084.154",125,-0.787497234717204,1.40062200050767,TRUE,5534,"IL17RB","Interleukin-17 receptor B","IL-17B R","Q9NRM6"
"X9213.24",125,-0.788363689993363,1.59081408051405,TRUE,5535,"FTCD","Formimidoyltransferase-cyclodeaminase","FTCD","O95954"
"X7897.75",124,-0.789705933267657,1.46177657628282,TRUE,5536,"DLG3","Disks large homolog 3","DLG3","Q92796"
"X11645.9",124,-0.789917976544943,1.42859933853538,TRUE,5537,"P4HA1","Prolyl 4-hydroxylase subunit alpha-1","P4HA1","P13674"
"X7857.22",124,-0.790057126670129,1.51847703432035,TRUE,5538,"NTS","Neurotensin/neuromedin N","NEUT","P30990"
"X18290.6",125,-0.791393210923482,1.72751322480259,TRUE,5539,"ANXA8","Annexin A8","Annexin A8","P13928"
"X20374.41",124,-0.791737222785272,1.57369885361921,TRUE,5540,"COQ9","Ubiquinone biosynthesis protein COQ9, mitochondrial","COQ9","O75208"
"X23261.27",125,-0.791792640660718,1.51993866618994,TRUE,5541,"C1orf50","Uncharacterized protein C1orf50","CA050","Q9BV19"
"X11615.16",123,-0.792138436781461,1.65282858273348,TRUE,5542,"DAPP1","Dual adapter for phosphotyrosine and 3-phosphotyrosine and 3-phosphoinositide","DAPP1","Q9UN19"
"X16865.62",125,-0.79224737605388,1.58966171058735,TRUE,5543,"TAF15","TATA-binding protein-associated factor 2N","RBP56","Q92804"
"X19448.104",124,-0.792631108481213,1.33844200497719,TRUE,5544,"UPP1","Uridine phosphorylase 1","UPP1","Q16831"
"X15440.57",125,-0.793310473662218,1.67897804946321,TRUE,5545,"PCSK2","Neuroendocrine convertase 2","NEC2","P16519"
"X21499.17",125,-0.793630017452007,1.53542541388601,TRUE,5546,"COQ7","5-demethoxyubiquinone hydroxylase, mitochondrial","COQ7","Q99807"
"X9638.2",124,-0.79413125517363,1.42927599110822,TRUE,5547,"TIGIT","T-cell immunoreceptor with Ig and ITIM domains","TIGIT","Q495A1"
"X6530.63",125,-0.794607084040017,1.69149928789441,TRUE,5548,"OPRPN","Opiorphin prepropeptide","PROL1","Q99935"
"X5109.24",125,-0.795172430745029,1.56419739958731,TRUE,5549,"NRCAM","Neuronal cell adhesion molecule","Nr-CAM","Q92823"
"X25074.119",124,-0.795206395669074,1.60287060979209,TRUE,5550,"GK5","Putative glycerol kinase 5","GLPK5","Q6ZS86"
"X8958.51",124,-0.795401539115245,1.53728152302169,TRUE,5551,"CHL1","Neural cell adhesion molecule L1-like protein","CHL1","O00533"
"X8087.250",125,-0.795860678907652,1.77503528044782,TRUE,5552,"RNF13","E3 ubiquitin-protein ligase RNF13","RNF13","O43567"
"X8794.13",115,-0.796178796344524,1.50316370424604,TRUE,5553,"DPEP1","Dipeptidase 1","DPEP1","P16444"
"X17849.6",125,-0.796426025612664,1.71518232423918,TRUE,5554,"DRG1","Developmentally-regulated GTP-binding protein 1","DRG1","Q9Y295"
"X6221.1",125,-0.796733279256692,1.38415073282122,TRUE,5555,"ADPGK","ADP-dependent glucokinase","ADPGK","Q9BRR6"
"X21995.20",124,-0.797057110932754,1.52567240983542,TRUE,5556,"NOS3","NOS","NOS","P29474"
"X24721.17",123,-0.797825785500292,1.60460990467215,TRUE,5557,"GOLPH3","Golgi phosphoprotein 3","GOLP3","Q9H4A6"
"X2755.8",124,-0.798680574353035,1.56805194845196,TRUE,5558,"C3","C3a anaphylatoxin des Arginine","C3adesArg","P01024"
"X22115.2",123,-0.79874165159035,1.68945846860799,TRUE,5559,"CREBL2","cAMP-responsive element-binding protein-like 2","CRBL2","O60519"
"X2788.55",122,-0.798794392338046,1.59879081185325,TRUE,5560,"MMP3","Stromelysin-1","MMP-3","P08254"
"X15306.20",124,-0.798907193261864,1.6644561198796,TRUE,5561,"JCHAIN","Immunoglobulin J chain","IgJ","P01591"
"X13375.48",125,-0.799228178846201,1.71118419375858,TRUE,5562,"SYNGR3","Synaptogyrin-3","SNG3","O43761"
"X14082.56",125,-0.79932035493941,1.7058900344707,TRUE,5563,"TLN2","Talin-2","TLN2","Q9Y4G6"
"X20428.5",122,-0.799450740112826,1.68454922012801,TRUE,5564,"PHOSPHO1","Phosphoethanolamine/phosphocholine phosphatase","PHOP1","Q8TCT1"
"X10455.196",123,-0.799657517680408,1.71442278769503,TRUE,5565,"IL31","Interleukin-31","IL-31","Q6EBC2"
"X9545.156",124,-0.799738129260908,1.58524169736875,TRUE,5566,"GZMK","Granzyme K","Granzyme K","P49863"
"X21761.213",125,-0.799885701644422,1.4902832551598,TRUE,5567,"USP46","Ubiquitin carboxyl-terminal hydrolase 46","UBP46","P62068"
"X6587.6",125,-0.800020893247794,1.76037006407733,TRUE,5568,"LRFN5","Leucine-rich repeat and fibronectin type-III domain-containing protein 5","LRFN5","Q96NI6"
"X5714.88",125,-0.8003035666003,1.62367523129273,TRUE,5569,"IFNA6","Interferon alpha-6","IFNA6","P05013"
"X6609.22",123,-0.80054049173138,1.38885463673406,TRUE,5570,"CNP","2',3'-cyclic-nucleotide 3'-phosphodiesterase","CN37","P09543"
"X14047.78",125,-0.800549369515522,1.77613615479462,TRUE,5571,"BDNF","Brain-derived neurotrophic factor","BDNF","P23560"
"X7187.3",124,-0.800864928835368,1.68647077807666,TRUE,5572,"PPM1L","Protein phosphatase 1L","PPM1L","Q5SGD2"
"X24958.3",125,-0.800868913305312,1.6943163244711,TRUE,5573,"RFX5","DNA-binding protein RFX5","RFX5","P48382"
"X6402.8",125,-0.801489565666249,1.52028807747763,TRUE,5574,"PILRA","Paired immunoglobulin-like type 2 receptor alpha isoform FDF03-deltaTM","PILRA isoform FDF03-deltaTM","Q9UKJ1"
"X2192.63",125,-0.801772239018755,1.58803289722616,TRUE,5575,"CCL27","C-C motif chemokine 27","CTACK","Q9Y4X3"
"X6362.6",124,-0.801784618289977,1.6308609556283,TRUE,5576,"ECRG4","Augurin","AUGN","Q9H1Z8"
"X18300.39",122,-0.80186194383764,1.74657765148482,TRUE,5577,"PURB","Transcriptional activator protein Pur-beta","PURB","Q96QR8"
"X22378.2",124,-0.801985433440138,1.59161870188858,TRUE,5578,"KRT34","Keratin 34","Keratin 34","O76011"
"X11677.17",124,-0.802459421434799,1.56915851545931,TRUE,5579,"ZDHHC14","Probable palmitoyltransferase ZDHHC14","ZDH14","Q8IZN3"
"X18241.18",124,-0.803459074957116,1.35587664969118,TRUE,5580,"CPOX","Oxygen-dependent coproporphyrinogen-III oxidase, mitochondrial","HEM6","P36551"
"X20373.141",124,-0.804056478468056,1.53621798593432,TRUE,5581,"GID8","Glucose-induced degradation protein 8 homolog","GID8","Q9NWU2"
"X11378.37",123,-0.804469039533811,1.51323495799681,TRUE,5582,"SYK","Tyrosine-protein kinase SYK:Src Homology domain","KSYK:SH2, 1 and 2","P43405"
"X6003.28",121,-0.804800054199624,1.58370463890388,TRUE,5583,"NEU1","Sialidase-1","NEUR1","Q99519"
"X20952.15",125,-0.804912371260723,1.67506336151631,TRUE,5584,"ECHDC1","Ethylmalonyl-CoA decarboxylase","ECHD1","Q9NTX5"
"X12956.40",122,-0.805675723015199,1.64701678702936,TRUE,5585,"KIFBP","KIF1-binding protein","KBP","Q96EK5"
"X8815.1",122,-0.806355239023746,1.48423541655639,TRUE,5586,"OLFML1","Olfactomedin-like protein 1","OLFL1","Q6UWY5"
"X24640.63",123,-0.806605157840763,1.69804037475973,TRUE,5587,"HEY1","Hairy/enhancer-of-split related with YRPW motif protein 1","HEY1","Q9Y5J3"
"X11110.4",123,-0.806778677158244,1.71141370873177,TRUE,5588,"TMEM119","Transmembrane protein 119","TM119","Q4V9L6"
"X4123.60",124,-0.807531301736782,1.70705800392656,TRUE,5589,"FGF4","Fibroblast growth factor 4","FGF-4","P08620"
"X11582.63",123,-0.807921520065013,1.72276277415421,TRUE,5590,"DNAJA2","DnaJ homolog subfamily A member 2","DNJA2","O60884"
"X5443.62",123,-0.807951910580511,1.44760483346999,TRUE,5591,"NPPA","Atrial natriuretic factor","ANP","P01160"
"X8383.20",125,-0.808230710616228,1.56617212712312,TRUE,5592,"None","Uncharacterized protein C11orf94","CK094","C9JXX5"
"X5689.1",118,-0.808296930471752,1.76043839424125,TRUE,5593,"DEFB112","Beta-defensin 112","DB112","Q30KQ8"
"X5452.71",125,-0.808507238895853,1.50207119164649,TRUE,5594,"ASGR1","Asialoglycoprotein receptor 1","ASGR1","P07306"
"X14063.17",123,-0.808609786222665,1.5706886079046,TRUE,5595,"OSM","Oncostatin-M","OSM","P13725"
"X21931.27",125,-0.808912813705971,1.71251239855043,TRUE,5596,"UBE2L3|UBB","UB2L3/PolyUbiquitin K48","UB2L3/ PolyUbiquitin K48","P68036|P0CG47"
"X11566.48",124,-0.809604144568909,1.64521878746495,TRUE,5597,"KRT72","Keratin, type II cytoskeletal 72","Keratin 72","Q14CN4"
"X22533.95",125,-0.809619497087235,1.64061250912219,TRUE,5598,"PPP1R10","Serine/threonine-protein phosphatase 1 regulatory subunit 10","PP1RA","Q96QC0"
"X10956.82",123,-0.809841690611405,1.47206890831978,TRUE,5599,"GCSH","Glycine cleavage system H protein, mitochondrial","GCSH","P23434"
"X6497.10",125,-0.810184843792247,1.75278994974585,TRUE,5600,"RS1","Retinoschisin","XLRS1","O15537"
"X22394.8",124,-0.810943770360228,1.50851425432685,TRUE,5601,"TCF21","Transcription factor 21","TCF21","O43680"
"X20999.12",125,-0.811045153995527,1.52927741319135,TRUE,5602,"RPL5","60S ribosomal protein L5","RL5","P46777"
"X13944.3",123,-0.811339252026018,1.59076782232873,TRUE,5603,"SULT1A3","Sulfotransferase 1A3","SULT 1A3","P0DMM9"
"X20211.75",125,-0.811579775336135,1.60896171597597,TRUE,5604,"GBP5","Guanylate-binding protein 5","GBP5","Q96PP8"
"X25099.4",125,-0.81162893591918,1.36428353487138,TRUE,5605,"CADPS2","Calcium-dependent secretion activator 2","CAPS2","Q86UW7"
"X19168.71",119,-0.812019686189041,1.64139253105518,TRUE,5606,"PSTPIP1","Proline-serine-threonine phosphatase-interacting protein 1","PPIP1","O43586"
"X15631.18",124,-0.812233644095004,1.66172495596368,TRUE,5607,"PSG1","Pregnancy-specific beta-1-glycoprotein 1","PSG1","P11464"
"X9932.49",125,-0.812888675859696,1.528788285785,TRUE,5608,"SEMA4F","Semaphorin-4F","SEM4F","O95754"
"X6384.19",125,-0.813515473293513,1.63317579712558,TRUE,5609,"WFDC3","WAP four-disulfide core domain protein 3","WFDC3","Q8IUB2"
"X19271.64",125,-0.813638374751125,1.46271033619889,TRUE,5610,"GNAI1","Guanine nucleotide-binding protein G(i) subunit alpha-1","GNAI1","P63096"
"X13447.42",124,-0.81367519215395,1.36152969296628,TRUE,5611,"SPRN","Shadow of prion protein","SPRN","Q5BIV9"
"X9899.28",123,-0.81377544438998,1.41772824347204,TRUE,5612,"KIF1C","Kinesin-like protein KIF1C","KIF1C","O43896"
"X2938.55",123,-0.814602810142829,1.62056543539427,TRUE,5613,"APOE","Apolipoprotein E (isoform E4)","Apo E4","P02649"
"X18329.4",123,-0.81462096365882,1.42672776890962,TRUE,5614,"PRPS2","Ribose-phosphate pyrophosphokinase 2","PRPS2","P11908"
"X24931.9",124,-0.814764221910272,1.58963832528584,TRUE,5615,"EPS8L3","Epidermal growth factor receptor kinase substrate 8-like protein 3","ES8L3","Q8TE67"
"X9241.40",124,-0.814923343730427,1.45621512203375,TRUE,5616,"SIRPG","Signal-regulatory protein gamma","SIRPG","Q9P1W8"
"X18914.188",124,-0.814934186091894,1.39829011039836,TRUE,5617,"PAFAH2","Platelet-activating factor acetylhydrolase 2, cytoplasmic","PAFA2","Q99487"
"X5611.56",124,-0.815167099970414,1.72043274766307,TRUE,5618,"DEFB108B","Beta-defensin 108B","D108B","Q8NET1"
"X6536.54",125,-0.81717793673033,1.60438645230409,TRUE,5619,"PLBD2","Putative phospholipase B-like 2","LAML2","Q8NHP8"
"X8890.9",125,-0.817860039820072,1.777241950998,TRUE,5620,"TMEM132B","Transmembrane protein 132B","T132B","Q14DG7"
"X9828.86",123,-0.818303191352132,1.36870232021492,TRUE,5621,"LDHC","L-lactate dehydrogenase C chain","LDHC","P07864"
"X24659.6",123,-0.818619815601327,1.50349895666652,TRUE,5622,"DNAJB13","DnaJ homolog subfamily B member 13","DJB13","P59910"
"X21163.21",124,-0.818749508207041,1.71453835883018,TRUE,5623,"TBC1D13","TBC1 domain family member 13","TBC13","Q9NVG8"
"X22395.7",123,-0.81885200700444,1.61637260242101,TRUE,5624,"ZFP36","Tristetraproline","Tristetraproline","P26651"
"X3003.29",124,-0.81917756479864,1.62475836066051,TRUE,5625,"NCR3","Natural cytotoxicity triggering receptor 3","NKp30","O14931"
"X21147.9",117,-0.819187362299726,1.53492384629768,TRUE,5626,"FN3K","Fructosamine-3-kinase","Fructosamine-3-kinase","Q9H479"
"X11130.158",125,-0.819334857311408,1.72838293077361,TRUE,5627,"CACNB4","Voltage-dependent L-type calcium channel subunit beta-4","CACB4","O00305"
"X3892.21",124,-0.819598758631977,1.64444788629509,TRUE,5628,"MED1","Mediator of RNA polymerase II transcription subunit 1","MED-1","Q15648"
"X24277.22",125,-0.819672836319839,1.75089200594421,TRUE,5629,"CPNE7","Copine-7","CPNE7","Q9UBL6"
"X13530.5",125,-0.820146006931642,1.70524953025212,TRUE,5630,"UTS2R","Urotensin-2 receptor","UR2R","Q9UKP6"
"X17410.5",125,-0.82066219305361,1.63682367575939,TRUE,5631,"CETN3","Centrin-3","CETN3","O15182"
"X6911.103",124,-0.820719263236748,1.72679484862724,TRUE,5632,"CLEC6A","C-type lectin domain family 6 member A","CLC6A","Q6EIG7"
"X2870.29",125,-0.820858835385788,1.48914612342516,TRUE,5633,"RAC1","Ras-related C3 botulinum toxin substrate 1","RAC1","P63000"
"X3489.9",124,-0.820997932121983,1.65284086160552,TRUE,5634,"CNTF","Ciliary neurotrophic factor","CNTF","P26441"
"X12696.166",123,-0.821070724856412,1.6070228370628,TRUE,5635,"PRMT3","Protein arginine N-methyltransferase 3","ANM3","O60678"
"X6504.65",123,-0.821173344340961,1.62032806444765,TRUE,5636,"LOXL2","Lysyl oxidase homolog 2","Lysyl oxidase-like protein 2","Q9Y4K0"
"X22075.16",124,-0.82233245309505,1.55303975023114,TRUE,5637,"ATF3","Cyclic AMP-dependent transcription factor ATF-3","ATF3","P18847"
"X11653.69",125,-0.822892854509255,1.50902060623502,TRUE,5638,"SLC6A9","Sodium- and chloride-dependent glycine transporter 1","SC6A9","P48067"
"X11129.66",122,-0.822914325749864,1.48672728865679,TRUE,5639,"BMP15","Bone morphogenetic protein 15","BMP15","O95972"
"X13083.18",125,-0.823009610893985,1.65979966353075,TRUE,5640,"VARS1","Valine--tRNA ligase","SYVC","P26640"
"X3494.71",125,-0.823402895558341,1.61253268600432,TRUE,5641,"FGF17","Fibroblast growth factor 17","FGF-17","O60258"
"X24675.2",125,-0.823992822554875,1.67350602985751,TRUE,5642,"MAST4","Microtubule-associated serine/threonine-protein kinase 4","MAST4","O15021"
"X5638.23",125,-0.824054273283681,1.48521376871186,TRUE,5643,"COLGALT1","Procollagen galactosyltransferase 1","GT251","Q8NBJ5"
"X2785.15",124,-0.82438978329635,1.71574177323022,TRUE,5644,"CCL8","C-C motif chemokine 8","MCP-2","P80075"
"X8287.17",121,-0.82454844785301,1.6214422817659,TRUE,5645,"CD300E","CMRF35-like molecule 2","CLM2","Q496F6"
"X21931.16",124,-0.824610106542026,1.51957910632063,TRUE,5646,"UBE2L3|UBB","UB2L3/PolyUbiquitin K48","UB2L3/ PolyUbiquitin K48","P68036|P0CG47"
"X8762.38",125,-0.824674925644618,1.69382008545614,TRUE,5647,"CD70","CD70 antigen","CD70","P32970"
"X8398.277",125,-0.824828552466632,1.419967963741,TRUE,5648,"RARRES1","Retinoic acid receptor responder protein 1","RAR-responsive protein TIG1","P49788"
"X8239.223",125,-0.824957598997124,1.68291430872655,TRUE,5649,"BCHE","Cholinesterase","Pseudocholinesterase","P06276"
"X24411.144",124,-0.825220716680043,1.5104335785758,TRUE,5650,"LRSAM1","E3 ubiquitin-protein ligase LRSAM1","LRSM1","Q6UWE0"
"X23576.46",123,-0.825335143554634,1.59673650958554,TRUE,5651,"BEX4","Protein BEX4","BEX4","Q9NWD9"
"X6553.68",122,-0.825365350677163,1.45355011862714,TRUE,5652,"CFAP45","Cilia- and flagella-associated protein 45","CCD19","Q9UL16"
"X25284.47",125,-0.825731878180075,1.52097405129937,TRUE,5653,"UBA6","Ubiquitin-like modifier-activating enzyme 6","UBA6","A0AVT1"
"X13636.20",124,-0.825824483655111,1.70131366104264,TRUE,5654,"NAP1L1","Nucleosome assembly protein 1-like 1","NP1L1","P55209"
"X22001.23",125,-0.82654917287319,1.60749276798092,TRUE,5655,"PADI2","Protein-arginine deiminase type-2","PADI2","Q9Y2J8"
"X8343.224",120,-0.827737936064179,1.7553807341066,TRUE,5656,"PAPOLG","Poly(A) polymerase gamma","PAPOG","Q9BWT3"
"X20083.1",124,-0.827883480477787,1.51949720387869,TRUE,5657,"RAB6A","Ras-related protein Rab-6A","RAB6A","P20340"
"X12925.105",125,-0.827987119927242,1.56183439341001,TRUE,5658,"AXIN2","Axin-2","AXIN2","Q9Y2T1"
"X17391.10",125,-0.82828822849839,1.65392457193821,TRUE,5659,"RBM17","Splicing factor 45","SPF45","Q96I25"
"X22363.31",124,-0.82858851486395,1.6082572309196,TRUE,5660,"ADAT1","tRNA-specific adenosine deaminase 1","ADAT1","Q9BUB4"
"X8484.24",125,-0.828595482142418,1.55406158972303,TRUE,5661,"LEP","Leptin","Leptin","P41159"
"X8346.9",124,-0.828890133894005,1.42160696756639,TRUE,5662,"DPP7","Dipeptidyl peptidase 2","DPP2","Q9UHL4"
"X23002.27",118,-0.829054584634489,1.59526538426068,TRUE,5663,"NXPH1","Neurexophilin-1","NXPH1","P58417"
"X11297.54",122,-0.829350430457558,1.6629145076913,TRUE,5664,"NOTCH2","Neurogenic locus notch homolog protein 2","NOTC2","Q04721"
"X23671.11",125,-0.829633999459234,1.37168022431666,TRUE,5665,"SPDL1","Protein Spindly","SPDLY","Q96EA4"
"X8834.58",123,-0.829783803307448,1.4175234943119,TRUE,5666,"CANX","Calnexin","Calnexin","P27824"
"X8064.125",123,-0.829945047857382,1.58933202744289,TRUE,5667,"PVR","Poliovirus receptor","Poliovirus receptor","P15151"
"X24479.25",125,-0.829971978467665,1.39238633992593,TRUE,5668,"TMEM225B","Transmembrane protein 225B","T225B","P0DP42"
"X11407.57",125,-0.829990413686306,1.55848339407427,TRUE,5669,"PLSCR3","Phospholipid scramblase 3","PLS3","Q9NRY6"
"X24251.44",123,-0.830603471906453,1.38022398249878,TRUE,5670,"RPP25L","Ribonuclease P protein subunit p25-like protein","RP25L","Q8N5L8"
"X10627.87",125,-0.831305459282747,1.43954272158171,TRUE,5671,"APLP2","Amyloid-like protein 2","APLP2","Q06481"
"X13720.95",124,-0.831515136254619,1.65505175085527,TRUE,5672,"PRTN3","Myeloblastin","Proteinase-3","P24158"
"X7265.32",122,-0.832030139793119,1.47449063380199,TRUE,5673,"OSTN","Osteocrin","OSTN","P61366"
"X4890.10",125,-0.832331686453801,1.63048465263997,TRUE,5674,"POMC","Corticotropin","ACTH","P01189"
"X14009.65",124,-0.832459381708077,1.69456414527496,TRUE,5675,"TNFAIP3","Tumor necrosis factor alpha-induced protein 3","TNFAIP3","P21580"
"X4137.57",125,-0.832940048668977,1.72757737398346,TRUE,5676,"IL25","Interleukin-25","IL-17E","Q9H293"
"X17768.50",123,-0.833365581827329,1.40682414032757,TRUE,5677,"HAO1","Hydroxyacid oxidase 1","HAOX1","Q9UJM8"
"X14583.49",125,-0.833818794090898,1.64510997049471,TRUE,5678,"MSTN","Growth/differentiation factor 8","Myostatin","O14793"
"X20130.144",122,-0.83400421698294,1.54988965190208,TRUE,5679,"CSNK1G1","Casein kinase I isoform gamma-1","KC1G1","Q9HCP0"
"X8340.9",124,-0.834026829160818,1.65343409191782,TRUE,5680,"DEFB110","Beta-defensin 110","DB110","Q30KQ9"
"X23363.41",124,-0.834241379853013,1.60972433222868,TRUE,5681,"PCBP2","Poly(rC)-binding protein 2","PCBP2","Q15366"
"X25296.3",125,-0.83439028586879,1.46111531075802,TRUE,5682,"AMOT","Angiomotin","AMOT","Q4VCS5"
"X13468.5",124,-0.834877169790535,1.55584288201612,TRUE,5683,"NEURL4","Neuralized-like protein 4","NEUL4","Q96JN8"
"X23620.16",124,-0.835273233159382,1.57977310326697,TRUE,5684,"RCSD1","CapZ-interacting protein","CPZIP","Q6JBY9"
"X6494.60",125,-0.83547796376865,1.39881223716975,TRUE,5685,"SPACA5","Sperm acrosome-associated protein 5","sperm acrosome associated 5","Q96QH8"
"X4187.49",116,-0.836100869284388,1.32002785188934,TRUE,5686,"PGD","6-phosphogluconate dehydrogenase, decarboxylating","6-Phosphogluconate dehydrogenase","P52209"
"X5617.41",124,-0.836947695096848,1.42486685068913,TRUE,5687,"NPFF","Pro-FMRFamide-related neuropeptide FF","NPFF","O15130"
"X24687.18",121,-0.837075930285734,1.4850848714827,TRUE,5688,"TTPAL","Alpha-tocopherol transfer protein-like","TTPAL","Q9BTX7"
"X4146.58",125,-0.837720915370056,1.78356779469424,TRUE,5689,"NTF4","Neurotrophin-4","Neurotrophin-5","P34130"
"X3220.40",124,-0.837873055641237,1.48713780345458,TRUE,5690,"RET","Proto-oncogene tyrosine-protein kinase receptor Ret","RET","P07949"
"X12569.25",125,-0.838151070471696,1.44569399370094,TRUE,5691,"CCT5","T-complex protein 1 subunit epsilon","TCP-1-epsilon","P48643"
"X7770.25",124,-0.838200394065103,1.62761323138296,TRUE,5692,"NFU1","NFU1 iron-sulfur cluster scaffold homolog, mitochondrial","NFU1","Q9UMS0"
"X10762.2",123,-0.838730171015418,1.62260012392537,TRUE,5693,"KLRG2","Killer cell lectin-like receptor subfamily G member 2:N-term","KLRG2:N-term","A4D1S0"
"X18913.3",125,-0.838759432686872,1.55752362383391,TRUE,5694,"CCNH","Cyclin-H","Cyclin H","P51946"
"X12454.105",125,-0.838777867905513,1.66908566335166,TRUE,5695,"NTMT1","N-terminal Xaa-Pro-Lys N-methyltransferase 1","NTM1A","Q9BV86"
"X12855.16",123,-0.838815057515374,1.56769322789632,TRUE,5696,"CASS4","Cas scaffolding protein family member 4","CT032","Q9NQ75"
"X15514.26",125,-0.839589017525748,1.67870760062419,TRUE,5697,"BCHE","Cholinesterase","Pseudocholinesterase","P06276"
"X20958.13",125,-0.839625887963031,1.53532805105896,TRUE,5698,"RAB23","Ras-related protein Rab-23","RAB23","Q9ULC3"
"X24648.8",125,-0.840387877000221,1.67435300862582,TRUE,5699,"SLBP","Histone RNA hairpin-binding protein","SLBP","Q14493"
"X9235.3",123,-0.840503340987075,1.59916764377188,TRUE,5700,"PLXDC1","Plexin domain-containing protein 1","PXDC1","Q8IUK5"
"X21979.8",122,-0.840851856992722,1.63342607826523,TRUE,5701,"ITGA6","Integrin alpha-6","Integrin a6","P23229"
"X24414.3",125,-0.840910208195069,1.41637160837052,TRUE,5702,"PYGB","Glycogen phosphorylase, brain form","Glycogen phosphorylase","P11216"
"X5534.49",125,-0.841020819506919,1.45170325589232,TRUE,5703,"TNFRSF10B","Tumor necrosis factor receptor superfamily member 10B:Extracellular domain, TNFR-Cys domains 1-3","TRAIL R2:ECD","O14763"
"X20089.172",124,-0.841261248217754,1.62576270877454,TRUE,5704,"SULT1C4","Sulfotransferase 1C4","ST1C4","O75897"
"X3344.60",122,-0.841322718274623,1.4476651441587,TRUE,5705,"SERPINC1","Antithrombin-III","Antithrombin III","P01008"
"X9426.73",124,-0.841348378263538,1.6009921822015,TRUE,5706,"ID2","DNA-binding protein inhibitor ID-2","ID2","Q02363"
"X4188.1",122,-0.84155909394354,1.70975527668638,TRUE,5707,"AKR7A2","Aflatoxin B1 aldehyde reductase member 2","Aflatoxin B1 aldehyde reductase","O43488"
"X18343.10",122,-0.843001044324296,1.76519540469753,TRUE,5708,"DECR2","Peroxisomal 2,4-dienoyl-CoA reductase","DECR2","Q9NUI1"
"X8993.151",122,-0.84514154653553,1.77385594894768,TRUE,5709,"RIPK2","Receptor-interacting serine/threonine-protein kinase 2","RIPK2","O43353"
"X21757.49",123,-0.845502420272889,1.72526993007945,TRUE,5710,"USP22","Ubiquitin carboxyl-terminal hydrolase 22","UBP22","Q9UPT9"
"X10006.25",125,-0.84559889880294,1.57657535978121,TRUE,5711,"ELK1","ETS domain-containing protein Elk-1","ELK1","P19419"
"X8450.36",125,-0.846281001892682,1.79756597799523,TRUE,5712,"ADCYAP1","Pituitary adenylate cyclase-activating polypeptide 38","PACAP-38","P18509"
"X21361.8",125,-0.846514514662144,1.79124134560923,TRUE,5713,"TXNRD3NB","Protein TXNRD3NB","TR3N","Q6F5E7"
"X21589.80",123,-0.847101961049892,1.67282636866102,TRUE,5714,"DPPA4","Developmental pluripotency-associated protein 4","DPPA4","Q7L190"
"X5024.67",125,-0.847540741833198,1.42099281641864,TRUE,5715,"RB1","Retinoblastoma-associated protein","Rb","P06400"
"X21552.9",125,-0.848640709878819,1.62736186138337,TRUE,5716,"ACOX1","Peroxisomal acyl-coenzyme A oxidase 1","ACOX1","Q15067"
"X5734.13",124,-0.848751239318257,1.40437675735753,TRUE,5717,"NECTIN4","Nectin-4","nectin-4","Q96NY8"
"X9306.7",124,-0.84930472059777,1.61229668638208,TRUE,5718,"DEFB118","Beta-defensin 118","DB118","Q96PH6"
"X9719.145",125,-0.849832854017649,1.56616808263255,TRUE,5719,"MMP16","Matrix metalloproteinase-16","MMP-16","P51512"
"X7887.57",125,-0.850164687953199,1.71367095087864,TRUE,5720,"COX5B","Cytochrome c oxidase subunit 5B, mitochondrial","COX5B","P10606"
"X23406.3",125,-0.850312169702333,1.65585555321382,TRUE,5721,"RASSF5","Ras association domain-containing protein 5","RASF5","Q8WWW0"
"X12740.55",124,-0.850916232838339,1.74439711633043,TRUE,5722,"FEV","Protein FEV","FEV","Q99581"
"X21540.73",125,-0.850957402354792,1.58713803291308,TRUE,5723,"BIN2","Bridging integrator 2","BIN2","Q9UBW5"
"X22393.130",125,-0.851092593958165,1.71303498037838,TRUE,5724,"CCDC59","Thyroid transcription factor 1-associated protein 26","TAP26","Q9P031"
"X2970.60",124,-0.851382060595378,1.7310961657627,TRUE,5725,"AREG","Amphiregulin","AREG","P15514"
"X10562.42",122,-0.852108160985637,1.76172730916203,TRUE,5726,"NETO2","Neuropilin and tolloid-like protein 2","NETO2","Q8NC67"
"X12020.39",116,-0.852216673010454,1.50995390768655,TRUE,5727,"BPGM","Bisphosphoglycerate mutase","PMGE","P07738"
"X8055.33",124,-0.852357780897285,1.72133257724216,TRUE,5728,"DGCR2","Integral membrane protein DGCR2/IDD","IDD","P98153"
"X12701.1",125,-0.852751763635917,1.53998008074315,TRUE,5729,"EIF1B","Eukaryotic translation initiation factor 1b","EIF1B","O60739"
"X11254.13",124,-0.853503465380814,1.66820691916824,TRUE,5730,"PAPLN","Papilin","PPN","O95428"
"X8320.5",124,-0.853547991124121,1.44729284814309,TRUE,5731,"SLTM","SAFB-like transcription modulator","SLTM","Q9NWH9"
"X24896.5",124,-0.853813299256886,1.69204424923667,TRUE,5732,"MEN1","Menin","MEN1","O00255"
"X23547.21",124,-0.853950867916214,1.72628572144562,TRUE,5733,"TCEA3","Transcription elongation factor A protein 3","TCEA3","O75764"
"X8428.102",124,-0.853994473016612,1.67652743821068,TRUE,5734,"NTM","Neurotrimin","NTRI","Q9P121"
"X16902.17",121,-0.854657918003299,1.57459055740659,TRUE,5735,"LAMP1","Lysosome-associated membrane glycoprotein 1","LAMP1","P11279"
"X21123.1",123,-0.854744459637264,1.64368813445785,TRUE,5736,"MRPL28","39S ribosomal protein L28, mitochondrial","RM28","Q13084"
"X11838.130",123,-0.854758295978587,1.6106316812108,TRUE,5737,"PIEZO1","Piezo-type mechanosensitive ion channel component 1","FA38A","Q92508"
"X21244.57",124,-0.855109138693483,1.72808722866343,TRUE,5738,"NPM1","Nucleophosmin","NPM1","P06748"
"X21317.25",122,-0.855136835773938,1.67951505192078,TRUE,5739,"NKIRAS1","NF-kappa-B inhibitor-interacting Ras-like protein 1","KBRS1","Q9NYS0"
"X6407.63",122,-0.855426225932462,1.79105858105557,TRUE,5740,"LAD1","Ladinin-1","LAD1","O00515"
"X5121.3",125,-0.856149988938869,1.43625388094687,TRUE,5741,"SEMA6B","Semaphorin-6B","SEM6B","Q9H3T3"
"X14226.120",124,-0.856745825661363,1.60180139111563,TRUE,5742,"BHMT2","S-methylmethionine--homocysteine S-methyltransferase BHMT2","BHMT2","Q9H2M3"
"X3192.3",125,-0.857563355701399,1.56013882380521,TRUE,5743,"CNDP2","Cytosolic non-specific dipeptidase","Glutamate carboxypeptidase","Q96KP4"
"X11220.53",123,-0.857621980715276,1.59539561262876,TRUE,5744,"C10orf105","Uncharacterized protein C10orf105","CJ105","Q8TEF2"
"X14633.26",124,-0.858206254032702,1.52998234623392,TRUE,5745,"TMEM185A","Transmembrane protein 185A","T185A","Q8NFB2"
"X8462.18",124,-0.858917139313974,1.67933616150292,TRUE,5746,"GH1","Somatotropin","HGH","P01241"
"X18860.2",125,-0.859615810043507,1.65676392982639,TRUE,5747,"CAMKK1","Calcium/calmodulin-dependent protein kinase kinase 1","CaMKK alpha","Q8N5S9"
"X11396.39",125,-0.859941498906177,1.74014046877156,TRUE,5748,"DNAI1","Dynein intermediate chain 1, axonemal","DNAI1","Q9UI46"
"X2754.50",124,-0.860284466994212,1.46641858067787,TRUE,5749,"C3","Complement C3","C3","P01024"
"X3053.49",122,-0.86050292973591,1.63806782397682,TRUE,5750,"FLT3LG","Fms-related tyrosine kinase 3 ligand","Flt3 ligand","P49771"
"X15298.199",125,-0.860635892141681,1.7792326895304,TRUE,5751,"NETO1","Neuropilin and tolloid-like protein 1","NETO1","Q8TDF5"
"X24450.96",122,-0.861533122924137,1.66717727389192,TRUE,5752,"C19orf54","UPF0692 protein C19orf54","CS054","Q5BKX5"
"X9316.67",125,-0.862540864734656,1.43866600766019,TRUE,5753,"WFDC1","WAP four-disulfide core domain protein 1","WFDC1","Q9HC57"
"X12681.63",122,-0.863027370730966,1.50545436887718,TRUE,5754,"USP21","Ubiquitin carboxyl-terminal hydrolase 21","UBP21","Q9UK80"
"X18184.28",123,-0.863277521219783,1.50754773674563,TRUE,5755,"GMPS","GMP synthase [glutamine-hydrolyzing]","GUAA","P49915"
"X10714.7",123,-0.863349790867842,1.68179524930222,TRUE,5756,"ACE","Angiotensin-converting enzyme","ACE","P12821"
"X10505.12",123,-0.863393617295735,1.54248372385107,TRUE,5757,"RNF43","E3 ubiquitin-protein ligase RNF43","RNF43","Q68DV7"
"X8042.88",121,-0.863411560662313,1.60775118173381,TRUE,5758,"SPINK9","Serine protease inhibitor Kazal-type 9","ISK9","Q5DT21"
"X23783.22",125,-0.863450335520979,1.73366520496737,TRUE,5759,"FAM110A","Protein FAM110A","F110A","Q9BQ89"
"X3179.51",124,-0.863576705055128,1.53798962556564,TRUE,5760,"CTSA","Lysosomal protective protein","Cathepsin A","P10619"
"X5275.28",125,-0.863874345549738,1.47777497874397,TRUE,5761,"VAV1","Proto-oncogene vav","VAV","P15498"
"X21943.170",125,-0.864077132954797,1.57787835168244,TRUE,5762,"WNT16","Protein Wnt-16","WNT16","Q9UBV4"
"X5032.64",125,-0.864298355578497,1.59693324796765,TRUE,5763,"SSRP1","FACT complex subunit SSRP1","SSRP1","Q08945"
"X2780.35",125,-0.864316790797139,1.6619265171984,TRUE,5764,"LTF","Lactotransferrin","Lactoferrin","P02788"
"X24641.10",124,-0.864658577656075,1.52789241860496,TRUE,5765,"CLDN1","Claudin-1","CLD1","O95832"
"X20934.13",124,-0.864809230943553,1.37650586278092,TRUE,5766,"RAB24","Ras-related protein Rab-24","RAB24","Q969Q5"
"X8858.21",125,-0.864998893886882,1.50205208052599,TRUE,5767,"BATF3","Basic leucine zipper transcriptional factor ATF-like 3","BATF3","Q9NR55"
"X12718.43",125,-0.865269277093626,1.71137060263017,TRUE,5768,"PIN4","Peptidyl-prolyl cis-trans isomerase NIMA-interacting 4","PIN4","Q9Y237"
"X10080.9",124,-0.86579124621515,1.63559948761033,TRUE,5769,"EIF2B1","Translation initiation factor eIF-2B subunit alpha","EI2BA","Q14232"
"X5843.60",124,-0.866565527486985,1.44272806453817,TRUE,5770,"EHMT2","Histone-lysine N-methyltransferase EHMT2","NG36","Q96KQ7"
"X11163.7",125,-0.866565887471425,1.39630841633944,TRUE,5771,"FAM162B","Protein FAM162B","F162B","Q5T6X4"
"X10703.203",123,-0.866954326016079,1.60144626429481,TRUE,5772,"SUDS3","Sin3 histone deacetylase corepressor complex component SDS3","SDS3","Q9H7L9"
"X12691.44",124,-0.867025060274335,1.4618325844286,TRUE,5773,"SHMT2","Serine hydroxymethyltransferase, mitochondrial","GLYM","P34897"
"X7927.16",125,-0.867327876508615,1.77703875553847,TRUE,5774,"ST6GALNAC5","Alpha-N-acetylgalactosaminide alpha-2,6-sialyltransferase 5","SIA7E","Q9BVH7"
"X17346.61",124,-0.86758531257672,1.50438839103861,TRUE,5775,"FDCSP","Follicular dendritic cell secreted peptide","FDSCP","Q8NFU4"
"X22978.13",125,-0.867905513359388,1.65651248369609,TRUE,5776,"HMGB2","High mobility group protein B2","HMG-2","P26583"
"X22071.38",125,-0.868102155691567,1.64685420140919,TRUE,5777,"ASB8","Ankyrin repeat and SOCS box protein 8","ASB8","Q9H765"
"X13697.51",122,-0.86856629189718,1.65733407353777,TRUE,5778,"GPD1","Glycerol-3-phosphate dehydrogenase [NAD(+)], cytoplasmic","GPDA","P21695"
"X20378.110",123,-0.869179915508401,1.64778585590689,TRUE,5779,"LZTFL1","Leucine zipper transcription factor-like protein 1","LZTL1","Q9NQ48"
"X21991.79",125,-0.869220558955829,1.68623017580934,TRUE,5780,"PPP1R9B","Neurabin-2","NEB2","Q96SB3"
"X21911.17",124,-0.869530458210844,1.68278730852516,TRUE,5781,"NDP","Norrin","NDP","Q00604"
"X7070.25",125,-0.870093159304869,1.62986331369372,TRUE,5782,"KEL","Kell blood group glycoprotein","KELL","P23276"
"X22099.1",123,-0.870257440557772,1.6907322175215,TRUE,5783,"C4orf36","Uncharacterized protein C4orf36","CD036","Q96KX1"
"X21149.27",125,-0.870793697613254,1.77373216750932,TRUE,5784,"CUEDC1","CUE domain-containing protein 1","CUED1","Q9NWM3"
"X23248.1",124,-0.870820926997237,1.68128540838002,TRUE,5785,"XAGE2","X antigen family member 2","XAGE2","Q96GT9"
"X24418.14",124,-0.870946826391031,1.67005927393057,TRUE,5786,"HMX3","Homeobox protein HMX3","HMX3","A6NHT5"
"X11336.9",125,-0.871014920236954,1.44413693978149,TRUE,5787,"FANCF","Fanconi anemia group F protein","FANCF","Q9NPI8"
"X23352.9",125,-0.871340609099624,1.70767242954522,TRUE,5788,"DTNBP1","Dysbindin","DTBP1","Q96EV8"
"X25298.53",123,-0.871881530404272,1.66950983484857,TRUE,5789,"KDM4C","Lysine-specific demethylase 4C","KDM4C","Q9H3R0"
"X9078.207",125,-0.872372981343559,1.69000249074951,TRUE,5790,"SNTB1","Beta-1-syntrophin","SNTB1","Q13884"
"X2734.49",124,-0.872407660954,1.73047311138453,TRUE,5791,"NCR2","Natural cytotoxicity triggering receptor 2","NKp44","O95944"
"X2761.49",125,-0.872557333529976,1.65877164616294,TRUE,5792,"FGF18","Fibroblast growth factor 18","FGF-18","O76093"
"X6604.59",125,-0.872778556153676,1.4683505299102,TRUE,5793,"NDNF","Protein NDNF","CD031","Q8TB73"
"X3197.70",125,-0.873122680234988,1.61484247323984,TRUE,5794,"IDE","Insulin-degrading enzyme","IDE","P14735"
"X7142.5",125,-0.873890814345058,1.64801307201472,TRUE,5795,"CPN1","Carboxypeptidase N catalytic chain","CBPN","P15169"
"X15448.47",125,-0.874769559766979,1.46538295884445,TRUE,5796,"SQSTM1","Sequestosome-1","SQSTM","Q13501"
"X21903.6",125,-0.874904751370351,1.764961519776,TRUE,5797,"ITGAL|ITGB2","Integrin alpha L beta 2","Integrin aLb2","P20701|P05107"
"X10753.31",119,-0.874910525734757,1.51312257374911,TRUE,5798,"ADAM7","Disintegrin and metalloproteinase domain-containing protein 7","ADAM7","Q9H2U9"
"X13640.5",122,-0.874983888824628,1.61330981065103,TRUE,5799,"BCL6","B-cell lymphoma 6 protein","BCL6","P41182"
"X21743.1",123,-0.875055629010932,1.57432724640709,TRUE,5800,"WDR48","WD repeat-containing protein 48","WDR48","Q8TAF3"
"X8372.29",125,-0.875199714868618,1.73050236760981,TRUE,5801,"CDHR1","Cadherin-related family member 1","CDHR1","Q96JP9"
"X17474.106",123,-0.875295073720057,1.48345452330606,TRUE,5802,"YEATS4","YEATS domain-containing protein 4","YETS4","O95619"
"X21638.5",125,-0.875371776909274,1.57601446474585,TRUE,5803,"PPIL3","Peptidyl-prolyl cis-trans isomerase-like 3","PPIL3","Q9H2H8"
"X4973.18",123,-0.876080738110671,1.77296117039407,TRUE,5804,"BIRC3","Baculoviral IAP repeat-containing protein 3","cIAP-2","Q13489"
"X20205.55",125,-0.876176781456628,1.61684990848905,TRUE,5805,"DYRK2","Dual specificity tyrosine-phosphorylation-regulated kinase 2","DYRK2","Q92630"
"X25299.11",124,-0.8763923642258,1.44409325038892,TRUE,5806,"NCOA7","Nuclear receptor coactivator 7","NCOA7","Q8NI08"
"X9384.17",123,-0.876570919961688,1.50020763005565,TRUE,5807,"CAMP","Cathelicidin antimicrobial peptide","Cathelicidin peptide","P49913"
"X17341.89",125,-0.876717547870118,1.42585938567708,TRUE,5808,"ACAT2","Acetyl-CoA acetyltransferase, cytosolic","THIC","Q9BWD1"
"X20982.29",125,-0.877141557898877,1.63695438512426,TRUE,5809,"SNRNP25","U11/U12 small nuclear ribonucleoprotein 25 kDa protein","SNR25","Q9BV90"
"X22777.46",125,-0.877252169210727,1.70801140129905,TRUE,5810,"SKP2","S-phase kinase-associated protein 2","SKP2","Q13309"
"X3416.2",123,-0.877492840741983,1.56755149906048,TRUE,5811,"BTK","Tyrosine-protein kinase BTK","BTK","Q06187"
"X5031.10",124,-0.877532521080081,1.38761320992498,TRUE,5812,"SPTAN1","Spectrin alpha chain, non-erythrocytic 1","SPTA2","Q13813"
"X25956.9",124,-0.877796138048251,1.69221101118032,TRUE,5813,"RAPGEF1","Rap guanine nucleotide exchange factor 1","RPGF1","Q13905"
"X12439.67",125,-0.877903546936067,1.53624550376746,TRUE,5814,"IRF9","Interferon regulatory factor 9","ISGF3","Q00978"
"X25482.5",125,-0.878149349851289,1.4923079305085,TRUE,5815,"NFIA","Nuclear factor 1 A-type","NFIA","Q12857"
"X15603.20",121,-0.878350180211918,1.78649655926528,TRUE,5816,"ITGA2","Integrin alpha-2","Integrin alpha-2","P17301"
"X21614.2",122,-0.879030632309833,1.71007417864657,TRUE,5817,"GEMIN6","Gem-associated protein 6","GEMI6","Q8WXD5"
"X9256.78",125,-0.879310768625716,1.48278936576302,TRUE,5818,"NPTX1","Neuronal pentraxin-1","NPTX1","Q15818"
"X23375.4",125,-0.879501265885013,1.47664097422403,TRUE,5819,"RFPL3","Ret finger protein-like 3","RFPL3","O75679"
"X23008.4",124,-0.879690539290053,1.51192899993893,TRUE,5820,"RAB2A","Ras-related protein Rab-2A","RAB2A","P61019"
"X12775.6",125,-0.879808519529042,1.51656262579806,TRUE,5821,"HMGB3","High mobility group protein B3","HMGB3","O15347"
"X20568.3",123,-0.879957044590424,1.74202504499497,TRUE,5822,"FREM1","FRAS1-related extracellular matrix protein 1","FREM1","Q5H8C1"
"X19558.10",125,-0.880300125359487,1.52570198857279,TRUE,5823,"LRP4","Low-density lipoprotein receptor-related protein 4","LRP4","O75096"
"X13572.43",123,-0.880820928252625,1.71297800005096,TRUE,5824,"PSMD11","26S proteasome non-ATPase regulatory subunit 11","PSD11","O00231"
"X5915.58",119,-0.881113651417705,1.59507240352994,TRUE,5825,"PEX5","Peroxisomal targeting signal 1 receptor","PEX5","P50542"
"X25033.194",125,-0.881350932822063,1.49842051002393,TRUE,5826,"VCP","Transitional endoplasmic reticulum ATPase","TER ATPase","P55072"
"X23659.2",124,-0.8815601452879,1.64159599276575,TRUE,5827,"BZW2","Basic leucine zipper and W2 domain-containing protein 2","BZW2","Q9Y6E2"
"X2247.20",124,-0.882088922741837,1.62891826963212,TRUE,5828,"PROK1","Prokineticin-1","EG-VEGF","P58294"
"X25225.14",123,-0.882407574623978,1.68870799683243,TRUE,5829,"FTHL17","Ferritin heavy polypeptide-like 17","FHL17","Q9BXU8"
"X12687.2",121,-0.882427067383911,1.44192286175256,TRUE,5830,"DECR1","2,4-dienoyl-CoA reductase, mitochondrial","DECR","Q16698"
"X3616.3",124,-0.883222017285987,1.7518729225974,TRUE,5831,"GNS","N-acetylglucosamine-6-sulfatase","GNS","P15586"
"X24425.8",125,-0.883360371654008,1.68610202441008,TRUE,5832,"MARS1","Methionyl-tRNA synthetase, cytoplasmic","SYMC","P56192"
"X7983.1",124,-0.883996298557822,1.71886468801765,TRUE,5833,"PCDHGC5","Protocadherin gamma-C5","PCDGM","Q9Y5F6"
"X12694.28",125,-0.884011749379348,1.40954826518931,TRUE,5834,"DIMT1","Probable dimethyladenosine transferase","DIM1","Q9UNQ2"
"X2730.58",125,-0.884982670894477,1.65131593042981,TRUE,5835,"MICA","MHC class I polypeptide-related sequence A","MICA","Q29983"
"X18309.18",125,-0.885111717424969,1.51218788695596,TRUE,5836,"CS","Citrate synthase, mitochondrial","CISY","O75390"
"X3587.53",125,-0.885388245704594,1.42396010575074,TRUE,5837,"BMP10","Bone morphogenetic protein 10","BMP10","O95393"
"X21322.60",125,-0.885959737482487,1.66503076349472,TRUE,5838,"GTF2E2","Transcription initiation factor IIE subunit beta","T2EB","P29084"
"X8091.16",124,-0.886149536534315,1.63251251816998,TRUE,5839,"MASP1","Mannan-binding lectin serine protease 1:Mannan-binding lectin serine protease 1 heavy chain","MASP3:Heavy","P48740"
"X25253.17",125,-0.88632229678244,1.70742531788996,TRUE,5840,"GNAS|GNAS","Guanine nucleotide-binding protein G(s) subunit alpha isoforms","GNAS","Q5JWF2|P63092"
"X15562.24",122,-0.887185418973181,1.70183949411277,TRUE,5841,"GUSB","Beta-glucuronidase","BGLR","P08236"
"X11144.10",125,-0.887434554973822,1.35680138703383,TRUE,5842,"DEFB116","Beta-defensin 116","DB116","Q30KQ4"
"X21229.5",125,-0.887594326868717,1.61554350452612,TRUE,5843,"TMIGD2","Transmembrane and immunoglobulin domain-containing protein 2","TMIG2","Q96BF3"
"X11667.29",124,-0.887603316190033,1.69600912204132,TRUE,5844,"TNS2","Tensin-2","TENC1","Q63HR2"
"X20437.9",125,-0.887889290366984,1.68637145200456,TRUE,5845,"DNALI1","Axonemal dynein light intermediate polypeptide 1","IDLC","O14645"
"X19637.9",123,-0.888076932999665,1.73890755987874,TRUE,5846,"CRH","Corticoliberin","CRH","P06850"
"X11431.235",125,-0.888565248383846,1.64898852972423,TRUE,5847,"RECQL","ATP-dependent DNA helicase Q1","RECQ1","P46063"
"X4194.26",120,-0.889166718759767,1.76897468897389,TRUE,5848,"ANP32B","Acidic leucine-rich nuclear phosphoprotein 32 family member B","AN32B","Q92688"
"X15494.11",123,-0.889400208325943,1.62495893674447,TRUE,5849,"FGFBP1","Fibroblast growth factor-binding protein 1","FGFP1","Q14512"
"X21436.56",125,-0.889757392522675,1.50317363526978,TRUE,5850,"ATG4A","Cysteine protease ATG4A","ATG4A","Q8WYN0"
"X12628.31",121,-0.890076387595061,1.61781384235444,TRUE,5851,"LANCL2","LanC-like protein 2","LANC2","Q9NS86"
"X12001.7",124,-0.890228318550646,1.79934535037547,TRUE,5852,"TJP1","Tight junction protein ZO-1","ZO1","Q07157"
"X21949.4",124,-0.890448642489786,1.68884190219557,TRUE,5853,"APBB1IP","Amyloid beta A4 precursor protein-binding family B member 1-interacting protein","AB1IP","Q7Z5R6"
"X24226.30",123,-0.890650396016615,1.66429552091684,TRUE,5854,"FSCN1","Fascin","Fascin","Q16658"
"X11969.5",123,-0.89135447336427,1.75700163363992,TRUE,5855,"S100A2","Protein S100-A2","S100A2","P29034"
"X8933.84",123,-0.891961095416844,1.80283326686781,TRUE,5856,"MEF2C","Myocyte-specific enhancer factor 2C","MEF2C","Q06413"
"X9250.87",124,-0.892230118911977,1.5698354291243,TRUE,5857,"DEFA1","Neutrophil defensin 1","HNP-1","P59665"
"X9923.6",124,-0.892595565207812,1.72051273610278,TRUE,5858,"SOS1","Son of sevenless homolog 1","SOS1","Q07889"
"X12395.86",125,-0.892983555784972,1.60989665928934,TRUE,5859,"DARS2","Aspartate--tRNA ligase, mitochondrial","SYDM","Q6PI48"
"X24111.10",125,-0.893604208145909,1.62277479808381,TRUE,5860,"EEF1G","Elongation factor 1-gamma","EF1G","P26641"
"X4149.8",124,-0.893784976425338,1.59160258845378,TRUE,5861,"PDGFB","Platelet-derived growth factor subunit B","PDGF-BB","P01127"
"X23020.18",125,-0.893985202664504,1.71858106121655,TRUE,5862,"RGS4","Regulator of G-protein signaling 4","RGS4","P49798"
"X16809.1",124,-0.894017890303858,1.39158659658912,TRUE,5863,"NME4","Nucleoside diphosphate kinase, mitochondrial","NDKM","O00746"
"X14587.16",125,-0.894022073101787,1.53752314377444,TRUE,5864,"GDF11","Growth/differentiation factor 11","GDF-11","O95390"
"X23531.79",123,-0.89427585539682,1.77435724760221,TRUE,5865,"HSH2D","Hematopoietic SH2 domain-containing protein","HSH2D","Q96JZ2"
"X12963.1",125,-0.89437848732886,1.5842572079226,TRUE,5866,"GPR107","Protein GPR107","GP107","Q5VW38"
"X19207.119",122,-0.894403574520963,1.52219525185877,TRUE,5867,"ADK","Adenosine kinase","ADK","P55263"
"X10506.53",125,-0.894433792984785,1.58560388327835,TRUE,5868,"PGRMC2","Membrane-associated progesterone receptor component 2","PGRC2","O15173"
"X4867.15",124,-0.894785876606004,1.53832937303414,TRUE,5869,"VEGFA","Vascular endothelial growth factor A, isoform 121","VEGF121","P15692"
"X25480.21",114,-0.894805063291139,1.64628625319784,TRUE,5870,"UBAC1","Ubiquitin-associated domain-containing protein 1","UBAC1","Q9BSL1"
"X25270.3",125,-0.894913108669469,1.69919459793975,TRUE,5871,"PML","Probable transcription factor PML","PML","P29590"
"X6054.6",125,-0.895195782021975,1.59072221703014,TRUE,5872,"NXPH3","Neurexophilin-3","NXPH3","O95157"
"X10042.8",123,-0.895210391888754,1.57118883737778,TRUE,5873,"SGK3","Serine/threonine-protein kinase Sgk3","SGK3","Q96BR1"
"X25446.34",119,-0.895272893029351,1.5510539130644,TRUE,5874,"DDI2","Protein DDI1 homolog 2","DDI2","Q5TDH0"
"X9847.21",122,-0.896075826376633,1.60400845011424,TRUE,5875,"TGIF2","Homeobox protein TGIF2","TGIF2","Q9GZN2"
"X4551.72",125,-0.896510827618416,1.49343810187977,TRUE,5876,"ADGRG5","Adhesion G-protein coupled receptor G5","GP114","Q8IZF4"
"X8810.26",122,-0.89732505800004,1.71139576533057,TRUE,5877,"HEPACAM","Hepatocyte cell adhesion molecule","HEPACAM","Q14CZ8"
"X3381.24",125,-0.897561635080992,1.47598984491946,TRUE,5878,"LYN","Tyrosine-protein kinase Lyn, isoform B","LYNB","P07948"
"X7866.11",124,-0.897788577148001,1.64192177366664,TRUE,5879,"DNAJC30","DnaJ homolog subfamily C member 30","DJC30","Q96LL9"
"X3363.31",125,-0.898262173389376,1.52897338827228,TRUE,5880,"CSK","Tyrosine-protein kinase CSK","CSK","P41240"
"X25092.32",124,-0.89849990872294,1.72927490787884,TRUE,5881,"DDX1","ATP-dependent RNA helicase DDX1","DDX1","Q92499"
"X11551.16",124,-0.898556882740821,1.50009588273952,TRUE,5882,"HMG20B","SWI/SNF-related matrix-associated actin-dependent regulator of chromatin subfamily E member 1-related","HM20B","Q9P0W2"
"X20519.7",124,-0.898808362237736,1.64571396740621,TRUE,5883,"CD6","CD6","CD6","P30203"
"X3807.1",124,-0.899784082539642,1.52903153868846,TRUE,5884,"FGF23","Fibroblast growth factor 23","FGF23","Q9GZV9"
"X2838.53",125,-0.899964358577293,1.42805963369524,TRUE,5885,"MMP17","Matrix metalloproteinase-17","MMP-17","Q9ULZ9"
"X18823.52",125,-0.900351498168768,1.53460261489931,TRUE,5886,"H2BU1","Histone H2B type 3-B","H2B3B","Q8N257"
"X5679.16",125,-0.90091684487378,1.77591836370142,TRUE,5887,"DEFB103A","Beta-defensin 103","HBD-3","P81534"
"X4904.7",125,-0.90102745618563,1.75625304724374,TRUE,5888,"CASP2","Caspase-2","Caspase-2","P42575"
"X4397.26",125,-0.901052036477153,1.76889774556505,TRUE,5889,"IFNL2","Interferon lambda-2","IFN-lambda 2","Q8IZJ0"
"X24922.19",125,-0.901605093036403,1.805784298169,TRUE,5890,"NHLRC2","NHL repeat-containing protein 2","NHLC2","Q8NBF2"
"X6899.37",125,-0.901727994494015,1.73568531372813,TRUE,5891,"PCBD2","Pterin-4-alpha-carbinolamine dehydratase 2","PHS2","Q9H0N5"
"X3348.49",123,-0.901808518872062,1.63470896387922,TRUE,5892,"BMP1","Bone morphogenetic protein 1","BMP-1","P13497"
"X6226.69",125,-0.901826315660104,1.55158981693623,TRUE,5893,"MICU2","Calcium uptake protein 2, mitochondrial","EFHA1","Q8IYU8"
"X18271.43",124,-0.902132414270651,1.68902275143892,TRUE,5894,"OXSM","3-oxoacyl-[acyl-carrier-protein] synthase, mitochondrial","OXSM","Q9NWU1"
"X25216.8",115,-0.902205351400195,1.67030414491398,TRUE,5895,"S100A8","Calgranulin A","Calgranulin A","P05109"
"X4464.10",125,-0.902612884988816,1.69209871422145,TRUE,5896,"SIGLEC1","Sialoadhesin","Sialoadhesin","Q9BZZ2"
"X20929.4",125,-0.902754221665069,1.63312168538527,TRUE,5897,"CTDSPL","CTD small phosphatase-like protein","CTDSL","O15194"
"X16875.13",125,-0.902834107612516,1.66890386923237,TRUE,5898,"MAGOHB","Protein mago nashi homolog 2","MGN2","Q96A72"
"X9478.69",124,-0.903328454747179,1.63414808945638,TRUE,5899,"PRPSAP1","Phosphoribosyl pyrophosphate synthase-associated protein 1","KPRA","Q14558"
"X17436.193",124,-0.903378814346191,1.647179829494,TRUE,5900,"CSNK1G2","Casein kinase I isoform gamma-2","CSNK1G2","P78368"
"X22033.7",123,-0.903628600544355,1.62861942301819,TRUE,5901,"WAS","Wiskott-Aldrich syndrome protein","WASP","P42768"
"X6531.29",122,-0.903631658784688,1.74400020504607,TRUE,5902,"FAM162A","Protein FAM162A","F162A","Q96A26"
"X13536.56",124,-0.903813165887666,1.57111616802519,TRUE,5903,"POLI","DNA polymerase iota","POLI","Q9UNA4"
"X11542.11",125,-0.903823464346287,1.57172165707553,TRUE,5904,"TMEM230","Transmembrane protein 230","TM230","Q96A57"
"X24684.7",124,-0.904392000352518,1.63977177478308,TRUE,5905,"GIMAP4","GTPase IMAP family member 4","GIMA4","Q9NUV9"
"X5183.53",125,-0.904868126735983,1.58709390490146,TRUE,5906,"PRKAA1|PRKAB1|PRKAG1","AMP Kinase (alpha1beta1gamma1)","AMPK a1b1g1","Q13131|Q9Y478|P54619"
"X19241.31",123,-0.904917620425104,1.51756301907957,TRUE,5907,"RBP5","Retinol-binding protein 5","RBP-III","P82980"
"X2644.11",124,-0.905329950836287,1.5256063758006,TRUE,5908,"PRKCA","Protein kinase C alpha type","PKC-A","P17252"
"X21310.37",125,-0.905384312857951,1.61396666483486,TRUE,5909,"MRTO4","mRNA turnover protein 4 homolog","MRT4","Q9UKD2"
"X11294.7",125,-0.90571000172062,1.56973602210607,TRUE,5910,"TMCC3","Transmembrane and coiled-coil domains protein 3:region 2","TMCC3:region 2","Q9ULS5"
"X24465.28",125,-0.905851338396873,1.62360190472853,TRUE,5911,"SSX4","synovial sarcoma, X breakpoint 4","SSX4","O60224"
"X6471.53",123,-0.906213719976265,1.59723643145806,TRUE,5912,"CFHR4","Complement factor H-related protein 4","FHR4","Q92496"
"X9758.17",125,-0.906367524518841,1.57630541005721,TRUE,5913,"RPS4X","40S ribosomal protein S4, X isoform","RS4X","P62701"
"X17427.26",125,-0.906416685101885,1.38751747650594,TRUE,5914,"NLGN3","Neuroligin-3","NLGN3","Q9NZ94"
"X11614.29",124,-0.906670779380197,1.64338434402945,TRUE,5915,"ERH","Enhancer of rudimentary homolog","ERH","P84090"
"X9058.1",125,-0.906723938745914,1.52271835282865,TRUE,5916,"TIMM21","Mitochondrial import inner membrane translocase subunit Tim21","TIM21","Q9BVV7"
"X15574.37",122,-0.907047913650995,1.42743984948907,TRUE,5917,"CCNA2","Cyclin-A2","Cyclin A","P20248"
"X7134.14",125,-0.907147948774673,1.76784914871559,TRUE,5918,"BCL2L2","Bcl-2-like protein 2","Apoptosis regulator Bcl-W","Q92843"
"X5122.92",124,-0.907716034811073,1.57247539652123,TRUE,5919,"SEMA6A","Semaphorin-6A","Semaphorin-6A","Q9H2E6"
"X5680.54",125,-0.908696507140575,1.44589461127661,TRUE,5920,"OBP2B","Odorant-binding protein 2b","OBP2B","Q9NPH6"
"X4322.28",124,-0.909038546882918,1.52819546764359,TRUE,5921,"AMN","Protein amnionless","AMNLS","Q9BXJ7"
"X14688.6",123,-0.909052797234369,1.61464815851566,TRUE,5922,"PTPN7","Tyrosine-protein phosphatase non-receptor type 7","PTN7","P35236"
"X20078.6",116,-0.909066093555965,1.80070584759089,TRUE,5923,"MYL6B","Myosin light chain 6B","MYL6B","P14649"
"X16908.5",122,-0.909600449453055,1.770710200362,TRUE,5924,"OMG","Oligodendrocyte-myelin glycoprotein","OMGP","P23515"
"X23382.30",125,-0.909698154020107,1.72738550740115,TRUE,5925,"VCX3A","Variable charge X-linked protein 3","VCX3","Q9NNX9"
"X8748.45",125,-0.91006071332006,1.6891408274504,TRUE,5926,"CD74","HLA class II histocompatibility antigen gamma chain","HG2A","P04233"
"X15301.24",125,-0.910558464223386,1.58475872402675,TRUE,5927,"ACRV1","Acrosomal protein SP-10","sperm protein 10","P26436"
"X21760.22",125,-0.910570754369147,1.51819296361062,TRUE,5928,"UBA1","Ubiquitin-activating enzyme E1","UBE1","P22314"
"X6237.11",120,-0.910768610999208,1.43271078896961,TRUE,5929,"FGFRL1","Fibroblast growth factor receptor-like 1","FGRL1","Q8N441"
"X5667.3",125,-0.911351178624978,1.51313353111302,TRUE,5930,"SEMA3B","Semaphorin-3B","SEM3B","Q13214"
"X18297.8",125,-0.911394194135142,1.65203075306926,TRUE,5931,"MRAS","Ras-related protein M-Ras","RASM","O14807"
"X7106.37",124,-0.911549659285838,1.66703968291333,TRUE,5932,"OOSP2","Oocyte-secreted protein 2","PLACL","Q86WS3"
"X5754.76",124,-0.91180747464701,1.58590975704946,TRUE,5933,"INSL6","Insulin-like peptide INSL6","INSL6","Q9Y581"
"X7840.64",125,-0.91191652532999,1.65616362627216,TRUE,5934,"LGMN","Legumain","LGMN","Q99538"
"X20562.78",124,-0.912846144645814,1.54655859817983,TRUE,5935,"KLRB1","Killer cell lectin-like receptor subfamily B member 1","KLRB1","Q12918"
"X9544.24",123,-0.912864569224617,1.43491652058535,TRUE,5936,"C7orf69","Uncharacterized protein C7orf69","CG069","Q9H7B7"
"X14090.23",125,-0.912955042646806,1.44770553946484,TRUE,5937,"DEF6","Differentially expressed in FDCP 6 homolog","DEFI6","Q9H4E7"
"X11715.1",123,-0.913192664041614,1.73959529308372,TRUE,5938,"POU2F1","POU domain, class 2, transcription factor 1","PO2F1","P14859"
"X21811.20",125,-0.914104171275471,1.49610941558012,TRUE,5939,"ZCCHC17","Nucleolar protein of 40 kDa","NO40","Q9NP64"
"X19229.92",124,-0.914514580677651,1.70998850482037,TRUE,5940,"HOMER1","Homer protein homolog 1","HOME1","Q86YM7"
"X11219.95",125,-0.914669517980483,1.74019168245757,TRUE,5941,"FGFBP3","Fibroblast growth factor-binding protein 3","FGFP3","Q8TAT2"
"X8404.102",123,-0.916276189892644,1.7501574984206,TRUE,5942,"BOLA2","BolA-like protein 2","BolA-like protein 2","Q9H3K6"
"X25085.37",124,-0.916472047187093,1.53393979966663,TRUE,5943,"ASPSCR1","Tether containing UBX domain for GLUT4","ASPC1","Q9BZE9"
"X12484.67",125,-0.916660521593786,1.52766870210647,TRUE,5944,"PITPNB","Phosphatidylinositol transfer protein beta isoform","PIPNB","P48739"
"X9055.81",124,-0.916856040338166,1.62302243562345,TRUE,5945,"MYZAP","Myocardial zonula adherens protein","MYZAP","P0CAP1"
"X18899.82",124,-0.916856302031695,1.68884893639651,TRUE,5946,"HDGFL3","Hepatoma-derived growth factor-related protein 3","HDGR3","Q9Y3E1"
"X7958.15",123,-0.91710740176982,1.49782104736169,TRUE,5947,"KIRREL2","Kin of IRRE-like protein 2","KIRR2","Q6UWL6"
"X11651.24",124,-0.91720855864079,1.65312418564189,TRUE,5948,"AGO1","Protein argonaute-1","AGO1","Q9UL18"
"X22974.25",125,-0.917711329056363,1.56579433215798,TRUE,5949,"H2BC21","Histone H2B type 2-E","H2B2E","Q16778"
"X8268.98",125,-0.918288965907136,1.55071748369582,TRUE,5950,"HS3ST3A1","Heparan sulfate glucosamine 3-O-sulfotransferase 3A1","HS3SA","Q9Y663"
"X13556.28",125,-0.918467173020672,1.7019007018646,TRUE,5951,"HTR2A","5-hydroxytryptamine receptor 2A","5HT2A","P28223"
"X4673.13",121,-0.918619264578852,1.70056538132383,TRUE,5952,"IL6","Interleukin-6","IL-6","P05231"
"X18880.81",124,-0.918675286578495,1.70573608671389,TRUE,5953,"COL3A1","Collagen Type III","Collagen Type III","P02461"
"X13076.4",121,-0.918714664625161,1.71418297349609,TRUE,5954,"FXR1","Fragile X mental retardation syndrome-related protein 1","FXR1","P51114"
"X5100.53",124,-0.918845250760118,1.72136302585925,TRUE,5955,"SCARB2","Lysosome membrane protein 2","LIMP II","Q14108"
"X25282.6",125,-0.919149276110415,1.62311002467775,TRUE,5956,"AZIN1","Antizyme inhibitor 1","AZIN1","O14977"
"X25416.5",125,-0.919407369171398,1.49066973461516,TRUE,5957,"PRX","Periaxin","PRAX","Q9BXM0"
"X22972.26",125,-0.919604011503576,1.63326153063141,TRUE,5958,"CXCL2","Gro-beta","Gro-b","P19875"
"X5484.63",125,-0.919610156576457,1.62257307679314,TRUE,5959,"RPS3A","40S ribosomal protein S3a","RS3A","P61247"
"X5748.20",125,-0.9202922596662,1.67882736889403,TRUE,5960,"ASAH1","Acid ceramidase","Acid ceramidase","Q13510"
"X12385.4",123,-0.920622532958386,1.56927321157017,TRUE,5961,"CAPN3","Calpain-3","CAN3","P20807"
"X20550.38",124,-0.92097999162777,1.71835807149466,TRUE,5962,"NTM","Neurotrimin","NTRI","Q9P121"
"X21128.2",121,-0.921098630099863,1.66109314738919,TRUE,5963,"CDK2","CDK2","CDK2","P24941"
"X7197.2",125,-0.921152569869479,1.56195565158674,TRUE,5964,"DNAJC15","DnaJ homolog subfamily C member 15","DJC15","Q9Y5T4"
"X11568.2",125,-0.921662610918565,1.6615757993984,TRUE,5965,"FKBP1B","Peptidyl-prolyl cis-trans isomerase FKBP1B","FKB1B","P68106"
"X14036.116",125,-0.921681046137207,1.4792187779585,TRUE,5966,"MPDZ","Multiple PDZ domain protein","MPDZ","O75970"
"X9486.13",121,-0.921959580767329,1.62743615277468,TRUE,5967,"DEFB125","Beta-defensin 125","DB125","Q8N687"
"X8878.48",124,-0.922364383173599,1.57747224559466,TRUE,5968,"YTHDC1","YTH domain-containing protein 1","YTDC1","Q96MU7"
"X12671.35",124,-0.922446217521993,1.6326074638216,TRUE,5969,"SULT1B1","Sulfotransferase family cytosolic 1B member 1","ST1B1","O43704"
"X14597.5",125,-0.922455325320158,1.65554619052528,TRUE,5970,"SEMA6C","Semaphorin-6C, cytoplasmic","SEM6C","Q9H3T2"
"X21765.10",124,-0.922471153301397,1.63982135526071,TRUE,5971,"CYLD","Ubiquitin carboxyl-terminal hydrolase CYLD","CYLD","Q9NQC7"
"X17819.30",123,-0.92249941951962,1.71944028512785,TRUE,5972,"FAHD1","Acylpyruvase FAHD1, mitochondrial","FAHD1","Q6P587"
"X11634.32",125,-0.922504485903203,1.78673425041248,TRUE,5973,"RGS10","Regulator of G-protein signaling 10","RGS10","O43665"
"X4963.19",124,-0.922691477240537,1.74397810656255,TRUE,5974,"ARPP19","cAMP-regulated phosphoprotein 19","ARP19","P56211"
"X25235.2",123,-0.923022100106743,1.60661851989447,TRUE,5975,"DPH7","Diphthine methyltransferase","DPH7","Q9BTV6"
"X7768.10",125,-0.923137428409901,1.55781557406111,TRUE,5976,"CPM","Carboxypeptidase M","CBPM","P14384"
"X21857.26",125,-0.923174298847184,1.42625264173547,TRUE,5977,"RACK1","Guanine nucleotide-binding protein subunit beta-2-like 1","RACK1","P63244"
"X15433.4",124,-0.923623132754616,1.63360278041085,TRUE,5978,"SRC","Proto-oncogene tyrosine-protein kinase Src","p60-Src","P12931"
"X5822.22",124,-0.924107845420724,1.62214494399882,TRUE,5979,"GDNF","Glial cell line-derived neurotrophic factor","GDNF","P39905"
"X10365.132",120,-0.924465790817124,1.70049662542572,TRUE,5980,"IL12B|IL23A","Interleukin-23","IL-23","P29460|Q9NPF7"
"X5116.62",125,-0.924489344443625,1.52781550172902,TRUE,5981,"ROBO2","Roundabout homolog 2","ROBO2","Q9HCK4"
"X5315.22",115,-0.924698343552957,1.42275817094817,TRUE,5982,"TNNT2","Troponin T, cardiac muscle","Troponin T","P45379"
"X6296.36",124,-0.924838061904732,1.67410063667477,TRUE,5983,"OIT3","Oncoprotein-induced transcript 3 protein","OIT3","Q8WWZ8"
"X9402.18",125,-0.924944079836787,1.59302512933784,TRUE,5984,"DCBLD1","Discoidin, CUB and LCCL domain-containing protein 1","DCBD1","Q8N8Z6"
"X9751.72",123,-0.92509868166456,1.64653033644608,TRUE,5985,"YBX1","Nuclease-sensitive element-binding protein 1","NSEP1","P67809"
"X4815.25",116,-0.925198288357215,1.72472194208373,TRUE,5986,"TXNDC12","Thioredoxin domain-containing protein 12","TXD12","O95881"
"X14143.8",125,-0.925202172897771,1.56953624023763,TRUE,5987,"H2BC21","Histone H2B type 2-E","H2B2E","Q16778"
"X22134.1",123,-0.925698511390315,1.66388217496841,TRUE,5988,"ETV4","ETS translocation variant 4","ETV4","P43268"
"X20939.113",125,-0.925921146424797,1.73792645538011,TRUE,5989,"NHP2","H/ACA ribonucleoprotein complex subunit 2","NHP2","Q9NX24"
"X9215.117",124,-0.926191480388022,1.67737291102371,TRUE,5990,"USP25","Ubiquitin carboxyl-terminal hydrolase 25","UBP25","Q9UHP3"
"X9175.48",125,-0.926676990389106,1.54982274658324,TRUE,5991,"DSCAM","Down syndrome cell adhesion molecule","DSCAM","O60469"
"X22082.25",125,-0.92705183983482,1.49302964542451,TRUE,5992,"BEX2","Protein BEX2","BEX2","Q9BXY8"
"X25054.15",120,-0.927632264382905,1.67629439314847,TRUE,5993,"PRPF19","Pre-mRNA-processing factor 19","PRP19","Q9UMS4"
"X4491.4",123,-0.927892134889436,1.63598571463106,TRUE,5994,"IL5RA","Interleukin-5 receptor subunit alpha","IL-5 Ra","Q01344"
"X22468.54",125,-0.927906004965219,1.6296031416114,TRUE,5995,"H2AC11","Histone H2A type 1","Histone H2A type 1","P0C0S8"
"X12014.19",124,-0.927916302083006,1.50999136088101,TRUE,5996,"PTS","6-pyruvoyl tetrahydrobiopterin synthase","PTPS","Q03393"
"X22977.18",125,-0.928071921932994,1.68118738103585,TRUE,5997,"HEXIM1","Protein HEXIM1","HEXI1","O94992"
"X15402.2",125,-0.928194823390605,1.66945303244422,TRUE,5998,"ID1","DNA-binding protein inhibitor ID-1","ID-1","P41134"
"X11607.15",125,-0.928231693827889,1.73565327100835,TRUE,5999,"BRD1","Bromodomain-containing protein 1","BRD1","O95696"
"X22831.11",125,-0.928231693827889,1.62987704976538,TRUE,6000,"ZBP1","Z-DNA-binding protein 1","ZBP1","Q9H171"
"X12676.1",124,-0.928369765355743,1.50465236920158,TRUE,6001,"PACSIN1","Protein kinase C and casein kinase substrate in neurons protein 1","PACN1","Q9BY11"
"X12329.21",125,-0.928483641815992,1.57167259544455,TRUE,6002,"RPS6KA1","Ribosomal protein S6 kinase alpha-1","KS6A1","Q15418"
"X22973.8",123,-0.928672090915834,1.71638786153251,TRUE,6003,"CXCL3","Gro-gamma","Gro-g","P19876"
"X23312.16",119,-0.92883393635509,1.6767170618791,TRUE,6004,"RABL3","Rab-like protein 3","RABL3","Q5HYI8"
"X20454.24",125,-0.928858491261706,1.60708508132511,TRUE,6005,"NABP1","SOSS complex subunit B2","SOSB2","Q96AH0"
"X9357.4",124,-0.929307490384434,1.53188946302122,TRUE,6006,"CREG1","Protein CREG1","CREG1","O75629"
"X5076.53",125,-0.929995329744611,1.76276118046732,TRUE,6007,"EPHA10","Ephrin type-A receptor 10","EPHAA","Q5JZY3"
"X18314.88",124,-0.929999937050303,1.55500995775259,TRUE,6008,"PAX8","Paired box protein Pax-8","PAX-8","Q06710"
"X5651.50",124,-0.930107171521647,1.68644883387132,TRUE,6009,"PSG7","Putative pregnancy-specific beta-1-glycoprotein 7","PSG7","Q13046"
"X24473.11",125,-0.931052282280068,1.68679947699188,TRUE,6010,"CT45A3","Cancer/testis antigen family 45 member A3","CT453","Q8NHU0"
"X7812.11",121,-0.931343091457858,1.62523945437013,TRUE,6011,"S100A9","Protein S100-A9","calgranulin B","P06702"
"X25102.23",125,-0.931488582454588,1.68054272981698,TRUE,6012,"ELP1","Elongator complex protein 1","ELP1","O95163"
"X3364.76",123,-0.931536447247914,1.69605117457332,TRUE,6013,"CTSV","Cathepsin L2","Cathepsin V","O60911"
"X3374.49",125,-0.931574613474916,1.65733445830086,TRUE,6014,"HCK","Tyrosine-protein kinase HCK","HCK","P08631"
"X4918.21",124,-0.93171281360456,1.66441567955679,TRUE,6015,"KNG1","Kininogen-1","Kininogen, HMW","P01042"
"X22403.13",125,-0.931795836098616,1.55307756142152,TRUE,6016,"H2BC12","Histone H2B type 1-K","H2B1K","O60814"
"X12334.25",125,-0.931869576973183,1.56911778327815,TRUE,6017,"SHMT1","Serine hydroxymethyltransferase, cytosolic","cSHMT","P34896"
"X8312.139",120,-0.931993957179323,1.59750753462926,TRUE,6018,"CMPK1","UMP-CMP kinase","Cytidylate kinase","P30085"
"X22805.18",125,-0.932139960179928,1.65382356827373,TRUE,6019,"THAP11","THAP domain-containing protein 11","THA11","Q96EK4"
"X7130.4",123,-0.9322452586193,1.71019084582379,TRUE,6020,"LAIR2","Leukocyte-associated immunoglobulin-like receptor 2","LAIR2","Q6ISS4"
"X14144.3",125,-0.932336602512106,1.59669837206274,TRUE,6021,"H2AW","Histone H2A type 3","H2A3","Q7L7L0"
"X12548.75",125,-0.932342747584986,1.69440275523901,TRUE,6022,"RRAGC","Ras-related GTP-binding protein C","RRAGC","Q9HB90"
"X22503.24",125,-0.932465649042598,1.71220890893486,TRUE,6023,"MKX","Homeobox protein Mohawk","MKX","Q8IYA7"
"X17387.27",125,-0.932557825135806,1.56306385144753,TRUE,6024,"NFKBIB","NF-kappa-B inhibitor beta","IKB-beta","Q15653"
"X21321.2",123,-0.932890018317381,1.67167619503258,TRUE,6025,"SNRPA1","U2 small nuclear ribonucleoprotein AAE","RU2A","P09661"
"X13693.5",125,-0.932908094289998,1.65427251528514,TRUE,6026,"CDNF","Cerebral dopamine neurotrophic factor","ARMEL","Q49AH0"
"X19222.124",125,-0.933368974756041,1.53794241920155,TRUE,6027,"RAB5B","Ras-related protein Rab-5B","RAB5B","P61020"
"X15395.15",125,-0.93411867364747,1.72995859508868,TRUE,6028,"GSTM1","Glutathione S-transferase Mu 1","GST M1-1","P09488"
"X3055.54",123,-0.93422533530696,1.70795952517247,TRUE,6029,"IL4R","Interleukin-4 receptor subunit alpha","IL-4 sR","P24394"
"X24920.6",125,-0.934659440060959,1.74270804309008,TRUE,6030,"GLS","Glutaminase kidney isoform, mitochondrial","GLSK","O94925"
"X19331.18",124,-0.934670804560076,1.54388382716373,TRUE,6031,"BAIAP2","Brain-specific angiogenesis inhibitor 1-associated protein 2","BAIP2","Q9UQB8"
"X22969.12",125,-0.934856082393137,1.70909745400738,TRUE,6032,"CCL7","C-C motif chemokine 7","MCP-3","P80098"
"X12845.18",125,-0.93510188530836,1.62499994387038,TRUE,6033,"SNX17","Sorting nexin-17","SNX17","Q15036"
"X8061.102",123,-0.935199040272439,1.69078482944264,TRUE,6034,"FAM171B","Protein FAM171B:Cytoplasmic domain","F171B:CD","Q6P995"
"X22402.12",125,-0.935267802276135,1.62639369487825,TRUE,6035,"H2AC1","Histone H2A type 1-A","H2A1A","Q96QV6"
"X15565.102",125,-0.935366123442224,1.67667830325098,TRUE,6036,"MUC16","Mucin-16","CA125","Q8WXI7"
"X5671.1",124,-0.935394726074394,1.38027531269454,TRUE,6037,"CTRB1","Chymotrypsinogen B","Chymotrypsin","P17538"
"X8314.71",125,-0.935421429098149,1.48733371357941,TRUE,6038,"GNS","N-acetylglucosamine-6-sulfatase","GNS","P15586"
"X6228.58",124,-0.935520625468188,1.56126579745427,TRUE,6039,"SPACA1","Sperm acrosome membrane-associated protein 1","sperm acrosome associated 1","Q9HBV2"
"X18403.25",124,-0.935589870134775,1.74928852733586,TRUE,6040,"AMPD2","AMP deaminase 2","AMPD2","Q01433"
"X5347.59",125,-0.935790133470983,1.71869334608444,TRUE,6041,"CCNB1","G2/mitotic-specific cyclin-B1","Cyclin B1","P14635"
"X9263.57",124,-0.936055697891815,1.50815176496575,TRUE,6042,"SIAE","Sialate O-acetylesterase","SIAE","Q9HAT2"
"X8690.25",125,-0.936214143499742,1.77883409273802,TRUE,6043,"CAV3","Caveolin-3","CAV3","P56539"
"X11351.233",125,-0.93630017452007,1.71246197973806,TRUE,6044,"NHEJ1","Non-homologous end-joining factor 1","NHEJ1","Q9H9Q4"
"X8334.65",123,-0.93631505793498,1.69079163707003,TRUE,6045,"TCP11","T-complex protein 11 homolog","TCP11","Q8WWU5"
"X22531.44",125,-0.936447656269203,1.71657427440401,TRUE,6046,"PITX2","Pituitary homeobox 2","PITX2","Q99697"
"X13403.5",124,-0.936597065285131,1.65706158463263,TRUE,6047,"ETV5","ETS translocation variant 5","ETV5","P41161"
"X14013.11",125,-0.936963842391171,1.75608347406479,TRUE,6048,"TANK","TRAF family member-associated NF-kappa-B activator","TANK","Q92844"
"X7184.13",124,-0.937075482981549,1.74694905845863,TRUE,6049,"CEACAM7","Carcinoembryonic antigen-related cell adhesion molecule 7","CEAM7","Q14002"
"X12825.18",122,-0.937452492845009,1.74354720836322,TRUE,6050,"APPL1","DCC-interacting protein 13-alpha","DP13A","Q9UKG1"
"X23619.235",123,-0.937702359299821,1.65926044513703,TRUE,6051,"C19orf53","Leydig cell tumor 10 kDa protein homolog","L10K","Q9UNZ5"
"X5096.51",125,-0.938026939999508,1.65523303938633,TRUE,6052,"KIR3DL2","Killer cell immunoglobulin-like receptor 3DL2","KI3L2","P43630"
"X12711.19",123,-0.938120791517247,1.79183589838246,TRUE,6053,"GJA8","Gap junction alpha-8 protein","CXA8","P48165"
"X23637.55",124,-0.938492431944152,1.55122154203195,TRUE,6054,"RNF25","E3 ubiquitin-protein ligase RNF25","RNF25","Q96BH1"
"X8038.41",123,-0.938772219498981,1.75503562645074,TRUE,6055,"NSDHL","Sterol-4-alpha-carboxylate 3-dehydrogenase, decarboxylating","NSDHL","Q15738"
"X17205.21",125,-0.938782783963818,1.48438901297898,TRUE,6056,"RAB5A","Ras-related protein Rab-5A","RAB5A","P20339"
"X5615.62",125,-0.939434161689158,1.68661184922824,TRUE,6057,"FAM172A","Protein FAM172A","F172A","Q8WUF8"
"X21480.2",124,-0.939448686554574,1.46256761973769,TRUE,6058,"CD82","CD82 antigen","CD82 antigen","P27701"
"X21730.56",125,-0.939593933584052,1.46846394300904,TRUE,6059,"USP19","Ubiquitin carboxyl-terminal hydrolase 19","UBP19","O94966"
"X4209.60",125,-0.940171570434825,1.48049594446326,TRUE,6060,"VTA1","Vacuolar protein sorting-associated protein VTA1 homolog","DRG-1","Q9NP79"
"X13973.62",125,-0.940521839589018,1.74269964016219,TRUE,6061,"TTL","Tubulin--tyrosine ligase","TTL","Q8NG68"
"X9065.28",125,-0.940663176265271,1.72821157239537,TRUE,6062,"TXLNA","Alpha-taxilin","TXLNA","P40222"
"X20383.31",122,-0.940751511946859,1.54798103627137,TRUE,6063,"RBM18","Probable RNA-binding protein 18","RBM18","Q96H35"
"X25086.83",122,-0.941094432657162,1.72576176380382,TRUE,6064,"GRAMD2B","GRAM domain-containing protein 2B","GRM2B","Q96HH9"
"X21724.22",125,-0.941216232824521,1.49226098164608,TRUE,6065,"GALNS","N-acetylgalactosamine-6-sulfatase","GALNS","P34059"
"X12426.19",125,-0.941609517488878,1.60515459200831,TRUE,6066,"MOB1A","MOB kinase activator 1A","MOL1B","Q9H8S9"
"X13597.20",125,-0.941707838654966,1.5708295847059,TRUE,6067,"RAB31","Ras-related protein Rab-31","RAB31","Q13636"
"X12717.65",124,-0.941897429763876,1.65395857612158,TRUE,6068,"TOX3","TOX high mobility group box family member 3","TOX3","O15405"
"X18897.31",124,-0.941910019703255,1.6243696608509,TRUE,6069,"HDAC2","Histone deacetylase 2","HDAC2","Q92769"
"X21403.39",124,-0.942042396487418,1.73977044666212,TRUE,6070,"TSC2","Tuberin","TSC2","P49815"
"X11544.39",125,-0.942494407983679,1.64748040728717,TRUE,6071,"PHF3","PHD finger protein 3","PHF3","Q92576"
"X3887.90",124,-0.943471172186306,1.50281975994064,TRUE,6072,"KPNB1","Importin subunit beta-1","IMB1","Q14974"
"X9004.24",125,-0.94348376471745,1.62112581097216,TRUE,6073,"LDLRAD4","Low-density lipoprotein receptor class A domain-containing protein 4","CR001","O15165"
"X23693.4",125,-0.943754147924194,1.55650747253177,TRUE,6074,"MKNK1","MAP kinase-interacting serine/threonine-protein kinase 1","MKNK1","Q9BUB5"
"X16746.12",125,-0.944055256495342,1.53411962436325,TRUE,6075,"INHBB","Activin B","Activin B","P09529"
"X19278.19",125,-0.944294914337684,1.46345256914688,TRUE,6076,"RAB1B","Ras-related protein Rab-1B","RAB1B","Q9H0U4"
"X13986.6",124,-0.944805705760527,1.58343699246893,TRUE,6077,"LANCL1","LanC-like protein 1","LANC1","O43813"
"X9089.77",124,-0.944925310184632,1.763781767723,TRUE,6078,"JPH3","Junctophilin-3","JPH3","Q8WXH2"
"X23275.9",123,-0.94519620236836,1.54755827756992,TRUE,6079,"SSPN","Sarcospan","SSPN","Q14714"
"X12535.2",125,-0.945401027456186,1.6858020227546,TRUE,6080,"XRCC1","DNA repair protein XRCC1","XRCC1","P18887"
"X8288.27",123,-0.945486969953981,1.46776939974625,TRUE,6081,"APOH","Beta-2-glycoprotein 1","b2-Glycoprotein I","P02749"
"X8978.30",124,-0.94562405182019,1.74389471651407,TRUE,6082,"MAP4K3","Mitogen-activated protein kinase kinase kinase kinase 3","M4K3","Q8IVH8"
"X17337.1",121,-0.945746727730956,1.71489872327375,TRUE,6083,"YY1","Transcriptional repressor protein YY1","TYY1","P25490"
"X5677.15",123,-0.945873604029811,1.67656117358562,TRUE,6084,"C2orf66","Uncharacterized protein C2orf66","CB066","Q6UXQ4"
"X17170.15",124,-0.946134113907118,1.66775705245868,TRUE,6085,"CALCB","Calcitonin gene-related peptide 2","CALCB","P10092"
"X24276.171",124,-0.946146703806871,1.49895728483246,TRUE,6086,"TTC25","Tetratricopeptide repeat protein 25","TTC25","Q96NG3"
"X8520.8",125,-0.946236757367942,1.69733381954823,TRUE,6087,"ADAM30","Disintegrin and metalloproteinase domain-containing protein 30","ADA30","Q9UKF2"
"X24935.62",125,-0.946666912469582,1.55902486729219,TRUE,6088,"FOXP1","Forkhead box protein P1","FOXP1","Q9H334"
"X9869.28",121,-0.947162678518197,1.68078720986833,TRUE,6089,"NFKB1","Nuclear factor NF-kappa-B p105 subunit","NF-kappa-B p105","P19838"
"X4184.43",125,-0.947447336725414,1.61906553016944,TRUE,6090,"EIF4EBP2","Eukaryotic translation initiation factor 4E-binding protein 2","4EBP2","Q13542"
"X17432.25",124,-0.947544182679445,1.7157036447948,TRUE,6091,"AK4","Adenylate kinase 4, mitochondrial","KAD4","P27144"
"X7732.45",121,-0.947616773201359,1.53859878534709,TRUE,6092,"VAMP4","Vesicle-associated membrane protein 4","VAMP4","O75379"
"X22499.15",125,-0.947975812993142,1.60510027235947,TRUE,6093,"MED28","Mediator of RNA polymerase II transcription subunit 28","MED28","Q9H204"
"X5721.1",124,-0.94797886169138,1.68317675109918,TRUE,6094,"CD226","CD226 antigen","CD226","Q15762"
"X22961.7",124,-0.948028893819933,1.65360172107607,TRUE,6095,"FCN1","Ficolin-1","FCN1","O00602"
"X7006.4",125,-0.948516579406632,1.60816798968701,TRUE,6096,"COL25A1","Collagen alpha-1(XXV) chain","COPA1","Q9BXS0"
"X10531.18",125,-0.948897573925227,1.77217517054385,TRUE,6097,"NRAS","GTPase NRas","RASN","P01111"
"X21926.24",122,-0.948973015846787,1.56285723072372,TRUE,6098,"UBE2D1|UBB","UB2D1/PolyUbiquitin K48","UB2D1/ PolyUbiquitin K48","P51668|P0CG47"
"X17364.8",125,-0.949094216257405,1.64857551391345,TRUE,6099,"SNRPB2","U2 small nuclear ribonucleoprotein B''","RU2B","P08579"
"X12585.39",122,-0.949317055921107,1.49712008229658,TRUE,6100,"ERCC1","DNA excision repair protein ERCC-1","ERCC1","P07992"
"X10011.65",125,-0.949352309318389,1.72333817759515,TRUE,6101,"OCRL","Inositol polyphosphate 5-phosphatase OCRL-1","OCRL","Q01968"
"X8315.5",124,-0.949627652542853,1.55473901427263,TRUE,6102,"DEFB119","Beta-defensin 119","DB119","Q8N690"
"X13388.57",125,-0.950439987218248,1.50738173782357,TRUE,6103,"PCSK1","Neuroendocrine convertase 1","NEC1","P29120"
"X5666.64",123,-0.950446484718903,1.73337605750928,TRUE,6104,"IL1R2","Interleukin-1 receptor type 2","IL-1 sRII","P27930"
"X3891.56",125,-0.95045842243689,1.72534953452663,TRUE,6105,"MBD4","Methyl-CpG-binding domain protein 4","MBD4","O95243"
"X20546.71",125,-0.950544453457218,1.68244684725321,TRUE,6106,"RTN4RL1","Reticulon-4 receptor-like 1","R4RL1","Q86UN2"
"X9889.42",124,-0.950565758620147,1.71719783613558,TRUE,6107,"AFAP1L1","Actin filament-associated protein 1-like 1","AF1L1","Q8TED9"
"X24722.13",123,-0.950627078032436,1.51583136154288,TRUE,6108,"SPIN3","Spindlin-3","SPIN3","Q5JUX0"
"X3831.21",123,-0.950768814014086,1.67852029092553,TRUE,6109,"PTEN","Phosphatidylinositol 3,4,5-trisphosphate 3-phosphatase and dual-specificity protein phosphatase PTEN","pTEN","P60484"
"X13673.21",122,-0.95118082132022,1.64490421669373,TRUE,6110,"CCT7","T-complex protein 1 subunit eta","TCPH","Q99832"
"X21961.14",123,-0.951543256656917,1.66347404150026,TRUE,6111,"CD2AP","CD2-associated protein","CD2AP","Q9Y5K6"
"X20127.102",124,-0.952202445588027,1.60026463442887,TRUE,6112,"HEPH","Hephaestin","HEPH","Q9BQS7"
"X4163.5",125,-0.952252783718015,1.57316156965857,TRUE,6113,"H2AZ1","Histone H2A.z","Histone H2A.z","P0C0S5"
"X2835.1",124,-0.95261776314547,1.74042140354729,TRUE,6114,"XRCC6","X-ray repair cross-complementing protein 6","Ku70","P12956"
"X11548.84",124,-0.952693451678391,1.78396605796751,TRUE,6115,"CDC25A","M-phase inducer phosphatase 1","MPIP1","P30304"
"X12708.91",125,-0.952879581151832,1.75684770213866,TRUE,6116,"L3MBTL2","Lethal(3)malignant brain tumor-like protein 2","LMBL2","Q969R5"
"X10088.37",121,-0.952893751799597,1.7717939688083,TRUE,6117,"APRT","Adenine phosphoribosyltransferase","APT","P07741"
"X14095.1",120,-0.953192937613736,1.52199655907853,TRUE,6118,"KLRK1","NKG2-D type II integral membrane protein","NKG2D","P26718"
"X2731.29",123,-0.953303578339052,1.62527837903178,TRUE,6119,"POR","NADPH--cytochrome P450 reductase","NADPH-P450 Oxidoreductase","P16435"
"X23164.8",122,-0.953415358787002,1.72473564931673,TRUE,6120,"MPC1","Mitochondrial pyruvate carrier 1","MPC1","Q9Y5U8"
"X8903.1",125,-0.953580119460217,1.71818926507238,TRUE,6121,"COX6C","Cytochrome c oxidase subunit 6C","COX6C","P09669"
"X9898.161",124,-0.953977911159932,1.76955356697727,TRUE,6122,"ARID1A","AT-rich interactive domain-containing protein 1A","ARI1A","O14497"
"X21781.9",122,-0.954029446271296,1.70217212976374,TRUE,6123,"ACY3","Aspartoacylase-2","ACY3","Q96HD9"
"X8780.2",124,-0.9544560376438,1.61072565142238,TRUE,6124,"PCDH10","Protocadherin-10:Cytoplasmic domain","PCD10:CD","Q9P2E7"
"X9075.121",125,-0.954649362141435,1.44751074247154,TRUE,6125,"MINAR1","UPF0258 protein KIAA1024","K1024","Q9UPX6"
"X12442.4",125,-0.954716957943121,1.47664356079485,TRUE,6126,"RHOD","Rho-related GTP-binding protein RhoD","RHOD","O00212"
"X14011.17",125,-0.954852149546494,1.68599899961449,TRUE,6127,"S100A11","Protein S100-A11","S100A11","P31949"
"X4304.18",125,-0.954907455202419,1.75962332832879,TRUE,6128,"LCORL","Ligand-dependent nuclear receptor corepressor-like protein","transcription factor MLR1, isoform CRA_b","Q8N3X6"
"X5888.29",120,-0.955158103109969,1.64818383266288,TRUE,6129,"EIF5A","Eukaryotic translation initiation factor 5A-1","eIF-5A-1","P63241"
"X23568.41",125,-0.955491237126072,1.77681485203614,TRUE,6130,"MEIS2","Homeobox protein Meis2","MEIS2","O14770"
"X22015.2",123,-0.955548102474136,1.51799902473362,TRUE,6131,"TRIM21","E3 ubiquitin-protein ligase TRIM21","RO52","P19474"
"X25105.70",125,-0.955988988029398,1.65814530766504,TRUE,6132,"EIF2A","Eukaryotic translation initiation factor 2A","EIF2A","Q9BY44"
"X5618.50",125,-0.956032003539562,1.74930163530661,TRUE,6133,"FAM3B","Protein FAM3B","FAM3B","P58499"
"X7624.19",123,-0.956193645756743,1.65065030203652,TRUE,6134,"ANK2","Ankyrin-2","ANK2","Q01484"
"X11468.15",124,-0.956199600898922,1.6807942589748,TRUE,6135,"RBM19","Probable RNA-binding protein 19","RBM19","Q9Y4C8"
"X20387.277",124,-0.956520781203279,1.58088645751149,TRUE,6136,"CHCHD7","Coiled-coil-helix-coiled-coil-helix domain-containing protein 7","CHCH7","Q9BUK0"
"X4267.81",123,-0.956767250692543,1.49414779116458,TRUE,6137,"PES1","Pescadillo homolog","PESC","O00541"
"X5728.60",123,-0.956941671960811,1.70316713446899,TRUE,6138,"FCRL1","Fc receptor-like protein 1","FCRL1","Q96LA6"
"X25096.58",122,-0.957162874932251,1.63355091648127,TRUE,6139,"MYBPC2","Myosin-binding protein C, fast-type","MYPC2","Q14324"
"X13704.5",123,-0.95725743254356,1.69138294407558,TRUE,6140,"HMGCS2","Hydroxymethylglutaryl-CoA synthase, mitochondrial","HMCS2","P54868"
"X6382.17",125,-0.957543691468181,1.46388490738785,TRUE,6141,"MANBA","Beta-mannosidase","MANBA","O00462"
"X14655.1",124,-0.95758449423066,1.6392316059997,TRUE,6142,"DNAJC17","DnaJ homolog subfamily C member 17","DJC17","Q9NVM6"
"X2705.5",123,-0.957941242864975,1.7528864991231,TRUE,6143,"CCL25","C-C motif chemokine 25","TECK","O15444"
"X6572.10",125,-0.95796770149694,1.45205457075337,TRUE,6144,"LRRTM4","Leucine-rich repeat transmembrane neuronal protein 4:Isoform 2, Extracellular domain","LRRT4:ECD","Q86VH4"
"X19371.18",125,-0.958035297298626,1.64172914907275,TRUE,6145,"MAPRE1","Microtubule-associated protein RP/EB family member 1","MARE1","Q15691"
"X7221.56",123,-0.958231346484396,1.55432166975102,TRUE,6146,"CKAP4","Cytoskeleton-associated protein 4","CKAP4","Q07065"
"X7790.21",125,-0.95851461298331,1.7164045570626,TRUE,6147,"LIF","Leukemia inhibitory factor","LIF","P15018"
"X9989.12",124,-0.9585477550635,1.62310950544427,TRUE,6148,"LRRC24","Leucine-rich repeat-containing protein 24","LRC24","Q50LG9"
"X9319.59",124,-0.958579099441636,1.54889074339936,TRUE,6149,"TMED4","Transmembrane emp24 domain-containing protein 4","TMED4","Q7Z7H5"
"X6240.70",125,-0.958686675023966,1.58982863066377,TRUE,6150,"RSPO1","R-spondin-1","RSPO1","Q2MKA7"
"X23981.172",124,-0.95870538875792,1.66131095782969,TRUE,6151,"CPA1","Carboxypeptidase A1","CBPA1","P15085"
"X25255.4",125,-0.958926332866308,1.59125625650063,TRUE,6152,"TMUB1","Transmembrane and ubiquitin-like domain-containing protein 1","TMUB1","Q9BVT8"
"X17348.5",125,-0.958963203303591,1.62208423404033,TRUE,6153,"SYNJ2BP","Synaptojanin-2-binding protein","SYJ2B","P57105"
"X23317.10",112,-0.959120907285192,1.6163945574816,TRUE,6154,"DHRS11","Dehydrogenase/reductase SDR family member 11","DHR11","Q6UWP2"
"X7012.35",124,-0.959372265622541,1.67853286058903,TRUE,6155,"VNN2","Vascular non-inflammatory molecule 2","VNN2","O95498"
"X5722.78",123,-0.959785738933016,1.43083978016685,TRUE,6156,"PRCP","Lysosomal Pro-X carboxypeptidase","Prolylcarboxypeptidase","P42785"
"X4261.55",124,-0.960285036227551,1.4967390678026,TRUE,6157,"PON1","Serum paraoxonase/arylesterase 1","paraoxonase 1","P27169"
"X18213.30",125,-0.960382715139002,1.66485996998964,TRUE,6158,"UBE2F","NEDD8-conjugating enzyme UBE2F","UBE2F","Q969M7"
"X8872.1",125,-0.960499471523732,1.70567001435885,TRUE,6159,"SEC61G","Protein transport protein Sec61 subunit gamma","SC61G","P60059"
"X5688.65",125,-0.960530196888135,1.6733992328209,TRUE,6160,"CBLN4","Cerebellin-4","CBLN4","Q9NTU7"
"X16851.50",125,-0.961156994321953,1.75767521657333,TRUE,6161,"SCO2","Protein SCO2 homolog, mitochondrial","SCO2","O43819"
"X4909.68",124,-0.961367771014183,1.66660329433689,TRUE,6162,"LGALS8","Galectin-8","Galectin-8","O00214"
"X2848.2",125,-0.961703905808323,1.66168639232983,TRUE,6163,"WIF1","Wnt inhibitory factor 1","WIF-1","Q9Y5W5"
"X18191.23",125,-0.961765356537129,1.73354007548927,TRUE,6164,"RANBP1","Ran-specific GTPase-activating protein","RANG","P43487"
"X21976.4",124,-0.961802123922773,1.5242758104022,TRUE,6165,"IKBKG","I-kappa-B kinase gamma","IKK-gamma","Q9Y6K9"
"X22391.34",125,-0.961808372047293,1.60956103379383,TRUE,6166,"SAP30L","Histone deacetylase complex subunit SAP30L","SP30L","Q9HAJ7"
"X24273.43",123,-0.961959185779521,1.76767070986957,TRUE,6167,"NME8","Thioredoxin domain-containing protein 3","TXND3","Q8N427"
"X5225.50",123,-0.962172028585434,1.74029617294262,TRUE,6168,"CSNK2A1|CSNK2B","Casein kinase II 2-alpha:2-beta heterotetramer","CK2-A1:B","P68400|P67870"
"X13547.5",122,-0.962324760563939,1.57815698653286,TRUE,6169,"HTR7","5-hydroxytryptamine receptor 7","5HT7R","P34969"
"X3486.58",116,-0.962398499015748,1.72203651174414,TRUE,6170,"FGF1","Fibroblast growth factor 1","b-ECGF","P05230"
"X25082.3",122,-0.96266197820792,1.73576973511624,TRUE,6171,"WASL","Neural Wiskott-Aldrich syndrome protein","WASL","O00401"
"X24489.34",125,-0.962932920384436,1.7133296306373,TRUE,6172,"HES3","Transcription factor HES-3","HES3","Q5TGS1"
"X5088.175",124,-0.963017053072889,1.68581873011618,TRUE,6173,"IL23R","Interleukin-23 receptor","IL-23 R","Q5VWK5"
"X24646.47",122,-0.96305880253413,1.6365438975286,TRUE,6174,"AGXT","Serine--pyruvate aminotransferase","SPYA","P21549"
"X12709.63",122,-0.963369091762342,1.7040681699915,TRUE,6175,"H1-10","Histone H1x","H1X","Q92522"
"X2986.49",125,-0.963768650296193,1.7311372245119,TRUE,6176,"CXCL3","Gro-gamma","Gro-g","P19876"
"X12862.14",124,-0.963804038210346,1.62599135901753,TRUE,6177,"NEDD9","Enhancer of filamentation 1","CASL","Q14511"
"X7240.2",124,-0.963810219253794,1.52988679736581,TRUE,6178,"MBTPS1","Membrane-bound transcription factor site-1 protease","MBTP1","Q14703"
"X8059.1",125,-0.963866971462282,1.64279202979514,TRUE,6179,"THPO","Thrombopoietin","Tpo","P40225"
"X14073.31",124,-0.964074721055034,1.65766668332434,TRUE,6180,"HPX","Hemopexin","Hemopexin","P02790"
"X17813.21",125,-0.964217240616474,1.53128113383016,TRUE,6181,"BPHL","Valacyclovir hydrolase","BPHL","Q86WA6"
"X8785.1",122,-0.964287838829291,1.62645039007072,TRUE,6182,"ARMC5","Armadillo repeat-containing protein 5:Armadillo Repeat Domain 5","ARMC5:ARM 5","Q96C12"
"X3000.66",124,-0.964401946404628,1.65984597796946,TRUE,6183,"MBL2","Mannose-binding protein C","MBL","P11226"
"X8529.1",122,-0.964624933076877,1.78060682256027,TRUE,6184,"TNFRSF10B","Tumor necrosis factor receptor superfamily member 10B:Death domain","TRAIL R2:Death","O14763"
"X8253.2",123,-0.964668208159593,1.69467759692199,TRUE,6185,"POMGNT1","Protein O-linked-mannose beta-1,2-N-acetylglucosaminyltransferase 1","PMGT1","Q8WZA1"
"X23691.2",125,-0.964684266155397,1.4531936950869,TRUE,6186,"TTLL12","Tubulin--tyrosine ligase-like protein 12","TTL12","Q14166"
"X9086.95",120,-0.964694646547084,1.72601094677503,TRUE,6187,"SCGB2A1","Mammaglobin-B","Mammaglobin 2","O75556"
"X6372.7",124,-0.964729284828494,1.55613961286566,TRUE,6188,"YBX2","Y-box-binding protein 2","YBOX2","Q9Y2T7"
"X9937.7",121,-0.965027692620382,1.7567317557925,TRUE,6189,"GJA1","Gap junction alpha-1 protein","CXA1","P17302"
"X3299.29",125,-0.965065260673992,1.64553321128207,TRUE,6190,"CNTN5","Contactin-5","Contactin-5","O94779"
"X11177.16",123,-0.965190863327217,1.7051652794895,TRUE,6191,"KRT5","Keratin, type II cytoskeletal 5","K2C5","P13647"
"X21715.40",123,-0.965339095101422,1.79454621446734,TRUE,6192,"SENP1","Sentrin-specific protease 1","SENP1","Q9P0U3"
"X3854.24",123,-0.965364670674131,1.69664631122208,TRUE,6193,"NACA","Nascent polypeptide-associated complex subunit alpha","NACA","Q13765"
"X22146.20",124,-0.96552255952662,1.58583052924667,TRUE,6194,"FOSL2","Fos-related antigen 2","FOSL2","P15408"
"X17785.11",125,-0.965544576358676,1.62873906676235,TRUE,6195,"DNPH1","2'-deoxynucleoside 5'-phosphate N-hydrolase 1","RCL","O43598"
"X24959.20",125,-0.966171373792493,1.66478256628978,TRUE,6196,"CYB5R4","Cytochrome b5 reductase 4","NB5R4","Q7L1T6"
"X19187.21",119,-0.96626140467084,1.76015799580885,TRUE,6197,"STAMBP","STAM-binding protein","STABP","O95630"
"X23335.31",125,-0.966318855541627,1.50114462868121,TRUE,6198,"None","Protein FAM229A","F229A","H3BQW9"
"X5649.83",125,-0.967529434899098,1.69468546828567,TRUE,6199,"PSG4","Pregnancy-specific beta-1-glycoprotein 4","PSG4","Q00888"
"X12798.46",125,-0.967627756065187,1.64928298061244,TRUE,6200,"SLC4A8","Electroneutral sodium bicarbonate exchanger 1","S4A8","Q2Y0W8"
"X7113.1",123,-0.967744744250844,1.72516551317462,TRUE,6201,"GRPEL1","GrpE protein homolog 1, mitochondrial","GRPE1","Q9HAV7"
"X13618.15",124,-0.967826409915836,1.74849583826441,TRUE,6202,"MAD1L1","Mitotic spindle assembly checkpoint protein MAD1","MD1L1","Q9Y6D9"
"X12795.2",123,-0.967847836743118,1.52459723055398,TRUE,6203,"ZNF566","Zinc finger protein 566","ZN566","Q969W8"
"X14331.262",125,-0.968346729592213,1.54381856975142,TRUE,6204,"DYNLT1","Dynein light chain Tctex-type 1","DYLT1","P63172"
"X15372.43",125,-0.968740014256569,1.72127438129964,TRUE,6205,"BRD2","Bromodomain-containing protein 2","BRD2","P25440"
"X12530.14",124,-0.969054221209441,1.65148844249552,TRUE,6206,"CKS1B","Cyclin-dependent kinases regulatory subunit 1","CKS-1","P61024"
"X6917.49",123,-0.969473477140581,1.77762059570145,TRUE,6207,"LRRC3","Leucine-rich repeat-containing protein 3","LRRC3","Q9BY71"
"X18878.15",124,-0.969563821550199,1.48933126610024,TRUE,6208,"GREM1","Gremlin-1","GREM1","O60565"
"X11223.1",124,-0.969652237683221,1.69062959645785,TRUE,6209,"TMEM154","Transmembrane protein 154","TM154","Q6P9G4"
"X15615.8",112,-0.969654771770053,1.7456182932653,TRUE,6210,"LILRB3","Leukocyte immunoglobulin-like receptor subfamily B member 3","LIRB3","O75022"
"X19328.51",125,-0.969717080844579,1.76869477692824,TRUE,6211,"CHEK2","Serine/threonine-protein kinase Chk2","Chk2","O96017"
"X5587.3",125,-0.969919868249638,1.66767691574696,TRUE,6212,"CCDC134","Coiled-coil domain-containing protein 134","CC134","Q9H6E4"
"X25048.30",125,-0.96995059361404,1.55046707199111,TRUE,6213,"PACSIN2","Protein kinase C and casein kinase substrate in neurons protein 2","PACN2","Q9UNF0"
"X25059.18",125,-0.970153381019099,1.65880284331614,TRUE,6214,"HDAC6","Histone deacetylase 6","HDAC6","Q9UBN7"
"X12843.6",125,-0.970190251456382,1.59888212267699,TRUE,6215,"ZNF410","Zinc finger protein 410","ZN410","Q86VK4"
"X20991.2",125,-0.970294717695352,1.62208262360511,TRUE,6216,"LIMD2","LIM domain-containing protein 2","LIMD2","Q9BT23"
"X2857.70",125,-0.97071258265123,1.78744363816855,TRUE,6217,"NR3C1","Glucocorticoid receptor","Glucocorticoid receptor","P04150"
"X11592.1",125,-0.970903079910528,1.70352823373175,TRUE,6218,"ELAVL1","ELAV-like protein 1","ELAV1","Q15717"
"X5354.11",125,-0.971112012388467,1.70983906663756,TRUE,6219,"KRT18","Keratin, type I cytoskeletal 18","Keratin 18","P05783"
"X7180.114",124,-0.97113756397263,1.49125297708219,TRUE,6220,"IFNA14","Interferon alpha-14","IFN14","P01570"
"X4534.10",125,-0.971167318044392,1.49542419608622,TRUE,6221,"PRSS22","Brain-specific serine protease 4","BSSP4","Q9GZN4"
"X22521.13",124,-0.971238283487665,1.68850585873111,TRUE,6222,"OTX2","Homeobox protein OTX2","OTX2","P32243"
"X17854.33",125,-0.971456136469779,1.58983172361141,TRUE,6223,"NAA10","N-alpha-acetyltransferase 10","NAA10","P41227"
"X21190.4",119,-0.971489416255947,1.61701461088868,TRUE,6224,"UBE2W","Ubiquitin-conjugating enzyme E2 W","UBE2W","Q96B02"
"X23378.29",121,-0.971660563604522,1.74806758984803,TRUE,6225,"CGGBP1","CGG triplet repeat-binding protein 1","CGBP1","Q9UFW8"
"X13450.49",125,-0.971781825332449,1.67392460133931,TRUE,6226,"USP8","Ubiquitin carboxyl-terminal hydrolase 8","UBP8","P40818"
"X12699.28",125,-0.971787970405329,1.45388177587864,TRUE,6227,"CCT8","T-complex protein 1 subunit theta","TCP-1-theta","P50990"
"X13524.25",125,-0.97191087186294,1.72403577125264,TRUE,6228,"HS6ST2","Heparan-sulfate 6-O-sulfotransferase 2","H6ST2","Q96MM7"
"X2942.50",124,-0.972132169183605,1.75502178936219,TRUE,6229,"CYCS","Cytochrome c","Cytochrome c","P99999"
"X24956.1",124,-0.972220298759262,1.72095973936209,TRUE,6230,"METTL3","N6-adenosine-methyltransferase 70 kDa subunit","MTA70","Q86U44"
"X17675.17",125,-0.972427057984908,1.55671801961184,TRUE,6231,"ACOT13","Acyl-coenzyme A thioesterase 13","ACO13","Q9NPJ3"
"X13490.1",125,-0.972537669296758,1.42506406573871,TRUE,6232,"MPP6","MAGUK p55 subfamily member 6","MPP6","Q9NZW5"
"X18409.61",124,-0.972553932152817,1.59168286109303,TRUE,6233,"ARF5","ADP-ribosylation factor 5","ARF5","P84085"
"X5475.10",125,-0.972930953961114,1.60979492141791,TRUE,6234,"PRKCB","Protein kinase C beta type (splice variant beta-II)","PKC-B-II","P05771"
"X3852.19",125,-0.97332423862547,1.7751027828073,TRUE,6235,"DNAJB1","DnaJ homolog subfamily B member 1","HSP 40","P25685"
"X6550.4",125,-0.973373399208515,1.65992817323696,TRUE,6236,"ICAM4","Intercellular adhesion molecule 4","ICAM4","Q14773"
"X21716.29",125,-0.973416414718679,1.74204649241216,TRUE,6237,"FUT7","Alpha-(1,3)-fucosyltransferase","FUT7","Q11130"
"X5664.57",125,-0.973588476759334,1.50782401914698,TRUE,6238,"DEFB106A","Beta-defensin 106","D106A","Q8N104"
"X7245.2",123,-0.973704323597419,1.55427338583117,TRUE,6239,"CELF2","CUGBP Elav-like family member 2","CELF2","O95319"
"X3379.29",125,-0.973742103581349,1.57653939791027,TRUE,6240,"PRKCI","Protein kinase C iota type","KPCI","P41743"
"X25886.11",122,-0.973786224879292,1.73590562256746,TRUE,6241,"ABCD4","ATP-binding cassette sub-family D member 4","ABCD4","O14678"
"X8011.96",125,-0.973889585330482,1.43173469980904,TRUE,6242,"ACP7","Iron/zinc purple acid phosphatase-like protein","PAPL","Q6ZNF0"
"X17696.1",125,-0.973963326205049,1.60626632273608,TRUE,6243,"TICAM2","TIR domain-containing adapter molecule 2","TIRP","Q86XR7"
"X10453.7",125,-0.974012486788093,1.61903944881076,TRUE,6244,"CEACAM20","Carcinoembryonic antigen-related cell adhesion molecule 20","CEA20","Q6UY09"
"X16922.53",125,-0.974147678391466,1.63343998927796,TRUE,6245,"PLXNB3","Plexin-B3","PLXB3","Q9ULL4"
"X19612.3",124,-0.974234689059972,1.60264813464501,TRUE,6246,"CD81","CD81 antigen","CD81","P60033"
"X18162.167",122,-0.974394056565737,1.77633469597517,TRUE,6247,"IRAK4","Interleukin-1 receptor-associated kinase 4","IRAK4","Q9NWZ3"
"X3873.51",125,-0.974571688420225,1.62986064338858,TRUE,6248,"TPO","Thyroid peroxidase","TMA","P07202"
"X11217.16",124,-0.974606332050221,1.72838483410118,TRUE,6249,"CTBP1","C-terminal-binding protein 1","CTBP1","Q13363"
"X3347.9",124,-0.975160049604361,1.56414174719221,TRUE,6250,"GRK2","beta-adrenergic receptor kinase 1","BARK1","P25098"
"X17691.1",124,-0.975330013785984,1.59352444500496,TRUE,6251,"TPP1","Tripeptidyl-peptidase 1","TPP1","O14773"
"X12622.96",124,-0.975386745983035,1.57945992926144,TRUE,6252,"ASH1L","Histone-lysine N-methyltransferase ASH1L","ASH1L","Q9NR48"
"X14052.26",125,-0.975671656465846,1.56784095246543,TRUE,6253,"UNC13A","Protein unc-13 homolog A","UN13A","Q9UPW8"
"X12801.33",122,-0.97582851930678,1.68266753990524,TRUE,6254,"IRF2","Interferon regulatory factor 2","IRF2","P14316"
"X12818.159",124,-0.975890266088369,1.56096983411857,TRUE,6255,"SLC14A2","Urea transporter 2","UT2","Q15849"
"X5236.2",125,-0.97604650591156,1.62009370071156,TRUE,6256,"NR1D1","Nuclear receptor subfamily 1 group D member 1","NR1D1","P20393"
"X10390.21",123,-0.976110007481747,1.55499296937966,TRUE,6257,"ZNRF3","E3 ubiquitin-protein ligase ZNRF3","ZNRF3","Q9ULT6"
"X6168.11",123,-0.976155386644565,1.75800397153971,TRUE,6258,"TP53","Cellular tumor antigen p53 R175H mutant","p53 R175H","P04637"
"X21237.24",117,-0.97636399743706,1.62146400865664,TRUE,6259,"PADI4","Protein-arginine deiminase type-4","PADI4","Q9UM07"
"X9952.57",122,-0.976528909232117,1.51993566571313,TRUE,6260,"TFAM","Transcription factor A, mitochondrial","TFAM","Q00059"
"X17514.48",125,-0.976550401887766,1.48175266545654,TRUE,6261,"RAB21","Ras-related protein Rab-21","RAB21","Q9UL25"
"X12518.289",125,-0.976992847135167,1.6783331195104,TRUE,6262,"PBRM1","Protein polybromo-1","PB1","Q86U86"
"X24494.67",125,-0.977011282353809,1.77655271417791,TRUE,6263,"KATNAL1","Katanin p60 ATPase-containing subunit A-like 1","KATL1","Q9BW62"
"X8458.111",125,-0.977324681070717,1.69249401518429,TRUE,6264,"SNCA","Alpha-synuclein","a-Synuclein","P37840"
"X13460.4",124,-0.977382173904833,1.64332064555499,TRUE,6265,"CHAD","Chondroadherin","CHAD","O15335"
"X21366.7",123,-0.977406705106872,1.69238930026273,TRUE,6266,"MSI2","RNA-binding protein Musashi homolog 2","MSI2H","Q96DH6"
"X11586.2",124,-0.977533253177386,1.74261147836703,TRUE,6267,"LRRN1","Leucine-rich repeat neuronal protein 1:Extracellular domain","LRRN1:ECD","Q6UXK5"
"X6706.18",122,-0.977573392115325,1.73369489928565,TRUE,6268,"ALPG","Alkaline phosphatase, placental-like","PPBN","P10696"
"X4499.21",125,-0.977945333431655,1.63560446310357,TRUE,6269,"PDGFA","Platelet-derived growth factor subunit A","PDGF-AA","P04085"
"X8811.24",125,-0.977945333431655,1.77144475615601,TRUE,6270,"BAMBI","BMP and activin membrane-bound inhibitor homolog:Extracellular domain","BAMBI:ECD","Q13145"
"X2695.25",125,-0.978080525035027,1.46129428564414,TRUE,6271,"PECAM1","Platelet endothelial cell adhesion molecule","PECAM-1","P16284"
"X24681.2",125,-0.978105105326549,1.61039983065741,TRUE,6272,"PSPH","Phosphoserine phosphatase","SERB","P78330"
"X8081.55",125,-0.978209571565519,1.70970434262655,TRUE,6273,"PLD5","Inactive phospholipase D5","PLD5","Q8N7P1"
"X11837.7",125,-0.978350908241772,1.76562985281111,TRUE,6274,"TNFRSF18","Tumor necrosis factor receptor superfamily member 18","GITR","Q9Y5U5"
"X24050.26",125,-0.9784369392621,1.7045945036254,TRUE,6275,"GSK3B","Glycogen synthase kinase-3 beta","GSK-3 beta","P49841"
"X9786.310",125,-0.97855369564683,1.66999930362124,TRUE,6276,"IER3","Radiation-inducible immediate-early gene IEX-1","IEX1","P46695"
"X2860.19",124,-0.978666347721536,1.76451244491464,TRUE,6277,"KPNA2","Importin subunit alpha-1","Karyopherin-a2","P52292"
"X13631.1",125,-0.978854804217978,1.7497563259845,TRUE,6278,"RBBP5","Retinoblastoma-binding protein 5","RB binding protein 5","Q15291"
"X13609.11",125,-0.979162057862006,1.66508996790266,TRUE,6279,"GTF2I","General transcription factor II-I","GTF2I","P78347"
"X23401.3",119,-0.979459201515632,1.70901695738881,TRUE,6280,"DAZAP1","DAZ-associated protein 1","DAZP1","Q96EP5"
"X8328.9",124,-0.979711312690029,1.64933054136344,TRUE,6281,"ETNK1","Ethanolamine kinase 1","EKI1","Q9HBU6"
"X9541.15",125,-0.979727404567018,1.7328266709603,TRUE,6282,"B3GALT1","Beta-1,3-galactosyltransferase 1","B3GT1","Q9Y5Z6"
"X24286.48",121,-0.979831033244582,1.47848895349579,TRUE,6283,"MEIG1","Meiosis expressed gene 1 protein homolog","MEIG1","Q5JSS6"
"X4910.21",125,-0.979893321534793,1.68774775997586,TRUE,6284,"PLA2G1B","Phospholipase A2","GIB","P04054"
"X2973.15",125,-0.98007767372121,1.68581225316586,TRUE,6285,"CD36","Platelet glycoprotein 4","CD36 ANTIGEN","P16671"
"X8845.2",124,-0.980189792738775,1.5311491187775,TRUE,6286,"ADAMTS3","A disintegrin and metalloproteinase with thrombospondin motifs 3","ATS3","O15072"
"X3739.72",124,-0.980196087688652,1.56203189997861,TRUE,6287,"ITGA2B|ITGB3","Integrin alpha-IIb: beta-3 complex","gpIIbIIIa","P08514|P05106"
"X6456.17",123,-0.980205682884591,1.76686261020344,TRUE,6288,"PSG6","Pregnancy-specific beta-1-glycoprotein 6","PSG6","Q00889"
"X24707.6",125,-0.980378782292358,1.60966392964298,TRUE,6289,"CXorf38","Uncharacterized protein CXorf38","CX038","Q8TB03"
"X23687.27",125,-0.980415652729641,1.56049765513465,TRUE,6290,"TBC1D20","TBC1 domain family member 20","TBC20","Q96BZ9"
"X3022.4",123,-0.980566806841929,1.77586277780606,TRUE,6291,"CTLA4","Cytotoxic T-lymphocyte protein 4","CTLA-4","P16410"
"X11952.1",124,-0.980592669530869,1.71428102176267,TRUE,6292,"IGDCC3","Immunoglobulin superfamily DCC subclass member 3:Cytoplasmic domain","IGDC3:CD","Q8IVU1"
"X8303.102",120,-0.980739644867667,1.45436490823844,TRUE,6293,"MYG1","UPF0160 protein MYG1, mitochondrial","MYG1","Q9HB07"
"X9185.15",123,-0.98079906091477,1.74104367676133,TRUE,6294,"TFF1","Trefoil factor 1","TFF1","P04155"
"X11638.42",122,-0.981030311843166,1.51125492278229,TRUE,6295,"B3GALT2","Beta-1,3-galactosyltransferase 2","B3GT2","O43825"
"X14012.17",125,-0.981091610746504,1.68721529155433,TRUE,6296,"DHX58","Probable ATP-dependent RNA helicase DHX58","LGP2","Q96C10"
"X12424.107",123,-0.98149563512411,1.69799038851499,TRUE,6297,"THYN1","Thymocyte nuclear protein 1","THYN1","Q9P016"
"X3534.14",125,-0.981552491212546,1.70673311022367,TRUE,6298,"CD40LG","CD40 ligand","CD40 ligand, soluble","P29965"
"X4880.21",125,-0.981773713836246,1.78247898288492,TRUE,6299,"GDF2","Growth/differentiation factor 2","GDF2","Q9UK05"
"X2829.19",124,-0.981776062748258,1.73714238982553,TRUE,6300,"IL27|EBI3","Interleukin-27","IL-27","Q8NEV9|Q14213"
"X5456.59",122,-0.98181031035497,1.69288010701694,TRUE,6301,"CNDP1","Beta-Ala-His dipeptidase","CNDP1","Q96KN2"
"X10605.22",125,-0.981988791387066,1.75594817657802,TRUE,6302,"APMAP","Adipocyte plasma membrane-associated protein","APMAP","Q9HDC9"
"X13405.61",120,-0.9820800355621,1.59521949830083,TRUE,6303,"SPINK2","Serine protease inhibitor Kazal-type 2","ISK2","P20155"
"X15404.3",124,-0.982285955293125,1.62564533758536,TRUE,6304,"IFNA21","Interferon alpha-21","IFN21","P01568"
"X4906.35",124,-0.982323780746896,1.72744956445333,TRUE,6305,"F5","Coagulation Factor V","Coagulation Factor V","P12259"
"X12448.246",125,-0.982369785905661,1.53343444753583,TRUE,6306,"NMT1","Glycylpeptide N-tetradecanoyltransferase 1","NMT1","P30419"
"X3445.53",124,-0.98263217862606,1.65101524508413,TRUE,6307,"IL15RA","Interleukin-15 receptor subunit alpha","IL-15 Ra","Q13261"
"X18321.38",125,-0.982824521298823,1.77293297585992,TRUE,6308,"MTHFD2","Bifunctional methylenetetrahydrofolate dehydrogenase/cyclohydrolase, mitochondrial","MTDC","P13995"
"X18938.3",125,-0.983045743922523,1.55455883178278,TRUE,6309,"VLDLR","Very low-density lipoprotein receptor","VLDLR","P98155"
"X10700.10",120,-0.983233025522058,1.70210175113717,TRUE,6310,"IGSF11","Immunoglobulin superfamily member 11:Cytoplasmic domain","IGS11:CD","Q5DX21"
"X7736.28",124,-0.983255433328612,1.67590434555339,TRUE,6311,"OPALIN","Opalin","OPALI","Q96PE5"
"X6398.12",123,-0.983269319453447,1.64419861642137,TRUE,6312,"LONP1","Lon protease homolog, mitochondrial","LONM","P36776"
"X12366.16",125,-0.983414448295357,1.53714754592795,TRUE,6313,"CRYGD","Gamma-crystallin D","CRGD","P07320"
"X5026.66",125,-0.983457463805521,1.48658238512801,TRUE,6314,"RPS3","40S ribosomal protein S3","RS3","P23396"
"X10948.14",123,-0.983617712219961,1.42924639590575,TRUE,6315,"PLD3","Phospholipase D3","PLD3","Q8IV08"
"X20141.42",125,-0.983623380773296,1.69551344414251,TRUE,6316,"TCEA2","Transcription elongation factor A protein 2","TCEA2","Q15560"
"X5992.50",125,-0.983715556866504,1.49399814369691,TRUE,6317,"CD8A","T-cell surface glycoprotein CD8 alpha chain","CD8A","P01732"
"X8601.167",125,-0.983826168178355,1.73438469330915,TRUE,6318,"LRP1","Low-density lipoprotein receptor-related protein 1, soluble:Cytoplasmic domain","sLRP1:CD","Q07954"
"X7007.24",124,-0.983828222867107,1.63705616025971,TRUE,6319,"TRAPPC4","Trafficking protein particle complex subunit 4","TRAPPC4","Q9Y296"
"X5751.14",125,-0.984078116166458,1.73257527847423,TRUE,6320,"LETMD1","LETM1 domain-containing protein 1","HCCR-1","Q6P1Q0"
"X7879.12",123,-0.984140088361444,1.64265994730706,TRUE,6321,"CYP3A4","Cytochrome P450 3A4","Cytochrome P450 3A4","P08684"
"X18395.5",125,-0.984170292259666,1.54558604183881,TRUE,6322,"ADPRH","[Protein ADP-ribosylarginine] hydrolase","ADPRH","P54922"
"X9127.4",125,-0.984237888061352,1.78779918123462,TRUE,6323,"SLC26A5","Prestin","S26A5","P58743"
"X23662.10",125,-0.984287048644397,1.72909141650967,TRUE,6324,"SH3BP5","SH3 domain-binding protein 5","3BP5","O60239"
"X8447.11",122,-0.984335032023953,1.55369815004226,TRUE,6325,"GHRL","Appetite-regulating hormone","ghrelin","Q9UBU3"
"X8892.14",120,-0.98445547270852,1.64312263373503,TRUE,6326,"PEAR1","Platelet endothelial aggregation receptor 1:Cytoplasmic domain","PEAR1:CD","Q5VY43"
"X4566.24",125,-0.984625027652828,1.57146686888653,TRUE,6327,"RSPO2","R-spondin-2","RSPO2","Q6UXX9"
"X14081.5",122,-0.984764611596742,1.60633408336513,TRUE,6328,"ULBP1","NKG2D ligand 1","ULBP-1","Q9BZM6"
"X24449.11",125,-0.984833960130767,1.66135729118462,TRUE,6329,"CRYGA","Gamma-crystallin A","CRGA","P11844"
"X12990.39",124,-0.98510610171412,1.67256518472302,TRUE,6330,"MAP3K3","Mitogen-activated protein kinase kinase kinase 3","MAP3K3","Q99759"
"X10827.67",125,-0.985128923629034,1.6190862381977,TRUE,6331,"LINGO3","Leucine-rich repeat and immunoglobulin-like domain-containing nogo receptor-interacting protein 3","LIGO3","P0C6S8"
"X17202.37",125,-0.985147358847676,1.51238642180256,TRUE,6332,"PDCD4","Programmed cell death protein 4","PDCD4","Q53EL6"
"X7085.81",124,-0.985294997088585,1.60849649494031,TRUE,6333,"CDSN","Corneodesmosin","CDSN","Q15517"
"X18228.30",125,-0.985319420888332,1.62336656492199,TRUE,6334,"NOP16","Nucleolar protein 16","NOP16","Q9Y3C1"
"X25055.56",124,-0.98533901559264,1.52842627236404,TRUE,6335,"OSBP","Oxysterol-binding protein 1","OSBP1","P22059"
"X9925.56",125,-0.985362436398496,1.68205707145744,TRUE,6336,"SCARF2","Scavenger receptor class F member 2:Cytoplasmic domain","SREC-II:CD","Q96GP6"
"X9096.80",124,-0.985408306186362,1.50307918604147,TRUE,6337,"IRAG2","Lymphoid-restricted membrane protein","LRMP","Q12912"
"X10539.30",125,-0.985473047710346,1.70777491358845,TRUE,6338,"CD99L2","CD99 antigen-like protein 2","C99L2","Q8TCZ2"
"X2809.25",123,-0.985836324410089,1.67678175712589,TRUE,6339,"ADAMTS4","A disintegrin and metalloproteinase with thrombospondin motifs 4","ADAMTS-4","O75173"
"X5727.35",125,-0.986038394415358,1.70682920157018,TRUE,6340,"B3GLCT","Beta-1,3-glucosyltransferase","B3GLT","Q6Y288"
"X22845.3",122,-0.986046988138948,1.69768252611277,TRUE,6341,"MRPS14","28S ribosomal protein S14, mitochondrial","RT14","O60783"
"X6450.8",122,-0.986483226311771,1.68330559320119,TRUE,6342,"FABP6","Gastrotropin","FABP6","P51161"
"X5807.77",125,-0.986542290391564,1.66647032980978,TRUE,6343,"CD70","CD70 antigen","CD70","P32970"
"X3065.65",125,-0.986671336922056,1.55315639768047,TRUE,6344,"FGF5","Fibroblast growth factor 5","FGF-5","P12034"
"X12931.16",124,-0.986812080008813,1.46114607539188,TRUE,6345,"NR3C2","Mineralocorticoid receptor","MCR","P08235"
"X24963.1",123,-0.987126359681513,1.43959852321216,TRUE,6346,"ARMC3","Armadillo repeat-containing protein 3","ARMC3","Q5W041"
"X2839.2",123,-0.987126401197064,1.77846128217811,TRUE,6347,"TNFSF4","Tumor necrosis factor ligand superfamily member 4","OX40 Ligand","P23510"
"X25947.116",125,-0.987464051323649,1.59244681566484,TRUE,6348,"PIK3C3","Phosphatidylinositol 3-kinase catalytic subunit type 3","PK3C3","Q8NEB9"
"X21727.15",124,-0.987617833593,1.74134536681579,TRUE,6349,"UBE2Q1","Ubiquitin-conjugating enzyme E2 Q1","UB2Q1","Q7Z7E8"
"X9994.217",124,-0.987787758801941,1.73816809143685,TRUE,6350,"ATP4B","Potassium-transporting ATPase subunit beta","ATP4B","P51164"
"X5089.11",125,-0.988269055871003,1.41636511170562,TRUE,6351,"IL7R","Interleukin-7 receptor subunit alpha","IL-7 Ra","P16871"
"X4309.59",125,-0.988275200943883,1.76107140977171,TRUE,6352,"TPI1","Triosephosphate isomerase","Triosephosphate isomerase","P60174"
"X9783.75",125,-0.988410392547256,1.67457291213849,TRUE,6353,"DNAJC11","DnaJ homolog subfamily C member 11","DJC11","Q9NVH1"
"X6213.10",125,-0.988514858786225,1.6439647256952,TRUE,6354,"CGB2","Choriogonadotropin subunit beta variant 2","CGB2","Q6NT52"
"X8837.8",125,-0.988521003859106,1.68822925792145,TRUE,6355,"MFAP3L","Microfibrillar-associated protein 3-like","MFA3L","O75121"
"X20564.53",123,-0.988525948834374,1.76099907717074,TRUE,6356,"THY1","Thy-1 membrane glycoprotein","THY1","P04216"
"X11229.16",122,-0.988545405273211,1.71756094227957,TRUE,6357,"ERN1","Serine/threonine-protein kinase/endoribonuclease IRE1","ERN1","O75460"
"X7243.8",122,-0.988988327362618,1.7414488535872,TRUE,6358,"IFNB1","Interferon beta","IFN-b","P01574"
"X23006.19",124,-0.98904049226508,1.7163886016333,TRUE,6359,"PIP4K2B","Phosphatidylinositol 5-phosphate 4-kinase type-2 beta","PI42B","P78356"
"X23256.21",125,-0.989172381584446,1.6849102335061,TRUE,6360,"TLDC2","TLD domain-containing protein 2","TLDC2","A0PJX2"
"X2952.75",125,-0.989239977386132,1.69852510044403,TRUE,6361,"IGF1","Insulin-like growth factor I","IGF-I","P05019"
"X10710.23",124,-0.98925452056088,1.60511022784752,TRUE,6362,"ZPBP2","Zona pellucida-binding protein 2","ZPBP2","Q6X784"
"X12788.6",125,-0.989270702750535,1.56627144237035,TRUE,6363,"SGF29","SAGA-associated factor 29 homolog","SGF29","Q96ES7"
"X10370.21",125,-0.989289137969176,1.70022058391331,TRUE,6364,"STAT1","Signal transducer and activator of transcription 1-alpha/beta","STAT1","P42224"
"X22432.83",124,-0.989355239758903,1.58880128056998,TRUE,6365,"SRPK1","Serine/threonine-protein kinase SRPK1","SRPK1","Q96SB4"
"X14031.18",122,-0.989371757163158,1.45523835022755,TRUE,6366,"FGF7","Fibroblast growth factor 7","FGF7","P21781"
"X21913.5",124,-0.989430745890958,1.66875486683309,TRUE,6367,"YY2","Transcription factor YY2","TYY2","O15391"
"X24259.24",125,-0.989510360592877,1.63198831006081,TRUE,6368,"FOXP4","Forkhead box protein P4","FOXP4","Q8IVH2"
"X25036.10",124,-0.989707724557306,1.62233484097068,TRUE,6369,"RANGAP1","Ran GTPase-activating protein 1","RAGP1","P46060"
"X10663.42",122,-0.989807889962225,1.510243829245,TRUE,6370,"INSIG1","Insulin-induced gene 1 protein","INSI1","O15503"
"X3583.54",124,-0.989808540304737,1.48181838732306,TRUE,6371,"ARSA","Arylsulfatase A","Arylsulfatase A","P15289"
"X24718.8",123,-0.990202812740858,1.67258378015113,TRUE,6372,"LRRC75A","Leucine-rich repeat-containing protein 75A","LR75A","Q8NAA5"
"X5440.26",113,-0.990492232828,1.7361840994952,TRUE,6373,"TNNI2","Troponin I, fast skeletal muscle","Troponin I, skeletal, fast twitch","P48788"
"X3654.27",125,-0.99053044269105,1.41658275957833,TRUE,6374,"BMPER","BMP-binding endothelial regulator protein","BMPER","Q8N8U9"
"X3622.33",120,-0.990553981219092,1.54142817306331,TRUE,6375,"LGMN","Legumain","LGMN","Q99538"
"X11593.21",123,-0.990557549606726,1.66740651003098,TRUE,6376,"CXCL9","C-X-C motif chemokine 9","MIG","Q07325"
"X3903.49",125,-0.990579603274095,1.67699446301116,TRUE,6377,"SNX4","Sorting nexin-4","Sorting nexin 4","O95219"
"X25053.1",125,-0.990610328638498,1.53135429653461,TRUE,6378,"DYNC1LI2","Cytoplasmic dynein 1 light intermediate chain 2","DC1L2","O43237"
"X3321.2",125,-0.990720939950348,1.66128488796354,TRUE,6379,"IL24","Interleukin-24","IL24","Q13007"
"X10045.47",125,-0.990727085023228,1.64633387524722,TRUE,6380,"CUL3","Cullin-3","CUL3","Q13618"
"X12790.10",124,-0.990759013581354,1.70940465996523,TRUE,6381,"CCDC51","Coiled-coil domain-containing protein 51","CCD51","Q96ER9"
"X20541.73",125,-0.990862276626601,1.76999904352975,TRUE,6382,"CD1B","T-cell surface glycoprotein CD1b","CD1B","P29016"
"X5707.55",124,-0.990916387328266,1.72242482217964,TRUE,6383,"ELK3","ETS domain-containing protein Elk-3","ELK3","P41970"
"X24655.23",125,-0.991028193594376,1.70709922226198,TRUE,6384,"RILPL2","RILP-like protein 2","RIPL2","Q969X0"
"X5870.23",125,-0.991095789396062,1.70744242969871,TRUE,6385,"BAD","Bcl2-associated agonist of cell death","BAD","Q92934"
"X13526.5",125,-0.99117567534351,1.72578175082099,TRUE,6386,"SSB","Lupus La protein:RNA recognition motif","LA:RRM","P05455"
"X2763.66",123,-0.991196132748129,1.68125262975447,TRUE,6387,"FGF20","Fibroblast growth factor 20","FGF-20","Q9NP95"
"X11231.12",124,-0.991231107222219,1.46279685755714,TRUE,6388,"FDX2","Adrenodoxin-like protein, mitochondrial","ADXL","Q6P4F2"
"X4389.2",110,-0.991325010032148,1.54171699033163,TRUE,6389,"DHH","Desert hedgehog protein N-product","DHH","O43323"
"X11096.57",123,-0.991434717129598,1.65249506534768,TRUE,6390,"N6AMT1","HemK methyltransferase family member 2","HEMK2","Q9Y5N5"
"X6973.111",125,-0.991482928987538,1.55761653454334,TRUE,6391,"IGF2","Insulin-like growth factor II:Isoform 3, Pro-form","IGF-II:Pro-form","P01344"
"X21533.51",121,-0.991531280063956,1.58996167851771,TRUE,6392,"LSP1","Lymphocyte-specific protein 1","LSP1","P33241"
"X13955.33",125,-0.991562814934985,1.67378665455112,TRUE,6393,"DAPK1","Death-associated protein kinase 1","DAPK1","P53355"
"X17821.20",124,-0.991602510433912,1.68132743206954,TRUE,6394,"NMT2","Glycylpeptide N-tetradecanoyltransferase 2","NMT2","O60551"
"X2633.52",118,-0.991694242948872,1.66696806633945,TRUE,6395,"IL13RA1","Interleukin-13 receptor subunit alpha-1","IL-13 Ra1","P78552"
"X11318.20",125,-0.991765602340044,1.68547466630505,TRUE,6396,"APOA5","Apolipoprotein A-V","Apo A-V","Q6Q788"
"X6651.74",125,-0.991765602340044,1.54054532791852,TRUE,6397,"UBB","PolyUbiquitin K48-linked","PolyUbiquitin K48","P0CG47"
"X3845.51",124,-0.991892079039639,1.71037797668394,TRUE,6398,"DYNLRB1","Dynein light chain roadblock-type 1","DLRB1","Q9NP97"
"X20191.13",125,-0.991894648870536,1.56330022941388,TRUE,6399,"ITGAV|ITGB8","Integrin alpha V beta 8","Integrin aVb8","P06756|P26012"
"X7234.12",125,-0.992103581348475,1.5773953441182,TRUE,6400,"COLGALT2","Procollagen galactosyltransferase 2","GT252","Q8IYK4"
"X8326.63",124,-0.992124992918159,1.53860892375545,TRUE,6401,"SIGIRR","Single Ig IL-1-related receptor","SIGIRR","Q6IA17"
"X12726.3",124,-0.992143877827228,1.70882292028005,TRUE,6402,"RFXAP","Regulatory factor X-associated protein","RFXAP","O00287"
"X17755.5",124,-0.992175352675677,1.63751866322872,TRUE,6403,"UGDH","UDP-glucose 6-dehydrogenase","UGDH","O60701"
"X7769.29",125,-0.992226482806086,1.7247083505856,TRUE,6404,"SH3BP2","SH3 domain-binding protein 2","3BP2","P78314"
"X5669.26",125,-0.992238772951847,1.70857821850261,TRUE,6405,"SIRPB2","Signal-regulatory protein beta-2","SIRB2","Q5JXA9"
"X16872.248",124,-0.992383110649481,1.69562542684591,TRUE,6406,"GSTZ1","Maleylacetoacetate isomerase","MAAI","O43708"
"X22091.14",124,-0.992439741402645,1.6803450012902,TRUE,6407,"UPB1","Beta-ureidopropionase","BUP1","Q9UBR1"
"X22834.21",123,-0.992486076667817,1.61174757431204,TRUE,6408,"ZDHHC4","Probable palmitoyltransferase ZDHHC4","ZDHC4","Q9NPG8"
"X3070.1",123,-0.992492502176787,1.52863814871882,TRUE,6409,"IL2","Interleukin-2","IL-2","P60568"
"X21971.47",125,-0.992552171668756,1.70752116968875,TRUE,6410,"FLI1","Friend leukemia integration 1 transcription factor","FLI1","Q01543"
"X11817.1",125,-0.99259518717892,1.66458254048081,TRUE,6411,"RPS6KB1","Ribosomal protein S6 kinase beta-1","KS6B1","P23443"
"X8399.6",121,-0.992676300617196,1.69696345724317,TRUE,6412,"STK17B","Serine/threonine-protein kinase 17B","DRAK2","O94768"
"X3143.3",125,-0.992681218199248,1.66793768126942,TRUE,6413,"CD4","T-cell surface glycoprotein CD4","sCD4","P01730"
"X19212.4",122,-0.992821875433761,1.4901395738108,TRUE,6414,"DMBT1","Deleted in malignant brain tumors 1 protein","DMBT1","Q9UGM3"
"X15534.26",125,-0.992828699948382,1.76741467788821,TRUE,6415,"MDH2","Malate dehydrogenase, mitochondrial","Malate dehydrogenase 2","P40926"
"X22445.2",125,-0.992834845021262,1.52089932843711,TRUE,6416,"CABP5","Calcium-binding protein 5","CABP5","Q9NP86"
"X2573.20",123,-0.992860091328913,1.71775442301217,TRUE,6417,"IL6","Interleukin-6","IL-6","P05231"
"X23657.102",123,-0.99291813936689,1.748235758,TRUE,6418,"HNRNPLL","Heterogeneous nuclear ribonucleoprotein L-like","HNRLL","Q8WVV9"
"X8390.25",124,-0.992918181388981,1.53940848468692,TRUE,6419,"COX7A1","Cytochrome c oxidase subunit 7A1, mitochondrial","CX7A1","P24310"
"X20927.43",125,-0.992939311260232,1.71130241244062,TRUE,6420,"GTF2F2","General transcription factor IIF subunit 2","T2FB","P13984"
"X7267.2",124,-0.992968540987992,1.61054578723413,TRUE,6421,"SPTLC2","Serine palmitoyltransferase 2","LCB2","O15270"
"X5106.52",125,-0.992988471843276,1.71689027343395,TRUE,6422,"NOTCH2","Neurogenic locus notch homolog protein 2","NOTC2","Q04721"
"X11692.21",125,-0.993068357790723,1.64832906088198,TRUE,6423,"SHC4","SHC-transforming protein 4","SHC4","Q6S5L8"
"X5752.63",123,-0.993098755518577,1.65327444217733,TRUE,6424,"SUSD3","Sushi domain-containing protein 3","SUSD3","Q96L08"
"X11708.2",121,-0.993157274291676,1.75404829539303,TRUE,6425,"LCN1","Lipocalin-1","LCN1","P31025"
"X25957.5",122,-0.993165624545587,1.66957628489451,TRUE,6426,"SRY","Sex-determining region Y protein","SRY","Q05066"
"X3191.50",125,-0.993215839539857,1.66312001417134,TRUE,6427,"WFIKKN1","WAP, kazal, immunoglobulin, kunitz and NTR domain-containing protein 1","WFKN1","Q96NZ8"
"X23544.10",121,-0.993218272048237,1.64185078507263,TRUE,6428,"TCP10L3","T-complex protein 10A homolog","TCP10","Q12799"
"X20538.71",125,-0.993234274758499,1.6298380647631,TRUE,6429,"SIGLEC11","Sialic acid-binding Ig-like lectin 11:Extracellular domain, Isoform 1","SIG11:ECD","Q96RL6"
"X12683.156",125,-0.993240419831379,1.6401604003622,TRUE,6430,"DPYSL5","Dihydropyrimidinase-related protein 5","DPYL5","Q9BPU6"
"X3420.21",125,-0.99324656490426,1.74110946363515,TRUE,6431,"CA13","Carbonic anhydrase 13","Carbonic anhydrase XIII","Q8N1Q1"
"X4278.14",123,-0.99325997781275,1.66707266497806,TRUE,6432,"P4HB","Protein disulfide-isomerase","Protein disulfide-isomerase","P07237"
"X19115.13",125,-0.993277290268663,1.69791088572325,TRUE,6433,"CMBL","Carboxymethylenebutenolidase homolog","CMBL","Q96DG6"
"X3728.52",122,-0.993390308870866,1.75115900457254,TRUE,6434,"SCT","Secretin","Secretin","P09683"
"X6448.36",125,-0.99357225376693,1.5884109629625,TRUE,6435,"SEMA3C","Semaphorin-3C","Sema E","Q99985"
"X11370.20",123,-0.993627656486826,1.58384105612411,TRUE,6436,"INPP5E","72 kDa inositol polyphosphate 5-phosphatase","INP5E","Q9NRR6"
"X22405.61",123,-0.99365343498157,1.60603743825018,TRUE,6437,"PCK2","Phosphoenolpyruvate carboxykinase [GTP], mitochondrial","PCKGM","Q16822"
"X19516.10",125,-0.993719735516063,1.51729101448366,TRUE,6438,"HMGA2","High mobility group protein HMGI-C","HMGA2","P52926"
"X17765.3",124,-0.993723915219348,1.60005627437824,TRUE,6439,"SNUPN","Snurportin-1","SPN1","O95149"
"X12882.7",124,-0.993780628672687,1.70554850601952,TRUE,6440,"PARP11","Poly [ADP-ribose] polymerase 11","PAR11","Q9NR21"
"X19294.26",125,-0.993781186244869,1.70188994637043,TRUE,6441,"CRIPT","Cysteine-rich PDZ-binding protein","CRIPT","Q9P021"
"X21762.32",122,-0.993800191678509,1.51980121174947,TRUE,6442,"USP11","Ubiquitin carboxyl-terminal hydrolase 11","UBP11","P51784"
"X16081.38",124,-0.99386242387045,1.56898551172498,TRUE,6443,"AKR1B10","Aldo-keto reductase family 1 member B10","Aldose reductase-like","O60218"
"X25300.39",123,-0.993911405794484,1.76527766515893,TRUE,6444,"MALT1","Mucosa-associated lymphoid tissue lymphoma translocation protein 1","MALT1","Q9UDY8"
"X18232.42",121,-0.993943171501741,1.74288552618998,TRUE,6445,"PIP4K2B","Phosphatidylinositol 5-phosphate 4-kinase type-2 beta","PI42B","P78356"
"X5626.20",125,-0.993959393358405,1.63191397030725,TRUE,6446,"CTRC","Chymotrypsin-C","CTRC","Q99895"
"X25058.23",124,-0.993982008976627,1.75985623648976,TRUE,6447,"PITPNM3","Membrane-associated phosphatidylinositol transfer protein 3","PITM3","Q9BZ71"
"X6896.3",125,-0.993983973649928,1.71207397072008,TRUE,6448,"C1orf162","Transmembrane protein C1orf162","CA162","Q8NEQ5"
"X10087.10",122,-0.994031448910392,1.6160793141208,TRUE,6449,"CRYAA","Alpha-crystallin A chain","Alpha crystallin A chain","P02489"
"X25217.35",122,-0.994071107057167,1.55384139032476,TRUE,6450,"SPANXA1","Sperm protein associated with the nucleus on the X chromosome A","SPANXA","Q9NS26"
"X9918.23",122,-0.994104155512813,1.67730629854359,TRUE,6451,"CALB1","Calbindin","Calbindin D28","P05937"
"X9857.38",114,-0.994126629860214,1.64085326890546,TRUE,6452,"IRF4","Interferon regulatory factor 4","IRF4","Q15306"
"X5095.21",123,-0.994175865638575,1.72824181629559,TRUE,6453,"KIR2DL4","Killer cell immunoglobulin-like receptor 2DL4","KI2L4","Q99706"
"X19586.89",124,-0.994183466314149,1.73196202023406,TRUE,6454,"RAB3C","Ras-related protein Rab-3C","RAB3C","Q96E17"
"X23700.42",125,-0.994211341346508,1.48490795913195,TRUE,6455,"ABCF3","ATP-binding cassette sub-family F member 3","ABCF3","Q9NUQ8"
"X19365.11",124,-0.994227530963285,1.69230102545959,TRUE,6456,"BCAT2","Branched-chain-amino-acid aminotransferase, mitochondrial","BCAT2","O15382"
"X11154.3",123,-0.994311292278321,1.69477745348722,TRUE,6457,"NFE2L1","Nuclear factor erythroid 2-related factor 1","NF2L1","Q14494"
"X21513.1",124,-0.994315642370182,1.62134450081356,TRUE,6458,"CASP7","Caspase-7","Caspase-7","P55210"
"X6584.1",123,-0.994324246753372,1.65053379239322,TRUE,6459,"HRC","Sarcoplasmic reticulum histidine-rich calcium-binding protein","SRCH","P23327"
"X2447.7",123,-0.994382257996898,1.77154682611662,TRUE,6460,"PLA2G2E","Group IIE secretory phospholipase A2","GIIE","Q9NZK7"
"X3835.11",124,-0.994428951824597,1.78677220200929,TRUE,6461,"TLR2","Toll-like receptor 2","TLR2","O60603"
"X21441.20",125,-0.994764397905759,1.60240412659432,TRUE,6462,"TYRP1","gp75","gp75","P17643"
"X25265.8",125,-0.994764397905759,1.58740573400328,TRUE,6463,"FNBP1","Formin-binding protein 1","FNBP1","Q96RU3"
"X23329.52",125,-0.994844283853207,1.49894883455026,TRUE,6464,"RAB4B","Ras-related protein Rab-4B","RAB4B","P61018"
"X5798.3",124,-0.994875894672567,1.60170662662087,TRUE,6465,"BID","BH3-interacting domain death agonist","BID","P55957"
"X9183.7",124,-0.99496404009883,1.53562195600405,TRUE,6466,"IFNAR1","Interferon alpha/beta receptor 1","IFN-a/b R1","P17181"
"X13544.9",122,-0.995009683197504,1.67829898671982,TRUE,6467,"ARHGAP45","Rho GTPase-activating protein 45","HMHA1","Q92619"
"X13488.3",125,-0.995047071258265,1.54378737656896,TRUE,6468,"ARFIP1","Arfaptin-1","ARFP1","P53367"
"X21726.73",125,-0.995053216331146,1.57114500679192,TRUE,6469,"ST6GALNAC4","Alpha-N-acetyl-neuraminyl-2,3-beta-galactosyl-1,3-N-acetyl-galactosaminide alpha-2,6-sialyltransferase","SIA7D","Q9H4F1"
"X19240.265",125,-0.995065506476907,1.5621484512488,TRUE,6470,"PDAP1","28 kDa heat- and acid-stable phosphoprotein","HAP28","Q13442"
"X16856.79",123,-0.995065916772013,1.49515588270192,TRUE,6471,"MAPRE2","Microtubule-associated protein RP/EB family member 2","MARE2","Q15555"
"X8347.222",125,-0.995083941695549,1.66215252728849,TRUE,6472,"DEFB129","Beta-defensin 129","DB129","Q9H1M3"
"X22041.26",121,-0.99512205036483,1.61397879736954,TRUE,6473,"MAP2K5","Dual specificity mitogen-activated protein kinase kinase 5","MP2K5","Q13163"
"X13515.8",125,-0.995139247351474,1.7123816782073,TRUE,6474,"RPRD1A","Regulation of nuclear pre-mRNA domain-containing protein 1A","RPR1A","Q96P16"
"X24486.1",123,-0.995169113283971,1.7116721039832,TRUE,6475,"BCL11A","B-cell lymphoma/leukemia 11A","B-cell CLL 11A","Q9H165"
"X9202.309",125,-0.995176117788757,1.61837193710229,TRUE,6476,"ATP5PO","ATP synthase subunit O, mitochondrial","ATPO","P48047"
"X2746.56",125,-0.995194553007399,1.76089909624808,TRUE,6477,"CRLF2","Cytokine receptor-like factor 2","TSLP R","Q9HC73"
"X13733.5",123,-0.995194958899162,1.58758293603511,TRUE,6478,"IL12B","Interleukin-12 subunit beta","IL-12 p40","P29460"
"X9050.170",125,-0.99531130939213,1.76424061037271,TRUE,6479,"RSRP1","Arginine/serine-rich protein 1","CA063","Q9BUV0"
"X24256.7",124,-0.995322881684015,1.63912083360772,TRUE,6480,"KLHL40","Kelch-like protein 40","KLH40","Q2TBA0"
"X19578.19",125,-0.995378905193816,1.65756896888721,TRUE,6481,"DOK2","Docking protein 2","DOK2","O60496"
"X6940.18",124,-0.995398391640306,1.59617060262487,TRUE,6482,"JPH1","Junctophilin-1","JPH1","Q9HDC5"
"X5604.30",125,-0.995403485485338,1.5908448285157,TRUE,6483,"HPSE","Heparanase","HPSE","Q9Y251"
"X13441.30",122,-0.995406264665252,1.69801363632186,TRUE,6484,"DIXDC1","Dixin","DIXC1","Q155Q3"
"X10040.63",125,-0.995415775631099,1.75604059843742,TRUE,6485,"TP63","Tumor protein 63","P73L","Q9H3D4"
"X7175.4",124,-0.995423557035573,1.66481058280541,TRUE,6486,"PCDHGA2","Protocadherin gamma-A2","PCDG2","Q9Y5H1"
"X7060.2",125,-0.995471081287024,1.56986358338667,TRUE,6487,"ERO1A","ERO1-like protein alpha","ERO1A","Q96HE7"
"X16831.7",125,-0.995526386942949,1.59177899619418,TRUE,6488,"DOK1","Docking protein 1","DOK1","Q99704"
"X5202.4",124,-0.995574636308126,1.52152212729641,TRUE,6489,"PPID","Peptidyl-prolyl cis-trans isomerase D","PPID","Q08752"
"X10351.51",119,-0.995591309395354,1.73864180452586,TRUE,6490,"IRF1","Interferon regulatory factor 1","IRF1","P10914"
"X5011.11",121,-0.9956166054098,1.48296244799463,TRUE,6491,"NAMPT","Nicotinamide phosphoribosyltransferase","PBEF","P43490"
"X2603.61",124,-0.995618701095954,1.73280695882376,TRUE,6492,"CD80","T-lymphocyte activation antigen CD80","B7","P33681"
"X12844.10",125,-0.995624708109038,1.61116334840246,TRUE,6493,"BAG4","BAG family molecular chaperone regulator 4","BAG4","O95429"
"X3472.40",123,-0.995749648491415,1.63389822931878,TRUE,6494,"BIRC5","Baculoviral IAP repeat-containing protein 5","Survivin","O15392"
"X17760.128",122,-0.99575662036624,1.73462175337559,TRUE,6495,"WDR5","WD repeat-containing protein 5","WDR5","P61964"
"X7957.2",123,-0.995768983943423,1.58889019991836,TRUE,6496,"SCG3","Secretogranin-3","SCG3","Q8WXD2"
"X24706.73",124,-0.995807563382276,1.54246103258388,TRUE,6497,"CFDP1","Craniofacial development protein 1","CFDP1","Q9UEE9"
"X2778.10",125,-0.99586436595138,1.60307557661401,TRUE,6498,"IL22","Interleukin-22","IL-22","Q9GZX6"
"X11381.56",125,-0.995882801170022,1.59496711860904,TRUE,6499,"PRPS1","Ribose-phosphate pyrophosphokinase 1","PRPS1","P60891"
"X4135.84",111,-0.995954223930634,1.65087672974311,TRUE,6500,"IGHE","Immunoglobulin E","IgE","P01854"
"X13059.33",125,-0.995956542044589,1.6666636323518,TRUE,6501,"RFK","Riboflavin kinase","RIFK","Q969G6"
"X8888.33",125,-0.995962687117469,1.56586760133679,TRUE,6502,"SMIM9","Small integral membrane protein 9","CX068","A6NGZ8"
"X8893.29",120,-0.995999263753399,1.75032482678741,TRUE,6503,"PARP1","Poly [ADP-ribose] polymerase 1:region 1","PARP:region 1","P09874"
"X2558.51",123,-0.99600761069367,1.74491536926729,TRUE,6504,"POMC","Beta-endorphin","b-Endorphin","P01189"
"X12787.47",124,-0.996046771477582,1.67993783030993,TRUE,6505,"ZNF134","Zinc finger protein 134","ZN134","P52741"
"X16847.39",123,-0.996052746147074,1.61934279156129,TRUE,6506,"RAB3B","Ras-related protein Rab-3B","RAB3B","P20337"
"X25279.44",125,-0.996134749158125,1.67477656471966,TRUE,6507,"NVL","Nuclear valosin-containing protein-like","NVL","O15381"
"X11356.19",123,-0.996149492565038,1.6252338573234,TRUE,6508,"ESS2","Protein DGCR14","DGC14","Q96DF8"
"X23018.4",124,-0.99616006848927,1.61372281996589,TRUE,6509,"REG1B","Lithostathine-1-beta","REG1B","P48304"
"X23181.2",125,-0.996171619595408,1.73449175445706,TRUE,6510,"LTK","Leukocyte tyrosine kinase receptor","LTK","P29376"
"X19236.24",121,-0.996185701461696,1.70731891493235,TRUE,6511,"SUB1","Activated RNA polymerase II transcriptional coactivator p15","TCP4","P53999"
"X7174.15",124,-0.996204169119059,1.72374180439539,TRUE,6512,"CD38","ADP-ribosyl cyclase/cyclic ADP-ribose hydrolase 1","CD38","P28907"
"X13719.19",122,-0.996206074906887,1.51211157742605,TRUE,6513,"PAK4","Serine/threonine-protein kinase PAK 4","PAK4","O96013"
"X4318.12",125,-0.996245360469975,1.64014176773706,TRUE,6514,"PTPN6","Tyrosine-protein phosphatase non-receptor type 6","PTP-1C","P29350"
"X7253.6",124,-0.996267094723258,1.71090295126409,TRUE,6515,"QKI","Protein quaking","QKI","Q96PU8"
"X3469.74",125,-0.996276085834378,1.62257596582557,TRUE,6516,"RPS6KA3","Ribosomal protein S6 kinase alpha-3","RPS6KA3","P51812"
"X5900.11",125,-0.996368261927586,1.71367950168043,TRUE,6517,"HINT1","Histidine triad nucleotide-binding protein 1","HINT1","P49773"
"X8480.29",125,-0.996368261927586,1.66848771198772,TRUE,6518,"EFEMP1","EGF-containing fibulin-like extracellular matrix protein 1","FBLN3","Q12805"
"X21750.25",124,-0.996374097458721,1.61433950651706,TRUE,6519,"BAP1","Ubiquitin carboxyl-terminal hydrolase BAP1","BAP1","Q92560"
"X2876.74",125,-0.996460438020795,1.72573527209419,TRUE,6520,"TOP1","DNA topoisomerase 1","Topoisomerase I","P11387"
"X12597.68",125,-0.99651574367672,1.59872939885531,TRUE,6521,"ATG5","Autophagy protein 5","Autophagy protein 5","Q9H1Y0"
"X8935.22",125,-0.99651574367672,1.69527565147772,TRUE,6522,"ABCC6","Multidrug resistance-associated protein 6","MRP6","O95255"
"X3437.80",124,-0.996518881761584,1.63598310247195,TRUE,6523,"FLT3","Receptor-type tyrosine-protein kinase FLT3","Flt-3","P36888"
"X5006.71",125,-0.996528033822481,1.77294623045903,TRUE,6524,"MAPK13","Mitogen-activated protein kinase 13","MK13","O15264"
"X7994.41",125,-0.996571049332645,1.7650451915772,TRUE,6525,"ERO1B","ERO1-like protein beta","ERO1B","Q86YB8"
"X4126.22",125,-0.996595629624167,1.56096836100219,TRUE,6526,"BPI","Bactericidal permeability-increasing protein","BPI","P17213"
"X15422.12",120,-0.996672975741896,1.74684825079585,TRUE,6527,"PMP2","Myelin P2 protein","MYP2","P02689"
"X25050.82",123,-0.996729960527334,1.67403885803605,TRUE,6528,"TPP2","Tripeptidyl-peptidase 2","TPP2","P29144"
"X19108.50",123,-0.996749351805271,1.62073197787386,TRUE,6529,"MECP2","Methyl-CpG-binding protein 2","MECP2","P51608"
"X8345.27",123,-0.996794479022219,1.56660753491688,TRUE,6530,"GPX7","Glutathione peroxidase 7","GPX7","Q96SL4"
"X19251.56",125,-0.996798417029226,1.66718686282651,TRUE,6531,"SRGN","Serglycin","Platelet proteoglycan","P10124"
"X19360.22",125,-0.996804562102107,1.65991749968002,TRUE,6532,"LRRTM1","Leucine-rich repeat transmembrane neuronal protein 1","LRRT1","Q86UE6"
"X12637.7",116,-0.996870410383779,1.58496950454791,TRUE,6533,"CRAT","Carnitine O-acetyltransferase","CACP","P43155"
"X6207.10",123,-0.996871896082453,1.60737727814352,TRUE,6534,"PSAP","Prosaposin","prosaposin","P07602"
"X3357.67",122,-0.996926493624953,1.70911902981341,TRUE,6535,"CDK2|CCNA2","Cyclin-dependent kinase 2:Cyclin-A2 complex","CDK2/cyclin A","P24941|P20248"
"X17199.43",120,-0.996964698119433,1.41603907143011,TRUE,6536,"HIF1AN","Hypoxia-inducible factor 1-alpha inhibitor","HIF1N","Q9NWT6"
"X24417.22",125,-0.996995059361404,1.68008171454732,TRUE,6537,"RABEP1","Rab GTPase-binding effector protein 1","RABE1","Q15276"
"X25464.1",125,-0.997050365017329,1.63083569744369,TRUE,6538,"CYP2C19","Cytochrome P450 2C19","CP2CJ","P33261"
"X11192.168",124,-0.997060276913102,1.73262484892563,TRUE,6539,"TINAGL1","Tubulointerstitial nephritis antigen-like","TINAL","Q9GZM7"
"X21895.36",124,-0.997066553357569,1.56166635931952,TRUE,6540,"None","Interferon lambda-4","IFNL4","K9M1U5"
"X18414.26",123,-0.997078286444023,1.61433727895149,TRUE,6541,"ARL5A","ADP-ribosylation factor-like protein 5A","ARL5A","Q9Y689"
"X2524.56",125,-0.997093380527493,1.60673901913408,TRUE,6542,"HMGB1","High mobility group protein B1","HMG-1","P09429"
"X5230.99",125,-0.997105670673254,1.56338690902283,TRUE,6543,"HMGCR","3-hydroxy-3-methylglutaryl-coenzyme A reductase","HMGR","P04035"
"X23690.228",125,-0.997111815746135,1.74653915282603,TRUE,6544,"RBM41","RNA-binding protein 41","RBM41","Q96IZ5"
"X12576.21",122,-0.997118174667698,1.67720927295158,TRUE,6545,"MAGEA3","Melanoma-associated antigen 3","MAGE-3","P43357"
"X8941.4",125,-0.99716712140206,1.4576061745293,TRUE,6546,"NLGN3","Neuroligin-3","NLGN3","Q9NZ94"
"X17671.58",119,-0.997179577577642,1.47537656359432,TRUE,6547,"ING4","Inhibitor of growth protein 4","ING4","Q9UNL4"
"X21766.50",122,-0.997184262273411,1.67213487328447,TRUE,6548,"SGSH","N-sulphoglucosamine sulphohydrolase","SPHM","P51688"
"X3484.60",125,-0.997216281985104,1.63355263199802,TRUE,6549,"AGT","Angiotensinogen","Angiotensinogen","P01019"
"X3813.3",125,-0.997216281985104,1.60037757608727,TRUE,6550,"FYN","Tyrosine-protein kinase Fyn","FYN","P06241"
"X21676.17",123,-0.99722662057267,1.67483887946804,TRUE,6551,"SERPINB2","PAI-2","PAI-2","P05120"
"X10366.11",124,-0.997249098245592,1.6477817123179,TRUE,6552,"PDGFRA","Platelet-derived growth factor receptor alpha","PDGFRA","P16234"
"X12333.87",120,-0.99725642049697,1.68499253131196,TRUE,6553,"RPIA","Ribose-5-phosphate isomerase","RPIA","P49247"
"X2969.11",125,-0.997265442568149,1.78895075025405,TRUE,6554,"ACVRL1","Serine/threonine-protein kinase receptor R3","ALK-1","P37023"
"X22987.69",124,-0.997349826102009,1.56320497986344,TRUE,6555,"MAPK9","Mitogen-activated protein kinase 9","JNK2","P45984"
"X19568.17",125,-0.997351473588477,1.63161469421451,TRUE,6556,"IL15","Interleukin-15","IL-15","P40933"
"X8921.139",124,-0.997362407700007,1.58964125633406,TRUE,6557,"PABPN1","Polyadenylate-binding protein 2","PABP2","Q86U42"
"X13933.276",124,-0.997381292609076,1.55116021824285,TRUE,6558,"NAB1","NGFI-A-binding protein 1","NAB1","Q13506"
"X3056.11",124,-0.997387587578766,1.60486899865091,TRUE,6559,"KLRK1","NKG2-D type II integral membrane protein","NKG2D","P26718"
"X20578.10",125,-0.997400634171521,1.55003834711372,TRUE,6560,"ADGRL3","Latrophilin-3","LPHN3","Q9HAR2"
"X24955.116",125,-0.997431359535924,1.73398401277257,TRUE,6561,"ZHX2","Zinc fingers and homeoboxes protein 2","ZHX2","Q9Y6X8"
"X24457.12",123,-0.997439469576771,1.64599506636773,TRUE,6562,"USF2","USF2","USF2","Q15853"
"X3832.51",123,-0.997465235675034,1.55423708177196,TRUE,6563,"PTK6","Protein-tyrosine kinase 6","PTK6","Q13882"
"X18933.4",125,-0.997474375046088,1.55066497194091,TRUE,6564,"TGM4","Protein-glutamine gamma-glutamyltransferase 4","TGM4","P49221"
"X5639.49",125,-0.997474375046088,1.71357589580761,TRUE,6565,"NETO1","Neuropilin and tolloid-like protein 1","NETO1","Q8TDF5"
"X5114.65",125,-0.997511245483371,1.62322239244351,TRUE,6566,"PRLR","Prolactin receptor","Prolactin Receptor","P16471"
"X9303.9",125,-0.997548115920655,1.49875930072349,TRUE,6567,"ICOSLG","ICOS ligand","B7-H2","O75144"
"X13411.21",125,-0.997566551139297,1.46316692101436,TRUE,6568,"RNF41","E3 ubiquitin-protein ligase NRDP1","RNF41","Q9H4P4"
"X12649.80",125,-0.997621856795222,1.76419186723303,TRUE,6569,"MDH2","Malate dehydrogenase, mitochondrial","Malate dehydrogenase 2","P40926"
"X3427.63",124,-0.997633091396665,1.69772899659452,TRUE,6570,"CSNK2A1","Casein kinase II subunit alpha","CSK21","P68400"
"X15417.3",123,-0.99767162869895,1.71334839857743,TRUE,6571,"SERPINB5","Serpin B5","Maspin","P36952"
"X24263.6",125,-0.997677162451147,1.5800893036257,TRUE,6572,"OCLN","Occludin","OCLN","Q16625"
"X6238.55",125,-0.997677162451147,1.57054211089768,TRUE,6573,"PSG8","Pregnancy-specific beta-1-glycoprotein 8","PSG8","Q9UQ74"
"X12830.4",125,-0.997683307524027,1.62807257246675,TRUE,6574,"SAP18","Histone deacetylase complex subunit SAP18","SAP18","O00422"
"X5430.66",105,-0.997708538545285,1.55587105331002,TRUE,6575,"SIRPA","Tyrosine-protein phosphatase non-receptor type substrate 1","SHPS1","P78324"
"X22779.75",124,-0.997721228144721,1.66819299488138,TRUE,6576,"SMCO1","Single-pass membrane and coiled-coil domain-containing protein 1","SMCO1","Q147U7"
"X12483.62",125,-0.997738613179952,1.59897917327312,TRUE,6577,"RORB","Nuclear receptor ROR-beta","RORB","Q92753"
"X3373.5",122,-0.997752734723553,1.55944421120086,TRUE,6578,"GZMH","Granzyme H","Granzyme H","P20718"
"X22129.55",125,-0.997757048398594,1.69265957489678,TRUE,6579,"ELL3","RNA polymerase II elongation factor ELL3","ELL3","Q9HB65"
"X8565.160",125,-0.997757048398594,1.69076681752504,TRUE,6580,"PLVAP","Plasmalemma vesicle-associated protein","PLVAP","Q9BX97"
"X9841.197",125,-0.997769338544355,1.57948717111512,TRUE,6581,"PAICS","Multifunctional protein ADE2","Multifunctional protein ADE2","P22234"
"X11203.97",117,-0.997774322273638,1.67600482354984,TRUE,6582,"PKLR","Pyruvate kinase PKLR","KPYR","P30613"
"X11330.15",124,-0.997790465638908,1.74057810015717,TRUE,6583,"CSNK2B","Casein kinase II subunit beta","CSK2B","P67870"
"X13993.20",116,-0.997793131024195,1.57875129759562,TRUE,6584,"EPB41L1","Band 4.1-like protein 1","E41L1","Q9H4G0"
"X7916.10",116,-0.997793147993649,1.70028055013643,TRUE,6585,"S100A7","Protein S100-A7","S100A7","P31151"
"X9187.2",125,-0.997793918835878,1.55147718524087,TRUE,6586,"HMGN1","Non-histone chromosomal protein HMG-14","HMGN1","P05114"
"X5653.23",125,-0.997806208981639,1.59750652022091,TRUE,6587,"PRSS37","Probable inactive serine protease 37","PRS37","A4D1T9"
"X3132.1",117,-0.997849268976267,1.66833632333619,TRUE,6588,"VEGFC","Vascular endothelial growth factor C","VEGF-C","P49767"
"X25211.14",123,-0.997858672376874,1.68569129021062,TRUE,6589,"GNG12","Guanine nucleotide-binding protein G(I)/G(S)/G(O) gamma-12 subunit","GBG12","Q9UBI6"
"X22377.27",125,-0.997886094929086,1.61915988676121,TRUE,6590,"IER2","Immediate early response gene 2 protein","IER2","Q9BTL4"
"X4122.12",118,-0.997903495027192,1.66660952528263,TRUE,6591,"DDR1","Epithelial discoidin domain-containing receptor 1","discoidin domain receptor 1","Q08345"
"X18950.13",125,-0.997941400585011,1.56132978833263,TRUE,6592,"RAC2","Ras-related C3 botulinum toxin substrate 2","RAC2","P15153"
"X15588.17",122,-0.997944386058839,1.58825707784769,TRUE,6593,"GLA","Alpha-galactosidase A","galactosidase, alpha","P06280"
"X4553.65",124,-0.997947839881151,1.68919307951431,TRUE,6594,"HDGFL2","Hepatoma-derived growth factor-related protein 2","HDGR2","Q7Z4V5"
"X12471.47",125,-0.997953690730772,1.58711813128315,TRUE,6595,"STAU1","Double-stranded RNA-binding protein Staufen homolog 1","STAU1","O95793"
"X4156.74",119,-0.997955905971675,1.70608982281487,TRUE,6596,"TGFB2","Transforming growth factor beta-2","TGF-b2","P61812"
"X19357.11",125,-0.997978271022294,1.675086784832,TRUE,6597,"VAMP7","Vesicle-associated membrane protein 7","VAMP7","P51809"
"X16863.47",125,-0.997990561168056,1.55182417251752,TRUE,6598,"NANP","N-acylneuraminate-9-phosphatase","NANP","Q8TBE9"
"X5204.13",122,-0.997997276825254,1.54855902926696,TRUE,6599,"PSME3","Proteasome activator complex subunit 3","PSME3","P61289"
"X9585.80",124,-0.998004500889162,1.5690022428902,TRUE,6600,"CLMP","CXADR-like membrane protein:Cytoplasmic domain","ACAM:CD","Q9H6B4"
"X20526.3",125,-0.99804586682398,1.59117170692842,TRUE,6601,"RAET1L","Retinoic acid early transcript 1L protein","RET1L","Q5VY80"
"X3067.67",125,-0.99804586682398,1.61203170665764,TRUE,6602,"GDF9","Growth/differentiation factor 9","GDF-9","O60383"
"X20448.7",125,-0.998052011896861,1.68386848596508,TRUE,6603,"POLR2F","DNA-directed RNA polymerases I, II, and III subunit RPABC2","RPAB2","P61218"
"X9600.55",125,-0.998052011896861,1.59252435383944,TRUE,6604,"THSD7A","Thrombospondin type-1 domain-containing protein 7A:Thrombospondin type-1 domain 17","THS7A:TSP type-1 domain 17","Q9UPZ6"
"X12697.30",121,-0.998055581902684,1.71338591143571,TRUE,6605,"PIP4K2A","Phosphatidylinositol 5-phosphate 4-kinase type-2 alpha","PI42A","P48426"
"X23541.61",121,-0.998055588489355,1.66925615104208,TRUE,6606,"CLYBL","Citrate lyase subunit beta-like protein, mitochondrial","CLYBL","Q8N0X4"
"X24244.81",121,-0.998055588489355,1.71995706620747,TRUE,6607,"RILP","Rab-interacting lysosomal protein","RILP","Q96NA2"
"X9979.13",121,-0.998055588489355,1.63508401966225,TRUE,6608,"AMIGO1","Amphoterin-induced protein 1:Cytoplasmic domain","AMGO1:CD","Q86WK6"
"X8953.47",121,-0.998055595075981,1.65849965478471,TRUE,6609,"HDGF","Hepatoma-derived growth factor","HDGF","P51858"
"X25081.6",121,-0.998055601662562,1.68666464359957,TRUE,6610,"FAM160B1","Protein FAM160B1","F16B1","Q5W0V3"
"X20393.10",123,-0.998077989757878,1.55070741694052,TRUE,6611,"PDE6H","Retinal cone rhodopsin-sensitive cGMP 3',5'-cyclic phosphodiesterase subunit gamma","CNCG","Q13956"
"X24968.10",125,-0.998088882334145,1.66838787314528,TRUE,6612,"TIAM2","T-lymphoma invasion and metastasis-inducing protein 2","TIAM2","Q8IVF5"
"X24970.117",125,-0.998088882334145,1.75112683062563,TRUE,6613,"SRRT","Serrate RNA effector molecule homolog","SRRT","Q9BXP5"
"X5488.74",125,-0.998088882334145,1.66262220027638,TRUE,6614,"SRC","Proto-oncogene tyrosine-protein kinase Src isoform 2","SRCN1","P12931"
"X8830.29",125,-0.998088882334145,1.57709186734958,TRUE,6615,"ABRAXAS2","BRISC complex subunit Abro1","F175B","Q15018"
"X13509.5",124,-0.998092624184015,1.62278800548777,TRUE,6616,"SCAMP5","Secretory carrier-associated membrane protein 5","SCAM5","Q8TAC9"
"X5704.74",124,-0.998092624184015,1.62770301514374,TRUE,6617,"GZMM","Granzyme M","Granzyme M","P51124"
"X12554.10",122,-0.998103012376688,1.69889015471285,TRUE,6618,"RAD51D","DNA repair protein RAD51 homolog 4","RA51D","O75771"
"X16857.2",122,-0.998103012376688,1.70314922569326,TRUE,6619,"RAB2A","Ras-related protein Rab-2A","RAB2A","P61019"
"X18215.5",122,-0.998103012376688,1.64387747417788,TRUE,6620,"THG1L","Probable tRNA(His) guanylyltransferase","THG1","Q9NWX6"
"X18315.38",122,-0.998103012376688,1.65698753828785,TRUE,6621,"RTP4","Receptor-transporting protein 4","RTP4","Q96DX8"
"X12374.8",122,-0.998103018645938,1.58211056554951,TRUE,6622,"PAFAH1B3","Platelet-activating factor acetylhydrolase IB subunit gamma","PA1B3","Q15102"
"X13948.50",122,-0.998103018645938,1.67974792825529,TRUE,6623,"GABBR2","Gamma-aminobutyric acid type B receptor subunit 2:Extracellular domain","GABR2:ECD","O75899"
"X15607.56",122,-0.998103018645938,1.55767145447531,TRUE,6624,"PKLR","Pyruvate kinase PKLR","KPYR","P30613"
"X23299.52",122,-0.998103031184317,1.54327962606548,TRUE,6625,"TPPP","Tubulin polymerization-promoting protein","TPPP","O94811"
"X11179.7",122,-0.998103043722529,1.69539131291463,TRUE,6626,"TSSK1B","Testis-specific serine/threonine-protein kinase 1","TSSK1","Q9BXA7"
"X11310.8",125,-0.998107317552786,1.58207003497019,TRUE,6627,"DSG3","Desmoglein-3","Desmoglein-3","P32926"
"X7895.108",123,-0.998110213874771,1.71283567953495,TRUE,6628,"MRAP","Melanocortin-2 receptor accessory protein","MRAP","Q8TCY5"
"X21939.6",125,-0.998119607698547,1.6196588934839,TRUE,6629,"NAE1|UBA3","ULA1/UBA3","ULA1/ UBA3","Q13564|Q8TBC4"
"X12785.49",125,-0.998125752771428,1.58610887642794,TRUE,6630,"ZBTB33","Transcriptional regulator Kaiso","KAISO","Q86T24"
"X25444.29",125,-0.998125752771428,1.54915335532418,TRUE,6631,"INPP5A","Type I inositol 1,4,5-trisphosphate 5-phosphatase","I5P1","Q14642"
"X3810.50",123,-0.998129569252698,1.69487570299739,TRUE,6632,"FGR","Tyrosine-protein kinase Fgr","FGR","P09769"
"X6453.70",124,-0.998130399886691,1.67038471877272,TRUE,6633,"LILRB4","Leukocyte immunoglobulin-like receptor subfamily B member 4","LIRB4","Q8NHJ6"
"X12493.42",125,-0.998131897844309,1.56572145684658,TRUE,6634,"OTUB2","Ubiquitin thioesterase OTUB2","OTUB2","Q96DC9"
"X9115.78",125,-0.998138042917189,1.60102733933099,TRUE,6635,"ADAMDEC1","ADAM DEC1","ADEC1","O15204"
"X13657.2",125,-0.99814418799007,1.64115184292861,TRUE,6636,"PNKP","Bifunctional polynucleotide phosphatase/kinase","PNKP","Q96T60"
"X20937.43",123,-0.998148912566755,1.63236559484821,TRUE,6637,"EMG1","Ribosomal RNA small subunit methyltransferase NEP1","NEP1","Q92979"
"X3808.76",123,-0.998148912566755,1.68986491662923,TRUE,6638,"FGFR2","Fibroblast growth factor receptor 2","FGFR-2","P21802"
"X5226.36",123,-0.998148912566755,1.67738738165596,TRUE,6639,"CSNK2A2|CSNK2B","Casein kinase II 2-alpha':2-beta heterotetramer","CK2-A2:B","P19784|P67870"
"X6913.189",123,-0.998148912566755,1.63727506663362,TRUE,6640,"HMGB2","High mobility group protein B2","HMG-2","P26583"
"X8219.14",123,-0.998148912566755,1.65800342642674,TRUE,6641,"ZG16","Zymogen granule membrane protein 16","ZG16","O60844"
"X9015.1",123,-0.998148912566755,1.643467059619,TRUE,6642,"PRG3","Proteoglycan 3","PRG3","Q9Y2Y8"
"X9867.23",123,-0.998148912566755,1.64659961671119,TRUE,6643,"FBP2","Fructose-1,6-bisphosphatase isozyme 2","F16P2","O00757"
"X11112.18",123,-0.998148918536291,1.6706828737181,TRUE,6644,"TMEM167A","Protein kish-A","KISHA","Q8TBQ9"
"X18294.26",123,-0.998148918536291,1.69652081129683,TRUE,6645,"SOX2","Transcription factor SOX-2","SOX2","P48431"
"X25104.10",123,-0.998148918536291,1.59935727044221,TRUE,6646,"TFCP2L1","Transcription factor CP2-like protein 1","TF2L1","Q9NZI6"
"X2670.67",123,-0.998148918536291,1.66289947414308,TRUE,6647,"CKM","Creatine kinase M-type","CK-MM","P06732"
"X3714.49",123,-0.998148918536291,1.69673825025817,TRUE,6648,"CKB|CKM","Creatine kinase M-type:Creatine kinase B-type heterodimer","CK-MB","P12277|P06732"
"X5743.82",123,-0.998148918536291,1.64230971543102,TRUE,6649,"CARTPT","Cocaine- and amphetamine-regulated transcript protein","CART","Q16568"
"X8360.169",123,-0.998148918536291,1.66744004977418,TRUE,6650,"NCR1","Natural cytotoxicity triggering receptor 1","NKp46","O76036"
"X8393.121",123,-0.998148918536291,1.69628480262677,TRUE,6651,"CTSF","Cathepsin F","CATF","Q9UBX1"
"X8470.213",123,-0.998148918536291,1.69968358152418,TRUE,6652,"RNASEH1","Ribonuclease H1","RNase H1","O60930"
"X9561.21",123,-0.998148918536291,1.6782375714326,TRUE,6653,"VCAN","Versican core protein","CSPG2","P13611"
"X12734.112",123,-0.998148924505789,1.66626062657212,TRUE,6654,"KIF22","Kinesin-like protein KIF22","KIF22","Q14807"
"X12688.115",123,-0.998148930475247,1.63271967762046,TRUE,6655,"RPS6KA6","Ribosomal protein S6 kinase alpha-6","KS6A6","Q9UK32"
"X25949.3",123,-0.998148936444668,1.69306119426534,TRUE,6656,"PLCD3","1-phosphatidylinositol 4,5-bisphosphate phosphodiesterase delta-3","PLCD3","Q8N3E9"
"X3285.23",114,-0.998161027556232,1.73504097588307,TRUE,6657,"C1R","Complement C1r subcomponent","C1r","P00736"
"X12425.104",124,-0.998174464535826,1.56822754761473,TRUE,6658,"ARF6","ADP-ribosylation factor 6","ARF6","P62330"
"X7121.2",124,-0.998174464535826,1.68980972596675,TRUE,6659,"SYT7","Synaptotagmin-7","SYT7","O43581"
"X12715.30",125,-0.998181058427353,1.54309153983784,TRUE,6660,"DCP1B","mRNA-decapping enzyme 1B","DCP1B","Q8IZD4"
"X17693.2",124,-0.998187065847909,1.71565056421427,TRUE,6661,"SEPTIN6","Septin-6","Septin-6","Q14141"
"X7097.8",125,-0.998187203500234,1.63714285758277,TRUE,6662,"CDY1","Testis-specific chromodomain protein Y 1","CDY1","Q9Y6F8"
"X11239.49",124,-0.99819334369905,1.67386611834792,TRUE,6663,"TMPRSS6","Transmembrane protease serine 6","TMPS6","Q8IU80"
"X11242.33",124,-0.99819334369905,1.69155903348794,TRUE,6664,"TGM1","Protein-glutamine gamma-glutamyltransferase K","TGM1","P22735"
"X11369.23",124,-0.99819334369905,1.62014485648049,TRUE,6665,"ADH5","Alcohol dehydrogenase class-3","ADHX","P11766"
"X12793.4",124,-0.99819334369905,1.63940806142445,TRUE,6666,"PIWIL1","Piwi-like protein 1","PIWL1","Q96J94"
"X13487.24",124,-0.99819334369905,1.6853915918159,TRUE,6667,"UNC93B1","Protein unc-93 homolog B1","UN93B","Q9H1C4"
"X13946.8",124,-0.99819334369905,1.6220373595971,TRUE,6668,"DDX23","Probable ATP-dependent RNA helicase DDX23","DDX23","Q9BUQ8"
"X18207.6",124,-0.99819334369905,1.64591586803935,TRUE,6669,"CHMP1B","Charged multivesicular body protein 1b","CHM1B","Q7LBR1"
"X18291.8",124,-0.99819334369905,1.73070985044069,TRUE,6670,"CDKN1A","Cyclin-dependent kinase inhibitor 1","p21","P38936"
"X18868.7",124,-0.99819334369905,1.66997432136078,TRUE,6671,"CBX3","Chromobox protein homolog 3","CBX3","Q13185"
"X18874.66",124,-0.99819334369905,1.60327239279427,TRUE,6672,"CEBPA","CCAAT/enhancer-binding protein alpha","CEBPA","P49715"
"X18945.11",124,-0.99819334369905,1.65015835939691,TRUE,6673,"RGS1","Regulator of G-protein signaling 1","RGS1","Q08116"
"X19163.26",124,-0.99819334369905,1.58607591580562,TRUE,6674,"LRRC59","Leucine-rich repeat-containing protein 59","LRC59","Q96AG4"
"X19219.71",124,-0.99819334369905,1.63710491483623,TRUE,6675,"NUTF2","Nuclear transport factor 2","NTF-2","P61970"
"X19347.37",124,-0.99819334369905,1.71638718348228,TRUE,6676,"CA12","Carbonic anhydrase 12","Carbonic Anhydrase XII","O43570"
"X20441.35",124,-0.99819334369905,1.62017405609722,TRUE,6677,"POLR2E","DNA-directed RNA polymerases I, II, and III subunit RPABC1","RPAB1","P19388"
"X20922.4",124,-0.99819334369905,1.61323724265495,TRUE,6678,"PFN4","Profilin-4","PROF4","Q8NHR9"
"X20936.8",124,-0.99819334369905,1.70824060167575,TRUE,6679,"TATDN3","Putative deoxyribonuclease TATDN3","TATD3","Q17R31"
"X21476.43",124,-0.99819334369905,1.65600155507437,TRUE,6680,"NEIL2","Endonuclease 8-like 2","NEIL2","Q969S2"
"X23282.19",124,-0.99819334369905,1.66573878994627,TRUE,6681,"RAB37","Ras-related protein Rab-37","RAB37","Q96AX2"
"X25093.96",124,-0.99819334369905,1.68850306362322,TRUE,6682,"VANGL1","Vang-like protein 1","VANG1","Q8TAA9"
"X2732.58",124,-0.99819334369905,1.57382495508542,TRUE,6683,"NANOG","Homeobox protein NANOG","NANOG","Q9H9S0"
"X2987.37",124,-0.99819334369905,1.65949611440059,TRUE,6684,"H1-2","Histone H1.2","Histone H1.2","P16403"
"X3081.70",124,-0.99819334369905,1.69291328816698,TRUE,6685,"ULBP1","NKG2D ligand 1","ULBP-1","Q9BZM6"
"X3082.9",124,-0.99819334369905,1.62998128581781,TRUE,6686,"ULBP2","NKG2D ligand 2","ULBP-2","Q9BZM5"
"X3217.74",124,-0.99819334369905,1.68868652798055,TRUE,6687,"SERPINE2","Glia-derived nexin","Protease nexin I","P07093"
"X3320.49",124,-0.99819334369905,1.70285221367923,TRUE,6688,"IGFBP7","Insulin-like growth factor-binding protein 7","IGFBP-7","Q16270"
"X3498.53",124,-0.99819334369905,1.47890367992579,TRUE,6689,"IL17A","Interleukin-17A","IL-17","Q16552"
"X3520.58",124,-0.99819334369905,1.62830069112312,TRUE,6690,"TGFB3","Transforming growth factor beta-3","TGF-b3","P10600"
"X4560.34",124,-0.99819334369905,1.69176976397656,TRUE,6691,"LCK","Tyrosine-protein kinase Lck","LCK","P06239"
"X4988.49",124,-0.99819334369905,1.72163843841483,TRUE,6692,"FGFR4","Fibroblast growth factor receptor 4","FGFR4","P22455"
"X6374.7",124,-0.99819334369905,1.70542805293519,TRUE,6693,"MMP20","Matrix metalloproteinase-20","MMP20","O60882"
"X6625.31",124,-0.99819334369905,1.66887627347628,TRUE,6694,"ATAD1","ATPase family AAA domain-containing protein 1","ATAD1","Q8NBU5"
"X7246.4",124,-0.99819334369905,1.68667441486687,TRUE,6695,"FREM2","FRAS1-related extracellular matrix protein 2","FREM2","Q5SZK8"
"X7773.20",124,-0.99819334369905,1.7429096838842,TRUE,6696,"KIR2DL2","Killer cell immunoglobulin-like receptor 2DL2","KI2L2","P43627"
"X7903.18",124,-0.99819334369905,1.71705289471663,TRUE,6697,"VAMP3","Vesicle-associated membrane protein 3","VAMP3","Q15836"
"X8784.7",124,-0.99819334369905,1.71684661011463,TRUE,6698,"ABRAXAS1","BRCA1-A complex subunit Abraxas","F175A","Q6UWZ7"
"X9929.16",124,-0.99819334369905,1.76043719783645,TRUE,6699,"HSD17B7","3-keto-steroid reductase:Extracellular domain (partial)","DHB7:ECD","P56937"
"X24211.25",125,-0.998193348573114,1.48555188514679,TRUE,6700,"HMGCL","Hydroxymethylglutaryl-CoA lyase, mitochondrial","HMGCL","P35914"
"X11334.7",124,-0.998193349385455,1.60241858954247,TRUE,6701,"LILRB3","Leukocyte immunoglobulin-like receptor subfamily B member 3","LIRB3","O75022"
"X11395.5",124,-0.998193349385455,1.69413603212957,TRUE,6702,"PTK2B","Protein-tyrosine kinase 2-beta:4.1 protein, ezrin, radixin, moesin domain","FAK2:FERM","Q14289"
"X11601.26",124,-0.998193349385455,1.68067225199693,TRUE,6703,"DHX8","ATP-dependent RNA helicase DHX8","DHX8","Q14562"
"X12376.85",124,-0.998193349385455,1.66939548304263,TRUE,6704,"CDKN2D","Cyclin-dependent kinase 4 inhibitor D","p19-INK4d","P55273"
"X12571.14",124,-0.998193349385455,1.65944148463726,TRUE,6705,"ARL3","ADP-ribosylation factor-like protein 3","ARL3","P36405"
"X12832.10",124,-0.998193349385455,1.69892227883202,TRUE,6706,"ASH2L","Set1/Ash2 histone methyltransferase complex subunit ASH2","ASH2L","Q9UBL3"
"X16883.57",124,-0.998193349385455,1.66129519997864,TRUE,6707,"RAB4A","Ras-related protein Rab-4A","RAB4A","P20338"
"X17857.6",124,-0.998193349385455,1.66636527074709,TRUE,6708,"ACADL","Long-chain specific acyl-CoA dehydrogenase, mitochondrial","ACADL","P28330"
"X18193.165",124,-0.998193349385455,1.63858532186141,TRUE,6709,"MORF4L1","Mortality factor 4-like protein 1","MO4L1","Q9UBU8"
"X18932.84",124,-0.998193349385455,1.69341791967996,TRUE,6710,"NMNAT1","Nicotinamide/nicotinic acid mononucleotide adenylyltransferase 1","NMNA1","Q9HAN9"
"X19388.2",124,-0.998193349385455,1.58645746007012,TRUE,6711,"CDH12","Cadherin-12:Extracellular domain","Cadherin-12:ECD","P55289"
"X20447.11",124,-0.998193349385455,1.5681549702875,TRUE,6712,"TGIF2LY","Homeobox protein TGIF2LY","TF2LY","Q8IUE0"
"X20968.22",124,-0.998193349385455,1.69045399664155,TRUE,6713,"EXOSC5","Exosome complex component RRP46","EXOS5","Q9NQT4"
"X21239.31",124,-0.998193349385455,1.65290098815899,TRUE,6714,"CYTH1","Cytohesin-1","CYH1","Q15438"
"X21330.13",124,-0.998193349385455,1.75558514638619,TRUE,6715,"YARS2","Tyrosyl-tRNA synthetase, mitochondrial","SYYM","Q9Y2Z4"
"X23039.56",124,-0.998193349385455,1.74778742154615,TRUE,6716,"MEOX2","Homeobox protein MOX-2","MEOX2","P50222"
"X24656.6",124,-0.998193349385455,1.61750443985156,TRUE,6717,"PHETA2","Sesquipedalian-2","SESQ2","Q6ICB4"
"X24952.28",124,-0.998193349385455,1.73982310654381,TRUE,6718,"FUBP3","Far upstream element-binding protein 3","FUBP3","Q96I24"
"X25264.102",124,-0.998193349385455,1.62964796008224,TRUE,6719,"INPP5D","SHIP","SHIP","Q92835"
"X3361.26",124,-0.998193349385455,1.58957231687404,TRUE,6720,"CD207","C-type lectin domain family 4 member K","CLC4K","Q9UJ71"
"X3399.31",124,-0.998193349385455,1.68778469422182,TRUE,6721,"STAB2","Stabilin-2","STAB2","Q8WWQ8"
"X3400.49",124,-0.998193349385455,1.72121588542831,TRUE,6722,"TBK1","Serine/threonine-protein kinase TBK1","TBK1","Q9UHD2"
"X3432.21",124,-0.998193349385455,1.65199977682798,TRUE,6723,"EPHA3","Ephrin type-A receptor 3","EPHA3","P29320"
"X3538.26",124,-0.998193349385455,1.67563097686105,TRUE,6724,"DDC","Aromatic-L-amino-acid decarboxylase","dopa decarboxylase","P20711"
"X3898.5",124,-0.998193349385455,1.69406527229207,TRUE,6725,"PSMD7","26S proteasome non-ATPase regulatory subunit 7","PSD7","P51665"
"X5508.62",124,-0.998193349385455,1.70341757635963,TRUE,6726,"CTSD","Cathepsin D","Cathepsin D","P07339"
"X5593.11",124,-0.998193349385455,1.60770348492256,TRUE,6727,"PDIA5","Protein disulfide-isomerase A5","PDIA5","Q14554"
"X7951.146",124,-0.998193349385455,1.67176529088834,TRUE,6728,"FCRL2","Fc receptor-like protein 2","FCRL2","Q96LA5"
"X9177.6",124,-0.998193349385455,1.6938327104228,TRUE,6729,"FAM3B","Protein FAM3B","FAM3B","P58499"
"X9850.38",124,-0.998193349385455,1.73680388357658,TRUE,6730,"EIF1AX","Eukaryotic translation initiation factor 1A, X-chromosomal","IF1AX","P47813"
"X12583.77",124,-0.998193360758159,1.75160670198482,TRUE,6731,"ARAF","Serine/threonine-protein kinase A-Raf","ARAF","P10398"
"X5363.51",124,-0.998193360758159,1.5784713451182,TRUE,6732,"SEMA3E","Semaphorin-3E","Semaphorin 3E","O15041"
"X23298.148",125,-0.998199493645995,1.65372942200826,TRUE,6733,"THEM4","Acyl-coenzyme A thioesterase THEM4","THEM4","Q5T1C6"
"X24294.13",125,-0.998199493645995,1.60521817309174,TRUE,6734,"CHTF8","Chromosome transmission fidelity protein 8 homolog","CTF8","P0CG13"
"X6387.61",125,-0.998199493645995,1.5835856479414,TRUE,6735,"DEFA5","Defensin-5","HD-5","Q01523"
"X8424.269",125,-0.998199493645995,1.64846813694989,TRUE,6736,"CTNNB1","Catenin beta-1","b-Catenin","P35222"
"X3222.11",125,-0.998211783791756,1.71940139363323,TRUE,6737,"SEMA3A","Semaphorin-3A","Semaphorin 3A","Q14563"
"X12875.28",125,-0.998217928864636,1.61680917637718,TRUE,6738,"UBTD2","Ubiquitin domain-containing protein 2","UBTD2","Q8WUN7"
"X14287.6",125,-0.998217928864636,1.52071287861392,TRUE,6739,"RAB5C","Ras-related protein Rab-5C","RAB5C","P51148"
"X23915.18",125,-0.998217928864636,1.62003247641176,TRUE,6740,"RAB7A","Ras-related protein Rab-7","Rab-7","P51149"
"X4436.1",125,-0.998217928864636,1.64456198188438,TRUE,6741,"ENTPD3","Ectonucleoside triphosphate diphosphohydrolase 3","ENTP3","O75355"
"X15347.12",124,-0.998231130219661,1.69414078124148,TRUE,6742,"HPX","Hemopexin","Hemopexin","P02790"
"X10056.5",125,-0.998236364083278,1.69042736178117,TRUE,6743,"FOXM1","Forkhead box protein M1","FOXM1","Q08050"
"X10073.22",125,-0.998236364083278,1.66753214441098,TRUE,6744,"TDP1","Tyrosyl-DNA phosphodiesterase 1","TYDP1","Q9NUW8"
"X10496.11",125,-0.998236364083278,1.74149161901522,TRUE,6745,"CLCA1","Calcium-activated chloride channel regulator 1","CaCC","A8K7I4"
"X10589.7",125,-0.998236364083278,1.66228690038448,TRUE,6746,"RAET1L","Retinoic acid early transcript 1L protein","RET1L","Q5VY80"
"X10754.113",125,-0.998236364083278,1.59397518758538,TRUE,6747,"PROK2","Prokineticin-2","Prokineticin-2","Q9HC23"
"X11204.80",125,-0.998236364083278,1.63985107170697,TRUE,6748,"CXADR","Coxsackievirus and adenovirus receptor","CXAR","P78310"
"X11232.46",125,-0.998236364083278,1.706436512806,TRUE,6749,"TCN1","Transcobalamin-1","Holo-TC I","P20061"
"X11275.94",125,-0.998236364083278,1.64270042020532,TRUE,6750,"LRP1B","Low-density lipoprotein receptor-related protein 1B","LRP1B","Q9NZR2"
"X11292.13",125,-0.998236364083278,1.67661976476433,TRUE,6751,"SCARA3","Scavenger receptor class A member 3:region 2","SCAR3:region 2","Q6AZY7"
"X11320.29",125,-0.998236364083278,1.66168895921669,TRUE,6752,"CHFR","E3 ubiquitin-protein ligase CHFR","CHFR","Q96EP1"
"X11540.37",125,-0.998236364083278,1.65788503751267,TRUE,6753,"FOXO3","Forkhead box protein O3","FOXO3A","O43524"
"X11643.73",125,-0.998236364083278,1.66817552319131,TRUE,6754,"DTX3L","E3 ubiquitin-protein ligase DTX3L","DTX3L","Q8TDB6"
"X11671.19",125,-0.998236364083278,1.66219083954584,TRUE,6755,"BRPF1","Peregrin","BRPF1","P55201"
"X12343.14",125,-0.998236364083278,1.7566369512301,TRUE,6756,"ACAP2","Arf-GAP with coiled-coil, ANK repeat and PH domain-containing protein 2","CENB2","Q15057"
"X12408.333",125,-0.998236364083278,1.6424591107814,TRUE,6757,"RAB22A","Ras-related protein Rab-22A","RB22A","Q9UL26"
"X12434.25",125,-0.998236364083278,1.68226845233449,TRUE,6758,"IST1","IST1 homolog","K0174","P53990"
"X12438.127",125,-0.998236364083278,1.66357151357096,TRUE,6759,"MPG","DNA-3-methyladenine glycosylase","3MG","P29372"
"X12510.3",125,-0.998236364083278,1.60951453927521,TRUE,6760,"STAP1","Signal-transducing adaptor protein 1","STAP1","Q9ULZ2"
"X12558.3",125,-0.998236364083278,1.71640385174942,TRUE,6761,"UBASH3B","Ubiquitin-associated and SH3 domain-containing protein B","UBS3B","Q8TF42"
"X12573.80",125,-0.998236364083278,1.6303880161804,TRUE,6762,"TRIM3","Tripartite motif-containing protein 3","TRIM3","O75382"
"X12594.5",125,-0.998236364083278,1.67177929149654,TRUE,6763,"GCA","Grancalcin","GRAN","P28676"
"X12641.3",125,-0.998236364083278,1.60088818617637,TRUE,6764,"INPP5B","Type II inositol 1,4,5-trisphosphate 5-phosphatase","I5P2","P32019"
"X12695.62",125,-0.998236364083278,1.68245791585288,TRUE,6765,"KLHL12","Kelch-like protein 12","KLH12","Q53G59"
"X12772.8",125,-0.998236364083278,1.69050967905813,TRUE,6766,"NUP98","Nuclear pore complex protein Nup98-Nup96","NUP98","P52948"
"X12804.5",125,-0.998236364083278,1.7000176538312,TRUE,6767,"GMEB2","Glucocorticoid modulatory element-binding protein 2","GMEB2","Q9UKD1"
"X12848.9",125,-0.998236364083278,1.66820402516572,TRUE,6768,"ARHGEF2","Rho guanine nucleotide exchange factor 2","ARHG2","Q92974"
"X12876.39",125,-0.998236364083278,1.6272760701221,TRUE,6769,"SPEF1","Sperm flagellar protein 1","SPEF1","Q9Y4P9"
"X12940.35",125,-0.998236364083278,1.62971791409665,TRUE,6770,"ALDH3B1","Aldehyde dehydrogenase family 3 member B1","AL3B1","P43353"
"X13130.150",125,-0.998236364083278,1.64575423754893,TRUE,6771,"HK2","Hexokinase-2","HXK2","P52789"
"X13476.16",125,-0.998236364083278,1.73991368149207,TRUE,6772,"KIN","DNA/RNA-binding protein KIN17","KIN17","O60870"
"X13503.19",125,-0.998236364083278,1.69391488594413,TRUE,6773,"ARL6IP5","PRA1 family protein 3","PRAF3","O75915"
"X13535.2",125,-0.998236364083278,1.68953785113691,TRUE,6774,"CERT1","Collagen type IV alpha-3-binding protein:PH domain","C43BP:PH domain","Q9Y5P4"
"X13623.4",125,-0.998236364083278,1.65351690144308,TRUE,6775,"KMT2D","Histone-lysine N-methyltransferase 2D","MLL2","O14686"
"X13711.10",125,-0.998236364083278,1.62278732261101,TRUE,6776,"CLTC","Clathrin heavy chain 1","CLH1","Q00610"
"X13976.9",125,-0.998236364083278,1.62536679913738,TRUE,6777,"ARHGEF1","Rho guanine nucleotide exchange factor 1","ARHG1","Q92888"
"X14034.22",125,-0.998236364083278,1.62794772211305,TRUE,6778,"TACSTD2","Tumor-associated calcium signal transducer 2","GA733-1 protein","P09758"
"X14129.1",125,-0.998236364083278,1.60691966173711,TRUE,6779,"IFNA7","Interferon alpha-7","IFNA7","P01567"
"X15310.61",125,-0.998236364083278,1.70722503861728,TRUE,6780,"PRC1","Protein regulator of cytokinesis 1","PRC1","O43663"
"X15315.64",125,-0.998236364083278,1.7110970096824,TRUE,6781,"CUTC","Copper homeostasis protein cutC homolog","CUTC","Q9NTM9"
"X15384.15",125,-0.998236364083278,1.71347023836983,TRUE,6782,"KL","Klotho","KLOTHO","Q9UEF7"
"X15403.53",125,-0.998236364083278,1.58297243975985,TRUE,6783,"ID2","DNA-binding protein inhibitor ID-2","ID2","Q02363"
"X15405.23",125,-0.998236364083278,1.70812272263894,TRUE,6784,"IFNA4","Interferon alpha-4","IFNA4","P05014"
"X15426.5",125,-0.998236364083278,1.70511170075926,TRUE,6785,"NEU1","Sialidase-1","NEUR1","Q99519"
"X15511.37",125,-0.998236364083278,1.69143036777232,TRUE,6786,"NPTXR","Neuronal pentraxin receptor","NPTXR","O95502"
"X15579.26",125,-0.998236364083278,1.64426163228548,TRUE,6787,"ENPP6","Ectonucleotide pyrophosphatase/phosphodiesterase family member 6","ENPP6","Q6UWR7"
"X15591.28",125,-0.998236364083278,1.6740745851008,TRUE,6788,"GPX1","Glutathione peroxidase 1","Glutathione peroxidase","P07203"
"X16070.7",125,-0.998236364083278,1.67968286677463,TRUE,6789,"WIF1","Wnt inhibitory factor 1","WIF-1","Q9Y5W5"
"X17333.20",125,-0.998236364083278,1.65016288159856,TRUE,6790,"ACADM","Medium-chain specific acyl-CoA dehydrogenase, mitochondrial","ACADM","P11310"
"X17370.186",125,-0.998236364083278,1.66583949134489,TRUE,6791,"ABHD10","Mycophenolic acid acyl-glucuronide esterase, mitochondrial","ABHDA","Q9NUJ1"
"X17383.4",125,-0.998236364083278,1.63625461337047,TRUE,6792,"STARD5","StAR-related lipid transfer protein 5","STAR5","Q9NSY2"
"X17396.23",125,-0.998236364083278,1.67353140435676,TRUE,6793,"ADH1A","Alcohol dehydrogenase 1A","ADH1A","P07327"
"X17513.11",125,-0.998236364083278,1.61908379703129,TRUE,6794,"ANXA11","Annexin A11","ANX11","P50995"
"X17683.2",125,-0.998236364083278,1.70524437888508,TRUE,6795,"COMMD9","COMM domain-containing protein 9","COMD9","Q9P000"
"X17778.19",125,-0.998236364083278,1.66850206552703,TRUE,6796,"RAB32","Ras-related protein Rab-32","RAB32","Q13637"
"X18156.7",125,-0.998236364083278,1.6801712321808,TRUE,6797,"ATG3","Ubiquitin-like-conjugating enzyme ATG3","ATG3","Q9NT62"
"X18222.34",125,-0.998236364083278,1.66950001381781,TRUE,6798,"SH3GLB2","Endophilin-B2","SHLB2","Q9NR46"
"X18227.3",125,-0.998236364083278,1.61913780919659,TRUE,6799,"CDK2AP2","Cyclin-dependent kinase 2-associated protein 2","CDKA2","O75956"
"X18876.77",125,-0.998236364083278,1.67081926287512,TRUE,6800,"CHST4","Carbohydrate sulfotransferase 4","CHST4","Q8NCG5"
"X19126.4",125,-0.998236364083278,1.60112659139527,TRUE,6801,"RPRD1B","Regulation of nuclear pre-mRNA domain-containing protein 1B","C20orf77","Q9NQG5"
"X19131.184",125,-0.998236364083278,1.62324605855188,TRUE,6802,"TIAL1","Nucleolysin TIAR","TIAR","Q01085"
"X19169.88",125,-0.998236364083278,1.6457796589593,TRUE,6803,"FIBP","Acidic fibroblast growth factor intracellular-binding protein","FIBP","O43427"
"X19202.10",125,-0.998236364083278,1.60442951134032,TRUE,6804,"BTK","Tyrosine-protein kinase BTK","BTK","Q06187"
"X19258.24",125,-0.998236364083278,1.67857684888751,TRUE,6805,"GCDH","Glutaryl-CoA dehydrogenase, mitochondrial","GCDH","Q92947"
"X19276.124",125,-0.998236364083278,1.69854714496776,TRUE,6806,"SNRPG","Small nuclear ribonucleoprotein G","RUXG","P62308"
"X19281.86",125,-0.998236364083278,1.68713391838274,TRUE,6807,"MAFG","Transcription factor MafG","MAFG","O15525"
"X19295.32",125,-0.998236364083278,1.67468346089078,TRUE,6808,"PPP1CC","Serine/threonine-protein phosphatase PP1-gamma catalytic subunit","PP1G","P36873"
"X19364.163",125,-0.998236364083278,1.68661602818075,TRUE,6809,"PCNA","Proliferating cell nuclear antigen","PCNA","P12004"
"X19574.5",125,-0.998236364083278,1.71086654446172,TRUE,6810,"ITGA2B|ITGB3","Integrin alpha-IIb: beta-3 complex","gpIIbIIIa","P08514|P05106"
"X20167.6",125,-0.998236364083278,1.58630008041691,TRUE,6811,"RAB8B","Ras-related protein Rab-8B","RAB8B","Q92930"
"X20401.19",125,-0.998236364083278,1.70413398192656,TRUE,6812,"BUD31","Protein BUD31 homolog","BUD31","P41223"
"X20433.19",125,-0.998236364083278,1.69358895662073,TRUE,6813,"MRPL1","39S ribosomal protein L1, mitochondrial","RM01","Q9BYD6"
"X20921.1",125,-0.998236364083278,1.72026019352985,TRUE,6814,"GIPC2","PDZ domain-containing protein GIPC2","GIPC2","Q8TF65"
"X21135.16",125,-0.998236364083278,1.64387458891929,TRUE,6815,"SF3B6","Splicing factor 3B subunit 6","SF3B6","Q9Y3B4"
"X21210.33",125,-0.998236364083278,1.6881550246202,TRUE,6816,"POLB","DNA polymerase beta","DPOLB","P06746"
"X21227.18",125,-0.998236364083278,1.66917041185903,TRUE,6817,"SULT1A1","SULT 1A1*2","SULT 1A1*2","P50225"
"X21289.36",125,-0.998236364083278,1.60304417486325,TRUE,6818,"SPAG7","Sperm-associated antigen 7","Sperm-associated antigen 7","O75391"
"X21720.13",125,-0.998236364083278,1.62254503425314,TRUE,6819,"FUT11","Alpha-(1,3)-fucosyltransferase 11","FUT11","Q495W5"
"X22010.36",125,-0.998236364083278,1.60828842538773,TRUE,6820,"PRKRA","Interferon-inducible double-stranded RNA-dependent protein kinase activator A","PRKRA","O75569"
"X22421.79",125,-0.998236364083278,1.69211733938267,TRUE,6821,"PELI1","E3 ubiquitin-protein ligase pellino homolog 1","PELI1","Q96FA3"
"X22583.47",125,-0.998236364083278,1.60746867874724,TRUE,6822,"ULBP2","NKG2D ligand 2","ULBP-2","Q9BZM5"
"X22847.18",125,-0.998236364083278,1.61504309239978,TRUE,6823,"STK4","Serine/threonine-protein kinase 4","STK4","Q13043"
"X23203.3",125,-0.998236364083278,1.68363754087636,TRUE,6824,"SCPEP1","Retinoid-inducible serine carboxypeptidase","RISC","Q9HB40"
"X23281.29",125,-0.998236364083278,1.62128999397951,TRUE,6825,"ARL8A","ADP-ribosylation factor-like protein 8A","ARL8A","Q96BM9"
"X2333.72",125,-0.998236364083278,1.61479485635367,TRUE,6826,"TGFB1","Transforming growth factor beta-1","TGF-b1","P01137"
"X23555.11",125,-0.998236364083278,1.59657705298177,TRUE,6827,"RRAD","GTP-binding protein RAD","RAD","P55042"
"X23579.3",125,-0.998236364083278,1.63677912485065,TRUE,6828,"CT83","Kita-kyushu lung cancer antigen 1","KKLC1","Q5H943"
"X23683.79",125,-0.998236364083278,1.70066025091169,TRUE,6829,"TRIM55","Tripartite motif-containing protein 55","TRI55","Q9BYV6"
"X2421.7",125,-0.998236364083278,1.64556180077641,TRUE,6830,"BDNF","Brain-derived neurotrophic factor","BDNF","P23560"
"X24309.14",125,-0.998236364083278,1.68154156087339,TRUE,6831,"SYTL2","Synaptotagmin-like protein 2","synaptotagmin-like 2","Q9HCH5"
"X2431.17",125,-0.998236364083278,1.64783559990733,TRUE,6832,"CTSG","Cathepsin G","Cathepsin G","P08311"
"X24419.3",125,-0.998236364083278,1.64725302927695,TRUE,6833,"MOCOS","Molybdenum cofactor sulfurase","MOCOS","Q96EN8"
"X2443.10",125,-0.998236364083278,1.60264620177304,TRUE,6834,"FGF8","Fibroblast growth factor 8 isoform B","FGF-8B","P55075"
"X24440.11",125,-0.998236364083278,1.67857791159937,TRUE,6835,"KCTD3","BTB/POZ domain-containing protein KCTD3","KCTD3","Q9Y597"
"X24453.75",125,-0.998236364083278,1.62539581408958,TRUE,6836,"HCCS","Cytochrome c-type heme lyase","CCHL","P53701"
"X24456.3",125,-0.998236364083278,1.69061822394787,TRUE,6837,"VSX1","Visual system homeobox 1","VSX1","Q9NZR4"
"X24686.19",125,-0.998236364083278,1.73075306692755,TRUE,6838,"ACBD4","Acyl-CoA-binding domain-containing protein 4","ACBD4","Q8NC06"
"X24723.58",125,-0.998236364083278,1.64788119594785,TRUE,6839,"EIF2S2","Eukaryotic translation initiation factor 2 subunit 2","eIF-2-beta","P20042"
"X24942.22",125,-0.998236364083278,1.59404003042068,TRUE,6840,"UNC13D","Protein unc-13 homolog D","UN13D","Q70J99"
"X24973.11",125,-0.998236364083278,1.70303058289614,TRUE,6841,"MICALL1","MICAL-like protein 1","MILK1","Q8N3F8"
"X2500.2",125,-0.998236364083278,1.65958919710298,TRUE,6842,"ANGPT4","Angiopoietin-4","Angiopoietin-4","Q9Y264"
"X2505.49",125,-0.998236364083278,1.66667581380819,TRUE,6843,"GFRA3","GDNF family receptor alpha-3","GFRa-3","O60609"
"X25094.9",125,-0.998236364083278,1.68710540702464,TRUE,6844,"ACSS2","Acetyl-coenzyme A synthetase, cytoplasmic","ACSA","Q9NR19"
"X25100.11",125,-0.998236364083278,1.65517691305135,TRUE,6845,"CMIP","C-Maf-inducing protein","CMIP","Q8IY22"
"X2523.31",125,-0.998236364083278,1.7091677709967,TRUE,6846,"CCL5","C-C motif chemokine 5","RANTES","P13501"
"X25907.47",125,-0.998236364083278,1.66501558833334,TRUE,6847,"EML2","Echinoderm microtubule-associated protein-like 2","EMAL2","O95834"
"X2609.59",125,-0.998236364083278,1.68458372394433,TRUE,6848,"CST3","Cystatin-C","Cystatin C","P01034"
"X2622.18",125,-0.998236364083278,1.62577651278597,TRUE,6849,"HMOX2","Heme oxygenase 2","HO-2","P30519"
"X2632.5",125,-0.998236364083278,1.62070004479095,TRUE,6850,"IL12RB1","Interleukin-12 receptor subunit beta-1","IL-12 Rb1","P42701"
"X2634.2",125,-0.998236364083278,1.69825567237498,TRUE,6851,"IL2RG","Cytokine receptor common subunit gamma","IL-2 sRg","P31785"
"X2645.54",125,-0.998236364083278,1.71097484523305,TRUE,6852,"PRKCZ","Protein kinase C zeta type","PKC-Z","Q05513"
"X2649.77",125,-0.998236364083278,1.71155927430973,TRUE,6853,"ICAM3","Intercellular adhesion molecule 3","sICAM-3","P32942"
"X2751.16",125,-0.998236364083278,1.70130132725968,TRUE,6854,"AZU1","Azurocidin","Azurocidin","P20160"
"X2891.1",125,-0.998236364083278,1.65668286577593,TRUE,6855,"CD22","B-cell receptor CD22","CD22","P20273"
"X2949.6",125,-0.998236364083278,1.68336405932149,TRUE,6856,"PLA2G10","Group 10 secretory phospholipase A2","GX","O15496"
"X2982.82",125,-0.998236364083278,1.58835817359399,TRUE,6857,"LGALS4","Galectin-4","Galectin-4","P56470"
"X3010.53",125,-0.998236364083278,1.64721439266238,TRUE,6858,"TSLP","Thymic stromal lymphopoietin","TSLP","Q969D9"
"X3037.62",125,-0.998236364083278,1.61723606105892,TRUE,6859,"IL1B","Interleukin-1 beta","IL-1b","P01584"
"X3189.61",125,-0.998236364083278,1.65126756887644,TRUE,6860,"TMPRSS15","Enteropeptidase","Enterokinase","P98073"
"X3202.28",125,-0.998236364083278,1.62794272460015,TRUE,6861,"KREMEN2","Kremen protein 2","KREM2","Q8NCW0"
"X3208.2",125,-0.998236364083278,1.70580248581107,TRUE,6862,"MATN3","Matrilin-3","MATN3","O15232"
"X3210.1",125,-0.998236364083278,1.67688856631017,TRUE,6863,"METAP1","Methionine aminopeptidase 1","METAP1","P53582"
"X3302.58",125,-0.998236364083278,1.67182152387219,TRUE,6864,"CST7","Cystatin-F","CYTF","O76096"
"X3412.7",125,-0.998236364083278,1.5677326880226,TRUE,6865,"BCL2","Apoptosis regulator Bcl-2","Bcl-2","P10415"
"X3423.59",125,-0.998236364083278,1.68141919250571,TRUE,6866,"CMA1","Chymase","Chymase","P23946"
"X3441.64",125,-0.998236364083278,1.67243612036703,TRUE,6867,"GSK3A","Glycogen synthase kinase-3 alpha","GSK-3 alpha","P49840"
"X3453.87",125,-0.998236364083278,1.61299212000318,TRUE,6868,"LYN","Tyrosine-protein kinase Lyn","LYN","P07948"
"X3477.63",125,-0.998236364083278,1.66685042644313,TRUE,6869,"NTRK1","High affinity nerve growth factor receptor","TrkA","P04629"
"X3485.28",125,-0.998236364083278,1.64747889202697,TRUE,6870,"B2M","Beta-2-microglobulin","b2-Microglobulin","P61769"
"X3806.55",125,-0.998236364083278,1.55917688318019,TRUE,6871,"EPHA5","Ephrin type-A receptor 5","EphA5","P54756"
"X3809.1",125,-0.998236364083278,1.69300396999623,TRUE,6872,"FGFR3","Fibroblast growth factor receptor 3:Cytoplasmic domain","FGFR-3:CD","P22607"
"X3817.18",125,-0.998236364083278,1.66625968963999,TRUE,6873,"PRKCQ","Protein kinase C theta type","KPCT","Q04759"
"X3839.60",125,-0.998236364083278,1.69787911795219,TRUE,6874,"AIP","AH receptor-interacting protein","AIP","O00170"
"X3864.5",125,-0.998236364083278,1.64385628406402,TRUE,6875,"RPS7","40S ribosomal protein S7","RS7","P62081"
"X3868.8",125,-0.998236364083278,1.60205180310926,TRUE,6876,"SGTA","Small glutamine-rich tetratricopeptide repeat-containing protein alpha","SGTA","O43765"
"X4132.27",125,-0.998236364083278,1.6600363680372,TRUE,6877,"FST","Follistatin","FST","P19883"
"X4144.13",125,-0.998236364083278,1.66091546348353,TRUE,6878,"CCL13","C-C motif chemokine 13","MCP-4","Q99616"
"X4217.49",125,-0.998236364083278,1.72085973614407,TRUE,6879,"HSD17B10","3-hydroxyacyl-CoA dehydrogenase type-2","ERAB","Q99714"
"X4284.18",125,-0.998236364083278,1.67241383703443,TRUE,6880,"RBM39","RNA-binding protein 39","RBM39","Q14498"
"X4393.3",125,-0.998236364083278,1.68326904064637,TRUE,6881,"FGF16","Fibroblast growth factor 16","FGF-16","O43320"
"X4428.1",125,-0.998236364083278,1.69765786220679,TRUE,6882,"CHST2","Carbohydrate sulfotransferase 2","CHST2","Q9Y4C5"
"X4429.51",125,-0.998236364083278,1.65707899948043,TRUE,6883,"CHST6","Carbohydrate sulfotransferase 6","CHST6","Q9GZX3"
"X4437.56",125,-0.998236364083278,1.63538180965762,TRUE,6884,"ENTPD5","Ectonucleoside triphosphate diphosphohydrolase 5","ENTP5","O75356"
"X4460.8",125,-0.998236364083278,1.69793599757195,TRUE,6885,"PDPK1","3-phosphoinositide-dependent protein kinase 1","PDPK1","O15530"
"X4493.92",125,-0.998236364083278,1.64748383872722,TRUE,6886,"IL11","Interleukin-11","IL-11","P20809"
"X4545.53",125,-0.998236364083278,1.68308546686345,TRUE,6887,"DNAJC19","Mitochondrial import inner membrane translocase subunit TIM14","DnaJ homolog","Q96DA6"
"X4718.5",125,-0.998236364083278,1.52725407339806,TRUE,6888,"PPIB","Peptidyl-prolyl cis-trans isomerase B","PPIB","P23284"
"X4997.19",125,-0.998236364083278,1.72068731966416,TRUE,6889,"EIF4A3","Eukaryotic initiation factor 4A-III","IF4A3","P38919"
"X5085.18",125,-0.998236364083278,1.64011296563196,TRUE,6890,"IL20RA","Interleukin-20 receptor subunit alpha","IL-20 Ra","Q9UHF4"
"X5312.49",125,-0.998236364083278,1.64076950076493,TRUE,6891,"APOE","Apolipoprotein E (isoform E2)","Apo E2","P02649"
"X5355.69",125,-0.998236364083278,1.65202063927538,TRUE,6892,"TNFSF14","Tumor necrosis factor ligand superfamily member 14","LIGHT","O43557"
"X5691.2",125,-0.998236364083278,1.68901433747696,TRUE,6893,"CRISPLD2","Cysteine-rich secretory protein LCCL domain-containing 2","CRLD2","Q9H0B8"
"X5703.26",125,-0.998236364083278,1.61686982619529,TRUE,6894,"OLFM1","Noelin","NOE1","Q99784"
"X5756.66",125,-0.998236364083278,1.69239824663473,TRUE,6895,"PAPPA2","Pappalysin-2","PAPP2","Q9BXP8"
"X6035.2",125,-0.998236364083278,1.73339733760854,TRUE,6896,"ST6GAL1","Beta-galactoside alpha-2,6-sialyltransferase 1","SIAT1","P15907"
"X6209.2",125,-0.998236364083278,1.6617453243621,TRUE,6897,"AOC1","Amiloride-sensitive amine oxidase [copper-containing]","ABP1","P19801"
"X6262.14",125,-0.998236364083278,1.73907434626934,TRUE,6898,"IL17RB","Interleukin-17 receptor B","IL-17B R","Q9NRM6"
"X6326.20",125,-0.998236364083278,1.64688654742279,TRUE,6899,"BMP4","Bone morphogenetic protein 4","BMP-4","P12644"
"X6361.49",125,-0.998236364083278,1.56986256914082,TRUE,6900,"PTPRR","Receptor-type tyrosine-protein phosphatase R","PTPRR","Q15256"
"X6424.2",125,-0.998236364083278,1.69929568539244,TRUE,6901,"RNASE13","Probable inactive ribonuclease-like protein 13","RNS13","Q5GAN3"
"X6447.73",125,-0.998236364083278,1.65564775196474,TRUE,6902,"PTX3","Pentraxin-related protein PTX3","PTX3","P26022"
"X6472.40",125,-0.998236364083278,1.64109390576278,TRUE,6903,"PMEL","Melanocyte protein PMEL","GP100","P40967"
"X6538.90",125,-0.998236364083278,1.61332522037712,TRUE,6904,"KIAA2013","Uncharacterized protein KIAA2013","K2013","Q8IYS2"
"X6543.182",125,-0.998236364083278,1.67268050783736,TRUE,6905,"PRLH","Prolactin-releasing peptide","PRRP","P81277"
"X6617.12",125,-0.998236364083278,1.72281063452963,TRUE,6906,"FCRL6","Fc receptor-like protein 6","FCRL6","Q6DN72"
"X6715.63",125,-0.998236364083278,1.67910491389027,TRUE,6907,"ALPG","Alkaline phosphatase, placental-like","PPBN","P10696"
"X6895.1",125,-0.998236364083278,1.7088347374447,TRUE,6908,"TFRC","Transferrin receptor protein 1:Cytoplasmic domain","TR:CD","P02786"
"X6923.1",125,-0.998236364083278,1.70285335461059,TRUE,6909,"PLOD2","Procollagen-lysine,2-oxoglutarate 5-dioxygenase 2","PLOD2","O00469"
"X7131.8",125,-0.998236364083278,1.72513813726277,TRUE,6910,"CETP","Cholesteryl ester transfer protein","CETP","P11597"
"X7852.9",125,-0.998236364083278,1.63234418301438,TRUE,6911,"MTIF3","Translation initiation factor IF-3, mitochondrial","IF3M","Q9H2K0"
"X8094.20",125,-0.998236364083278,1.66175065653616,TRUE,6912,"CISD2","CDGSH iron-sulfur domain-containing protein 2","CISD2","Q8N5K1"
"X8100.15",125,-0.998236364083278,1.67526675828922,TRUE,6913,"ADM2","ADM2","ADM2","Q7Z4H4"
"X8351.17",125,-0.998236364083278,1.70123151288665,TRUE,6914,"PRSS57","Serine protease 57","PRS57","Q6UWY2"
"X8357.43",125,-0.998236364083278,1.64055953925096,TRUE,6915,"SULT4A1","Sulfotransferase 4A1","ST4A1","Q9BR01"
"X8359.149",125,-0.998236364083278,1.70990622054679,TRUE,6916,"STK17B","Serine/threonine-protein kinase 17B","DRAK2","O94768"
"X8386.11",125,-0.998236364083278,1.66594315626216,TRUE,6917,"PATE1","Prostate and testis expressed protein 1","PATE","Q8WXA2"
"X8750.46",125,-0.998236364083278,1.64819397948316,TRUE,6918,"VCL","Vinculin","Vinculin","P18206"
"X8768.4",125,-0.998236364083278,1.68460038059936,TRUE,6919,"BCL10","B-cell lymphoma/leukemia 10","Bcl-10","O95999"
"X8863.3",125,-0.998236364083278,1.64665085180815,TRUE,6920,"PIK3R1","Phosphatidylinositol 3-kinase regulatory subunit alpha","P85A","P27986"
"X8894.80",125,-0.998236364083278,1.70596500344318,TRUE,6921,"HNRNPAB","Heterogeneous nuclear ribonucleoprotein A/B","hnRNP A/B","Q99729"
"X8913.22",125,-0.998236364083278,1.68608140050982,TRUE,6922,"SIGLEC11","Sialic acid-binding Ig-like lectin 11:Cytoplasmic domain, Isoform 2","SIG11:CD","Q96RL6"
"X8942.2",125,-0.998236364083278,1.60557008564095,TRUE,6923,"MRPL21","39S ribosomal protein L21, mitochondrial","RM21","Q7Z2W9"
"X8997.4",125,-0.998236364083278,1.72354240713825,TRUE,6924,"NPTXR","Neuronal pentraxin receptor","NPTXR","O95502"
"X9090.9",125,-0.998236364083278,1.5940323392635,TRUE,6925,"SYTL4","Synaptotagmin-like protein 4:Ca2+-dependent membrane-targeting module 1","SYTL4:C2 1","Q96C24"
"X9110.2",125,-0.998236364083278,1.68598428380608,TRUE,6926,"SYT17","Synaptotagmin-17","SYT17","Q9BSW7"
"X9125.23",125,-0.998236364083278,1.62004352214151,TRUE,6927,"MASP1","Mannan-binding lectin serine protease 1:Sushi 1 and Sushi 2","MASP3:Sushi 1 and Sushi 2","P48740"
"X9400.40",125,-0.998236364083278,1.62043386920902,TRUE,6928,"LGALS7","Galectin-7","Galectin-7","P47929"
"X9450.18",125,-0.998236364083278,1.67635515978294,TRUE,6929,"CDK2AP1","Cyclin-dependent kinase 2-associated protein 1","CDKA1","O14519"
"X9609.25",125,-0.998236364083278,1.63115663678858,TRUE,6930,"ZNF275","Zinc finger protein 275","ZN275","Q9NSD4"
"X9750.7",125,-0.998236364083278,1.52238135689995,TRUE,6931,"S100A4","Protein S100-A4","S100A4","P26447"
"X9848.22",125,-0.998236364083278,1.67873009961046,TRUE,6932,"CCNH","Cyclin-H","Cyclin H","P51946"
"X9875.107",125,-0.998236364083278,1.69382066758892,TRUE,6933,"THOC1","THO complex subunit 1","THOC1","Q96FV9"
"X9894.13",125,-0.998236364083278,1.54032903616759,TRUE,6934,"MYO6","Unconventional myosin-VI","MYO6","Q9UM54"
"X9993.11",125,-0.998236364083278,1.63587864062297,TRUE,6935,"ZNF264","Zinc finger protein 264","ZN264","O43296"
"X21915.2",124,-0.998306653153465,1.7485099070679,TRUE,6936,"OTUD3","OTU domain-containing protein 3","OTUD3","Q5T2D3"
"X17362.5",119,-0.99836185836485,1.70483939123989,TRUE,6937,"VHL","Von Hippel-Lindau disease tumor suppressor","VHL","P40337"
"X12784.10",122,-0.998380620321563,1.67727920061791,TRUE,6938,"APBB3","Amyloid beta A4 precursor protein-binding family B member 3:Phosphotyrosine Interaction Domain 1,Isoform II","APBB3:PID 1","O95704"
"X5792.8",125,-0.998426861342576,1.64177271967698,TRUE,6939,"AFP","alpha-Fetoprotein","AFP","P02771"
"X10010.10",124,-0.998451437456329,1.70055338555096,TRUE,6940,"BECN1","Beclin-1","BECN1","Q14457"
"X2915.6",123,-0.998497205640961,1.60519754154785,TRUE,6941,"PCNA","Proliferating cell nuclear antigen","PCNA","P12004"
"X3796.79",124,-0.998514387153226,1.57712496879482,TRUE,6942,"ANGPTL4","Angiopoietin-related protein 4","ANGL4","Q9BY76"
"X12771.19",123,-0.998516550140605,1.66376494652639,TRUE,6943,"ZNF180","Zinc finger protein 180","ZN180","Q9UJW8"
"X13436.54",123,-0.998516550140605,1.55825540078335,TRUE,6944,"MAZ","Myc-associated zinc finger protein","MAZ","P56270"
"X18875.125",123,-0.998516550140605,1.65147630275309,TRUE,6945,"COL2A1","Chondrocalcin","Chondrocalcin","P02458"
"X21653.205",120,-0.998527501684343,1.64995156671645,TRUE,6946,"URM1","Ubiquitin-related modifier 1","URM1","Q9BTM9"
"X22369.12",120,-0.998527511911873,1.65295228705686,TRUE,6947,"DMRTC2","Doublesex- and mab-3-related transcription factor C2","DMRTD","Q8IXT2"
"X24307.22",124,-0.998552156971364,1.6553410541394,TRUE,6948,"KDM8","Lysine-specific demethylase 8","KDM8","Q8N371"
"X20128.1",123,-0.998561698614587,1.64813765782953,TRUE,6949,"CREB1","cAMP response element-binding protein","CREB1","P16220"
"X3394.81",123,-0.998561698614587,1.48273809960807,TRUE,6950,"PLK1","Serine/threonine-protein kinase PLK1","PLK-1","P53350"
"X3875.62",123,-0.998561712529548,1.69998140353043,TRUE,6951,"ARID3A","AT-rich interactive domain-containing protein 3A","ARI3A","Q99856"
"X17805.35",124,-0.998596221759192,1.70507206155544,TRUE,6952,"SMNDC1","Survival of motor neuron-related-splicing factor 30","SPF30","O75940"
"X3874.8",124,-0.998596221759192,1.68898794199025,TRUE,6953,"UBE2L3","Ubiquitin-conjugating enzyme E2 L3","UB2L3","P68036"
"X9795.9",124,-0.998596221759192,1.66590006090192,TRUE,6954,"CLN5","Ceroid-lipofuscinosis neuronal protein 5:Cytoplasmic domain","CLN5:CD","O75503"
"X18398.1",125,-0.998623503674754,1.67556833564792,TRUE,6955,"AKR1D1","3-oxo-5-beta-steroid 4-dehydrogenase","AK1D1","P51857"
"X13485.20",123,-0.99863265062611,1.62062476013703,TRUE,6956,"TMEM87B","Transmembrane protein 87B","TM87B","Q96K49"
"X21752.10",124,-0.998633991577331,1.51650361204763,TRUE,6957,"RHOT1","Mitochondrial Rho GTPase 1","MIRO1","Q8IXI2"
"X8388.24",124,-0.998633991577331,1.71276265117457,TRUE,6958,"SPAST","Spastin:Cytoplasmic domain","Spastin:CD","Q9UBP0"
"X17726.3",123,-0.99865199556255,1.66509551107866,TRUE,6959,"SAR1A","GTP-binding protein SAR1a","SAR1A","Q9NR31"
"X10049.112",124,-0.998665466425779,1.66162833841966,TRUE,6960,"TERF1","Telomeric repeat-binding factor 1","TERF1","P54274"
"X9901.28",124,-0.998665466425779,1.64549294293808,TRUE,6961,"EGLN1","Egl nine homolog 1","EGLN1","Q9GZT9"
"X10966.1",125,-0.998678809330679,1.7652828935822,TRUE,6962,"AHSG","Alpha-2-HS-glycoprotein","a2-HS-Glycoprotein","P02765"
"X20120.101",124,-0.998684351334848,1.65231643921098,TRUE,6963,"AMIGO1","Amphoterin-induced protein 1:Extracellular domain","AMGO1:ECD","Q86WK6"
"X7200.4",124,-0.998684351334848,1.69034979003483,TRUE,6964,"LRFN2","Leucine-rich repeat and fibronectin type-III domain-containing protein 2","LRFN2","Q9ULH4"
"X6612.90",124,-0.998715826183297,1.67796441312867,TRUE,6965,"BRICD5","BRICHOS domain-containing protein 5","CP079","Q6PL45"
"X5659.11",125,-0.998752550205246,1.62606142683093,TRUE,6966,"TRH","Pro-Thyrotropin-releasing hormone","TRH","P20396"
"X2879.9",124,-0.998785082321689,1.71174518437675,TRUE,6967,"SERPINA3","Alpha-1-antichymotrypsin","a1-Antichymotrypsin","P01011"
"X12647.52",124,-0.998841736513942,1.78008658695584,TRUE,6968,"SETD2","Histone-lysine N-methyltransferase SETD2","SETD2","Q9BYW2"
"X12761.12",123,-0.998845492745631,1.69295823273189,TRUE,6969,"APBB2","Amyloid beta A4 precursor protein-binding family B member 2:Phosphotyrosine Interaction Domain 2","APBB2:PID 2","Q92870"
"X6521.35",125,-0.998857016444215,1.76468944189293,TRUE,6970,"NPTX2","Neuronal pentraxin-2","NPTX2","P47972"
"X16892.23",124,-0.998898383771619,1.69501562634256,TRUE,6971,"ENPP2","Ectonucleotide pyrophosphatase/phosphodiesterase family member 2","ENPP2","Q13822"
"X22387.26",125,-0.999158125015363,1.73163931363236,TRUE,6972,"PITX3","Pituitary homeobox 3","PITX3","O75364"
"X5117.14",125,-0.99923801096281,1.70200946117907,TRUE,6973,"ROBO3","Roundabout homolog 3","ROBO3","Q96MS0"
"X11590.5",125,-0.999317896910257,1.72350377995714,TRUE,6974,"RBM23","Probable RNA-binding protein 23","RBM23","Q86U06"
"X23665.35",125,-0.999330187056019,1.71298557363529,TRUE,6975,"PSMC3","26S protease regulatory subunit 6A","PRS6A","P17980"
"X9211.19",124,-0.999446047897972,1.62211469336921,TRUE,6976,"SERPINF1","Pigment epithelium-derived factor","PEDF","P36955"
"X2616.23",125,-0.99945308851363,1.73290969339632,TRUE,6977,"ERBB2","Receptor tyrosine-protein kinase erbB-2","ERBB2","P04626"
"X16807.35",124,-0.999477522449224,1.68575961019523,TRUE,6978,"TNNT3","Troponin T, fast skeletal muscle","TNNT3","P45378"
"X12394.53",123,-0.999542066954971,1.75936888738886,TRUE,6979,"C16orf54","Transmembrane protein C16orf54","CP054","Q6UWD8"
"X13566.2",125,-0.999545264606838,1.70014655023112,TRUE,6980,"SSU72","RNA polymerase II subunit A C-terminal domain phosphatase SSU72","SSU72","Q9NP77"
"X5763.67",125,-0.999551409679719,1.78550253798026,TRUE,6981,"DEFB104A","Beta-defensin 104","HBD-4","Q8WTQ1"
"X17850.42",124,-0.99955305715203,1.73725309069152,TRUE,6982,"KLF4","Krueppel-like factor 4","KLF4","O43474"
"X3033.57",125,-0.999575989971241,1.66536834138648,TRUE,6983,"LGALS2","Galectin-2","Galectin-2","P05162"
"X3059.50",125,-0.999575989971241,1.72149602362028,TRUE,6984,"TNFSF13B","Tumor necrosis factor ligand superfamily member 13B","BAFF","Q9Y275"
"X19253.82",124,-0.99978597103055,1.6706878361022,TRUE,6985,"RAB2B","Ras-related protein Rab-2B","RAB2B","Q8WUD1"
"X13688.2",125,-0.999797212594941,1.67290390562747,TRUE,6986,"CAPSL","Calcyphosin-like protein","CAPSL","Q8WWF8"
"X3171.57",123,-0.999806509036028,1.64421761315936,TRUE,6987,"APP","Amyloid beta A4 protein","amyloid precursor protein","P05067"
"X5526.53",123,-0.999812957528459,1.68283502200252,TRUE,6988,"TNFRSF18","Tumor necrosis factor receptor superfamily member 18","GITR","Q9Y5U5"
"X10053.5",125,-0.999821792886464,1.68617378356301,TRUE,6989,"ILK","Integrin-linked protein kinase","ILK1","Q13418"
"X3173.49",121,-0.999837401678828,1.68526202743002,TRUE,6990,"NAAA","N-acylethanolamine-hydrolyzing acid amidase","ASAHL","Q02083"
"X16854.17",125,-0.999870953469508,1.674265237999,TRUE,6991,"LSM4","U6 snRNA-associated Sm-like protein LSm4","LSM4","Q9Y4Z0"
"X22508.2",124,-0.999918165651606,1.73978022089083,TRUE,6992,"NDUFB10","NADH dehydrogenase","NDUBA","O96000"
"X8079.39",124,-0.999918165651606,1.66156244432974,TRUE,6993,"EID3","EP300-interacting inhibitor of differentiation 3","EID3","Q8N140"
"X7181.17",124,-0.999924460601482,1.72652249551814,TRUE,6994,"VAPB","Vesicle-associated membrane protein-associated protein B/C","VAPB","O95292"
"X25248.28",124,-0.999937050303103,1.6396777671286,TRUE,6995,"NUMB","Protein numb homolog","NUMB","P49757"
"X22774.20",125,-0.999938549271194,1.63913401448323,TRUE,6996,"TSEN34","tRNA-splicing endonuclease subunit Sen34","SEN34","Q9BSV6"
"X20969.114",121,-0.999945800926804,1.73428290493746,TRUE,6997,"RYBP","RING1 and YY1-binding protein","RYBP","Q8N488"
"X9283.8",125,-0.999950839416956,1.64299366913654,TRUE,6998,"CD44","CD44 antigen","CD44","P16070"
"X12415.122",124,-0.999968525151551,1.67043267122027,TRUE,6999,"EDF1","Endothelial differentiation-related factor 1","EDF1","O60869"
"X21365.5",125,-0.999975419708478,1.74712568179964,TRUE,7000,"CYTH3","Cytohesin-3","CYH3","O43739"
"X10030.8",121,-0.9999796754164,1.64325568432722,TRUE,7001,"MUTYH","Adenine DNA glycosylase","MutY homolog","Q9UIF7"
"X13132.14",125,-1,1.63124286616408,TRUE,7002,"SEMA5A","Semaphorin-5A","SEM5A","Q13591"
