"protein_id","rank_EMCI","loess_corr_EMCI","rank_LMCI","loess_corr_LMCI","rank_AD","loess_corr_AD"
"X12551.3",1,1,5263,-0.383428202570272,1044,0.808404590291146
"X14066.49",2,1,383,0.928101222865384,1956,0.516600579984613
"X4707.50",3,1,1010,0.783671218507649,2242,0.409533579267852
"X8660.33",4,1,3624,0.00657131067568037,5991,-0.871140833678562
"X17332.3",5,0.99999385492712,4273,-0.138705556528808,5992,-0.87115398525708
"X7745.3",6,0.99999385492712,506,0.907600584630691,1853,0.554398216645953
"X12968.2",7,0.99999370503031,6350,-0.822493483630196,4836,-0.569981752443748
"X12612.37",8,0.999987709854239,184,0.958447257904662,4503,-0.441399854017478
"X19121.3",9,0.999987709854239,519,0.905653101126455,4974,-0.615395237813419
"X3896.5",10,0.999986450048102,3721,-0.0182464952696754,2855,0.181668328618816
"X18907.97",11,0.999981564781358,4159,-0.122841860483053,6834,-0.972147038672609
"X16919.1",12,0.999975419708478,5093,-0.314397109240327,3962,-0.24202192368139
"X17325.10",13,0.999975419708478,4392,-0.149907289669589,5234,-0.703537117042473
"X19392.6",14,0.999975419708478,537,0.902309599743935,3768,-0.168241568194223
"X21118.48",15,0.999950839416956,2644,0.179183908001651,6097,-0.894458582391352
"X22049.24",16,0.999950839416956,4844,-0.21930730676013,6298,-0.941689221731551
"X7832.181",17,0.999950839416956,211,0.955686073371923,6505,-0.968041664200746
"X6520.87",18,0.999926259125433,3714,-0.0156569960934638,4882,-0.584633695659322
"X9038.12",19,0.999926259125433,2121,0.36241149689095,3610,-0.106757938621583
"X21661.82",20,0.999920114052553,1426,0.637301443451635,6758,-0.9720528956488
"X3855.56",21,0.999916652196562,333,0.935085168659784,6014,-0.877680321808204
"X10620.21",22,0.999916152834034,4048,-0.0971843460575378,5603,-0.803439803439803
"X17450.51",23,0.999901678833911,4689,-0.176904773841247,6730,-0.9720528956488
"X19158.1",24,0.999901678833911,289,0.941995842797589,6463,-0.964385525372683
"X21232.39",25,0.999881922304876,3967,-0.0810538721020664,1869,0.54843993553671
"X15339.32",26,0.999877098542389,4496,-0.153168613507437,4201,-0.330887139728946
"X8957.72",27,0.999877098542389,279,0.943924044286932,3744,-0.158469945355191
"X23265.15",28,0.999852518250867,4012,-0.0888553810318963,5031,-0.637240009732168
"X9816.37",29,0.999852518250867,3461,0.0480877165260611,6158,-0.908958546248722
"X18236.3",30,0.999848920727447,5423,-0.457932428107007,1223,0.7636398308707
"X9453.12",31,0.999846373177986,5802,-0.622725308735015,6498,-0.967498121278687
"X10001.7",32,0.999845205731258,577,0.892915402087856,1972,0.510580362455288
"X3362.61",33,0.999821792886464,3463,0.0478502481595317,4301,-0.370670664746536
"X24293.39",34,0.999817445878998,4737,-0.190337654566427,6853,-0.972947202988039
"X9207.60",35,0.999817445878998,1291,0.685522735402758,5848,-0.848401754420574
"X3554.24",36,0.999815647813583,4418,-0.151151714749584,5396,-0.750527707088043
"X4891.50",37,0.999798573343613,3189,0.115189399210078,3463,-0.057111477210324
"X4250.23",38,0.999791067522061,3154,0.123763540794959,5368,-0.741992332629724
"X21955.36",39,0.9997859717042,2336,0.278617402404082,4575,-0.468978714170168
"X17706.4",40,0.999754909074491,2210,0.324579308824427,134,0.9720528956488
"X25451.39",41,0.999735612105188,4330,-0.145667415960349,4870,-0.58059616105423
"X5029.3",42,0.999722392972576,4693,-0.177738423330434,6035,-0.88088954843587
"X12387.7",43,0.999716726363963,1848,0.468938602208176,5910,-0.857713072011468
"X17686.27",44,0.999705036501733,540,0.901722919574122,5262,-0.710152361037134
"X9971.5",45,0.999705036501733,1517,0.606766444666402,5027,-0.635543456103319
"X15367.38",46,0.999698891428852,3921,-0.0693304127508108,5729,-0.829108388734358
"X25286.33",47,0.999669515443543,1756,0.512098623514614,2167,0.436025451437409
"X25280.2",48,0.99966816606445,216,0.955246443432353,5558,-0.789877230014532
"X9121.28",49,0.99966816606445,1449,0.631401146894246,2562,0.285514193841116
"X16803.4",50,0.99964968521242,4700,-0.178561827543254,5428,-0.758318240094426
"X12546.1",51,0.999612860408524,4447,-0.151962270241755,6877,-0.973974338333602
"X3642.4",52,0.999575989971241,4632,-0.164154172600749,6403,-0.958559376089115
"X6440.31",53,0.999575989971241,5485,-0.485774574142675,6473,-0.965266681133403
"X8485.7",54,0.999575989971241,4615,-0.161511161676505,6976,-0.991517231855753
"X8922.4",55,0.99956984489836,5855,-0.644088712694122,6571,-0.970711434639943
"X16885.49",56,0.99956369982548,2014,0.401520965334794,665,0.892468304198294
"X13491.40",57,0.999539119533958,690,0.866615226539956,2795,0.200618796287222
"X9934.29",58,0.999526829388197,426,0.921780578383319,5783,-0.837814733713414
"X3214.3",59,0.999489958950913,5243,-0.371830518801893,6790,-0.9720528956488
"X21563.3",60,0.99945308851363,1116,0.744463169423352,5318,-0.727104745747108
"X15321.8",61,0.999440798367869,262,0.94768403719115,962,0.830989064462462
"X16558.2",62,0.999439749460995,2540,0.210686863934534,4834,-0.567944342519711
"X17799.9",63,0.999439749460995,4214,-0.132052445412011,6574,-0.970817476953133
"X4124.24",64,0.999439749460995,6509,-0.871823213302411,6050,-0.882766829088661
"X4496.60",65,0.999406833463861,4139,-0.118889714398095,6196,-0.921342914414995
"X21487.20",66,0.999367923402636,5976,-0.689803775102709,3674,-0.130899214604712
"X12577.100",67,0.999330187056019,3434,0.0559332688028568,5335,-0.731602585600337
"X8840.61",68,0.99931384830382,4464,-0.15248603018021,6551,-0.97024997024997
"X16859.100",69,0.999296973762287,4361,-0.147461137098982,4174,-0.319616236938839
"X3392.68",70,0.999293316618735,1353,0.660648028769785,6133,-0.901350009534895
"X20107.11",71,0.999274881400094,4509,-0.153168613507437,5968,-0.867445240114945
"X9053.16",72,0.999219576378318,4384,-0.1492813473114,5045,-0.639881154268814
"X14208.3",73,0.999090529213677,3801,-0.038313363593242,5469,-0.770241923286843
"X19297.4",74,0.999047513703513,4591,-0.157932653981139,5321,-0.728036793585543
"X22958.6",75,0.999047513703513,4479,-0.152891714932254,4823,-0.561394856417642
"X23569.53",76,0.999047513703513,4450,-0.151962270241755,6411,-0.959374773957244
"X4829.43",77,0.999018598978581,4130,-0.116797023085058,6496,-0.96719694166975
"X10981.56",78,0.999004498193349,214,0.955424155517457,4451,-0.424394862993431
"X19290.5",79,0.998998353120468,224,0.954054814911939,2182,0.430260467012553
"X11636.33",80,0.998979917901826,1481,0.618844698795645,76,0.974616741283408
"X13732.79",81,0.998972022337677,770,0.847116425824279,2271,0.401620179800441
"X5885.55",82,0.998961482683185,3354,0.0744015826677825,4799,-0.550557955718635
"X24434.16",83,0.998916007520198,2341,0.277467172031817,6874,-0.973876156743059
"X4179.57",84,0.998900031954379,3594,0.012120674562009,5771,-0.836723152696402
"X8901.40",85,0.998900031954379,862,0.820954922505582,1681,0.620537505014039
"X11490.42",86,0.998893886881499,164,0.960610699975705,3248,0.0261650654619821
"X13422.66",87,0.998868582849206,6396,-0.839084092280288,5435,-0.759562841530055
"X11263.57",88,0.998848265793155,6977,-0.98215470254885,4728,-0.530641000628645
"X4542.24",89,0.998848265793155,5743,-0.602805918807292,6974,-0.991227897128353
"X12813.18",90,0.998826139676479,5088,-0.312431419993006,4932,-0.60184911193966
"X12764.3",91,0.998814379208954,4596,-0.158304295898642,5985,-0.870519469827941
"X22586.24",92,0.998785074673843,2641,0.179550355410948,1518,0.677446451070979
"X11514.196",93,0.998777130496768,4285,-0.139882645418703,6694,-0.9720528956488
"X17746.77",94,0.998777130496768,1274,0.690003046558353,4681,-0.513615171660979
"X5091.28",95,0.998770985423887,4559,-0.154688036281039,6623,-0.971170217817484
"X21271.53",96,0.998760705827888,4735,-0.190291865128831,1519,0.677049937700374
"X15653.9",97,0.998711110229819,3638,0.0027149076969947,6935,-0.97894469812278
"X10041.3",98,0.998684351334848,4021,-0.0920568308420303,5698,-0.823371795654504
"X13095.51",99,0.998684351334848,4179,-0.127111821476164,6392,-0.957441324107991
"X15304.1",100,0.998684351334848,4206,-0.131211389204854,6590,-0.971130104463438
"X16770.3",101,0.998684351334848,4228,-0.13393198093041,6529,-0.969380002713336
"X2836.68",102,0.998684351334848,4009,-0.0880999368963452,6487,-0.966512669746605
"X2900.53",103,0.998684351334848,5063,-0.302129891365128,6886,-0.974521256028816
"X4982.54",104,0.998684351334848,4253,-0.136666318920228,5792,-0.838386100980687
"X5015.15",105,0.998666519184918,3538,0.0271452205669684,5724,-0.828200929816601
"X18877.15",106,0.998665466425779,5665,-0.571449098779016,5710,-0.826307102509979
"X22077.46",107,0.998665466425779,3416,0.0596485345125695,6999,-0.996961985362293
"X9910.9",108,0.998665466425779,6746,-0.940218041024415,3383,-0.0276380422560218
"X14109.15",109,0.998651999909703,3589,0.0126144317964946,6089,-0.892495261971915
"X10382.1",110,0.99865199556255,6074,-0.728184021511513,5856,-0.849318631772136
"X10391.1",111,0.99865199556255,6111,-0.743086433559961,5877,-0.852011640448523
"X4983.6",112,0.99865199556255,5134,-0.327922934291799,6867,-0.973456530869383
"X25276.32",113,0.998648083966276,1107,0.746433794655072,34,0.983176974161732
"X9991.112",114,0.99864658151671,6501,-0.870781689461926,5225,-0.700591163454394
"X10976.44",115,0.998633991577331,5892,-0.655701423469644,3198,0.0481287775494007
"X12457.10",116,0.998633991577331,5136,-0.328850684896454,5781,-0.837748975820823
"X12730.3",117,0.998633991577331,6743,-0.93982083151761,6254,-0.933916700583367
"X13660.76",118,0.998633991577331,2241,0.307667686042521,6067,-0.887272159927281
"X23258.56",119,0.998633991577331,2524,0.216700489928804,6642,-0.971170804504138
"X24443.8",120,0.998633991577331,4733,-0.189596155287016,5371,-0.742451035254617
"X25307.8",121,0.998633991577331,6810,-0.953928280390683,3374,-0.0242058547648714
"X2602.2",122,0.998633991577331,2382,0.262975831922533,5908,-0.857479123845961
"X4962.52",123,0.998633991577331,4533,-0.153168613507437,6797,-0.9720528956488
"X22023.3",124,0.99863265062611,6864,-0.963112705055174,3527,-0.0783899837578005
"X11180.17",125,0.998632646216558,4956,-0.259323818301717,3288,0.0116879328707001
"X14131.37",126,0.998629648747634,260,0.948146805548593,4512,-0.443727683415202
"X14618.26",127,0.998627696607641,5884,-0.653302049276327,6255,-0.934005319893602
"X23520.60",128,0.998626200864913,2423,0.249848544853201,2828,0.19031047979541
"X5708.1",129,0.998618574554011,6826,-0.957525577592756,5243,-0.704747062266149
"X13231.90",130,0.998618569988598,6050,-0.721619214284966,5016,-0.631509870759584
"X13268.45",131,0.998618569988598,6738,-0.937661245849546,6000,-0.873087267299258
"X23617.15",132,0.998617918951786,6048,-0.720657593835925,2196,0.426373626373626
"X21133.33",133,0.998611213528993,3483,0.0424204327655423,5022,-0.634741209813708
"X10938.13",134,0.998608811698572,3580,0.0154564631385721,3751,-0.161994568398072
"X22527.4",135,0.998600410847138,4442,-0.151903713330428,3729,-0.152697083817497
"X9744.139",136,0.998600401820123,5119,-0.321924297269518,2545,0.29261889741346
"X15363.32",137,0.998600397306571,4888,-0.233640277012986,4486,-0.434947768281102
"X19311.15",138,0.998600397306571,4302,-0.142016365078646,6865,-0.973456530869383
"X13605.16",139,0.998598754742422,6949,-0.978737643013467,6994,-0.995536562203229
"X24904.121",140,0.998598754742422,6180,-0.768372515188232,4956,-0.610187212720207
"X8220.15",141,0.998598750111538,3990,-0.0859437967829886,4533,-0.452355118923149
"X6252.62",142,0.998598745480623,4224,-0.133408227205769,6171,-0.912094740568935
"X11493.169",143,0.998596221759192,1006,0.784738392978409,2683,0.241444338169953
"X17702.53",144,0.998584049212758,6844,-0.959601639246702,4687,-0.516463670726585
"X21549.144",145,0.998563719694994,1268,0.691488505952594,5140,-0.669456766722681
"X12403.30",146,0.998552156971364,90,0.973471803909621,2302,0.389161784143142
"X14341.8",147,0.998552156971364,3956,-0.0793030708536919,5293,-0.720005155443402
"X16926.44",148,0.998552156971364,5169,-0.34560706117839,5526,-0.783801200739119
"X17505.125",149,0.998552156971364,5593,-0.535061698747916,6966,-0.98933406982173
"X21154.8",150,0.998552156971364,4194,-0.129371517204591,6755,-0.9720528956488
"X19335.2",151,0.998548333883207,2804,0.154848070068151,5971,-0.867655665371236
"X19334.62",152,0.998543617727306,4478,-0.152860101269142,6738,-0.9720528956488
"X9738.7",153,0.998543617727306,2212,0.324045829492999,4857,-0.576755900126913
"X7717.95",154,0.998542353969344,1616,0.565883721525316,3207,0.0452470950580988
"X10054.3",155,0.998533272062295,6797,-0.950541631798356,1012,0.82056307662154
"X13583.19",156,0.998533272062295,6678,-0.922749112754487,5044,-0.639383717030637
"X13652.2",157,0.998533272062295,6262,-0.794916489593496,4411,-0.411348497103365
"X14186.13",158,0.998533272062295,4307,-0.142411167712524,5708,-0.826188738303315
"X23178.95",159,0.998533272062295,3807,-0.0391926234723824,4745,-0.535381034108619
"X23310.51",160,0.998533272062295,3922,-0.0696157865712335,6928,-0.97786589335385
"X18931.40",161,0.99852752213926,4726,-0.187401759629128,4382,-0.401455970880582
"X22572.19",162,0.998527496570526,2489,0.229074539029982,5128,-0.665394953611376
"X14043.12",163,0.998516564492358,6760,-0.942296642229926,1190,0.770781138006089
"X9745.20",164,0.998516564492358,4096,-0.109683813519778,2570,0.282989090765619
"X9199.6",165,0.998516554924554,6476,-0.865103516693765,4286,-0.364740837216875
"X25083.26",166,0.998516550140605,1755,0.512488961046473,6947,-0.983192282653725
"X4696.2",167,0.998516550140605,5832,-0.635465795633781,2786,0.203476963253124
"X7918.114",168,0.998516550140605,4838,-0.21707073755512,5505,-0.777439752799325
"X9388.18",169,0.998516550140605,5271,-0.388166634176928,5516,-0.780256008465781
"X23318.60",170,0.998501797213846,3344,0.0762912201273384,6393,-0.957454643493585
"X5654.70",171,0.998500602217142,208,0.956283815833619,6841,-0.972336976061105
"X13101.60",172,0.998497205640961,3846,-0.0487389598707171,4940,-0.605230368617788
"X18415.16",173,0.998497205640961,6393,-0.838607378706335,3129,0.0759337394348044
"X24445.38",174,0.998497205640961,2455,0.237838412389722,6332,-0.947541947541948
"X7785.1",175,0.998497205640961,4774,-0.199528129358473,1698,0.61445631326212
"X23578.6",176,0.998497200794613,4833,-0.214858259217153,4145,-0.305890077748429
"X11654.77",177,0.998495502244157,5541,-0.511530837140008,788,0.863578676030591
"X6380.23",178,0.998490071507934,1841,0.47225566070535,4915,-0.596567546630117
"X8005.1",179,0.998489221539924,2531,0.214562905828659,6533,-0.96969876309404
"X5129.12",180,0.998488312071381,4821,-0.211435006112399,4408,-0.411219644552978
"X17467.1",181,0.998479766016161,4466,-0.152515683036338,6554,-0.970250178498929
"X9102.28",182,0.998479766016161,5956,-0.684102814401894,6911,-0.975432851327981
"X16850.5",183,0.998473171441035,5202,-0.358491779426158,4311,-0.374386943161236
"X25308.8",184,0.998464956834973,3931,-0.0718013203395159,6322,-0.946241075178497
"X4588.1",185,0.998464951884626,4079,-0.105901858393831,5746,-0.831956866274301
"X9730.22",186,0.998464027395708,6807,-0.952912600337773,1265,0.754750130581955
"X9266.1",187,0.998459947056549,4332,-0.145718195859976,5649,-0.813991315117962
"X19373.3",188,0.998459941966912,4264,-0.138193778750593,6634,-0.971170413382355
"X21191.24",189,0.998459941966912,3496,0.0375888314977047,6273,-0.937911397815523
"X8325.37",190,0.998459941966912,5311,-0.405759325392439,4943,-0.60552717800525
"X13738.8",191,0.998457732426018,4231,-0.134170418063394,5670,-0.817931092413445
"X12414.31",192,0.998451441634098,3605,0.0103351599828776,4038,-0.268995811222242
"X3709.4",193,0.998441760810284,4485,-0.153143293559093,6216,-0.925666646316232
"X6420.4",194,0.998441760810284,4486,-0.153143293559093,5755,-0.833384209419538
"X22576.1",195,0.998426909107734,3998,-0.0871932713480828,5032,-0.637328123622106
"X13518.5",196,0.998421457340393,1927,0.441335027016156,5012,-0.630162721465938
"X20173.39",197,0.998421446645913,3601,0.0110327478726776,6900,-0.97514351660058
"X3503.4",198,0.998421435951288,3323,0.0813274790682078,3728,-0.152229152229152
"X13107.9",199,0.998419818698382,4894,-0.236716006870553,853,0.85162026846539
"X11682.7",200,0.99841980850659,3133,0.128506916458742,1035,0.810795227144766
"X8467.9",201,0.99841980850659,4410,-0.150767765086126,6405,-0.958621063913498
"X12851.5",202,0.998419803410645,5850,-0.642723996275833,631,0.901152735857121
"X3074.6",203,0.998411720505543,2434,0.245896256713024,5389,-0.748331393475502
"X9278.9",204,0.998411714849398,5065,-0.302595609406274,4345,-0.385791496864071
"X16825.20",205,0.998408426123934,4502,-0.153168613507437,4014,-0.257404116186626
"X17775.8",206,0.998408426123934,168,0.960387028602941,3603,-0.105640054447535
"X3232.28",207,0.998408426123934,37,0.983898715440305,5307,-0.723685335332373
"X9757.29",208,0.998408426123934,4431,-0.151519684744889,6885,-0.974372541039208
"X12756.3",209,0.998402489338353,6951,-0.979410786307189,3418,-0.040513437625351
"X12562.1",210,0.998402472694438,5440,-0.465913698689458,2850,0.18258533855624
"X3509.1",211,0.998401111092292,3499,0.0362825918318951,5242,-0.704681962320463
"X21537.33",212,0.998401077698811,2005,0.40669625813219,6523,-0.969106942060721
"X7721.81",213,0.998381646622469,6520,-0.874002162115876,3940,-0.233328730280852
"X12817.1",214,0.998380620321563,6697,-0.925380933049836,5193,-0.688751688751689
"X19581.15",215,0.998377700759531,3530,0.0297058721448156,4242,-0.346208728702663
"X20439.14",216,0.998377700759531,5066,-0.303322218591669,4736,-0.533232034079963
"X9288.7",217,0.998377700759531,2245,0.306711298103807,5563,-0.791310752073018
"X9762.14",218,0.998377700759531,3835,-0.045146909671473,6141,-0.904480085222229
"X24704.38",219,0.998369607981996,5920,-0.667867293460698,2487,0.316946466499642
"X19196.73",220,0.99836541061377,131,0.967310633389135,1071,0.801854602929106
"X2789.26",221,0.998361875865802,4961,-0.26119700128871,6958,-0.987276356444307
"X16606.85",222,0.998359265540889,457,0.917183746032725,6200,-0.922221564643296
"X18814.21",223,0.998340136515303,4223,-0.133113618360839,5965,-0.867163790861007
"X15617.8",224,0.998338128001914,2685,0.172018711267253,5453,-0.765576561726259
"X10758.2",225,0.998328843192284,5404,-0.4493307996339,4839,-0.570717570717571
"X24637.3",226,0.998316250030726,2589,0.196156162776507,6307,-0.943330823446414
"X13565.2",227,0.998287768244396,4493,-0.153168613507437,5826,-0.844676469525633
"X13534.20",228,0.998287502318185,6478,-0.865528721716623,4632,-0.492993924225709
"X2625.53",229,0.998273234520561,786,0.840199357128376,6248,-0.932716524300829
"X5467.15",230,0.998273234520561,39,0.983367333952929,5018,-0.632505441465612
"X10699.52",231,0.998248654229039,4719,-0.18638909994213,4117,-0.296783953004063
"X13545.97",232,0.998248654229039,6076,-0.729779699915996,6708,-0.9720528956488
"X23528.199",233,0.998242509156159,118,0.968778561484561,717,0.878926568161344
"X10058.1",234,0.998236364083278,1325,0.671052682321092,5143,-0.670960657052863
"X10342.55",235,0.998236364083278,6191,-0.770659714857564,706,0.880990659150573
"X10472.53",236,0.998236364083278,3711,-0.0147276029756005,5920,-0.85894932039218
"X10521.10",237,0.998236364083278,4083,-0.106617973151722,6678,-0.9720528956488
"X10560.1",238,0.998236364083278,6477,-0.865488664103444,605,0.907136704082907
"X10569.28",239,0.998236364083278,3928,-0.0711094139368625,3846,-0.203553556515621
"X10575.31",240,0.998236364083278,1425,0.637313012660571,6679,-0.9720528956488
"X10615.18",241,0.998236364083278,4121,-0.115522407629508,6681,-0.9720528956488
"X10647.18",242,0.998236364083278,5221,-0.365025500311988,6980,-0.99213535604611
"X10721.76",243,0.998236364083278,5230,-0.36784685452491,4852,-0.574533283357335
"X10738.11",244,0.998236364083278,3803,-0.0384521941004747,6682,-0.9720528956488
"X10741.22",245,0.998236364083278,5182,-0.350643440836994,5800,-0.839977750191633
"X10749.18",246,0.998236364083278,4403,-0.150496126243208,4584,-0.471188179361228
"X10767.52",247,0.998236364083278,5694,-0.584630691568746,931,0.835731292863103
"X10900.272",248,0.998236364083278,397,0.926126744540297,1846,0.559211694383618
"X10903.50",249,0.998236364083278,237,0.951282061170264,5090,-0.654942034417681
"X10939.16",250,0.998236364083278,4992,-0.274292665451525,2780,0.205128205128205
"X10945.11",251,0.998236364083278,3541,0.0256735290817722,4878,-0.582266411526043
"X10961.15",252,0.998236364083278,6964,-0.980733410718486,4078,-0.285382678055934
"X11083.23",253,0.998236364083278,4687,-0.17657312318508,972,0.829147843469913
"X11102.22",254,0.998236364083278,4154,-0.122262572021713,5194,-0.689336589336589
"X11103.24",255,0.998236364083278,4284,-0.139523386536011,6432,-0.961347510734976
"X11142.11",256,0.998236364083278,4381,-0.149134815991732,6685,-0.9720528956488
"X11161.5",257,0.998236364083278,4680,-0.17493029551616,6686,-0.9720528956488
"X11196.31",258,0.998236364083278,5291,-0.396793015282925,6687,-0.9720528956488
"X11245.43",259,0.998236364083278,4445,-0.151962270241755,6667,-0.972013440913246
"X11270.17",260,0.998236364083278,5890,-0.654357098849878,1644,0.631847862539701
"X11277.23",261,0.998236364083278,490,0.910352616792003,5836,-0.846770958684316
"X11286.78",262,0.998236364083278,4903,-0.240145926288713,6083,-0.891078626712171
"X11348.132",263,0.998236364083278,4907,-0.241580508196785,6448,-0.962830743385133
"X11454.87",264,0.998236364083278,4817,-0.209603214697523,6693,-0.9720528956488
"X11556.19",265,0.998236364083278,6556,-0.886569947728364,5246,-0.705154761200213
"X11571.75",266,0.998236364083278,5989,-0.695860922682977,6370,-0.954890085682534
"X11608.5",267,0.998236364083278,4291,-0.140330647991392,4814,-0.555463494505928
"X11626.7",268,0.998236364083278,963,0.795503554109483,5078,-0.651864565044419
"X11664.32",269,0.998236364083278,1540,0.597268124129899,6695,-0.9720528956488
"X11666.72",270,0.998236364083278,6129,-0.74901758134118,3808,-0.187081544190968
"X11681.8",271,0.998236364083278,3545,0.0248507478844878,6102,-0.89623404549131
"X11851.21",272,0.998236364083278,1321,0.671912660185339,6696,-0.9720528956488
"X11926.23",273,0.998236364083278,1215,0.705667755457774,3520,-0.075812274368231
"X11955.1",274,0.998236364083278,4446,-0.151962270241755,6697,-0.9720528956488
"X12347.29",275,0.998236364083278,6213,-0.777091811613863,2092,0.467098038442064
"X12381.26",276,0.998236364083278,4489,-0.153168613507437,3812,-0.18856075700486
"X12460.18",277,0.998236364083278,2084,0.377549564419284,851,0.85211049956271
"X12469.19",278,0.998236364083278,4366,-0.147788931352171,6701,-0.9720528956488
"X12491.23",279,0.998236364083278,4362,-0.147616104433955,6702,-0.9720528956488
"X12494.99",280,0.998236364083278,3488,0.0402801291123717,4022,-0.260171102036522
"X12498.12",281,0.998236364083278,4377,-0.149053831529179,5656,-0.816140932315401
"X12517.52",282,0.998236364083278,3211,0.109494849773822,4392,-0.404654343637595
"X12522.6",283,0.998236364083278,27,0.987358711035868,6586,-0.97112951694852
"X12524.18",284,0.998236364083278,2244,0.306974308907243,5627,-0.808137405201536
"X12587.65",285,0.998236364083278,5347,-0.420799123825243,6353,-0.952027242448293
"X12599.10",286,0.998236364083278,6690,-0.924773147094779,2996,0.124972018152588
"X12616.45",287,0.998236364083278,6066,-0.725728763752897,1387,0.723127537449251
"X12720.71",288,0.998236364083278,508,0.907373056854949,5123,-0.664595293050048
"X12835.101",289,0.998236364083278,6067,-0.726005987800005,5474,-0.771754354816437
"X12861.13",290,0.998236364083278,3813,-0.0402608470974783,5316,-0.725960558416024
"X12881.17",291,0.998236364083278,5812,-0.626858304185354,5327,-0.729515591824552
"X12894.3",292,0.998236364083278,128,0.967444246053936,3702,-0.144634484754033
"X12895.28",293,0.998236364083278,6898,-0.96827971765463,2853,0.181922640721065
"X12960.9",294,0.998236364083278,6608,-0.903659340786475,4837,-0.570351081388544
"X12975.11",295,0.998236364083278,6389,-0.83830971610112,6858,-0.973225433526011
"X13022.20",296,0.998236364083278,5196,-0.355814877231411,5322,-0.728590874119666
"X13067.5",297,0.998236364083278,6893,-0.967756614695209,4419,-0.414228692798853
"X13090.17",298,0.998236364083278,4587,-0.157437651604842,6704,-0.9720528956488
"X13093.6",299,0.998236364083278,4467,-0.152551589030847,6705,-0.9720528956488
"X13104.32",300,0.998236364083278,4465,-0.152489886583188,6706,-0.9720528956488
"X13122.19",301,0.998236364083278,1287,0.687008521100007,6597,-0.971170217817484
"X13126.52",302,0.998236364083278,4491,-0.153168613507437,6707,-0.9720528956488
"X13131.5",303,0.998236364083278,5363,-0.426182662383488,5955,-0.866077475949051
"X13392.13",304,0.998236364083278,1299,0.682772575797242,2623,0.266299737626009
"X13434.172",305,0.998236364083278,3606,0.0099225248641582,6281,-0.939266010402899
"X13590.1",306,0.998236364083278,4494,-0.153168613507437,6598,-0.971170217817484
"X13613.23",307,0.998236364083278,3519,0.0319132812238575,597,0.908649135612502
"X13628.58",308,0.998236364083278,3708,-0.0142416962002861,5374,-0.743767795729683
"X13645.14",309,0.998236364083278,3544,0.0252103658217104,1366,0.729195846731504
"X13678.169",310,0.998236364083278,2302,0.288046307686968,6712,-0.9720528956488
"X13726.4",311,0.998236364083278,6063,-0.724635998055245,1276,0.751921774410974
"X13961.18",312,0.998236364083278,6388,-0.837992510865415,4605,-0.483405995804646
"X13967.14",313,0.998236364083278,1028,0.777742784425421,1891,0.541272941284778
"X13969.24",314,0.998236364083278,1684,0.541759059654698,4809,-0.55403003703754
"X14024.196",315,0.998236364083278,6912,-0.970459953183268,1285,0.749883279740651
"X14029.42",316,0.998236364083278,6101,-0.739360272193162,5455,-0.766178085524715
"X14037.18",317,0.998236364083278,3689,-0.0103660112067071,6401,-0.958376578006607
"X14054.17",318,0.998236364083278,4433,-0.15156298901843,6280,-0.938871463047352
"X14105.5",319,0.998236364083278,6295,-0.8039812374393,5034,-0.637384677095868
"X14108.15",320,0.998236364083278,4328,-0.145343971863684,6052,-0.883056163816062
"X14115.34",321,0.998236364083278,6740,-0.938795314477603,3714,-0.146665581310161
"X14136.234",322,0.998236364083278,4077,-0.10551118549684,6493,-0.966829016809345
"X14156.33",323,0.998236364083278,4686,-0.176226046916999,6040,-0.88159633860054
"X14206.28",324,0.998236364083278,3098,0.133250292122526,5785,-0.838012007391187
"X14593.152",325,0.998236364083278,6914,-0.970815564496356,2641,0.258986412693244
"X14623.26",326,0.998236364083278,678,0.870798931005094,2866,0.178131555239918
"X14663.44",327,0.998236364083278,3539,0.02667088300059,5129,-0.665778031027629
"X14689.3",328,0.998236364083278,71,0.976911715366609,5661,-0.817022088076121
"X14711.27",329,0.998236364083278,4378,-0.149064826369889,6082,-0.89104377378457
"X14747.9",330,0.998236364083278,3645,0.0009949519685009,6944,-0.981337910082658
"X14748.31",331,0.998236364083278,4101,-0.110681132833106,6071,-0.887869641553727
"X15314.49",332,0.998236364083278,4347,-0.14696654160942,6716,-0.9720528956488
"X15322.35",333,0.998236364083278,6332,-0.81562151718606,4546,-0.45676089772675
"X15325.14",334,0.998236364083278,667,0.872326066584654,823,0.856726703622602
"X15387.44",335,0.998236364083278,2623,0.18417409345607,5165,-0.678246631551952
"X15391.114",336,0.998236364083278,2359,0.270569089387565,6547,-0.97024997024997
"X15436.40",337,0.998236364083278,4242,-0.135527616781485,3543,-0.0864255982324278
"X15441.6",338,0.998236364083278,1340,0.665391815098626,2498,0.31026546461239
"X15455.40",339,0.998236364083278,6900,-0.968331218739033,4429,-0.41741137480026
"X15465.79",340,0.998236364083278,3776,-0.0309553467099098,1977,0.50911733180775
"X15480.2",341,0.998236364083278,2502,0.223821772479937,6719,-0.9720528956488
"X15487.164",342,0.998236364083278,6421,-0.847087917845541,3205,0.0463264353304005
"X15503.15",343,0.998236364083278,3264,0.0972854779433032,4955,-0.609516482215778
"X15524.30",344,0.998236364083278,1105,0.747686220751983,6492,-0.966805415820034
"X15585.304",345,0.998236364083278,4404,-0.15051926466108,6722,-0.9720528956488
"X15587.20",346,0.998236364083278,4498,-0.153168613507437,6723,-0.9720528956488
"X15594.47",347,0.998236364083278,4058,-0.100806373862843,4646,-0.500315431734467
"X15627.83",348,0.998236364083278,4424,-0.151307100129322,3813,-0.189257756854658
"X15635.4",349,0.998236364083278,4499,-0.153168613507437,4893,-0.587921590288874
"X15640.54",350,0.998236364083278,4500,-0.153168613507437,6665,-0.971934531442136
"X16300.4",351,0.998236364083278,250,0.949338434069006,6901,-0.975158902975912
"X16591.71",352,0.998236364083278,5026,-0.287392929993556,3873,-0.211561211561212
"X16610.13",353,0.998236364083278,3263,0.0973818880177703,6476,-0.965845350588204
"X16754.40",354,0.998236364083278,3840,-0.0460763027893363,2263,0.403623734033388
"X16765.52",355,0.998236364083278,4350,-0.147012103544455,5758,-0.833628414633319
"X16768.3",356,0.998236364083278,6151,-0.758141304751928,5846,-0.848092228218643
"X16780.6",357,0.998236364083278,4092,-0.108669579536383,3772,-0.169609332360117
"X17151.84",358,0.998236364083278,4011,-0.0884335422050909,6727,-0.9720528956488
"X17156.72",359,0.998236364083278,1423,0.637494263600569,1453,0.699644249801082
"X17165.1",360,0.998236364083278,4153,-0.122240261618378,5754,-0.833248539856326
"X17344.23",361,0.998236364083278,4448,-0.151962270241755,6728,-0.9720528956488
"X17367.5",362,0.998236364083278,368,0.9300525627726,2565,0.284738250708541
"X17380.2",363,0.998236364083278,1085,0.754775772439979,6729,-0.9720528956488
"X17722.5",364,0.998236364083278,4416,-0.151054876063618,5810,-0.840773838880012
"X17757.86",365,0.998236364083278,3526,0.0304231630988512,6604,-0.971170217817484
"X17771.35",366,0.998236364083278,4987,-0.27263612138414,4212,-0.335626148951613
"X17781.191",367,0.998236364083278,3146,0.125529247115837,4723,-0.529160337469505
"X18165.181",368,0.998236364083278,255,0.948598004697099,4264,-0.3546125873758
"X18178.13",369,0.998236364083278,5927,-0.67193965500619,5414,-0.755025546941272
"X18181.2",370,0.998236364083278,3113,0.130813045439996,6060,-0.885331386899713
"X18194.18",371,0.998236364083278,6527,-0.876683801950569,5596,-0.799714610746155
"X18205.123",372,0.998236364083278,3064,0.13741430182685,4769,-0.544297804343966
"X18226.148",373,0.998236364083278,3564,0.0200813331391206,6734,-0.9720528956488
"X18275.5",374,0.998236364083278,1494,0.614259435653988,6735,-0.9720528956488
"X18285.6",375,0.998236364083278,3958,-0.0793826385293869,4707,-0.524767710244422
"X18289.16",376,0.998236364083278,3682,-0.00939921020106713,5869,-0.850424306558945
"X18295.102",377,0.998236364083278,3885,-0.059192598011238,3394,-0.0313336358196393
"X18299.13",378,0.998236364083278,4113,-0.113216278648254,6668,-0.972013440913246
"X18310.26",379,0.998236364083278,268,0.946731505655415,4438,-0.42064666311574
"X18312.68",380,0.998236364083278,74,0.976024742681511,5035,-0.637529344459569
"X18332.17",381,0.998236364083278,468,0.914893042663386,2923,0.150986697178329
"X18347.15",382,0.998236364083278,4782,-0.20163202974058,6109,-0.89710820326014
"X18373.13",383,0.998236364083278,4427,-0.151519684744889,6469,-0.96470116325712
"X18382.109",384,0.998236364083278,5733,-0.599720796424343,6555,-0.970250386744972
"X18387.7",385,0.998236364083278,4166,-0.124037345406446,6563,-0.970408948334024
"X18824.7",386,0.998236364083278,1329,0.669834058979827,1874,0.547099090568345
"X18871.24",387,0.998236364083278,4341,-0.146634175339004,6486,-0.966449144609207
"X18893.26",388,0.998236364083278,4017,-0.0910149666999603,5803,-0.840221472582247
"X18901.26",389,0.998236364083278,3859,-0.0534343196726685,5875,-0.851584436421981
"X19113.66",390,0.998236364083278,299,0.940453281606115,4832,-0.567906008126607
"X19127.1",391,0.998236364083278,4470,-0.152655711911272,6429,-0.961163388635721
"X19175.18",392,0.998236364083278,867,0.820561569401756,4921,-0.59807891898492
"X19233.75",393,0.998236364083278,4268,-0.138433297725879,6736,-0.9720528956488
"X19239.5",394,0.998236364083278,407,0.924109845782445,5463,-0.768466460186884
"X19272.9",395,0.998236364083278,548,0.89977208658396,5872,-0.850755886975334
"X19280.29",396,0.998236364083278,3358,0.0739580963252336,527,0.926706252918006
"X19282.3",397,0.998236364083278,4505,-0.153168613507437,1951,0.518402346241608
"X19293.6",398,0.998236364083278,4506,-0.153168613507437,6737,-0.9720528956488
"X19491.11",399,0.998236364083278,3319,0.0826002954004682,6739,-0.9720528956488
"X19523.215",400,0.998236364083278,5432,-0.461630718563567,6740,-0.9720528956488
"X19601.15",401,0.998236364083278,2454,0.239285948424467,5297,-0.72121283857095
"X19616.100",402,0.998236364083278,4449,-0.151962270241755,6741,-0.9720528956488
"X19620.16",403,0.998236364083278,920,0.806917615663166,3094,0.0874458169681923
"X19622.7",404,0.998236364083278,4507,-0.153168613507437,6742,-0.9720528956488
"X19630.2",405,0.998236364083278,669,0.87204454916721,4112,-0.294680844068309
"X19636.23",406,0.998236364083278,446,0.918954083691414,6648,-0.971250649359189
"X19768.13",407,0.998236364083278,4624,-0.162457630788491,6743,-0.9720528956488
"X19802.22",408,0.998236364083278,772,0.846553725478097,4606,-0.483445450540201
"X20054.28",409,0.998236364083278,450,0.918834286507603,6361,-0.953680140458859
"X20064.24",410,0.998236364083278,4395,-0.150141337169169,6744,-0.9720528956488
"X20067.26",411,0.998236364083278,4931,-0.250049169137978,5006,-0.627928692141274
"X20105.7",412,0.998236364083278,4508,-0.153168613507437,6745,-0.9720528956488
"X20133.1",413,0.998236364083278,5663,-0.57088647135271,6076,-0.890134787711051
"X20243.26",414,0.998236364083278,4510,-0.153168613507437,6747,-0.9720528956488
"X20398.60",415,0.998236364083278,6568,-0.890662611661423,6963,-0.988886916152111
"X20444.12",416,0.998236364083278,3988,-0.0853267723063989,3995,-0.252949117130317
"X20915.68",417,0.998236364083278,2527,0.215707900612782,6243,-0.932335128523801
"X20941.7",418,0.998236364083278,557,0.898271945825251,5324,-0.72870923832633
"X20965.18",419,0.998236364083278,5684,-0.579841039069219,5790,-0.838314493697106
"X20986.58",420,0.998236364083278,5637,-0.560732562309831,1157,0.778448508282207
"X20988.63",421,0.998236364083278,2433,0.246050079249081,4712,-0.525641025641026
"X21110.5",422,0.998236364083278,2679,0.173175632160858,4855,-0.576506020135067
"X21115.48",423,0.998236364083278,2609,0.189291540208786,6098,-0.89512931289578
"X21130.82",424,0.998236364083278,1482,0.618817703974795,6421,-0.960163868668337
"X21152.25",425,0.998236364083278,727,0.858308041757131,2527,0.300230810202995
"X21180.16",426,0.998236364083278,93,0.973132440447497,5408,-0.753552570147232
"X21207.1",427,0.998236364083278,4564,-0.15518551226529,5782,-0.837807037180244
"X21236.12",428,0.998236364083278,1605,0.56895055705741,6609,-0.971170217817484
"X21323.2",429,0.998236364083278,4334,-0.145845810037902,5912,-0.857897194110723
"X21351.8",430,0.998236364083278,4605,-0.159196171363123,6610,-0.971170217817484
"X21491.7",431,0.998236364083278,4589,-0.157842573917604,6038,-0.881201791244994
"X21590.9",432,0.998236364083278,3888,-0.0605879471981304,6840,-0.972336976061105
"X21600.10",433,0.998236364083278,2452,0.240022521393395,3917,-0.22466184003735
"X21722.21",434,0.998236364083278,2304,0.287645241777185,5491,-0.775344735751909
"X21747.114",435,0.998236364083278,624,0.883007599900007,4672,-0.509761759155143
"X21747.8",436,0.998236364083278,62,0.978084100835969,6116,-0.898614481203106
"X21756.5",437,0.998236364083278,155,0.963096885438545,5180,-0.685992911299179
"X21764.99",438,0.998236364083278,5806,-0.624941671904947,3903,-0.222583890631473
"X21786.25",439,0.998236364083278,6152,-0.75842347306274,4387,-0.402813943721126
"X21817.5",440,0.998236364083278,4516,-0.153168613507437,6636,-0.971170413382355
"X21823.5",441,0.998236364083278,1989,0.414486192149135,6439,-0.96212345386755
"X21987.76",442,0.998236364083278,358,0.932567372591938,6478,-0.96595056321635
"X22009.1",443,0.998236364083278,4290,-0.140238094319904,5407,-0.75342105436205
"X22037.47",444,0.998236364083278,1902,0.44929794183773,6669,-0.972013440913246
"X22043.174",445,0.998236364083278,1628,0.561372725204293,6093,-0.893393304531376
"X22055.31",446,0.998236364083278,5156,-0.34038540891369,5595,-0.7996751560106
"X22057.9",447,0.998236364083278,6181,-0.768650528905668,1655,0.628143294192664
"X22068.5",448,0.998236364083278,3968,-0.0815001788606776,3876,-0.21230251599205
"X2211.9",449,0.998236364083278,4262,-0.138010448119614,6612,-0.971170217817484
"X22119.18",450,0.998236364083278,5500,-0.494510545908253,6837,-0.97227647248361
"X22142.4",451,0.998236364083278,2479,0.232089900466239,2259,0.404154583653903
"X22381.1",452,0.998236364083278,4517,-0.153168613507437,6238,-0.930572817002361
"X22544.10",453,0.998236364083278,6763,-0.943040928004813,5818,-0.842070275403609
"X22770.22",454,0.998236364083278,6662,-0.919491403688062,4929,-0.600694844647885
"X22772.125",455,0.998236364083278,88,0.974007843923659,6763,-0.9720528956488
"X22786.57",456,0.998236364083278,6260,-0.793871404386273,2479,0.319866116930685
"X22858.3",457,0.998236364083278,5634,-0.559025577028309,5972,-0.867747726420864
"X22966.20",458,0.998236364083278,4481,-0.153052921418076,5902,-0.856700400465566
"X23031.6",459,0.998236364083278,749,0.853317856302712,3487,-0.0659354389010541
"X23148.100",460,0.998236364083278,3193,0.114176522989946,5279,-0.716373057676248
"X23173.3",461,0.998236364083278,4275,-0.138707251876843,6615,-0.971170217817484
"X23284.5",462,0.998236364083278,5800,-0.621486334836045,6334,-0.948143325902692
"X23285.51",463,0.998236364083278,4834,-0.21488958394435,6342,-0.950234426887087
"X23321.42",464,0.998236364083278,5668,-0.573103987490227,2075,0.473151473151473
"X23341.16",465,0.998236364083278,6503,-0.871253986556579,4032,-0.267603267603268
"X23369.17",466,0.998236364083278,5937,-0.674527301404888,5425,-0.757879439479723
"X23409.83",467,0.998236364083278,1132,0.739665804117867,3354,-0.0161304110525866
"X23414.12",468,0.998236364083278,5475,-0.480826927260116,6946,-0.9825800280836
"X23416.47",469,0.998236364083278,3826,-0.0433536822863842,5169,-0.67973275992451
"X2358.19",470,0.998236364083278,2092,0.372887173218053,6339,-0.94991878900265
"X23588.9",471,0.998236364083278,4575,-0.156385510390073,6031,-0.8799786944428
"X23601.43",472,0.998236364083278,4487,-0.153157044298501,6982,-0.993029663385348
"X23621.326",473,0.998236364083278,6371,-0.829084219984651,5493,-0.776024637425552
"X23631.1",474,0.998236364083278,6313,-0.809003929674635,1873,0.547348970560191
"X23632.22",475,0.998236364083278,3822,-0.0423201662880964,5176,-0.683507262959237
"X23640.10",476,0.998236364083278,4326,-0.144784793431774,6765,-0.9720528956488
"X23677.30",477,0.998236364083278,5227,-0.366843986953193,3874,-0.211917960453203
"X24235.2",478,0.998236364083278,3182,0.117057356510305,6466,-0.964503889579347
"X24255.38",479,0.998236364083278,2592,0.195508061810427,5202,-0.69318682474864
"X2436.49",480,0.998236364083278,3366,0.0702636622716527,6767,-0.9720528956488
"X24413.96",481,0.998236364083278,3717,-0.0163511486296272,6477,-0.965911108480795
"X24455.2",482,0.998236364083278,5296,-0.398558755041503,661,0.89322233401064
"X24493.10",483,0.998236364083278,5548,-0.514228198789861,6573,-0.970736075215206
"X24645.2",484,0.998236364083278,4904,-0.240851648033813,6771,-0.9720528956488
"X24671.15",485,0.998236364083278,5365,-0.428901426483462,5936,-0.862500246592097
"X24717.26",486,0.998236364083278,4521,-0.153168613507437,6110,-0.897154655987585
"X24891.54",487,0.998236364083278,3615,0.00814086668800543,6112,-0.897515211949775
"X24895.25",488,0.998236364083278,5310,-0.405194987891759,5820,-0.842563153939534
"X24940.3",489,0.998236364083278,1343,0.6648091658986,5340,-0.734114537097315
"X25108.6",490,0.998236364083278,5008,-0.281270607653417,6227,-0.928586928646111
"X25232.4",491,0.998236364083278,748,0.85332556910867,6274,-0.937950852551077
"X25245.22",492,0.998236364083278,4451,-0.151962270241755,6773,-0.9720528956488
"X25249.33",493,0.998236364083278,5611,-0.546298045960611,2685,0.241085299324398
"X25292.4",494,0.998236364083278,4522,-0.153168613507437,4984,-0.620322886989554
"X25412.53",495,0.998236364083278,3256,0.0993062331041344,6291,-0.940515410362129
"X25456.73",496,0.998236364083278,5211,-0.361772850958814,6420,-0.960084959197228
"X25463.3",497,0.998236364083278,4207,-0.131221824155737,4983,-0.619761561881465
"X25889.108",498,0.998236364083278,5245,-0.372347276801037,5880,-0.852459350007123
"X25904.17",499,0.998236364083278,6567,-0.890011530644906,4856,-0.57670329381284
"X25917.12",500,0.998236364083278,6452,-0.857964821892028,1792,0.582858232559363
"X2637.77",501,0.998236364083278,4523,-0.153168613507437,6249,-0.932884267079102
"X2642.4",502,0.998236364083278,4367,-0.14784275824602,5207,-0.694324980667218
"X2654.19",503,0.998236364083278,2493,0.226829766803312,6777,-0.9720528956488
"X2668.70",504,0.998236364083278,3420,0.0589836835589972,6778,-0.9720528956488
"X2748.3",505,0.998236364083278,4524,-0.153168613507437,6588,-0.971129712789483
"X2770.51",506,0.998236364083278,5240,-0.370752058907463,6295,-0.941241512172951
"X2790.54",507,0.998236364083278,4152,-0.122217123200506,5861,-0.849732391786565
"X2811.27",508,0.998236364083278,4525,-0.153168613507437,6870,-0.973554714022721
"X2844.53",509,0.998236364083278,1424,0.637335296456536,6780,-0.9720528956488
"X2888.49",510,0.998236364083278,4436,-0.15166461634575,6782,-0.9720528956488
"X2913.1",511,0.998236364083278,3923,-0.0698548835559121,5740,-0.8311185277139
"X2946.52",512,0.998236364083278,4336,-0.146084401235592,6784,-0.9720528956488
"X2950.57",513,0.998236364083278,3977,-0.082988703489734,5706,-0.826044070939615
"X3029.52",514,0.998236364083278,2657,0.176654107647633,6618,-0.971170217817484
"X3030.3",515,0.998236364083278,4368,-0.147876658635989,5839,-0.84688899336411
"X3034.1",516,0.998236364083278,3151,0.124280298794103,5441,-0.760509755183366
"X3066.12",517,0.998236364083278,4606,-0.159400607775333,6549,-0.97024997024997
"X3078.1",518,0.998236364083278,4351,-0.147013782542113,6425,-0.960886464926026
"X3152.57",519,0.998236364083278,4527,-0.153168613507437,6789,-0.9720528956488
"X3280.49",520,0.998236364083278,4265,-0.138193778750593,6312,-0.944092639719082
"X3290.50",521,0.998236364083278,3582,0.0149127103185774,6275,-0.937990307286632
"X3303.23",522,0.998236364083278,4379,-0.149064826369889,6418,-0.959900837097973
"X3311.27",523,0.998236364083278,4443,-0.151934564554258,6619,-0.971170217817484
"X3366.51",524,0.998236364083278,758,0.850402415650826,5409,-0.753592024882787
"X3397.7",525,0.998236364083278,1834,0.474117751408551,5638,-0.812313822966602
"X3405.6",526,0.998236364083278,3685,-0.00966800226756495,6620,-0.971170217817484
"X3434.34",527,0.998236364083278,4488,-0.153157044298501,6670,-0.972013440913246
"X3435.53",528,0.998236364083278,4425,-0.151321396480647,6791,-0.9720528956488
"X3474.19",529,0.998236364083278,4432,-0.151533498644474,6504,-0.968028512622228
"X3516.60",530,0.998236364083278,3879,-0.0581661261275158,4850,-0.574428070729189
"X3580.25",531,0.998236364083278,4292,-0.140343245419097,5671,-0.818297634047319
"X3592.4",532,0.998236364083278,5990,-0.696137849312938,3888,-0.215987680246395
"X3623.84",533,0.998236364083278,4529,-0.153168613507437,6792,-0.9720528956488
"X3708.62",534,0.998236364083278,4530,-0.153168613507437,6968,-0.989807526648386
"X3738.54",535,0.998236364083278,4257,-0.137511617413973,6064,-0.88630460371006
"X3872.2",536,0.998236364083278,3853,-0.0516256666756649,5764,-0.835210721166808
"X3905.62",537,0.998236364083278,861,0.820993486535369,4342,-0.385190007430642
"X4127.75",538,0.998236364083278,5945,-0.678245944169091,5342,-0.734798419180262
"X4153.11",539,0.998236364083278,4305,-0.14227427509265,6309,-0.943642863441801
"X4230.1",540,0.998236364083278,4452,-0.151962270241755,6639,-0.971170413382355
"X4276.10",541,0.998236364083278,4252,-0.136615141142406,5119,-0.662898739421199
"X4413.3",542,0.998236364083278,4184,-0.128092072759053,6584,-0.971089404422738
"X4479.14",543,0.998236364083278,4111,-0.112687951440174,5575,-0.794474178690382
"X4544.4",544,0.998236364083278,4149,-0.122012733842636,5809,-0.84073749974562
"X4719.58",545,0.998236364083278,1911,0.446490480469247,6235,-0.929639054927568
"X4775.34",546,0.998236364083278,3824,-0.0426903809740503,6621,-0.971170217817484
"X4878.3",547,0.998236364083278,3695,-0.0115460705181849,5437,-0.760023146778192
"X4911.49",548,0.998236364083278,4791,-0.203371267483967,6374,-0.955376694087708
"X4968.50",549,0.998236364083278,5524,-0.505034896439352,5930,-0.86181636450915
"X4976.57",550,0.998236364083278,4269,-0.138433297725879,6883,-0.974331840998508
"X4995.16",551,0.998236364083278,6189,-0.770117748024739,3845,-0.203321190907426
"X5019.16",552,0.998236364083278,1270,0.691329649183021,3987,-0.250294266569345
"X5028.59",553,0.998236364083278,4437,-0.151667490094264,6798,-0.9720528956488
"X5066.134",554,0.998236364083278,2590,0.196024819809571,6673,-0.972013440913246
"X5108.72",555,0.998236364083278,1963,0.429391189661755,6368,-0.954100990971441
"X5250.53",556,0.998236364083278,5973,-0.688834556455811,4366,-0.3950494176384
"X5272.55",557,0.998236364083278,4435,-0.151647330690466,6801,-0.9720528956488
"X5307.12",558,0.998236364083278,4586,-0.157345097933354,5217,-0.698670026599468
"X5392.73",559,0.998236364083278,4259,-0.137827842458226,6802,-0.9720528956488
"X5437.63",560,0.998236364083278,6270,-0.797322885052196,5156,-0.67391820482034
"X5464.52",561,0.998236364083278,479,0.912795159442981,4854,-0.575638015952865
"X5494.52",562,0.998236364083278,5174,-0.348456860348079,6260,-0.935475555736448
"X5542.22",563,0.998236364083278,4869,-0.228819670740314,4730,-0.531080467933164
"X5596.75",564,0.998236364083278,3273,0.0948173800369443,5773,-0.837117700051949
"X5599.88",565,0.998236364083278,4536,-0.153168613507437,4370,-0.396789699683705
"X5605.77",566,0.998236364083278,2080,0.379658918716866,6965,-0.98911930103041
"X5609.92",567,0.998236364083278,1111,0.746044294644613,4752,-0.536577827753776
"X5620.13",568,0.998236364083278,1503,0.612140132353346,4743,-0.534612697314421
"X5630.48",569,0.998236364083278,1453,0.63024422600064,6531,-0.969447214364693
"X5650.9",570,0.998236364083278,1420,0.637633775758661,6313,-0.944606117340605
"X5682.13",571,0.998236364083278,3774,-0.0308203726056558,3749,-0.160258560033668
"X5738.25",572,0.998236364083278,4537,-0.153168613507437,6156,-0.908557074562874
"X5810.25",573,0.998236364083278,5001,-0.278852642985781,2862,0.178841740479901
"X5858.6",574,0.998236364083278,3361,0.0718293618809991,2879,0.172976136460779
"X5864.10",575,0.998236364083278,161,0.961104319556976,1293,0.748462909260684
"X5903.91",576,0.998236364083278,373,0.929653492606422,4608,-0.483926548498477
"X5980.55",577,0.998236364083278,1290,0.685961963175693,5167,-0.679133679133679
"X5982.50",578,0.998236364083278,6595,-0.898646016914183,5691,-0.821940778441932
"X6022.57",579,0.998236364083278,4859,-0.224724170776949,5942,-0.863502852452567
"X6064.4",580,0.998236364083278,4441,-0.151830441673833,5730,-0.829108388734358
"X6069.71",581,0.998236364083278,2577,0.199248772699752,4292,-0.36744066152479
"X6117.4",582,0.998236364083278,2289,0.293475265532364,6941,-0.980009600652318
"X6172.7",583,0.998236364083278,1296,0.684264718926069,3904,-0.222597042209991
"X6225.3",584,0.998236364083278,3442,0.0540474877462795,5787,-0.838077765283778
"X6227.1",585,0.998236364083278,1685,0.541273893625021,3289,0.0115710115710116
"X6260.14",586,0.998236364083278,4538,-0.153168613507437,5967,-0.867432088536427
"X6276.16",587,0.998236364083278,5728,-0.596706737971426,6398,-0.957836039270613
"X6324.11",588,0.998236364083278,4414,-0.150846500128929,6431,-0.96132120757794
"X6357.83",589,0.998236364083278,6582,-0.894793470338476,2673,0.24613836775759
"X6390.18",590,0.998236364083278,3200,0.113000320081447,5899,-0.856176696039127
"X6392.7",591,0.998236364083278,4241,-0.135448441820376,6653,-0.971461074615481
"X6414.8",592,0.998236364083278,2380,0.26334064255542,5890,-0.854412991717373
"X6439.59",593,0.998236364083278,5605,-0.542445499384904,5506,-0.777488443050377
"X6442.6",594,0.998236364083278,2480,0.231723542183264,6276,-0.93808236833626
"X6563.78",595,0.998236364083278,4728,-0.188193587543258,6559,-0.970303735705878
"X6590.54",596,0.998236364083278,1670,0.547790473913362,6244,-0.932440341151947
"X7009.8",597,0.998236364083278,1873,0.460449497474578,6625,-0.971170217817484
"X7020.13",598,0.998236364083278,2482,0.230998538423271,4783,-0.547460604950582
"X7048.4",599,0.998236364083278,6643,-0.913857655322099,1136,0.783156773391726
"X7115.5",600,0.998236364083278,2661,0.175855832231045,5041,-0.638739754026641
"X7156.2",601,0.998236364083278,516,0.90611221196397,6182,-0.916645295351575
"X7186.111",602,0.998236364083278,551,0.899610117658855,4812,-0.554161488232625
"X7625.27",603,0.998236364083278,4541,-0.153168613507437,6286,-0.940120863006582
"X7655.11",604,0.998236364083278,4742,-0.190816344607535,3423,-0.0412353093523166
"X7660.21",605,0.998236364083278,3561,0.0205685649614096,4549,-0.457475255148469
"X7695.106",606,0.998236364083278,3762,-0.0281980185801495,6100,-0.895208829375174
"X7738.299",607,0.998236364083278,565,0.89590833666317,4888,-0.586054066139288
"X7761.125",608,0.998236364083278,3772,-0.0307007615647015,6352,-0.951796931175298
"X7797.11",609,0.998236364083278,6588,-0.895762882011834,1388,0.723111988440953
"X7882.31",610,0.998236364083278,2338,0.278355446408116,3898,-0.220663760167814
"X7922.5",611,0.998236364083278,4610,-0.160963953129029,6817,-0.9720528956488
"X7934.11",612,0.998236364083278,144,0.965057132610129,4556,-0.459825215521493
"X7943.16",613,0.998236364083278,6480,-0.865993220926159,2323,0.384203639041776
"X7965.25",614,0.998236364083278,5253,-0.377526426001411,6113,-0.897654415971277
"X7970.315",615,0.998236364083278,4109,-0.112121060202307,5613,-0.805501305294168
"X8017.23",616,0.998236364083278,6789,-0.94810189869182,563,0.91991425683605
"X8018.43",617,0.998236364083278,2111,0.364919844664088,5684,-0.819954143998698
"X8019.73",618,0.998236364083278,808,0.834479327751833,1808,0.575937646268748
"X8043.153",619,0.998236364083278,6379,-0.832458572591001,5982,-0.86996072366145
"X8071.114",620,0.998236364083278,6322,-0.812815643244004,1370,0.727617657309318
"X8080.24",621,0.998236364083278,4087,-0.107132804365071,5770,-0.836157634820119
"X8098.37",622,0.998236364083278,1812,0.486943170536622,6995,-0.996282653967995
"X8274.64",623,0.998236364083278,2665,0.175358356246794,6070,-0.887356729991517
"X8289.8",624,0.998236364083278,3409,0.0608309005857876,6821,-0.9720528956488
"X8304.50",625,0.998236364083278,4342,-0.146732276936011,6822,-0.9720528956488
"X8368.102",626,0.998236364083278,4544,-0.153168613507437,6823,-0.9720528956488
"X8369.102",627,0.998236364083278,6328,-0.814260462882406,3857,-0.205960295384454
"X8469.41",628,0.998236364083278,2814,0.15425572748227,4362,-0.393422895583042
"X8475.15",629,0.998236364083278,4353,-0.147013782542113,6824,-0.9720528956488
"X8760.10",630,0.998236364083278,5142,-0.332666711283103,6168,-0.911814783912303
"X8887.21",631,0.998236364083278,2015,0.401293437559051,6675,-0.972013440913246
"X8889.5",632,0.998236364083278,1711,0.530794259428029,932,0.835649891125175
"X8905.20",633,0.998236364083278,5682,-0.578915502354334,5444,-0.76277474450511
"X8908.14",634,0.998236364083278,4545,-0.153168613507437,5957,-0.866135750044092
"X8956.96",635,0.998236364083278,4546,-0.153168613507437,6825,-0.9720528956488
"X8963.8",636,0.998236364083278,441,0.919678838759935,4554,-0.458602118719299
"X8967.6",637,0.998236364083278,4232,-0.134341654165494,3175,0.0546513845324285
"X9044.1",638,0.998236364083278,5209,-0.360843626715617,885,0.844932844932845
"X9100.32",639,0.998236364083278,2272,0.298582378344756,1204,0.767123194746875
"X9169.14",640,0.998236364083278,261,0.947734170429873,3762,-0.166650227193519
"X9197.4",641,0.998236364083278,2695,0.17058798576216,6827,-0.9720528956488
"X9201.13",642,0.998236364083278,4584,-0.157206267426121,6450,-0.963254489620117
"X9232.1",643,0.998236364083278,3404,0.0618759857930114,6884,-0.974372541039208
"X9294.45",644,0.998236364083278,2555,0.203718343752049,5631,-0.80997284199036
"X9401.57",645,0.998236364083278,3900,-0.0650806566682992,5927,-0.861007475342224
"X9459.7",646,0.998236364083278,4251,-0.13652437825143,6829,-0.9720528956488
"X9581.4",647,0.998236364083278,5618,-0.550864027087374,219,0.971263800937708
"X9753.17",648,0.998236364083278,4430,-0.151519684744889,6830,-0.9720528956488
"X9756.6",649,0.998236364083278,4550,-0.153168613507437,6663,-0.971842470392509
"X9768.5",650,0.998236364083278,5167,-0.345279184293642,1408,0.71605741979181
"X9789.52",651,0.998236364083278,158,0.962137835555264,1730,0.603532513989992
"X9815.5",652,0.998236364083278,4399,-0.150335414012227,6831,-0.9720528956488
"X9819.110",653,0.998236364083278,5866,-0.647696807693973,1627,0.638186923385479
"X9846.32",654,0.998236364083278,4696,-0.178316217331446,6832,-0.9720528956488
"X9870.17",655,0.998236364083278,3639,0.00258054102784662,6123,-0.900034851683073
"X9877.28",656,0.998236364083278,3983,-0.084258548681303,6157,-0.908833257711757
"X9926.4",657,0.998236364083278,6314,-0.809123478166974,3388,-0.0290978674715433
"X9960.2",658,0.998236364083278,5749,-0.604172067645374,867,0.849298249184287
"X9963.19",659,0.998236364083278,5883,-0.65239265953196,5074,-0.651154379804436
"X9986.14",660,0.998236364083278,4810,-0.207366500969885,4160,-0.313934755018971
"X9997.12",661,0.998236364083278,5290,-0.39642109862942,6530,-0.969396183622898
"X9999.1",662,0.998236364083278,4376,-0.148980559872584,6247,-0.932694329690606
"X9749.190",663,0.998230219010398,3576,0.0165979584202631,5664,-0.817245664910931
"X17777.31",664,0.998217928864636,3327,0.0795440453671317,6633,-0.971170413382355
"X21373.8",665,0.998217928864636,1148,0.734490511320471,2345,0.375300020384947
"X23274.27",666,0.998217928864636,6813,-0.954910936373207,2158,0.439519178289374
"X7202.107",667,0.998217928864636,2543,0.210104547084752,6345,-0.950694732135224
"X9377.25",668,0.998217928864636,2017,0.400849994972265,6889,-0.974562152627084
"X15303.63",669,0.998211783791756,2249,0.306379862844365,2145,0.449093527450632
"X2889.37",670,0.998211783791756,4064,-0.102003776598086,4344,-0.385707385707386
"X11678.105",671,0.998199493645995,3260,0.0975761464783853,1052,0.806440234165666
"X12433.8",672,0.998199493645995,4820,-0.21110721185921,5065,-0.647629756761555
"X20942.4",673,0.998199493645995,311,0.938775746310386,4945,-0.606294345478816
"X10889.2",674,0.998193360758159,4287,-0.139983882409921,4865,-0.578789564367988
"X12945.33",675,0.998193360758159,4355,-0.147117917233879,968,0.830160515015815
"X12986.12",676,0.998193360758159,6832,-0.95801855781306,1242,0.759279732356406
"X13729.26",677,0.998193360758159,5813,-0.627154875461091,1091,0.798715090778771
"X15626.223",678,0.998193360758159,3704,-0.0133817183360392,6548,-0.97024997024997
"X17475.18",679,0.998193360758159,4190,-0.128977397622142,4664,-0.507447081335937
"X19374.72",680,0.998193360758159,4729,-0.188666802926239,1632,0.637410980252905
"X21754.5",681,0.998193360758159,4394,-0.150108622910692,6516,-0.968714598723349
"X22466.27",682,0.998193360758159,6952,-0.979454131022727,2930,0.149275149275149
"X23543.92",683,0.998193360758159,3045,0.139619850721673,3065,0.096562811616028
"X23554.2",684,0.998193360758159,4951,-0.256373670023023,3793,-0.181545181545182
"X23703.8",685,0.998193360758159,3722,-0.018267780910034,4842,-0.571232237149264
"X2816.50",686,0.998193360758159,2320,0.282863302083615,6637,-0.971170413382355
"X5762.35",687,0.998193360758159,5966,-0.686507473964718,6333,-0.948047039059219
"X9343.16",688,0.998193360758159,5284,-0.394650691222013,6629,-0.971170217817484
"X10346.5",689,0.998193349385455,4571,-0.155674620202585,6495,-0.967134205282989
"X11212.7",690,0.998193349385455,4335,-0.146008231748725,6688,-0.9720528956488
"X11486.26",691,0.998193349385455,1627,0.561488417293654,2787,0.202097202097202
"X12358.6",692,0.998193349385455,3431,0.0570824768905051,3850,-0.204079619656349
"X12800.5",693,0.998193349385455,4873,-0.229313290321585,3140,0.0711829187298205
"X13114.50",694,0.998193349385455,4240,-0.135448441820376,6029,-0.879376191348352
"X13378.80",695,0.998193349385455,554,0.899267476562265,3630,-0.114767249939174
"X13575.40",696,0.998193349385455,4459,-0.152300922837233,6503,-0.967910148415564
"X13939.14",697,0.998193349385455,4306,-0.142329601421787,4925,-0.599673403325216
"X14675.20",698,0.998193349385455,2264,0.300602755785569,3062,0.0971868916068025
"X15398.2",699,0.998193349385455,123,0.967954900656255,5009,-0.629092981135147
"X15540.6",700,0.998193349385455,4321,-0.143673644926677,6587,-0.97112951694852
"X15566.10",701,0.998193349385455,4382,-0.149157954409604,5712,-0.82693303840177
"X15612.5",702,0.998193349385455,1429,0.63657085268083,3311,-9.86368388865874e-05
"X16308.14",703,0.998193349385455,6920,-0.972048791210486,2198,0.424693217200187
"X19112.2",704,0.998193349385455,3258,0.0982843825579592,1678,0.62142320365339
"X19134.66",705,0.998193349385455,3919,-0.0691709891417283,3732,-0.153688926221476
"X19213.1",706,0.998193349385455,6007,-0.702551781850996,3803,-0.185316888098671
"X19243.2",707,0.998193349385455,1293,0.684776382636561,3984,-0.248794986618269
"X19274.80",708,0.998193349385455,2274,0.298250310511325,1057,0.805531248092147
"X19338.3",709,0.998193349385455,6787,-0.948085103100934,1541,0.670417930089474
"X20087.3",710,0.998193349385455,2053,0.389427285593635,5807,-0.840466160619196
"X20549.1",711,0.998193349385455,3665,-0.0040494942653936,6904,-0.975332493350133
"X20593.10",712,0.998193349385455,3632,0.00453127349995565,3597,-0.103956652397204
"X21311.22",713,0.998193349385455,5906,-0.662707614057327,3150,0.0678370678370678
"X21742.43",714,0.998193349385455,1999,0.409433010512608,6162,-0.910316538100771
"X22063.20",715,0.998193349385455,6938,-0.975809413971356,6583,-0.971049529181776
"X23253.5",716,0.998193349385455,3755,-0.0259530384837206,6764,-0.9720528956488
"X24222.10",717,0.998193349385455,1946,0.434955979159998,6428,-0.961094233434599
"X24475.45",718,0.998193349385455,797,0.83612986822671,6769,-0.9720528956488
"X25219.17",719,0.998193349385455,2720,0.16571734880008,5546,-0.788180676385683
"X25288.16",720,0.998193349385455,6293,-0.803890022121987,4569,-0.466863204138848
"X2570.72",721,0.998193349385455,3978,-0.0831980378621644,4347,-0.386912864216528
"X3050.7",722,0.998193349385455,4526,-0.153168613507437,6026,-0.878926568161344
"X3438.10",723,0.998193349385455,4471,-0.152705845149995,6862,-0.9734223325668
"X4374.45",724,0.998193349385455,4532,-0.153168613507437,6795,-0.9720528956488
"X5007.1",725,0.998193349385455,4453,-0.151962270241755,6550,-0.97024997024997
"X5644.60",726,0.998193349385455,4323,-0.14405783807936,6893,-0.974616741283408
"X5927.4",727,0.998193349385455,2189,0.328812638524193,1246,0.757839984744169
"X6075.61",728,0.998193349385455,5697,-0.585247716045336,6180,-0.916474324830838
"X6248.68",729,0.998193349385455,6455,-0.859121742785634,6461,-0.964170397503731
"X6375.75",730,0.998193349385455,513,0.906632049492848,6278,-0.938305945171069
"X6385.63",731,0.998193349385455,4192,-0.129046481141026,5133,-0.667357124538873
"X6599.5",732,0.998193349385455,2096,0.370029578610847,3321,-0.00435974827878716
"X6624.94",733,0.998193349385455,2030,0.396766020462074,4405,-0.409599337160443
"X7008.13",734,0.998193349385455,4775,-0.199642125803578,6815,-0.9720528956488
"X7145.1",735,0.998193349385455,3984,-0.0842856974139526,5766,-0.835671026414946
"X7211.2",736,0.998193349385455,2581,0.198222969507422,5155,-0.673301638029104
"X7810.20",737,0.998193349385455,4785,-0.202191208172489,6674,-0.972013440913246
"X7831.39",738,0.998193349385455,6581,-0.894704773069967,2748,0.217244349753079
"X8086.49",739,0.998193349385455,3331,0.0787290014128012,4715,-0.527034936233245
"X8394.56",740,0.998193349385455,1556,0.590029655738906,6908,-0.975349007583877
"X8974.172",741,0.998193349385455,6333,-0.815802768126058,6863,-0.9734223325668
"X9008.6",742,0.998193349385455,6861,-0.962804942995581,2983,0.128445158970811
"X10082.251",743,0.99819334369905,4641,-0.167323495306405,6552,-0.970250178498929
"X10086.39",744,0.99819334369905,5672,-0.575524575305521,4714,-0.526218811645098
"X10354.57",745,0.99819334369905,5778,-0.614252469741308,6267,-0.937079106332553
"X10557.6",746,0.99819334369905,5658,-0.569400675756946,3229,0.0348331603546402
"X10702.1",747,0.99819334369905,5095,-0.315997516476482,6861,-0.9734223325668
"X11313.100",748,0.99819334369905,2174,0.336103971270039,6890,-0.974562330689701
"X11430.49",749,0.99819334369905,5525,-0.506000594449573,4998,-0.625945447268632
"X11464.9",750,0.99819334369905,231,0.952629154741612,6514,-0.968686091548138
"X12016.60",751,0.99819334369905,1974,0.421134630884389,6698,-0.9720528956488
"X12399.194",752,0.99819334369905,3528,0.0302525354095441,6887,-0.974562152627084
"X12619.14",753,0.99819334369905,4634,-0.164583472759697,5412,-0.75430221012277
"X12620.3",754,0.99819334369905,1531,0.602982483421353,2386,0.361280694614028
"X12742.160",755,0.99819334369905,6398,-0.840062058750826,3410,-0.036497510712247
"X12821.6",756,0.99819334369905,6758,-0.942217034519003,4591,-0.473697063432304
"X13053.6",757,0.99819334369905,3749,-0.0248468111323477,4966,-0.612729192517861
"X13486.9",758,0.99819334369905,6841,-0.95918768727657,4279,-0.359327621644722
"X13622.16",759,0.99819334369905,4593,-0.158068160792388,6382,-0.956418566558635
"X13722.105",760,0.99819334369905,3490,0.0399571513881678,5585,-0.79664627114735
"X14116.129",761,0.99819334369905,4495,-0.153168613507437,5600,-0.802397281181953
"X14619.8",762,0.99819334369905,4881,-0.23172313609549,4216,-0.337120987946578
"X15584.9",763,0.99819334369905,6530,-0.87724990201088,5258,-0.708133837323254
"X16914.104",764,0.99819334369905,2658,0.176627112826782,6172,-0.912121912121912
"X17158.17",765,0.99819334369905,6134,-0.750579685611593,5137,-0.669027375010686
"X17398.55",766,0.99819334369905,3610,0.00961401262586335,5774,-0.837144003208985
"X17441.4",767,0.99819334369905,721,0.859238939298024,2730,0.225157523556275
"X17672.184",768,0.99819334369905,6172,-0.765408939970435,6096,-0.89434823155834
"X17685.9",769,0.99819334369905,6346,-0.820420582159021,4633,-0.493401195478487
"X17818.22",770,0.99819334369905,190,0.957961351129348,4395,-0.405377680456097
"X19136.22",771,0.99819334369905,1260,0.69285678476258,2857,0.181041181041181
"X20203.45",772,0.99819334369905,4460,-0.152300922837233,6845,-0.972517972517972
"X20960.47",773,0.99819334369905,2181,0.331866614733773,6581,-0.970974466210307
"X21136.1",774,0.99819334369905,428,0.921487491756939,5994,-0.871338107356335
"X21194.39",775,0.99819334369905,4933,-0.251657479104409,1513,0.67870693680009
"X21356.6",776,0.99819334369905,6463,-0.861427871766888,5721,-0.827951049824755
"X21508.7",777,0.99819334369905,1511,0.60857737867938,4603,-0.48249853688689
"X21528.12",778,0.99819334369905,4513,-0.153168613507437,4098,-0.290900157516727
"X21545.51",779,0.99819334369905,4463,-0.152442553057473,5652,-0.81497044182728
"X21569.49",780,0.99819334369905,4515,-0.153168613507437,6163,-0.910477205026533
"X22089.13",781,0.99819334369905,4902,-0.239754110461328,4515,-0.445397933887015
"X22154.37",782,0.99819334369905,2457,0.237716392412142,4333,-0.380534348635195
"X23537.4",783,0.99819334369905,3693,-0.0111450046084016,5291,-0.71956571956572
"X23705.42",784,0.99819334369905,3033,0.141297629686202,2831,0.189564297197745
"X24428.76",785,0.99819334369905,1289,0.686044634807907,6491,-0.966726506348925
"X25902.27",786,0.99819334369905,3673,-0.00670628477993436,4762,-0.539901150355512
"X2605.49",787,0.99819334369905,4771,-0.198508343327844,4464,-0.428090456557048
"X2753.2",788,0.99819334369905,4644,-0.167695799288629,6152,-0.9076364640666
"X2822.56",789,0.99819334369905,1564,0.585900208907075,3541,-0.08455605527178
"X3234.23",790,0.99819334369905,3616,0.0078786312854548,5893,-0.855078755647207
"X3431.54",791,0.99819334369905,3829,-0.0438827986160419,4165,-0.316781675638571
"X3450.4",792,0.99819334369905,6294,-0.803929623070555,6464,-0.96442375132441
"X3457.57",793,0.99819334369905,4095,-0.109390726893397,6589,-0.971129712789483
"X3651.50",794,0.99819334369905,3773,-0.0307085369192739,6042,-0.88187251131145
"X4154.57",795,0.99819334369905,4629,-0.163804572922652,5778,-0.837354428465277
"X4721.54",796,0.99819334369905,4468,-0.152555445433826,6415,-0.959677260263163
"X5675.6",797,0.99819334369905,4293,-0.14051069051777,6556,-0.9702505949881
"X6245.4",798,0.99819334369905,2569,0.200803884787012,6039,-0.881289132189639
"X6257.56",799,0.99819334369905,792,0.836724208795726,6460,-0.964148796959355
"X6259.60",800,0.99819334369905,2647,0.178161519095975,6809,-0.9720528956488
"X6352.8",801,0.99819334369905,2950,0.149443328230027,6304,-0.942948452387998
"X6415.90",802,0.99819334369905,2496,0.225507020581623,4361,-0.39292313559935
"X6425.87",803,0.99819334369905,3676,-0.00794419013609246,6812,-0.9720528956488
"X6645.53",804,0.99819334369905,4180,-0.127172601028117,6813,-0.9720528956488
"X7009.6",805,0.99819334369905,6891,-0.9676753281775,564,0.919765020316517
"X7841.84",806,0.99819334369905,1547,0.593652380849276,5168,-0.679392212725546
"X8323.163",807,0.99819334369905,4233,-0.1343869394311,6150,-0.906689550413288
"X8327.26",808,0.99819334369905,4374,-0.148533217127057,6660,-0.971724106185845
"X8876.51",809,0.99819334369905,4203,-0.131175547319993,950,0.833014407554267
"X8877.22",810,0.99819334369905,1332,0.66858058433212,5486,-0.773240483188995
"X8982.65",811,0.99819334369905,2598,0.193853664932571,5303,-0.721823127590441
"X8992.1",812,0.99819334369905,5929,-0.672363859333845,3752,-0.161994568398072
"X9025.5",813,0.99819334369905,6685,-0.923693666516861,1364,0.729447757042946
"X9076.25",814,0.99819334369905,3841,-0.0473059820917145,5301,-0.721607385926496
"X9761.89",815,0.99819334369905,680,0.870375105313678,6536,-0.969751369408113
"X9878.3",816,0.99819334369905,5181,-0.350439051479123,6210,-0.924680909826202
"X9900.36",817,0.99819334369905,4551,-0.153168613507437,5814,-0.84129990202074
"X9927.96",818,0.99819334369905,1943,0.436151464083391,5439,-0.760220420455965
"X22430.15",819,0.998187617103477,527,0.904609170108221,6326,-0.946722955422725
"X25941.4",820,0.998187054435579,6419,-0.846441889791716,2938,0.145726065771044
"X12796.44",821,0.99818704872936,1814,0.485800240920835,473,0.94069923618554
"X10418.36",822,0.998174913354473,487,0.910882383565553,4920,-0.598074608904934
"X13743.56",823,0.998174913354473,2223,0.319998472647324,2231,0.41487074082365
"X9092.33",824,0.998174476027408,6829,-0.957825574322928,4731,-0.53138480436432
"X24921.73",825,0.998174464535826,6438,-0.85382531946555,2040,0.485286671532751
"X13604.27",826,0.998168163820291,5177,-0.349289843391475,5494,-0.776081224148929
"X5358.3",827,0.998161818058686,1140,0.736663294188972,5682,-0.819803686142032
"X15582.25",828,0.998156478135831,6315,-0.810276187356435,5343,-0.734864870540308
"X22098.10",829,0.998156478135831,6370,-0.828802459682737,5911,-0.857752526747023
"X2943.5",830,0.998156478135831,6030,-0.709836527077734,4561,-0.463547112242147
"X14008.22",831,0.998155573880912,6885,-0.966301844475617,3305,0.00177048779991453
"X20241.9",832,0.998155573880912,6973,-0.981623609561993,1712,0.610266122191316
"X18833.76",833,0.998148936444668,4182,-0.127718300263288,321,0.965119355298235
"X21498.3",834,0.998148936444668,3546,0.0246908121882499,1297,0.74736970634323
"X25114.256",835,0.998148936444668,6801,-0.95143238444671,3818,-0.191683625016958
"X4992.49",836,0.998148936444668,4918,-0.244283846684843,6508,-0.968330998928146
"X7911.29",837,0.998148936444668,6230,-0.783345209178913,561,0.92035404049371
"X11118.107",838,0.998148930475247,6317,-0.810997690014616,1247,0.757669014223432
"X13573.5",839,0.998148930475247,3388,0.0666078778347076,5641,-0.813143121141273
"X20389.36",840,0.998148930475247,3215,0.108586518326186,3165,0.060199071794183
"X21157.6",841,0.998148930475247,5033,-0.290527799320518,5101,-0.659439874270909
"X21523.71",842,0.998148930475247,4805,-0.205661836927916,2458,0.327662345591078
"X5695.5",843,0.998148930475247,4671,-0.172484341712582,5866,-0.850167532456841
"X6574.11",844,0.998148930475247,3380,0.0683754795456201,6924,-0.977234647293053
"X12623.84",845,0.998148924505789,5916,-0.667348380912264,1669,0.624575624575625
"X13594.158",846,0.998148924505789,978,0.791931633687994,6084,-0.891131233026244
"X23550.10",847,0.998148924505789,5756,-0.605983994983862,1882,0.54480148151163
"X5657.28",848,0.998148924505789,2234,0.311948293348862,5496,-0.776699776699777
"X11184.51",849,0.998148918536291,694,0.865928947109444,2402,0.355664543438002
"X11696.7",850,0.998148918536291,5193,-0.35385196811526,4281,-0.360819986840052
"X14121.24",851,0.998148918536291,5698,-0.585740324466473,6662,-0.971811229248275
"X14178.18",852,0.998148918536291,2500,0.224319248464187,5196,-0.68980686906946
"X18307.71",853,0.998148918536291,5265,-0.384976996556232,1455,0.699239804561173
"X19823.75",854,0.998148918536291,5843,-0.639237357746935,2374,0.366869858554773
"X20521.83",855,0.998148918536291,4071,-0.103494286738987,6091,-0.893038841932464
"X21114.18",856,0.998148918536291,3849,-0.050352396436445,893,0.841788349760862
"X23264.42",857,0.998148918536291,6281,-0.800551856637855,4801,-0.551532969340613
"X23525.27",858,0.998148918536291,5565,-0.520224079931816,4184,-0.325350325172779
"X25118.45",859,0.998148918536291,5381,-0.439288392683153,6996,-0.996296220924317
"X25297.11",860,0.998148918536291,3715,-0.0157537756609291,3294,0.00955462179348076
"X2841.13",861,0.998148918536291,1653,0.553864505131546,3887,-0.215710215710216
"X3005.5",862,0.998148918536291,4812,-0.20767501320818,5964,-0.866999866999867
"X4192.10",863,0.998148918536291,4846,-0.220885342036564,6582,-0.971020981297951
"X4929.55",864,0.998148918536291,3936,-0.0730995821137603,6534,-0.969705192038964
"X5424.55",865,0.998148918536291,1631,0.561060009881248,4468,-0.430023738599225
"X5635.66",866,0.998148918536291,285,0.942763673297457,4792,-0.54956354956355
"X6955.68",867,0.998148918536291,5416,-0.454951428604483,2454,0.330676714472655
"X7809.22",868,0.998148918536291,3809,-0.0392311875021692,5163,-0.677379967168188
"X9380.2",869,0.998148918536291,5869,-0.648459800564188,5532,-0.784516893551837
"X9578.263",870,0.998148918536291,1744,0.514461630520792,3905,-0.222662800102582
"X9805.51",871,0.998148918536291,4266,-0.138193778750593,6024,-0.878721274525588
"X9853.3",872,0.998148918536291,5006,-0.280330214769513,3308,0.00132277824131545
"X9928.125",873,0.998148918536291,6883,-0.965643305862889,5160,-0.674698141364808
"X11416.23",874,0.998148912566755,6872,-0.964204720655547,5834,-0.846259250968341
"X13672.3",875,0.998148912566755,5089,-0.312935218400506,1772,0.590554367304468
"X14125.5",876,0.998148912566755,4247,-0.136186035159133,3143,0.0697803468208092
"X15576.158",877,0.998148912566755,1784,0.501252871368592,6721,-0.9720528956488
"X17509.6",878,0.998148912566755,1565,0.585571653895545,6851,-0.972736777731747
"X17678.28",879,0.998148912566755,4503,-0.153168613507437,6731,-0.9720528956488
"X20923.10",880,0.998148912566755,3170,0.119718600957024,5725,-0.828447001044649
"X21122.3",881,0.998148912566755,1144,0.73610634416854,3456,-0.0526058731353914
"X21360.27",882,0.998148912566755,4215,-0.132296524044698,5107,-0.660676855450864
"X23307.7",883,0.998148912566755,6691,-0.924808034123768,6186,-0.917828937418214
"X23325.18",884,0.998148912566755,880,0.815779699033649,5655,-0.815807734493333
"X25116.11",885,0.998148912566755,2582,0.197685977092039,5498,-0.776782867647558
"X2783.18",886,0.998148912566755,2562,0.201793998665685,5338,-0.733951986541579
"X4978.54",887,0.998148912566755,2693,0.170852483857289,5829,-0.845676918693782
"X5741.55",888,0.998148912566755,1942,0.437320016613094,6640,-0.971170413382355
"X8791.151",889,0.998148912566755,6265,-0.79574471505829,5060,-0.646432963116398
"X9218.7",890,0.998148912566755,6375,-0.830196069940339,3756,-0.165077025347553
"X14334.3",891,0.99814418799007,5904,-0.662553170156069,1845,0.559685151210274
"X3336.50",892,0.99814418799007,2130,0.358842153569679,4729,-0.530659617420581
"X3449.58",893,0.99814418799007,6064,-0.724726543354467,4775,-0.545584045584046
"X24471.2",894,0.998142983941532,1919,0.444901642442029,88,0.973517301261048
"X16845.15",895,0.998138042917189,2075,0.381935067338013,6181,-0.916522517755754
"X6107.3",896,0.998138042917189,3825,-0.0429615224117976,6807,-0.9720528956488
"X9974.8",897,0.998130399886691,5189,-0.352303192306027,603,0.907583857752527
"X4917.62",898,0.998124104936814,3235,0.104130825889606,6008,-0.876046372465855
"X13242.134",899,0.998119607698547,165,0.96056442313996,5415,-0.755360643616408
"X5803.24",900,0.998111509093084,3907,-0.0661758751142459,5678,-0.819494584837545
"X22479.64",901,0.998110232157657,6005,-0.701870593815063,6328,-0.947373776430127
"X11539.4",902,0.998103049991573,5938,-0.675124047163043,2428,0.343221940668356
"X7962.11",903,0.998103043722529,6229,-0.78318468470279,284,0.968415968415968
"X17209.27",904,0.998103037453443,5768,-0.61165514838603,5223,-0.699683704536637
"X23252.4",905,0.998103037453443,5965,-0.686490766550172,2014,0.495400235413255
"X13676.46",906,0.998103031184317,901,0.810935987566957,6033,-0.88027161046555
"X14028.22",907,0.998103031184317,6376,-0.830635003468533,5089,-0.654888070671576
"X17405.2",908,0.998103031184317,1037,0.774435912627723,6602,-0.971170217817484
"X20458.22",909,0.998103031184317,3326,0.0804047634194341,1980,0.507426955438267
"X9940.35",910,0.998103031184317,6970,-0.981387235789042,1103,0.794382663863057
"X10894.25",911,0.998103024915148,5188,-0.352182145625489,4550,-0.457850858449161
"X17403.14",912,0.998103024915148,2446,0.241865882017207,6991,-0.995133915948262
"X20367.6",913,0.998103024915148,6226,-0.781858740542007,6355,-0.952430740499628
"X20514.8",914,0.998103024915148,3866,-0.055601442940544,4811,-0.554135185075589
"X21002.1",915,0.998103024915148,5925,-0.671784755952212,4322,-0.376384643731981
"X5465.32",916,0.998103024915148,379,0.928587129640699,5634,-0.810903762795336
"X8464.31",917,0.998103024915148,3771,-0.0302154572110138,4824,-0.562079562079562
"X13731.14",918,0.998103018645938,4426,-0.151471796196815,6600,-0.971170217817484
"X14148.2",919,0.998103018645938,4434,-0.151590546283411,6657,-0.971536718718203
"X14151.4",920,0.998103018645938,4444,-0.151960600984582,6888,-0.974562152627084
"X21143.10",921,0.998103018645938,5313,-0.40627989465272,4358,-0.391647577618433
"X24674.22",922,0.998103018645938,5987,-0.694618504242414,6955,-0.986861573060307
"X3325.2",923,0.998103018645938,5424,-0.458132961061899,5560,-0.790119185711282
"X9543.131",924,0.998103018645938,1721,0.526577892820251,3929,-0.228406493145295
"X12677.164",925,0.998092630187432,2681,0.172975934693073,6558,-0.970303735705878
"X20126.19",926,0.998090870685513,957,0.798333262632612,6746,-0.9720528956488
"X20134.27",927,0.998090870685513,4322,-0.143711539930144,6607,-0.971170217817484
"X12503.5",928,0.998083202241992,6508,-0.871780380874092,3090,0.089345190853158
"X21355.4",929,0.998073757463403,6310,-0.807954764559424,673,0.88989058249727
"X17449.23",930,0.998073739274945,4699,-0.178487351290066,6512,-0.968620333655547
"X18821.9",931,0.998070447115503,4504,-0.153168613507437,6136,-0.902533651601534
"X9470.15",932,0.99806115543805,3614,0.00834589810918167,4404,-0.408182231357306
"X22484.17",933,0.998058156969742,6591,-0.897018614857178,2373,0.366922464868846
"X18895.54",934,0.998055614835591,314,0.938596981241691,900,0.839975952459863
"X5002.76",935,0.998055614835591,4535,-0.153168613507437,6622,-0.971170217817484
"X15305.7",936,0.998055595075981,4655,-0.169424695640003,5215,-0.698189631751834
"X3340.53",937,0.998055595075981,1012,0.783339567851482,5503,-0.777413777413777
"X14023.84",938,0.998055588489355,1297,0.683480274039225,3618,-0.110799617712647
"X7928.183",939,0.998055588489355,1285,0.687402196314019,6323,-0.946301986880753
"X22862.44",940,0.998052184681271,4165,-0.123823840319618,1496,0.685251685251685
"X25424.234",941,0.998050160448661,96,0.97288948705984,2933,0.149107633447974
"X7767.1",942,0.998048577822402,5719,-0.593641370459457,2110,0.461125461125461
"X11368.32",943,0.99804586682398,4057,-0.10055185126625,6691,-0.9720528956488
"X19194.9",944,0.99804586682398,2,0.996417401632801,4106,-0.294286296712763
"X23559.10",945,0.99804586682398,1779,0.502743830719335,3126,0.0762331248808138
"X2981.9",946,0.99804586682398,2461,0.236432210220239,5354,-0.737928494867596
"X8044.90",947,0.99804586682398,3357,0.0741432036682105,4891,-0.587458790649717
"X9391.60",948,0.998045716054797,1114,0.745431014039558,3084,0.0916816000924909
"X19438.68",949,0.998042264426497,30,0.986926793902256,2729,0.225279964227706
"X14685.17",950,0.9980397217511,6236,-0.785253437307614,5734,-0.830033171208205
"X17735.130",951,0.99803357667822,194,0.957329543553273,1685,0.619603742939246
"X3009.3",952,0.998023379517428,1609,0.56701464276211,4991,-0.623788301213564
"X10990.21",953,0.99801346714481,6688,-0.924698266450312,5669,-0.81782578850392
"X6373.54",954,0.998008996386697,5817,-0.630147815926173,5617,-0.806158884220079
"X6508.68",955,0.998006584522205,6039,-0.715721303632481,2959,0.137121695824288
"X11545.9",956,0.998006570676446,6011,-0.70403965251653,2973,0.132061575690622
"X13707.27",957,0.998004500889162,4032,-0.0946901187386477,4639,-0.498175218480598
"X23037.37",958,0.997998205939285,2737,0.162995317233329,455,0.944605551281293
"X11178.21",959,0.997998199638669,3043,0.139717479917781,6502,-0.9677917842089
"X13706.12",960,0.997998199638669,5775,-0.613707970028036,790,0.863109410719252
"X25209.15",961,0.9979793147296,6804,-0.952093757504419,6878,-0.973978577775969
"X25240.1",962,0.997974768452826,5721,-0.594202283761844,6410,-0.95933531922169
"X25049.8",963,0.997972125949414,3199,0.113142033800887,6983,-0.993082269699421
"X7863.50",964,0.997965980876533,4804,-0.205199202495864,6627,-0.971170217817484
"X12501.10",965,0.997955905971675,5801,-0.622138650847473,6519,-0.968827903145391
"X23356.32",966,0.997955905971675,5191,-0.353176334956838,6130,-0.901107714985585
"X2871.73",967,0.997955905971675,5551,-0.516072513884523,1064,0.803749177504935
"X9188.119",968,0.997955891412963,4566,-0.155303220830609,6233,-0.929592453536979
"X24323.43",969,0.997955438887294,3629,0.00498461929944449,3292,0.0102668178833642
"X15467.10",970,0.997953690730772,4136,-0.11802359684588,6601,-0.971170217817484
"X8819.3",971,0.997953690730772,4801,-0.204678588093741,3263,0.0199312172443498
"X13381.49",972,0.99795100470227,1608,0.567245686399814,5651,-0.814892156508545
"X25285.14",973,0.997948969324837,4066,-0.102193760585599,4989,-0.622867359100971
"X12988.49",974,0.997944392852304,3353,0.0745619387678777,6543,-0.97024997024997
"X9297.12",975,0.99792911043925,1663,0.550663494132483,5084,-0.654231849177697
"X16312.45",976,0.997928961490644,5599,-0.5398305851144,451,0.945257331244022
"X12591.27",977,0.99792687842768,463,0.916778928583925,6120,-0.899297899297899
"X21768.9",978,0.997903479712331,1345,0.664250622822175,5282,-0.7175186964847
"X21836.9",979,0.997903464397246,6227,-0.781992128851401,4768,-0.544003568072126
"X19332.1",980,0.997892240001966,5575,-0.52400032393785,6159,-0.909752606551483
"X3890.8",981,0.997891508529806,2126,0.361116938608622,6400,-0.95805989168525
"X8955.60",982,0.99789094169131,4438,-0.151683898360643,3023,0.112728755268851
"X23387.18",983,0.997888507647214,800,0.83597522208203,4431,-0.417977417977418
"X23392.41",984,0.997878021722866,5194,-0.354257980888072,5188,-0.6875974038784
"X13578.98",985,0.997852222594876,6043,-0.717860847622103,5185,-0.687254522884064
"X10781.19",986,0.997849268976267,5711,-0.590094947278019,4523,-0.448127558578506
"X14254.27",987,0.997832014144786,5785,-0.615813566054398,6020,-0.878314433711326
"X22070.5",988,0.997826423466887,1433,0.635599192180051,3223,0.0392640376661209
"X6557.50",989,0.997825988810441,3662,-0.00343251727311824,6857,-0.973194144863583
"X6641.60",990,0.99782464420028,325,0.9366852153305,5166,-0.678378147337134
"X7096.30",991,0.997812354054519,3458,0.0495200706493026,5689,-0.820546711119002
"X9823.2",992,0.99780633030398,6106,-0.74150656621434,3197,0.0484950853700727
"X7955.195",993,0.997806208981639,5624,-0.5536637756499,4223,-0.339909122592439
"X18231.147",994,0.997800624338897,6451,-0.857478603878465,3796,-0.184181281358295
"X4136.40",995,0.997796767543238,849,0.823507861277472,2946,0.143056295331847
"X5861.78",996,0.997793181931773,4781,-0.201459063604158,4595,-0.477412641983872
"X13116.25",997,0.99779312253937,2981,0.147034792258631,5471,-0.771475877617882
"X21111.49",998,0.997791260197189,1889,0.455921170475146,2221,0.418929418929419
"X15667.39",999,0.997781628690116,3340,0.0771524862389193,4875,-0.581595067054682
"X21234.7",1000,0.997769338544355,4679,-0.174236775838888,5281,-0.716871188533208
"X17812.2",1001,0.997757048398594,1594,0.575096212783489,2686,0.240955927742391
"X4876.32",1002,0.99774011299435,4814,-0.208681534385617,4409,-0.411233211233211
"X10580.14",1003,0.99774010588139,3513,0.0332306244673343,2874,0.175106692180729
"X20956.13",1004,0.997738613179952,842,0.824992576424266,5884,-0.853267838472313
"X2827.23",1005,0.99772720098488,5504,-0.496642780693699,1758,0.596048380477686
"X23618.23",1006,0.997714926002631,5031,-0.289534341273106,2442,0.335779526937721
"X5256.86",1007,0.997702343295091,5797,-0.619797230331381,6800,-0.9720528956488
"X23359.25",1008,0.997695597669788,969,0.794001570764104,6007,-0.875794514879559
"X9557.5",1009,0.997646437086744,222,0.954394178374063,4518,-0.445746845746846
"X13570.43",1010,0.997633113745881,2416,0.25180383249328,1442,0.704405121224675
"X19176.27",1011,0.997628001868102,1142,0.736411000003856,5998,-0.87279880613214
"X15299.102",1012,0.997621856795222,1720,0.52658411393357,5761,-0.834566293819416
"X11128.29",1013,0.997620501457286,2021,0.400314366551399,5036,-0.637861637861638
"X18917.53",1014,0.99760956664946,4400,-0.150460698419197,5464,-0.768474303109891
"X10974.20",1015,0.997594907979824,4112,-0.11288369745002,5448,-0.76377103131479
"X13658.31",1016,0.997572696212177,1972,0.423409908641813,4403,-0.407968541424184
"X17797.1",1017,0.997572696212177,472,0.914422561499986,1841,0.560684671177658
"X22144.65",1018,0.997572696212177,6337,-0.817082474053954,6677,-0.972039744070282
"X7206.20",1019,0.997563854397809,4877,-0.229870441742088,6488,-0.966689788722217
"X16292.288",1020,0.997560406066416,5545,-0.513059708687319,2249,0.407258356184201
"X6986.17",1021,0.997554260993536,2453,0.23947853781152,4705,-0.52441261762443
"X19173.5",1022,0.997541970847774,4298,-0.141424754462362,6065,-0.886572680563916
"X18179.56",1023,0.997505100410491,6521,-0.874963846222075,4574,-0.468741468741469
"X8867.18",1024,0.997494609949168,3238,0.103424871485371,1660,0.626669171628418
"X4920.10",1025,0.99749281026473,4202,-0.131099751394102,6796,-0.9720528956488
"X14069.61",1026,0.997462084900327,2076,0.381741474457115,5017,-0.632191632191632
"X13996.16",1027,0.997450537275663,882,0.815280079679707,6838,-0.972315927219164
"X13062.4",1028,0.997413662441025,5222,-0.365490592304933,1168,0.77592340520671
"X20575.82",1029,0.997412924317282,4867,-0.227076693046942,3403,-0.0341683794949022
"X15481.45",1030,0.997407187637058,3613,0.00858433861191915,3533,-0.0815010815010815
"X21141.9",1031,0.997400185701021,3788,-0.0337456400727508,3631,-0.11487246256732
"X19231.22",1032,0.997387863562631,604,0.887082360629407,5480,-0.772590678144312
"X6583.67",1033,0.997345328515596,3917,-0.0686208346027326,4919,-0.597916789962715
"X21647.9",1034,0.997337227821248,925,0.805953514918495,3216,0.0421728837244008
"X21562.3",1035,0.997320748224074,1765,0.507319406416512,2974,0.131910621498053
"X13576.15",1036,0.997314603151193,4676,-0.173650741159489,6843,-0.97237766933787
"X17728.61",1037,0.997314603151193,1821,0.483943988000803,3859,-0.2064995101037
"X9778.45",1038,0.997299483502614,6960,-0.980450510114262,2238,0.412020145495244
"X22485.1",1039,0.997299466502998,3800,-0.0369559097447447,3512,-0.0730898976149612
"X13960.15",1040,0.997296167932552,2828,0.153168613507437,1079,0.800096006523183
"X6555.58",1041,0.997276487346167,6863,-0.962889498487726,488,0.936094571940575
"X13682.47",1042,0.997274286703492,1437,0.634604988414226,4772,-0.545086387594375
"X18891.98",1043,0.997258842651118,4557,-0.154316881467384,4269,-0.35654592321259
"X21708.149",1044,0.997249106903986,414,0.923484572919158,5466,-0.768805497330701
"X6575.79",1045,0.997249106903986,5667,-0.572128233111847,5525,-0.783617078639864
"X10854.15",1046,0.997242803275902,3108,0.131746294960838,3333,-0.00962037968607182
"X23302.19",1047,0.997216281985104,3966,-0.0806520823409457,1633,0.63722685815365
"X6510.56",1048,0.997210136912224,4044,-0.0961744065466764,6419,-0.959966594990564
"X25465.42",1049,0.997203991839343,2954,0.14921274799078,1431,0.708744581696819
"X8476.11",1050,0.997185556620702,135,0.966960950013364,4329,-0.378232822394508
"X25275.30",1051,0.997167263639625,2936,0.150673792308498,4037,-0.268706476494841
"X19503.2",1052,0.997151223123343,2342,0.276972165193993,5865,-0.850085156470905
"X23702.98",1053,0.997137994282598,2607,0.190577287826552,5510,-0.77951377951378
"X25089.21",1054,0.997124105891896,1735,0.51901399488641,5863,-0.849895195262419
"X21238.40",1055,0.997111815746135,4511,-0.153168613507437,4760,-0.539289105955773
"X22047.46",1056,0.997098028106951,4396,-0.150291710017874,4033,-0.267655697782481
"X9995.6",1057,0.997093380527493,830,0.827511204980779,3236,0.0317150315966674
"X4240.31",1058,0.997074945308851,2788,0.156195889845705,6793,-0.9720528956488
"X21357.12",1059,0.997071808416293,5354,-0.423120678418412,1560,0.663362044048789
"X18225.13",1060,0.99706265516309,5395,-0.44707755829082,3871,-0.210394931419501
"X16785.45",1061,0.997039559610305,6167,-0.764188739983904,5833,-0.846104046242774
"X15475.4",1062,0.997024272398312,3579,0.0158440570151904,4928,-0.600193222625276
"X3028.36",1063,0.997007310804317,3413,0.0605493831683436,5799,-0.8398285136721
"X18280.29",1064,0.996995059361404,2142,0.353223374429734,6215,-0.925368679537099
"X22832.9",1065,0.996992590536244,5276,-0.390125294532778,4164,-0.316288887573731
"X5018.68",1066,0.996984719009175,4415,-0.150977489784189,5896,-0.855858882822344
"X18407.36",1067,0.996965834159545,5464,-0.475907122390661,6350,-0.951688068540263
"X8954.30",1068,0.99696497354656,4163,-0.123624001022786,1594,0.649836217195268
"X17852.5",1069,0.996964333997001,4475,-0.152759834791696,5650,-0.81423395343026
"X5631.83",1070,0.99695776291388,5007,-0.281208110496759,5648,-0.813792718960808
"X8062.15",1071,0.996955712714737,1251,0.695990932421216,1318,0.741952877894169
"X20388.8",1072,0.996915464852037,5362,-0.425573350712856,1312,0.743649431523019
"X13112.179",1073,0.996890593122434,6203,-0.773872098538809,5256,-0.707916592689038
"X4811.33",1074,0.996884448049554,5334,-0.416018250782922,4560,-0.463085063085063
"X8382.47",1075,0.996866012830912,5534,-0.508662702248625,2359,0.370615329303947
"X3316.58",1076,0.996863196761572,2459,0.237137557765459,6343,-0.95030239094778
"X7924.7",1077,0.996858956167282,5340,-0.418595154104564,5556,-0.789359436157295
"X3332.57",1078,0.99685251515514,806,0.8357255111597,2856,0.181156418299106
"X7776.20",1079,0.996822997320748,1298,0.682803142197147,5113,-0.661596733147896
"X15336.7",1080,0.996816852247868,829,0.827773042971898,3906,-0.222768012730728
"X2682.68",1081,0.996807368207192,650,0.877350959665881,4918,-0.597824728913088
"X20426.34",1082,0.996789595772338,6778,-0.946200451150907,1451,0.700222919255884
"X4831.4",1083,0.996786126883465,6222,-0.780740925332701,4742,-0.534434120455308
"X8307.47",1084,0.99676223032023,1479,0.618926329588826,6655,-0.971500529351035
"X16536.3",1085,0.996726615761345,3444,0.0533961376524753,6422,-0.960254794904102
"X23923.26",1086,0.996701446264734,2054,0.388609728162154,6766,-0.9720528956488
"X7089.42",1087,0.996693950790256,420,0.922779386754798,2124,0.456931868247486
"X9451.20",1088,0.996663225425854,2397,0.259028448939341,5051,-0.641698394849842
"X9449.150",1089,0.996657371094758,5501,-0.494683948493882,5624,-0.807289919972645
"X15530.33",1090,0.996638486185689,3710,-0.0146389057070908,6720,-0.9720528956488
"X13931.22",1091,0.996632848359614,4280,-0.139232046907431,2652,0.253809076121831
"X21483.155",1092,0.996614064842809,1884,0.457161247399283,2070,0.474647044511517
"X8660.5",1093,0.99659221018543,1143,0.736324729315695,4788,-0.548462192774321
"X23696.256",1094,0.996582812272793,5699,-0.586125810812227,5986,-0.870562164223761
"X11214.40",1095,0.996552614114003,939,0.801943745528501,75,0.974616741283408
"X3387.1",1096,0.996547987831136,1100,0.749358801495179,2392,0.359268246171247
"X2201.17",1097,0.996537987290145,4294,-0.140785852915356,6869,-0.973554528909422
"X16293.1",1098,0.996524472658169,3417,0.059353946361254,5565,-0.792574804805416
"X21940.12",1099,0.996481111943446,4994,-0.274668445753907,3260,0.0204657536105062
"X9796.4",1100,0.99646459033701,3585,0.013964789440526,4417,-0.413257734845303
"X22510.6",1101,0.996426866865317,4398,-0.15031933664795,5948,-0.864854379146857
"X7161.25",1102,0.996426855342464,1813,0.486537291868835,5806,-0.840431897838538
"X2330.2",1103,0.996417422510631,3535,0.02802062404313,5315,-0.725460798432332
"X4472.5",1104,0.996417422510631,6991,-0.985936325598781,2312,0.386085386085386
"X7144.234",1105,0.996404328025751,5741,-0.601652854316665,3322,-0.00487190256194876
"X8246.9",1106,0.996398987291989,32,0.98544593515844,3938,-0.231732465065798
"X13680.3",1107,0.996394583490546,5730,-0.598829967336267,5683,-0.819889132193091
"X23305.38",1108,0.99638039242841,6710,-0.92887402631854,3913,-0.223834428865056
"X23407.9",1109,0.996368261927586,2854,0.153168613507437,3007,0.120212003445714
"X15556.49",1110,0.996361507519341,4125,-0.115884204372551,6252,-0.933348233897756
"X23259.23",1111,0.996355075286665,3025,0.142033750474786,4758,-0.539168688721864
"X22587.37",1112,0.996349826708945,263,0.947235711066014,4841,-0.570850841372236
"X11173.29",1113,0.996348917579962,3501,0.0359725269851798,5794,-0.838485464217843
"X10924.258",1114,0.996330032670893,12,0.993509673786872,3086,0.0911733180775023
"X22486.58",1115,0.996323659828889,4286,-0.139929582081609,6034,-0.880491606005011
"X23340.37",1116,0.996321250368383,4628,-0.162879464148295,4055,-0.27371722791028
"X2728.62",1117,0.996319101344542,716,0.86115792355838,6654,-0.971500529351035
"X14149.9",1118,0.996307688138533,5439,-0.465816534885296,4735,-0.532974295239786
"X18842.24",1119,0.996307688138533,2260,0.303770501580486,485,0.937136457241952
"X8053.16",1120,0.996284937550187,1279,0.688792136023046,4396,-0.406114168853117
"X18888.37",1121,0.996282230907259,5120,-0.322044356347061,2590,0.276569188085499
"X19228.11",1122,0.996282230907259,1761,0.509265008156292,6909,-0.975389541233372
"X10584.7",1123,0.996172670475111,6771,-0.945327089378573,1925,0.53059385952799
"X10708.3",1124,0.996136593042642,3617,0.00786706207651875,4069,-0.280897989781223
"X11149.3",1125,0.996133369025312,5727,-0.596258000984737,203,0.971855621971027
"X12557.18",1126,0.996133330689457,3837,-0.0456649863864499,3181,0.0533885176535874
"X21495.134",1127,0.996128604085245,3244,0.101716484965813,2481,0.319353205368474
"X2614.28",1128,0.996116015926223,3489,0.0399908988889703,5844,-0.84751291492251
"X12661.44",1129,0.996104023793722,327,0.936366338407151,1324,0.740795538984567
"X14332.3",1130,0.996090836126717,2300,0.28932569340968,4748,-0.535999158298975
"X5260.80",1131,0.99607329842932,1522,0.6055965754015,3502,-0.0708127285184205
"X8759.29",1132,0.996040027064564,4871,-0.229005857758124,5373,-0.742996292284252
"X5364.7",1133,0.996034181577829,6023,-0.708502211647108,5932,-0.861983353344594
"X18240.6",1134,0.995977514368268,5450,-0.47024115755627,5104,-0.659946546554695
"X17455.42",1135,0.995939757329682,5753,-0.605277609919041,6603,-0.971170217817484
"X13615.60",1136,0.995895091315783,3844,-0.0481741860097413,3420,-0.040763317617197
"X21849.2",1137,0.995882801170022,1587,0.578618559324975,3307,0.00144488084820611
"X6496.60",1138,0.99586436595138,5289,-0.396380380164206,5685,-0.820033799556792
"X20545.17",1139,0.995864217931165,6565,-0.889101692212908,1107,0.79277703913521
"X10561.5",1140,0.995864204913853,6336,-0.816815409992245,757,0.868740587987898
"X12729.12",1141,0.995839025035095,1843,0.472188869248909,5419,-0.756603736363457
"X23354.12",1142,0.995799571827321,2996,0.146105368572478,3831,-0.197053257087039
"X5668.49",1143,0.995794742137716,6187,-0.770076676119887,6676,-0.972020145495244
"X2743.5",1144,0.995757190429128,3764,-0.0288073302507819,5475,-0.772022412459808
"X13525.17",1145,0.995736721596956,3402,0.0622987347353337,74,0.974617453459852
"X15678.71",1146,0.995692303910724,3555,0.0229163191604384,5328,-0.729916036822406
"X7105.7",1147,0.995661578546322,1818,0.484923223491387,1546,0.667725368737383
"X23396.21",1148,0.995643880974713,295,0.941116582918449,5220,-0.699210247709981
"X17721.82",1149,0.99563351166923,938,0.802153918136335,5047,-0.640741061880401
"X10977.55",1150,0.995618701095954,3506,0.0349858474039139,6390,-0.957236953675628
"X12603.87",1151,0.995611165090255,3851,-0.0509396043170424,4564,-0.464309903796203
"X8039.41",1152,0.995606272890396,499,0.908445136883024,6818,-0.9720528956488
"X11659.31",1153,0.995600127817516,708,0.862816176839215,4649,-0.500844543030994
"X15313.28",1154,0.995587837671755,1312,0.674118522689147,6417,-0.959782472891309
"X20451.126",1155,0.995575547525994,5819,-0.631201848695166,6932,-0.97837880491606
"X3077.66",1156,0.995557112307352,1983,0.416094312191247,5330,-0.730221669855924
"X4834.61",1157,0.995549664773662,745,0.854072471670148,5891,-0.854517238431543
"X21861.8",1158,0.99553867708871,4809,-0.206602933180106,3360,-0.0186613484197888
"X5254.69",1159,0.995524276550608,5566,-0.520297641279053,4524,-0.448264978003985
"X7948.129",1160,0.995514096797188,6430,-0.851863992379748,2897,0.16613416363106
"X8024.64",1161,0.99549911083833,329,0.935481407495684,5976,-0.868495492378762
"X8969.49",1162,0.99549909667185,2191,0.328322580396361,6458,-0.963952597054614
"X9312.8",1163,0.995477226359905,4461,-0.152331774061062,5690,-0.820757136375293
"X16913.8",1164,0.995423571439812,3596,0.0118948965913632,5784,-0.837854188448969
"X12392.30",1165,0.995423557035573,4896,-0.237335166447308,6985,-0.993713545468295
"X14314.6",1166,0.995397340412457,6645,-0.914190782506683,1045,0.808157924154847
"X9627.15",1167,0.995385050266696,5113,-0.3206984717075,4953,-0.609062542395876
"X7124.18",1168,0.995372760120935,1504,0.611667932852311,888,0.843478024922499
"X2944.66",1169,0.995360469975174,1461,0.627699000034708,6783,-0.9720528956488
"X18881.7",1170,0.995305164319249,3902,-0.0651269335040434,6894,-0.974697798097926
"X25479.8",1171,0.995305164319249,3941,-0.0759132926354272,6775,-0.9720528956488
"X5846.24",1172,0.995259410231934,1770,0.505061528909525,2968,0.134047464046872
"X8067.21",1173,0.995214261757953,5755,-0.605758911883986,3215,0.0422757491467913
"X8305.18",1174,0.995209528066122,3308,0.0860711804154455,4369,-0.396011396011396
"X22488.17",1175,0.995181567015215,930,0.804563559849998,6649,-0.971276952516226
"X12774.12",1176,0.995165478494877,2549,0.206629208410459,6147,-0.90646858199896
"X11162.37",1177,0.995162663501974,6975,-0.98182852250735,992,0.825518007798886
"X24316.10",1178,0.995046567426021,6403,-0.841100771666236,1986,0.506539622418181
"X7223.60",1179,0.995034781112504,5280,-0.393626908437424,6522,-0.969054335746648
"X23320.11",1180,0.995016345893862,574,0.89423521700362,4233,-0.343788838255312
"X5404.53",1181,0.995016345893862,349,0.933399920558099,3942,-0.235169951273402
"X19742.3",1182,0.994982085788274,4598,-0.158424656295406,5105,-0.6600864199315
"X11448.34",1183,0.99496404009883,6972,-0.981432268206043,1613,0.642278553206576
"X16599.38",1184,0.994948750092176,5997,-0.698118743631844,5383,-0.747003084045163
"X21706.29",1185,0.994926254430085,2286,0.294748247500534,6635,-0.971170413382355
"X23380.16",1186,0.994924169800654,147,0.964656066700346,5960,-0.866590387511261
"X15386.7",1187,0.99490180416399,6667,-0.920263399462638,6903,-0.97524489213956
"X16057.6",1188,0.994899589509132,1259,0.693242425060449,6013,-0.877664016623595
"X21345.93",1189,0.994840174402105,3960,-0.0799967718632451,941,0.833987624364614
"X20533.39",1190,0.994788978197282,4363,-0.147618363374033,6751,-0.9720528956488
"X16802.31",1191,0.994764397905759,2946,0.14978654809513,3927,-0.227850247936127
"X10825.12",1192,0.994758252832879,5425,-0.458170122472118,4113,-0.295772425085321
"X10463.23",1193,0.994752107759998,4714,-0.183753745531393,6631,-0.971170413382355
"X17355.56",1194,0.994715237322715,1355,0.660329151846435,2173,0.434390062667272
"X7104.71",1195,0.994696802104073,5653,-0.567890046238272,3006,0.120834096474626
"X14684.17",1196,0.994690657031193,2580,0.198238395119336,4794,-0.55022916625568
"X21863.11",1197,0.994674455642496,4970,-0.265031330763635,6206,-0.923465324456054
"X13228.75",1198,0.994655587554884,2273,0.298555452801754,6454,-0.963491320539693
"X9577.26",1199,0.994623061229506,5273,-0.388923702438462,2235,0.413147413147413
"X13690.26",1200,0.994566506100825,2069,0.383742033013538,5995,-0.871759871759872
"X24926.9",1201,0.994548556248702,5578,-0.526546503868843,6509,-0.968466385340193
"X5231.79",1202,0.994530885136298,180,0.958825185396573,4213,-0.336290869624203
"X14318.1",1203,0.994514003535582,6214,-0.777102982675652,6128,-0.900890941015803
"X9843.5",1204,0.994487869626134,5601,-0.540750089430339,6085,-0.89123644565439
"X16317.20",1205,0.994457332573937,400,0.925843540700198,3339,-0.0119154052470944
"X19361.78",1206,0.994349746619333,2635,0.180923145745038,6997,-0.996472591356492
"X21755.27",1207,0.994348714084591,5982,-0.692374734390245,5756,-0.833545715195922
"X24426.191",1208,0.994297372366836,1050,0.770123674843526,629,0.901422495370276
"X8778.3",1209,0.994291227293956,2038,0.395003644300815,5019,-0.632558047779685
"X23644.19",1210,0.994260501929553,298,0.94061525053122,6161,-0.910174718720614
"X23246.67",1211,0.99422363149227,5468,-0.477617249438798,2459,0.327586093520875
"X18323.39",1212,0.994107908370421,4893,-0.236212395250454,5900,-0.856476823630756
"X11380.84",1213,0.994076489454452,6161,-0.761612881184259,496,0.934023891410081
"X2647.66",1214,0.993996263795689,4573,-0.15582953156273,6315,-0.945526161777567
"X9595.11",1215,0.993950123996659,1546,0.594387380851419,5002,-0.627342843769714
"X20972.37",1216,0.993916377848241,558,0.898032848840572,6483,-0.966381082236106
"X13133.73",1217,0.993867217265197,2026,0.398020604920143,4552,-0.45815496504968
"X4467.49",1218,0.993859847141152,3944,-0.0764261942315924,1885,0.542549366762314
"X18402.1",1219,0.99384353902082,5829,-0.634395982258593,1304,0.745539893364447
"X20382.8",1220,0.993837224673763,119,0.968688763373817,6748,-0.9720528956488
"X21829.8",1221,0.993786864916245,2848,0.153168613507437,2690,0.239496820605893
"X21544.4",1222,0.993750460880466,6140,-0.753783204781408,4616,-0.486273039921617
"X25117.17",1223,0.993720772675447,4320,-0.143584878177445,6385,-0.95661294246842
"X3630.27",1224,0.993719735516063,33,0.984882900323552,5226,-0.701012013966976
"X10970.3",1225,0.993713590443183,2877,0.153166914025439,6389,-0.957217915080258
"X19286.30",1226,0.993711482832348,2818,0.153791190729736,6482,-0.966371413728933
"X11303.7",1227,0.993670574933019,5620,-0.551140086094286,6122,-0.8998778998779
"X5746.37",1228,0.993602979131333,5091,-0.313961335703736,4534,-0.45352560941127
"X7981.230",1229,0.993596834058452,2344,0.276446247527082,6579,-0.97094816305327
"X24023.35",1230,0.993491062801172,1497,0.613238905613814,5392,-0.750195858981534
"X17750.8",1231,0.993390302629715,6121,-0.74473311763186,4901,-0.591959124893965
"X21595.8",1232,0.993333627098586,2081,0.379475696481095,5422,-0.756938573482763
"X10089.7",1233,0.993326450851707,2329,0.279604641566625,2849,0.182879275084992
"X17795.176",1234,0.99332425608418,2836,0.153168613507437,938,0.834849440702226
"X7909.37",1235,0.993311619207327,4405,-0.15057092747912,6532,-0.969528822803186
"X20993.13",1236,0.993308015633065,251,0.949323008457092,2913,0.156515191599341
"X12423.38",1237,0.993305126286732,6311,-0.808486436733562,3526,-0.0783288223203565
"X21655.18",1238,0.993297424196646,6015,-0.705411912900284,6077,-0.890460394662759
"X8429.16",1239,0.993279348832109,6384,-0.836506249032852,3201,0.0474738424186369
"X7953.20",1240,0.99324656490426,3470,0.0463423945948656,6204,-0.922918598304762
"X7765.15",1241,0.99324556130141,6735,-0.936408522095309,4348,-0.387452078935774
"X17699.43",1242,0.993195137765412,1683,0.541845624505446,4698,-0.521751222721938
"X25256.153",1243,0.993166678956813,3924,-0.069966719242294,5626,-0.807891898492033
"X11237.49",1244,0.993157367947273,4289,-0.140104796135692,6594,-0.971170217817484
"X13563.259",1245,0.993137042356576,6028,-0.709396366812377,620,0.903159065779388
"X18177.49",1246,0.993131026476184,3628,0.00587330173653826,438,0.947590959604927
"X7203.125",1247,0.993105228228007,2383,0.262509207162112,5134,-0.667541246638128
"X19110.6",1248,0.992860114354266,3393,0.0636306491483134,667,0.89218339811555
"X20213.82",1249,0.992840990094143,5479,-0.483007196644647,1834,0.564919479460522
"X21958.4",1250,0.992785684438218,3948,-0.0775420542719582,6384,-0.956573487732865
"X5737.61",1251,0.992785684438218,1660,0.551733844061311,4483,-0.433905180542271
"X12540.25",1252,0.99277966976589,6927,-0.97371430596044,5543,-0.787602006930882
"X21547.6",1253,0.992779539365337,1618,0.565830727047654,6455,-0.963504369611963
"X17161.1",1254,0.992711769846721,1205,0.70832387111555,6193,-0.920280564656722
"X17342.13",1255,0.992685947214984,4884,-0.232842777682303,6025,-0.878832767875631
"X23591.9",1256,0.99266013464813,6546,-0.882083855766978,500,0.932410799077466
"X13427.66",1257,0.992627946725144,1141,0.736431026269895,5793,-0.838444684127339
"X21529.6",1258,0.99259518717892,3293,0.0899034316600857,4059,-0.275999375920009
"X19237.17",1259,0.992558316741637,2115,0.364183271695159,974,0.828766447692884
"X15439.21",1260,0.992553074296146,3049,0.139146472768501,4910,-0.595308977397537
"X3083.71",1261,0.992534165947991,4352,-0.147013782542113,6907,-0.975348840364408
"X18306.1",1262,0.992531123074534,1727,0.522495585916663,3053,0.0994797072250826
"X13044.5",1263,0.99247982764578,54,0.979761597167858,4276,-0.358673358673359
"X5725.1",1264,0.992473104409071,3100,0.132817882267722,6624,-0.971170217817484
"X18829.4",1265,0.992453850502667,2425,0.249007940333733,4107,-0.294328333909929
"X19615.213",1266,0.992398544846742,2444,0.242178250658481,2662,0.251767243363385
"X21876.266",1267,0.992395676614817,6051,-0.721806801923574,4501,-0.441367006518923
"X10085.25",1268,0.992389381645127,942,0.801553713134634,2346,0.375050580958437
"X25938.13",1269,0.992344303111397,2259,0.303938552313734,1011,0.820573014276038
"X23289.25",1270,0.992313842008851,3502,0.0357083102869302,318,0.965377127468338
"X15316.262",1271,0.992282391451458,142,0.965384926863318,6283,-0.939489587237708
"X5350.14",1272,0.992226482806086,1016,0.782232780196599,6956,-0.986953634109934
"X10439.57",1273,0.992206827524125,374,0.929544828805871,6138,-0.902981940361193
"X4480.59",1274,0.992189612368803,6308,-0.807750598706562,5987,-0.870614770537834
"X20464.7",1275,0.992169057705987,6814,-0.95492346126117,1159,0.777800389371646
"X3365.7",1276,0.992134306712878,3748,-0.0246566973409996,5162,-0.67638390425524
"X21935.16",1277,0.992024273403124,4389,-0.149532025498536,3766,-0.168136355566077
"X2567.5",1278,0.992005413656894,5793,-0.61906411591373,5483,-0.772872238990485
"X4908.6",1279,0.991962244672222,3495,0.0380164205638832,6117,-0.898680239095697
"X6351.55",1280,0.991942464158129,6718,-0.9319884770679,458,0.943663943663944
"X12513.8",1281,0.991765602340044,4490,-0.153168613507437,2332,0.378745733956718
"X9082.25",1282,0.991753667572085,2961,0.148668191231311,4472,-0.430983803831055
"X12860.7",1283,0.991728487931083,3568,0.0195380624131456,2861,0.180216664292449
"X5139.32",1284,0.991636555809552,1288,0.686096510340945,2727,0.225898792565459
"X7210.25",1285,0.99161812059091,95,0.972958902313456,3580,-0.0971054898688753
"X6019.12",1286,0.991552177265788,4862,-0.225583327100155,1419,0.713203527253359
"X13741.36",1287,0.991329302165524,4702,-0.179218615628459,5465,-0.76860938834367
"X20585.9",1288,0.991262609571471,5794,-0.619178726388836,428,0.950468297190217
"X17682.1",1289,0.991237126072315,2207,0.324979079013841,5098,-0.657309318550959
"X7999.23",1290,0.991212545780793,1254,0.694507325237458,6046,-0.88233282699756
"X22808.59",1291,0.991132659833346,5841,-0.639107608798164,5933,-0.86202112747294
"X21813.171",1292,0.99112448728391,718,0.860002049868065,5314,-0.725076773004805
"X8597.1",1293,0.991073616862092,3567,0.0197349646498953,5883,-0.85326278659612
"X21124.17",1294,0.991035963161837,4337,-0.146175255986804,5973,-0.868181728511965
"X8983.7",1295,0.990954452719809,367,0.930378538402033,6308,-0.943385091271699
"X22120.4",1296,0.990923727355407,6208,-0.775746618591947,444,0.94682816805087
"X3186.2",1297,0.990922653707422,5769,-0.611835854372777,6079,-0.890526260414406
"X7939.1",1298,0.990918706947705,1693,0.538696206143965,3686,-0.137385783186471
"X20442.12",1299,0.990872293949905,3833,-0.0448558463325522,6954,-0.986154276914462
"X24669.12",1300,0.99085613155372,61,0.978211323170426,3331,-0.00933104495867117
"X12731.12",1301,0.990765279465179,6631,-0.910674164077541,3507,-0.0721166808046136
"X19215.7",1302,0.99075898449549,803,0.835782321227165,2589,0.27672893939095
"X19553.14",1303,0.99074552024187,511,0.907160954691121,3537,-0.0837426762147127
"X10870.32",1304,0.990555022982573,1958,0.430359146809405,4289,-0.366383250149599
"X13529.39",1305,0.990486571553882,5943,-0.677642987758669,6287,-0.940137197256055
"X6467.65",1306,0.990468991962245,1348,0.662745990305003,5366,-0.741712285557297
"X9490.3",1307,0.990456825950383,1173,0.726071983618,4674,-0.510531349844319
"X7748.11",1308,0.990389106014797,2669,0.174876305874459,3293,0.00987025967791784
"X9216.100",1309,0.990352235577514,417,0.923033909351392,6525,-0.969251609424421
"X11949.25",1310,0.990267373125953,6928,-0.973879700964896,4643,-0.499398315282792
"X10613.33",1311,0.990253914411425,1133,0.73924545619319,6092,-0.893117121382494
"X8006.12",1312,0.990186318609739,1008,0.78416490169988,5199,-0.691621786904973
"X9735.44",1313,0.990103958416633,6175,-0.766856568747217,2728,0.225467829947282
"X23322.2",1314,0.990100287589411,1853,0.466262258540968,5594,-0.799412124440236
"X25247.12",1315,0.990054041804499,3226,0.105457195855138,1106,0.793755130005359
"X21862.145",1316,0.990014256569083,4026,-0.0927773428612196,5514,-0.780105607175501
"X9107.59",1317,0.989965818314585,3705,-0.0134794127952066,6973,-0.990964590964591
"X6342.10",1318,0.98977067874062,3997,-0.0871398370975171,5909,-0.857590557590558
"X3184.25",1319,0.989654549676221,6594,-0.898223146921558,5418,-0.756472220578275
"X23606.18",1320,0.989498070447116,2477,0.232669145478989,2178,0.432456780625095
"X9087.8",1321,0.989462220739407,5576,-0.525155046081745,1380,0.725698182737816
"X9231.23",1322,0.989387459135265,1172,0.727106015990946,6645,-0.971211194623635
"X18302.204",1323,0.989241930661127,6380,-0.832581977486319,2569,0.283040626250704
"X22074.35",1324,0.989239977386132,1542,0.596778162048528,3734,-0.154822903541929
"X18396.10",1325,0.98921539709461,2190,0.328700507888272,1239,0.76008176008176
"X17676.13",1326,0.989141656220043,3253,0.0994994419653842,6127,-0.900626672716393
"X9739.4",1327,0.988889413468045,4939,-0.252475228035919,6006,-0.875726680097953
"X6210.100",1328,0.988814666269207,5889,-0.654251487105194,1663,0.626521473239826
"X18331.3",1329,0.988763514470516,1302,0.680601136096318,6053,-0.883079970424035
"X2992.59",1330,0.988637760243837,1112,0.745579519440666,3565,-0.0932389073173379
"X5586.66",1331,0.988625025573234,1247,0.697047239057305,3467,-0.0578270578270578
"X22991.9",1332,0.988588599660792,2371,0.266454307409307,5854,-0.849072484925003
"X14070.56",1333,0.988551729223509,879,0.817189040869392,1744,0.600789600789601
"X3358.51",1334,0.98847930836192,827,0.829085905836826,3018,0.115685877796404
"X12704.26",1335,0.988478171659459,6997,-0.988665269234106,1750,0.598698026039479
"X22970.8",1336,0.988391957328614,1506,0.60963559453815,4718,-0.527661057518429
"X21430.4",1337,0.98834894181845,4512,-0.153168613507437,5974,-0.868273789561592
"X11279.42",1338,0.988341752828793,64,0.977883528917238,3704,-0.144700242646624
"X19590.46",1339,0.988336651672689,6316,-0.810465506403557,5054,-0.642987249544627
"X12650.43",1340,0.988239118445226,6395,-0.838848079790477,5159,-0.674622271357656
"X3518.54",1341,0.988226040360839,6225,-0.781743017018306,4058,-0.274769354191737
"X11699.16",1342,0.988207605142197,481,0.912490503607665,5643,-0.81335279766954
"X11546.7",1343,0.988184441945231,4204,-0.13118326012595,2380,0.36417378495854
"X2925.9",1344,0.988148823805463,5017,-0.284416612740507,6842,-0.972339441586219
"X4280.47",1345,0.988014415435217,2006,0.40587484429773,433,0.948537873258238
"X8907.11",1346,0.987857003468528,6541,-0.881550018689936,3596,-0.10334628977662
"X25960.15",1347,0.987772030999554,6018,-0.705776969691995,5325,-0.729245415091698
"X5918.5",1348,0.987768873892872,4023,-0.0920918989992835,6805,-0.9720528956488
"X22007.1",1349,0.987752444719109,6888,-0.967005229162731,1814,0.573335684923144
"X20161.41",1350,0.987734434530394,396,0.926281000659445,3988,-0.250360024461936
"X10851.77",1351,0.987719654679785,4006,-0.0879461848807095,6684,-0.9720528956488
"X13374.4",1352,0.98760856898958,4963,-0.263504009645069,5544,-0.787810956410142
"X4212.5",1353,0.987580807708379,6790,-0.948157013113296,5403,-0.752226676706214
"X13591.31",1354,0.987347110923661,2486,0.230197191526551,3581,-0.0972004585631236
"X9851.9",1355,0.98725651550303,3874,-0.0574373462210728,4156,-0.312081758364833
"X8853.2",1356,0.987246431550289,3006,0.144374731206566,1439,0.705271440878596
"X19567.1",1357,0.987210123545176,4758,-0.193820657047697,2616,0.268101235599594
"X9607.39",1358,0.987152007302142,6279,-0.800045418645359,276,0.969650924581801
"X6393.63",1359,0.98713308195421,3068,0.136570655087174,5886,-0.853912265819705
"X12923.51",1360,0.986976770030596,3190,0.115079524684158,3330,-0.00826222035300981
"X9883.29",1361,0.986960155347443,1776,0.503588382971667,1506,0.680666521999303
"X21368.46",1362,0.986778032184205,6062,-0.724547071413499,1315,0.742926094704517
"X2851.63",1363,0.98669243407593,5610,-0.546134726058691,4629,-0.491426713392825
"X5400.52",1364,0.986546088502705,4711,-0.182698910480989,5789,-0.838308921736146
"X25460.36",1365,0.986528807264372,6942,-0.976830730904056,5699,-0.824187005657382
"X12391.27",1366,0.986507230112354,5536,-0.509947691253214,1305,0.745230938204521
"X6998.106",1367,0.986505419954281,366,0.930422777458553,5874,-0.851571284843463
"X4979.34",1368,0.986431679079714,6494,-0.868579403306478,5701,-0.82459282172341
"X4763.31",1369,0.986419388933953,5759,-0.608013762223821,5170,-0.681002379952401
"X4874.3",1370,0.986407098788192,6414,-0.843603105349151,4900,-0.590920150191027
"X21290.66",1371,0.986321067767864,5648,-0.566481039725237,7001,-0.99770718438172
"X4568.17",1372,0.986296487476341,547,0.900179712735196,5917,-0.858515318301079
"X12350.86",1373,0.986264376137029,196,0.957224778160419,4130,-0.301611725947407
"X23664.17",1374,0.986138520372031,6097,-0.738918534819589,868,0.849054043970505
"X7995.16",1375,0.986138476743234,3145,0.126173792656637,5150,-0.672262663326166
"X2972.57",1376,0.986044539488238,1526,0.604707125475784,4053,-0.272914981620669
"X12458.79",1377,0.986019959196716,529,0.903678622801368,2915,0.156313086478205
"X17393.13",1378,0.985964653540791,1932,0.440304810091435,1622,0.639883477014329
"X23650.2",1379,0.985897057739105,6234,-0.784529745114983,2805,0.196944721436469
"X24725.4",1380,0.985836318198128,3163,0.12181545348613,3654,-0.123603624434585
"X20370.6",1381,0.985802430375396,4574,-0.155864330888899,5055,-0.643228638027706
"X8262.20",1382,0.985724995698449,4543,-0.153168613507437,6949,-0.984428531034437
"X21705.33",1383,0.985704123834644,1408,0.641651466011592,5903,-0.85691222357889
"X9061.3",1384,0.985617312103005,848,0.824169905585678,6952,-0.985266285435194
"X25060.18",1385,0.985473047710346,2087,0.376361805732798,3605,-0.106152966009745
"X17350.13",1386,0.985399306835779,2972,0.147734206765689,3990,-0.251846152834494
"X19279.42",1387,0.985357900501709,2062,0.385675005495374,1756,0.596246539490902
"X22019.21",1388,0.985116633483273,1052,0.769184739604042,6059,-0.885110986756202
"X19379.154",1389,0.985042892608706,4585,-0.157287251888673,5580,-0.795479802463291
"X9257.14",1390,0.985042892608706,6335,-0.81641386206435,3121,0.0776504745042973
"X19247.1",1391,0.984973907350636,1578,0.580492490850956,980,0.828093096454276
"X7952.2",1392,0.984876975640931,530,0.903616497353519,5192,-0.688367013302401
"X14614.41",1393,0.984854350597233,1909,0.447786231870085,5021,-0.634690001356668
"X10666.7",1394,0.984848151027487,1900,0.450636113671334,4225,-0.340290518369467
"X20511.3",1395,0.984740993472116,3318,0.0826755689579831,2055,0.48045948045948
"X11226.16",1396,0.984684338744909,5926,-0.67185095773768,3805,-0.186048805507881
"X12808.103",1397,0.984655753017231,5353,-0.422556185476886,4659,-0.505253803835379
"X15623.1",1398,0.984508271268097,3341,0.0770007982754166,4266,-0.355047355047355
"X11308.8",1399,0.984487003651867,4840,-0.218607762742611,390,0.956275509062013
"X14237.1",1400,0.984483690976575,5885,-0.653580245393485,5390,-0.749472528107749
"X12532.28",1401,0.984430276469014,2168,0.33883127851328,5663,-0.817193058596858
"X3166.92",1402,0.984394519244116,568,0.894793958942514,4753,-0.536827707745622
"X13453.2",1403,0.984327231918269,5897,-0.658530941849299,2821,0.193624114734371
"X15491.20",1404,0.984225597915591,3438,0.0547840607152085,6047,-0.882438039625706
"X6586.19",1405,0.984176437332547,1137,0.738281355448519,4969,-0.614165015854794
"X10693.43",1406,0.98394649260855,6107,-0.741643357042551,4645,-0.500227569483305
"X19329.31",1407,0.983935389041191,5236,-0.369620799895106,1651,0.629151788943468
"X7788.1",1408,0.983799754121115,4901,-0.239204015550828,3061,0.0975121574068053
"X2638.12",1409,0.983684831502102,3021,0.142677739438186,5424,-0.757667026191009
"X14112.40",1410,0.983620488867346,2047,0.391157661018084,5182,-0.68657158075398
"X20935.4",1411,0.983598257274524,4045,-0.0966273910801246,6879,-0.974032845601254
"X22095.29",1412,0.983563834140139,3899,-0.064892529827744,2593,0.276053643745294
"X2723.9",1413,0.983506004458849,6093,-0.737230808751124,320,0.965259953441175
"X13632.10",1414,0.983398261138773,3872,-0.0570324992821949,6155,-0.908469830603388
"X8032.23",1415,0.983383722930954,3810,-0.0393451302372446,3773,-0.17118192602983
"X19135.5",1416,0.983362395110068,1515,0.607479879217459,5999,-0.873065427233464
"X8925.25",1417,0.983267970564722,2545,0.208690756917844,6030,-0.879794572343546
"X22094.15",1418,0.983211315837514,1393,0.647030215335765,5174,-0.682919549586216
"X12864.9",1419,0.983160956079996,2512,0.221003468691343,6381,-0.956269464496037
"X11089.7",1420,0.983076469286926,6312,-0.80884196074953,6010,-0.87659873876362
"X18339.207",1421,0.983021163631001,1525,0.605092765773652,3080,0.0929356295989426
"X12689.56",1422,0.98300887348524,3036,0.140496473319476,6703,-0.9720528956488
"X10563.13",1423,0.982978148120837,6609,-0.903736468846049,3735,-0.155037383361938
"X8950.4",1424,0.982900842069084,3159,0.12240324924185,3501,-0.0704246370913038
"X3073.51",1425,0.982839912625821,2481,0.231596280884967,6788,-0.9720528956488
"X12427.8",1426,0.982746645181007,3224,0.105740505296745,1110,0.790798662926043
"X5115.31",1427,0.982541847946317,267,0.946858766953712,5530,-0.784182596516147
"X24898.39",1428,0.982388221124303,3939,-0.0753695398154326,4894,-0.588399588399588
"X11450.110",1429,0.982366296019195,3321,0.0822069422966422,6301,-0.942514450296897
"X5069.9",1430,0.982326770395497,4473,-0.152732839970846,4703,-0.524149586054066
"X15513.108",1431,0.982298545232505,4497,-0.153168613507437,6844,-0.972499966082839
"X2774.10",1432,0.982279660323436,2361,0.270430258880332,5851,-0.848835756511675
"X24447.26",1433,0.982187117176149,65,0.977584398048181,1243,0.759114175284655
"X2687.2",1434,0.982173143573483,6127,-0.748608802625439,5472,-0.771478171667554
"X7713.102",1435,0.9821362731362,6436,-0.853553096884412,3401,-0.0338192841595812
"X7148.42",1436,0.981934160625371,6473,-0.863338384305277,5284,-0.717658071999837
"X16927.9",1437,0.981908905439619,5679,-0.57857613889221,4819,-0.557278412341441
"X13475.10",1438,0.981902760366738,1318,0.672509462967957,4179,-0.321629321629322
"X12382.2",1439,0.981813832566396,6340,-0.818749060001774,2451,0.332682132682133
"X6464.40",1440,0.981699972961679,2078,0.3806989295992,1270,0.753644631196859
"X9874.28",1441,0.981681537743038,4880,-0.231519937641969,5259,-0.708574171614948
"X9097.5",1442,0.981667101389872,200,0.956998856373503,3192,0.0502589948201036
"X11989.35",1443,0.981562033778807,2218,0.321906254121287,5268,-0.713004605981671
"X5343.74",1444,0.981534333691295,238,0.951077671812394,2827,0.190554685009192
"X21536.65",1445,0.981503330629501,2414,0.253014743028588,2929,0.14929014354948
"X17796.15",1446,0.981499352169751,6711,-0.92920377710943,2143,0.449590356617109
"X5065.8",1447,0.981497185556621,303,0.940218041024415,6036,-0.88116783567814
"X18910.45",1448,0.981435734827815,1452,0.630252776359843,3538,-0.0837556048488302
"X19266.35",1449,0.981411154536293,3726,-0.0190380958754729,6933,-0.978845978845979
"X13943.38",1450,0.981282108005801,1815,0.485390017315249,6435,-0.961649997040895
"X8952.65",1451,0.981239092495637,979,0.791318465614383,4879,-0.583226476757873
"X12432.23",1452,0.981096206021768,229,0.953005873301737,4732,-0.531948472115366
"X23290.3",1453,0.98104859523634,2240,0.308383657851018,1790,0.583213325179355
"X20165.4",1454,0.981011724799056,6859,-0.962461773405474,1985,0.506684289781881
"X21548.20",1455,0.980907356931076,4514,-0.153168613507437,6757,-0.9720528956488
"X21389.32",1456,0.980808937393998,5249,-0.376631740510356,6434,-0.961571087569786
"X18830.1",1457,0.980692181009267,5826,-0.633484439002978,6848,-0.972671972671973
"X8104.21",1458,0.980687032991936,3048,0.139331500119087,2357,0.37117457650847
"X15668.19",1459,0.980508758803952,3660,-0.00272226410489082,5139,-0.669122235788903
"X10440.26",1460,0.980501683749969,198,0.957004963190634,3359,-0.0185108467643829
"X16320.139",1461,0.980470958385567,4646,-0.168030423220539,5000,-0.626850262702781
"X21105.23",1462,0.980420385833573,2020,0.400345806830209,1452,0.699723159272192
"X12658.72",1463,0.980353399598381,5264,-0.384154178960816,3441,-0.0469484523494577
"X21733.11",1464,0.980243567923063,4025,-0.0926355322675254,3786,-0.178442929342424
"X7224.11",1465,0.980221205234897,476,0.913097826742284,1559,0.663596033048881
"X3421.54",1466,0.980205619050076,4528,-0.153168613507437,6263,-0.936317139019659
"X17836.17",1467,0.980158255538,2253,0.305335716655785,6925,-0.977365042450501
"X3044.3",1468,0.980076420932033,4371,-0.148305689351314,5801,-0.84019516942521
"X9962.1",1469,0.980070237899442,3171,0.119671660168274,4439,-0.420879120879121
"X23929.159",1470,0.979917901826316,138,0.966580911082548,2819,0.194068526696378
"X10530.8",1471,0.97975198485854,4627,-0.162780364919752,658,0.894576946598015
"X7244.16",1472,0.979727404567018,4034,-0.0948164886602078,6386,-0.956748543248065
"X19252.67",1473,0.979635837149647,617,0.884299466751724,5728,-0.828826873244787
"X10737.96",1474,0.979567632672124,4301,-0.141726665869677,5584,-0.796374109802529
"X20971.1",1475,0.979340264975543,5208,-0.360667515692878,4081,-0.286083286083286
"X2571.12",1476,0.979315615839324,4067,-0.102282387413006,3968,-0.243628422032605
"X19602.36",1477,0.9792391899633,1867,0.462327324549144,3684,-0.135480986105357
"X18301.10",1478,0.979217363517931,1785,0.501070151826585,6225,-0.928271290761674
"X8089.173",1479,0.979050406811136,4707,-0.180993301754647,5950,-0.865288381237958
"X21281.13",1480,0.978860949290859,1907,0.448650066137311,2907,0.159204992538326
"X11246.3",1481,0.978842606872848,3778,-0.0314599064858419,5632,-0.810316524473423
"X9028.5",1482,0.978763202770764,2388,0.261524981259785,2755,0.214377712445751
"X22981.3",1483,0.978741954267189,129,0.967443271910979,4477,-0.432404174311022
"X16079.2",1484,0.978738047833247,4806,-0.205735242509901,677,0.888750797314448
"X5034.79",1485,0.978657671370708,4393,-0.150037982773104,6855,-0.973035973035973
"X6909.40",1486,0.978433739659341,528,0.904159769148855,5541,-0.786695786695787
"X9326.33",1487,0.978184991273997,6026,-0.708928357016178,4118,-0.296866096866097
"X22959.32",1488,0.978068234889266,2511,0.221534925513576,5666,-0.817640212266477
"X22465.43",1489,0.978032042516963,6984,-0.983654637288056,459,0.943461363950208
"X19238.12",1490,0.97801174008152,77,0.975245751268616,3519,-0.0753519691200936
"X18212.43",1491,0.977819271241482,1286,0.687181701198375,1017,0.818705490126452
"X9569.14",1492,0.977791346934664,2206,0.325169821645444,6072,-0.888385407480769
"X9495.10",1493,0.977632444564839,6149,-0.756933591058866,1507,0.68014047054743
"X8659.68",1494,0.977600051597923,4811,-0.20747667966451,502,0.932295673788246
"X4420.7",1495,0.97758368348992,430,0.921119297368478,6198,-0.921734956238122
"X9081.39",1496,0.977470303480489,5351,-0.421797932196723,1378,0.726315651036016
"X3676.15",1497,0.97745987267409,2143,0.352467519445912,6184,-0.91719766164934
"X23638.3",1498,0.977419943722971,2389,0.261401865778124,3451,-0.0509163362332564
"X23250.3",1499,0.977331814147315,3863,-0.0545601553056965,1460,0.698684184569253
"X21204.70",1500,0.977287749359487,810,0.83411509746299,4962,-0.612437612437612
"X12980.31",1501,0.977281665560554,2773,0.15783295711061,1879,0.545468294832087
"X16322.10",1502,0.977280620111965,3550,0.0245144578085999,6856,-0.973144969415561
"X16890.37",1503,0.977257085269031,5018,-0.284652673065725,6726,-0.9720528956488
"X8773.172",1504,0.9772185046929,1230,0.702188637352298,644,0.897325626508322
"X15297.3",1505,0.977174515950105,6458,-0.860627949928176,1675,0.62258915126288
"X23680.1",1506,0.977155554996003,6659,-0.917858616553995,1539,0.671136978774497
"X19572.10",1507,0.977140328884301,2615,0.186748150002668,2455,0.330022995990964
"X9191.8",1508,0.976978369714295,5915,-0.667072808262456,6872,-0.97380707390997
"X21452.3",1509,0.9769613787054,6347,-0.820442153347958,2076,0.47306275337968
"X8959.61",1510,0.976947893552397,1632,0.56097165929451,5811,-0.840918506243712
"X18303.39",1511,0.976925251333481,846,0.824321562305975,695,0.883647984849382
"X15596.7",1512,0.97691637911574,5715,-0.591252135095202,5614,-0.805856855043855
"X2700.56",1513,0.976753716298837,3744,-0.0239550896199861,6779,-0.9720528956488
"X6304.8",1514,0.976544256814886,4539,-0.153168613507437,6810,-0.9720528956488
"X19130.81",1515,0.976531966669125,4296,-0.141087291573579,6515,-0.968712394705174
"X9064.12",1516,0.976529243311576,5918,-0.667454658341978,1648,0.629597471136496
"X5658.64",1517,0.976456813360444,5162,-0.342244810386706,4885,-0.58575157983337
"X21433.3",1518,0.976335169339377,4815,-0.208897243364929,6362,-0.953785953785954
"X23379.60",1519,0.976291037919798,6196,-0.771790363177959,5405,-0.753108528867091
"X5131.15",1520,0.9762554383895,4659,-0.169940110061741,6849,-0.972700163799017
"X6217.23",1521,0.975974639538971,1649,0.554861995924388,5554,-0.789229789229789
"X3026.5",1522,0.975783251603644,1640,0.559407441234248,3682,-0.134407134407134
"X21390.68",1523,0.975579480372637,4688,-0.176673389662526,5578,-0.795366092678147
"X20995.47",1524,0.97552120618873,6040,-0.715856225448793,6895,-0.974869323889466
"X23269.40",1525,0.975084509968084,6156,-0.760675487545747,5361,-0.740304784201513
"X17490.4",1526,0.974995698448984,6118,-0.74402739588676,6430,-0.961276774464511
"X18322.15",1527,0.974866651918492,6999,-0.988953495238508,2689,0.24014942952317
"X2877.3",1528,0.974799056116806,2308,0.287344442344847,6781,-0.9720528956488
"X15526.33",1529,0.974790554720161,1109,0.746240971196526,4673,-0.510261519138835
"X21667.57",1530,0.974737605388,1778,0.502909656047418,267,0.97024997024997
"X15364.101",1531,0.974681458699473,5782,-0.615450446689488,2260,0.404088174940773
"X22833.74",1532,0.974665053902031,5900,-0.659558969752627,2529,0.299665292326712
"X12892.10",1533,0.974565543347344,4354,-0.147094775339397,1406,0.716978030288085
"X8681.93",1534,0.974549437544458,6756,-0.941944520923727,1039,0.809385556716276
"X24938.7",1535,0.974381191160927,44,0.982445653641023,2138,0.449882622161725
"X9012.1",1536,0.974276724921958,6624,-0.908676521061745,2276,0.398726062801441
"X15457.14",1537,0.974200872010526,6806,-0.952543104944294,2598,0.27525810959313
"X21827.7",1538,0.97419069390163,1728,0.522018132806806,6759,-0.9720528956488
"X12732.13",1539,0.974184329302454,5469,-0.478364594425953,6964,-0.989010839924568
"X3396.54",1540,0.97398906714624,3466,0.047140447115868,6850,-0.972701720413015
"X3600.2",1541,0.973928542730454,206,0.95659182850992,6118,-0.898771882317335
"X12401.3",1542,0.973908020549124,645,0.878060537813959,2286,0.395636896444125
"X10552.88",1543,0.97359889712131,5399,-0.447929563630709,1019,0.818172909331448
"X21891.31",1544,0.973594621832215,36,0.984292870667813,4701,-0.523847099748147
"X5268.49",1545,0.973570997879447,2738,0.162762719048496,6943,-0.981114333247848
"X12431.13",1546,0.973542325669232,6600,-0.89963283245544,2500,0.309781097159758
"X2966.65",1547,0.973510830761491,854,0.822408464635603,5597,-0.7999817999818
"X9168.31",1548,0.973020909923507,3805,-0.0391514564693899,4252,-0.349433349433349
"X9243.10",1549,0.972932060370798,1953,0.431763061843518,2256,0.405303498069434
"X23381.8",1550,0.972833605835744,6948,-0.978296164035957,6185,-0.917329177434522
"X11187.11",1551,0.972771182066219,79,0.974894816608756,4170,-0.318116956987762
"X5012.67",1552,0.972743309178978,4343,-0.146834458749871,4051,-0.272223963229918
"X11833.83",1553,0.972642135535728,2208,0.324608195514473,4612,-0.485115701012014
"X2849.49",1554,0.972642135535728,4308,-0.142588420657043,5416,-0.755525306924964
"X8838.10",1555,0.972126840391956,1282,0.688371821950871,2722,0.228423191493559
"X5457.5",1556,0.971937025123224,5585,-0.530972700523314,4398,-0.406692838307918
"X24266.2",1557,0.971724208585186,5288,-0.396010165478252,4817,-0.55618683132443
"X21339.19",1558,0.971486075171272,726,0.858411051228855,5364,-0.740749031658493
"X6400.33",1559,0.971167318044392,6283,-0.801032744717692,4473,-0.431164655365392
"X16792.4",1560,0.971126330119745,4155,-0.122276235306198,6303,-0.942829478369571
"X15569.15",1561,0.97112497403325,6998,-0.988681457257558,5857,-0.849322364916849
"X12854.3",1562,0.971117969357185,3855,-0.0520954323637692,4215,-0.336709133929879
"X20931.156",1563,0.971001967170821,4364,-0.147734206765689,6752,-0.9720528956488
"X9118.7",1564,0.970992779669766,5448,-0.469420652580512,4122,-0.298886831233847
"X21217.20",1565,0.970589681193619,2144,0.352043315118257,4349,-0.388083354704648
"X4967.1",1566,0.970567337213183,6916,-0.971587277981648,7000,-0.997381997381997
"X15688.30",1567,0.970526951912727,1487,0.617664639484167,6724,-0.9720528956488
"X24909.40",1568,0.970515940319052,4670,-0.172118977744698,5351,-0.737235189971306
"X15558.63",1569,0.970449244137391,3819,-0.0421680159906925,6927,-0.977843438647351
"X8009.121",1570,0.970369670931495,2171,0.336741241727916,6358,-0.952652946941061
"X20913.27",1571,0.970362313497038,4036,-0.0951739771781814,6942,-0.980029440295217
"X18392.19",1572,0.970183683316479,5175,-0.34886917058238,511,0.930087148570405
"X6391.52",1573,0.970088582510459,2463,0.236041721848256,5509,-0.778829405145438
"X18218.48",1574,0.970067513337425,243,0.950248545171976,2761,0.211628625725803
"X6356.3",1575,0.97006120492589,1342,0.664813022301578,6258,-0.934820776863743
"X4900.8",1576,0.970030479561488,3852,-0.0515678206309846,5590,-0.79791284448916
"X23241.27",1577,0.969865980095306,6269,-0.797131688036627,4828,-0.565179049906049
"X9000.177",1578,0.969753951281862,2119,0.362946895182006,3976,-0.246269883542772
"X7846.44",1579,0.969746375671201,6400,-0.840406619130073,5362,-0.740519355835684
"X9457.3",1580,0.969667920261534,6488,-0.867478439468086,2594,0.276018754150967
"X21951.32",1581,0.96953864167144,6628,-0.909440088851525,504,0.931541138403305
"X13972.4",1582,0.969368966721957,3864,-0.0548699153290184,4519,-0.447027447027447
"X7132.55",1583,0.969211400154226,2290,0.293001925264372,2129,0.452973243113505
"X12504.26",1584,0.969207039795492,1469,0.62460343624368,3088,0.0910420366197603
"X9361.7",1585,0.969053945976626,2042,0.392496982364669,4461,-0.426893662911891
"X13659.36",1586,0.968985817171792,1870,0.461140396182468,5244,-0.704825771045374
"X6036.78",1587,0.96887766985402,6136,-0.751795651069911,6847,-0.97266100088792
"X10513.13",1588,0.968861950903539,5472,-0.479615100559795,2330,0.38110037799244
"X14114.18",1589,0.968844480495539,104,0.971269797808792,2680,0.242014150335443
"X7198.197",1590,0.968826045276897,409,0.923905456424575,5579,-0.795440347727736
"X15370.5",1591,0.968770655369294,8,0.994023251841357,3716,-0.146839146839147
"X24907.3",1592,0.968727724110808,2372,0.266041672290588,5713,-0.827043590906999
"X4930.21",1593,0.968617112798958,5380,-0.438978493565391,5609,-0.803943914202568
"X15686.49",1594,0.968580242361674,3679,-0.0085535018067248,6426,-0.961058176007575
"X22590.68",1595,0.968574097288794,999,0.786953017442511,6078,-0.890486805678852
"X16882.27",1596,0.968543371924391,4027,-0.0927969387875615,5350,-0.737073642263913
"X24929.26",1597,0.968531260534195,1238,0.700614525799454,2192,0.427230238032249
"X6404.20",1598,0.968457340904063,3599,0.0112221326679753,3606,-0.106245027059373
"X19273.3",1599,0.968236118280363,1421,0.637567535257164,6179,-0.915882503797518
"X8397.147",1600,0.968174337213222,113,0.969225287910384,4625,-0.489312630157987
"X10490.3",1601,0.968070201312588,1331,0.668954575785431,3829,-0.196622674636523
"X5316.54",1602,0.968046733854977,5903,-0.662485898201606,813,0.858988775127735
"X9536.16",1603,0.968041330203039,6830,-0.957841216250163,1093,0.798320543423224
"X3504.58",1604,0.967920834461182,4001,-0.0874490436644864,4917,-0.597193453144214
"X7056.16",1605,0.967908345529799,4724,-0.1871823470895,715,0.879031780789489
"X23536.14",1606,0.967864179733975,5632,-0.558313722258955,2867,0.177921129983626
"X15418.25",1607,0.967818253324484,1207,0.707432391202934,6718,-0.9720528956488
"X12348.46",1608,0.967788640097698,2952,0.149431759021091,5512,-0.779848999776145
"X24304.3",1609,0.967686800606276,3398,0.0626356971798125,6987,-0.994030539218679
"X7766.25",1610,0.967660897355275,5286,-0.395213706169272,4360,-0.392291859830476
"X16916.19",1611,0.967406533441487,3249,0.100389882341145,5402,-0.752224260716893
"X20950.159",1612,0.967209606093511,2478,0.232200994421633,421,0.951575887895945
"X15385.116",1613,0.967190617977175,5714,-0.591168703802698,4478,-0.432661346773065
"X3581.53",1614,0.967148440380503,5959,-0.68452695432862,4254,-0.34945529039873
"X6223.5",1615,0.96713191094141,5712,-0.590570862182894,5605,-0.803533364644677
"X17736.105",1616,0.967048170041504,5958,-0.68443825706011,2265,0.402747364752454
"X3195.50",1617,0.966921072683922,4827,-0.21296393057822,4746,-0.535639668973002
"X11457.53",1618,0.966724430351744,5752,-0.605085052967695,812,0.85909398775588
"X21181.10",1619,0.966611796032318,6915,-0.971362194881771,6475,-0.965706866834302
"X2750.3",1620,0.966564658456849,4861,-0.225395184895241,4220,-0.339369907873192
"X23394.125",1621,0.966294275250104,5670,-0.573578240631833,5604,-0.803469070731327
"X9482.110",1622,0.9662548494142,3459,0.0484865546510148,5333,-0.730734581418135
"X21167.33",1623,0.966100383112109,968,0.79419840837111,6319,-0.945854951240523
"X17787.1",1624,0.966079197699285,1367,0.656025676280223,4963,-0.612535612535613
"X5021.13",1625,0.965996749309873,807,0.835040008718506,5795,-0.838502225562171
"X20585.5",1626,0.965986529449479,6424,-0.848725010158055,5339,-0.733971733971734
"X13522.20",1627,0.96541554537872,1125,0.741784998641823,1188,0.771346655882372
"X8923.94",1628,0.965335643880736,2156,0.345633973367681,5817,-0.841918026211096
"X10756.34",1629,0.965315976711738,3965,-0.0806296616081054,5178,-0.684588587107316
"X18934.50",1630,0.965062918222049,4288,-0.140089049158127,6605,-0.971170217817484
"X21173.25",1631,0.965003809945186,744,0.854186924497179,2602,0.274421274421274
"X18166.4",1632,0.964779644586011,2893,0.15265457380917,2513,0.304886468998442
"X21853.3",1633,0.964678121082516,6405,-0.841941467515589,6074,-0.888803403628521
"X8986.2",1634,0.964635105572352,3110,0.131584326035733,1475,0.694278405765652
"X8076.4",1635,0.964624933076877,5114,-0.320714580982493,5320,-0.727589346358946
"X24642.21",1636,0.964393711560642,2306,0.287456278031229,3312,-0.000243304202586916
"X21636.63",1637,0.964326743611453,3724,-0.0182886036880923,1018,0.818192578564242
"X21663.149",1638,0.964320111798662,3328,0.0795151730175196,2952,0.13950536913193
"X24423.9",1639,0.964186515252071,4776,-0.199719253863152,2919,0.153167153167153
"X23287.109",1640,0.964049031084624,2853,0.153168613507437,516,0.929384471367133
"X21909.10",1641,0.963848330432429,1916,0.445462311577572,2240,0.410099097144135
"X3685.53",1642,0.963479831870806,6551,-0.88512932447389,4042,-0.270234703568037
"X4155.3",1643,0.963424526214881,4276,-0.138707251876843,5545,-0.787962039656213
"X5633.65",1644,0.963350785340314,4807,-0.20619060155589,4052,-0.272293272293272
"X11109.56",1645,0.963326205048792,1975,0.420587021661416,6178,-0.915001348036798
"X7885.17",1646,0.963168132345443,5767,-0.611498251121249,4028,-0.262998691417937
"X4238.4",1647,0.963155542406063,5877,-0.651207632592775,5264,-0.711525807742662
"X15581.16",1648,0.962856064832581,6449,-0.857041064180744,954,0.832139832139832
"X23324.6",1649,0.96254493034616,5295,-0.398481204013905,3982,-0.247169593737493
"X22385.2",1650,0.96243516948111,6169,-0.76489322544008,6970,-0.990714985566143
"X6444.15",1651,0.962110935203341,2410,0.253978142823266,5377,-0.745135301130821
"X13699.6",1652,0.96197216848934,3604,0.0105195857927365,4796,-0.550379677869718
"X21370.45",1653,0.96177764668289,6910,-0.970131861512933,4111,-0.294679294679295
"X8033.1",1654,0.96134134650837,2077,0.38137511617414,780,0.865525109651286
"X14049.17",1655,0.96132669720344,4583,-0.157166339352225,6545,-0.97024997024997
"X11282.16",1656,0.961172749161985,3329,0.0791950915702887,6689,-0.9720528956488
"X9223.11",1657,0.960954206916894,2041,0.392918584189247,6359,-0.953167228896648
"X6546.41",1658,0.960907997381397,3747,-0.024636501572564,5956,-0.866116930684605
"X24490.16",1659,0.960798225019994,3507,0.0348008204175311,1659,0.626745050074635
"X16810.3",1660,0.960702258928791,4372,-0.148409650554196,1231,0.761588184621859
"X13438.115",1661,0.960450310940688,413,0.923509056480472,1430,0.709258053697895
"X3844.2",1662,0.96025981368139,5139,-0.33143469760016,4011,-0.25643605373735
"X10356.21",1663,0.960197031931133,2991,0.146248373629272,1592,0.651383490370853
"X6626.81",1664,0.960190611682205,970,0.793836227174219,3607,-0.106258178637891
"X15434.5",1665,0.959831798409891,1460,0.62782732617763,2223,0.417897983205434
"X22589.3",1666,0.959780497996706,1171,0.727387017033732,6151,-0.907255068289571
"X3805.16",1667,0.95963035937982,639,0.878917106952871,5612,-0.805198818988249
"X12632.14",1668,0.959366354334203,6987,-0.985083675502033,1523,0.67473516008759
"X5014.49",1669,0.9587238837445,6889,-0.967471240874786,4740,-0.534289453091607
"X22817.126",1670,0.958723545461249,5457,-0.47290038245547,4892,-0.587845358010346
"X14102.6",1671,0.958674384878205,4839,-0.218514618284713,4803,-0.552191018857686
"X6408.2",1672,0.958533048201952,6125,-0.748272257904506,5298,-0.721239141727986
"X17712.7",1673,0.958459307327385,943,0.801291123717264,4309,-0.373669224648688
"X11988.24",1674,0.958421725199393,833,0.827105719510347,2472,0.322085091623793
"X7991.54",1675,0.958402971216342,5132,-0.327248426775426,559,0.920978662215575
"X9220.7",1676,0.958308878067658,1184,0.718012101392547,4573,-0.468663076285731
"X17784.23",1677,0.958193052384454,5344,-0.419578217205935,1454,0.699249702445536
"X12842.43",1678,0.958179613529063,6271,-0.797614932595921,3939,-0.232098765432099
"X5601.2",1679,0.958025142108941,5779,-0.614316392832749,5561,-0.79031339031339
"X21839.3",1680,0.957814074674926,3120,0.130143120624054,3095,0.087056874001302
"X13621.31",1681,0.95764815770715,1070,0.761861601750828,3864,-0.208353882674768
"X6321.65",1682,0.957512966103778,4117,-0.11366747779676,4793,-0.550071347313461
"X20576.71",1683,0.957445370302092,2197,0.326209271564041,6019,-0.878176928185806
"X9392.43",1684,0.957321224379185,3578,0.0161174476398426,1998,0.500251994960101
"X6334.9",1685,0.957068306716103,2155,0.347245949812772,3279,0.0153281647629757
"X9930.48",1686,0.956973504295555,6185,-0.769728237019277,1446,0.701091978160437
"X23386.38",1687,0.95676941228523,5646,-0.56584229625659,6969,-0.990570318202442
"X23374.42",1688,0.956763267212349,4767,-0.197532129543102,2990,0.127287552688511
"X20457.13",1689,0.956738686920827,3887,-0.0602755785568569,4023,-0.261639261639262
"X5583.62",1690,0.956673761021587,5975,-0.689681575803147,2422,0.34490672242936
"X9834.62",1691,0.956511319224246,1820,0.48415596836207,5885,-0.853491415307122
"X12993.21",1692,0.95630675290748,6765,-0.943403544664012,4668,-0.50838084341073
"X21681.10",1693,0.955998300363533,2093,0.372038764562742,6219,-0.927232316058735
"X18916.25",1694,0.955996829332737,502,0.908057299143866,4733,-0.53207567648236
"X17224.12",1695,0.955627728752234,1384,0.650605161952865,5473,-0.771680164635555
"X7980.72",1696,0.955614308421069,1560,0.588369259477239,4926,-0.599731198335164
"X19446.1",1697,0.955607993510803,2602,0.19130450187291,4050,-0.272187061193756
"X17320.19",1698,0.95556121760765,109,0.97065071253012,2475,0.321195321195321
"X7880.9",1699,0.955538769022551,5701,-0.586341832125079,2283,0.396216175882022
"X23695.1",1700,0.955423641324386,3500,0.0361846572958843,683,0.888018591237759
"X22844.4",1701,0.95541953813558,4147,-0.121659980562489,5248,-0.705639745485626
"X6994.19",1702,0.955413232202056,2871,0.153168613507437,1970,0.511024310692891
"X24463.1",1703,0.9553560455227,3802,-0.0384251992796239,5310,-0.724253483292407
"X18259.15",1704,0.955335547744203,2117,0.363948031113459,3924,-0.226249347090227
"X13082.9",1705,0.955294594793894,5729,-0.598543387869202,2715,0.23084308194091
"X7167.102",1706,0.955257724356611,1102,0.748787972434862,4456,-0.425644262952661
"X9793.145",1707,0.955016146597254,1221,0.704614957444593,6480,-0.966042624265977
"X25880.14",1708,0.954922147697479,5795,-0.619635970474099,1311,0.743912463093383
"X13596.3",1709,0.954790160911335,4648,-0.168203692286615,1722,0.60529653974779
"X10761.5",1710,0.954667797360077,3001,0.145691048131766,6407,-0.959309016064653
"X10081.17",1711,0.95459405648551,2727,0.165341621508839,529,0.925802315879444
"X21314.11",1712,0.954581793688663,5090,-0.313355880436082,1830,0.566734397296035
"X15693.9",1713,0.954336289870764,2133,0.357640153297128,6470,-0.964781201225504
"X9456.34",1714,0.954273340173867,5857,-0.645106803080495,6340,-0.949984546895241
"X5103.30",1715,0.954058202832744,4411,-0.150769436691245,1586,0.652451008728828
"X17698.15",1716,0.953845508870034,891,0.81271366949597,3435,-0.0455376396236411
"X6049.64",1717,0.953690730772067,1806,0.492316117064969,1640,0.635700088863564
"X21985.61",1718,0.953604699751739,2684,0.172211023868905,4848,-0.573739799344716
"X13464.8",1719,0.953543249022934,6329,-0.814275632546499,948,0.833121001273992
"X11200.52",1720,0.95340191234668,4895,-0.237300363952065,6191,-0.919288762633735
"X11247.20",1721,0.953146688069496,3440,0.0545925903596298,2039,0.4857987884708
"X12630.8",1722,0.953064738405814,5690,-0.581846251306263,2644,0.257144508754056
"X21509.29",1723,0.95305178037262,569,0.894639419821136,4588,-0.473101431108326
"X11168.3",1724,0.952774696215268,2137,0.355906743087919,3450,-0.0505165618619291
"X3041.55",1725,0.952676793746774,1029,0.777463275023473,6854,-0.972999809302111
"X6285.71",1726,0.952670648673893,1038,0.773203709207867,6234,-0.929628197562018
"X6649.51",1727,0.952320379519701,4385,-0.149370171785947,6814,-0.9720528956488
"X16593.3",1728,0.952196000176259,5158,-0.34131180196601,3810,-0.187677187677188
"X21767.129",1729,0.951957820219748,1961,0.429664994273242,1961,0.513312575890162
"X5701.81",1730,0.951721848471915,5060,-0.300996394651061,5984,-0.870349644088284
"X9271.101",1731,0.951673517692012,6733,-0.936326930418921,312,0.965766441117095
"X12873.11",1732,0.951409128965044,1714,0.529769502793964,6327,-0.94730629909509
"X7821.6",1733,0.951252704868602,6716,-0.930782927446874,1708,0.611130330965899
"X15474.7",1734,0.950808691591082,3058,0.137993667786309,25,0.987321878308444
"X20445.29",1735,0.950808691591082,11,0.99357523263751,4437,-0.419660294726875
"X23385.18",1736,0.950754607116441,6614,-0.904805583878244,764,0.868161868161868
"X12538.19",1737,0.950667354914829,3400,0.0624645795568275,990,0.825966625966626
"X23300.3",1738,0.950421551999607,1034,0.775140591260804,3380,-0.0272434949004754
"X20449.72",1739,0.950150605727739,1477,0.619261190317343,2942,0.144634484754033
"X18264.12",1740,0.949785068984557,3212,0.10946729838416,4314,-0.375010685657546
"X13730.18",1741,0.949589882724715,4850,-0.221768621785156,6310,-0.94375139909237
"X11602.12",1742,0.949402439260353,3904,-0.0654137714499136,5589,-0.797632811145153
"X12807.89",1743,0.949401033634023,1095,0.750444450443293,4717,-0.527266510162882
"X23017.17",1744,0.949395324828553,5184,-0.351226559517995,3892,-0.217888777100471
"X13384.110",1745,0.949180247277733,3386,0.0677917079623152,3371,-0.0236005076509308
"X20525.200",1746,0.949051200747241,440,0.919981575999984,6839,-0.972336976061105
"X13727.44",1747,0.949008185237077,5647,-0.566200941733607,2194,0.426755394561007
"X3122.6",1748,0.948952879581152,6275,-0.79869130254786,2737,0.220874185424106
"X6600.70",1749,0.948914034925377,3476,0.0445819935691318,1130,0.784929764726285
"X8962.48",1750,0.948614162422808,3817,-0.0416645777817199,971,0.829300555566861
"X16596.25",1751,0.948455128677826,3860,-0.0535336037010092,6373,-0.955113662517344
"X9341.1",1752,0.948252341272768,5804,-0.624204423275957,3928,-0.228069438611228
"X22113.2",1753,0.947997255393215,518,0.905765888154452,6613,-0.971170217817484
"X7919.278",1754,0.947921879672033,2039,0.394064176807064,1005,0.821985216015261
"X20079.6",1755,0.947827291211593,3626,0.0063063461376142,3667,-0.127260789112398
"X17827.53",1756,0.947785315733845,980,0.791083225032683,3843,-0.202711855490455
"X21392.15",1757,0.947569722143392,5828,-0.633825708293488,6106,-0.896511896511896
"X2665.26",1758,0.947512181907891,4412,-0.150795931614794,6452,-0.96333709066736
"X16561.9",1759,0.947312145122041,6131,-0.749997107697766,5294,-0.720147560710974
"X19154.41",1760,0.947185370536487,67,0.977355201709158,4709,-0.525329525329525
"X10464.6",1761,0.946931150603446,6114,-0.743604783912951,6481,-0.966367515279784
"X21546.20",1762,0.946906570311924,6602,-0.900952145895437,6423,-0.960436791264175
"X8035.6",1763,0.946763671075078,5131,-0.326382552844287,1178,0.774312093573473
"X4923.79",1764,0.946688069496247,5583,-0.530637427300168,5776,-0.837254103920771
"X9106.87",1765,0.946673057542462,6785,-0.947259832863495,1187,0.771714900080882
"X11649.3",1766,0.946464125064523,6692,-0.925146573253793,3475,-0.06005306005306
"X12560.9",1767,0.945718892697931,6218,-0.778915462402463,1192,0.770596335565098
"X5692.79",1768,0.945699762365642,6574,-0.893177637490407,2665,0.249754321059021
"X12451.62",1769,0.94533957672738,2771,0.158424890767386,2218,0.41939726315651
"X21138.2",1770,0.945327286581619,5049,-0.296634517120501,5842,-0.847317473561394
"X2991.9",1771,0.945296713396325,5068,-0.304825517047229,6786,-0.9720528956488
"X15308.108",1772,0.945296561217216,750,0.852373037572934,2896,0.166189921945382
"X14670.1",1773,0.945214878790359,6762,-0.943029358795877,1485,0.690781931527571
"X7959.34",1774,0.944755346003009,1041,0.772846295346479,6261,-0.935936832251368
"X12386.11",1775,0.944434302548833,6663,-0.919499116558827,5744,-0.831593371185141
"X7002.1",1776,0.944358762912557,6919,-0.971913817106232,836,0.854525854525855
"X9340.17",1777,0.943848870367689,247,0.949816628038363,5581,-0.795769137190691
"X23358.42",1778,0.943471172186306,5650,-0.566819478262239,457,0.944342519710928
"X5030.52",1779,0.943427285460239,4999,-0.277181865007459,4198,-0.329776676789458
"X5134.52",1780,0.943354718186958,3221,0.107101587040011,6799,-0.9720528956488
"X21526.88",1781,0.943005344429267,6240,-0.786873740503757,6611,-0.971170217817484
"X7551.33",1782,0.942998303959885,3378,0.068493573304436,6239,-0.930980515936425
"X5483.1",1783,0.942654179878573,579,0.892741863953816,1697,0.61450093047418
"X20998.19",1784,0.942502486888068,1057,0.767039927973698,2840,0.187243187243187
"X11361.73",1785,0.942107268392203,5248,-0.376120205459071,6690,-0.9720528956488
"X17231.1",1786,0.941904480987145,4926,-0.248001419156296,5768,-0.836118180084565
"X16621.77",1787,0.94179671024884,788,0.838368767383221,1427,0.710126057880097
"X8976.13",1788,0.941566501978714,253,0.948987501397946,499,0.932466644308983
"X15375.49",1789,0.941505051249908,1127,0.741142806458704,6154,-0.908254588256956
"X21341.19",1790,0.941192578254095,1655,0.553744760112453,4620,-0.48757504619492
"X7131.207",1791,0.941191077400359,4619,-0.161926170295689,6816,-0.9720528956488
"X2429.27",1792,0.94105563241521,6056,-0.7230975706857,2050,0.48109105462735
"X19180.38",1793,0.940765775207923,5108,-0.319954185932613,1341,0.734982541279517
"X12783.29",1794,0.940669321338151,4312,-0.14280260230073,4975,-0.616079119896366
"X9747.48",1795,0.940611925204735,339,0.934645538720214,6915,-0.975720404112758
"X5532.53",1796,0.940499946492758,2492,0.227038012564161,4993,-0.624325159627284
"X23567.37",1797,0.940281835366901,6922,-0.972655373459257,2013,0.49691012569785
"X19638.9",1798,0.940014769347506,2717,0.167573759972285,1330,0.738928014834981
"X23030.4",1799,0.939965456455548,4127,-0.116110497856461,6153,-0.908030030420614
"X13577.25",1800,0.939877198344123,4310,-0.14276313169736,6902,-0.975244510554995
"X19161.1",1801,0.93982139269865,2118,0.363682853773339,6028,-0.879256898831589
"X9475.22",1802,0.939794909887509,5564,-0.519999685059829,2169,0.43528538828767
"X20434.23",1803,0.939772140697589,2146,0.350863255806779,1108,0.792576211860153
"X15503.20",1804,0.939765995624708,1017,0.781091284914908,3474,-0.0600435317248953
"X10479.18",1805,0.939757140069371,6490,-0.867666191940045,5852,-0.848897231346785
"X2681.23",1806,0.9396738195315,1323,0.671206938440239,6617,-0.971170217817484
"X3479.71",1807,0.939350075514972,4094,-0.108955916092412,3518,-0.0751795489227065
"X12743.18",1808,0.939317405304427,3758,-0.0266381294024257,5209,-0.695369986782664
"X12690.33",1809,0.939146528009468,6941,-0.976603928083553,3356,-0.0174713507420627
"X22811.5",1810,0.939014909494928,897,0.811957934356308,6375,-0.955379188712522
"X23402.147",1811,0.938997715452292,4078,-0.105719920295015,6929,-0.97786589335385
"X3605.77",1812,0.938920101348693,2184,0.330883231974208,6329,-0.94741998908419
"X6912.6",1813,0.938893395275668,1995,0.412825544797287,2672,0.246255074898502
"X13479.8",1814,0.938856524838385,2796,0.155590286457769,3629,-0.114612869527466
"X25954.3",1815,0.93867547276902,3536,0.0275887570991612,3540,-0.0843756548380337
"X3367.8",1816,0.938617750555531,4005,-0.0877561068740643,4690,-0.518196680165788
"X25087.11",1817,0.938278887987611,169,0.960321553281867,6440,-0.962284117271975
"X21121.31",1818,0.938115140022961,5561,-0.519360528839567,1905,0.535195296094078
"X23557.110",1819,0.938100856276996,2441,0.243297167132279,5270,-0.713205965662755
"X13740.51",1820,0.937856550861204,2808,0.154611992909882,2041,0.484808400659354
"X7839.99",1821,0.937854877958853,2128,0.360438704402855,5154,-0.673156970665404
"X15446.25",1822,0.937642030253624,3623,0.00658673628759511,4863,-0.578557666383908
"X25472.12",1823,0.937590639824988,2817,0.153836260083522,1345,0.733957733957734
"X12659.13",1824,0.937399434291424,4401,-0.150462518424669,6188,-0.918237914387829
"X17756.69",1825,0.937352461647897,1591,0.576492911891724,4658,-0.505158706673768
"X15608.5",1826,0.93728321698131,3681,-0.0086765168186105,3118,0.078861526830839
"X22118.7",1827,0.93688888315575,4197,-0.130187624499051,5775,-0.837221837221837
"X24713.4",1828,0.936857093245355,99,0.972415149493461,2321,0.384335154826958
"X22429.13",1829,0.936804799284892,1550,0.592418718875227,5812,-0.840954571046758
"X13240.170",1830,0.936785686643791,1520,0.606032227076693,6544,-0.97024997024997
"X6576.1",1831,0.936731037857205,2051,0.389496734096334,4391,-0.404072635343446
"X18265.18",1832,0.93663200845562,2141,0.353990662079065,2161,0.438991438991439
"X23376.56",1833,0.936560762612386,5988,-0.695186052161707,1515,0.677943677943678
"X24967.4",1834,0.93652139714377,4952,-0.256693954920251,1753,0.597009331044959
"X23343.6",1835,0.936367770321756,4120,-0.114613880241413,3922,-0.226169142725013
"X3284.75",1836,0.935979663096995,1417,0.637782739624771,5704,-0.825727825727826
"X20399.7",1837,0.935940765202136,416,0.923170496462835,3271,0.0178532678384723
"X5013.2",1838,0.935697957377775,5051,-0.29677147592484,5841,-0.847128573172883
"X2768.56",1839,0.935463189099333,661,0.873668481983834,5406,-0.75332560016823
"X13078.3",1840,0.93539253373236,6657,-0.91749225827102,3986,-0.25017522309332
"X3293.2",1841,0.93527573280624,6431,-0.852193642646559,5837,-0.846829063133831
"X8989.40",1842,0.935275121650289,2287,0.294242696832686,5569,-0.793125669908531
"X6935.123",1843,0.934840973828746,2824,0.15325579243868,1399,0.719915886582553
"X4500.50",1844,0.934438473690124,1069,0.763367492881605,5198,-0.691565691565692
"X11438.6",1845,0.934419005772487,130,0.967354611253507,2851,0.182264906410562
"X7921.65",1846,0.934357702756719,1463,0.627455314975663,2417,0.349838564373689
"X2939.10",1847,0.933959839692164,5239,-0.370384113626127,3074,0.0944538243445573
"X8221.19",1848,0.933934321461053,4542,-0.153168613507437,5010,-0.629743609976787
"X6915.2",1849,0.933922327102422,6689,-0.924709615320265,1307,0.745160521124623
"X14123.34",1850,0.933625293465081,559,0.897327127095473,6715,-0.9720528956488
"X5125.6",1851,0.933417660198617,4072,-0.104263620140663,6132,-0.901209763240565
"X25499.37",1852,0.933354704597355,1113,0.745485161939336,2191,0.427380271317065
"X3647.49",1853,0.933279826259383,348,0.933772149108131,6671,-0.972013440913246
"X13644.30",1854,0.933270653589952,1544,0.595679286102681,6710,-0.9720528956488
"X13975.56",1855,0.93321981863447,5757,-0.607190871459138,2353,0.373030247529118
"X8631.13",1856,0.933172601773922,759,0.850288735024564,3194,0.0494990401378403
"X24441.7",1857,0.93307731965577,6655,-0.916489593496562,3855,-0.205668274350991
"X17761.2",1858,0.932694184077504,1416,0.637910755122267,5026,-0.634991089805554
"X19261.12",1859,0.932348892657867,2694,0.170610628422507,6016,-0.878032260822105
"X14045.12",1860,0.93210875189636,6082,-0.732388771697087,446,0.946606577926342
"X11456.2",1861,0.932090464350557,5328,-0.4145286125819,1727,0.604089080635205
"X9876.20",1862,0.93206007423248,1134,0.738448892970761,15,0.990815357482024
"X14150.7",1863,0.931881867118944,4272,-0.13863768708375,5572,-0.794148571738673
"X21664.6",1864,0.931851141754541,5687,-0.581037210910729,4562,-0.463796724065519
"X5634.39",1865,0.931674614040886,2247,0.306539065985522,4260,-0.351028979420412
"X24201.86",1866,0.931611664542121,1642,0.558999637428298,4797,-0.550439591511971
"X6938.21",1867,0.931550033183394,4024,-0.0925421022795198,4899,-0.59089384703399
"X7139.14",1868,0.931476292308827,364,0.930658047803981,5860,-0.849730063850914
"X11207.3",1869,0.931391341296445,6603,-0.90164812128346,1058,0.805277728459358
"X15460.9",1870,0.931284110867006,6499,-0.870127051371198,130,0.9720528956488
"X19376.74",1871,0.931240046079178,5840,-0.63908728803,4903,-0.59273506802654
"X22591.4",1872,0.931236634466485,1771,0.504972831641015,5108,-0.660820790015322
"X12534.10",1873,0.931057708952992,2662,0.175740140141684,5519,-0.780554481504847
"X10046.55",1874,0.930913895209911,832,0.827219933609918,4895,-0.589401198037473
"X7628.40",1875,0.930867930093651,2195,0.32694584453297,4004,-0.253845192769262
"X7228.2",1876,0.930609837032667,1265,0.691815555958335,3731,-0.153516894252359
"X6079.59",1877,0.930486935575056,747,0.853815332286963,3947,-0.237616144877789
"X2961.1",1878,0.930185827003908,3729,-0.0199298905938475,4780,-0.547171347171347
"X9077.10",1879,0.929958459307327,564,0.895915683605274,3468,-0.0590834664930658
"X5735.54",1880,0.929942467944584,837,0.826253496286702,5742,-0.831511969447214
"X9514.46",1881,0.929933879015805,676,0.871161432885091,2389,0.360662313494177
"X9951.36",1882,0.929528404772134,6454,-0.858778522920531,6183,-0.917145807963251
"X13929.27",1883,0.929263425596606,5598,-0.53800336197971,6538,-0.96977767256515
"X6594.64",1884,0.929207439324934,5451,-0.470496026881353,1327,0.73974341270311
"X15515.2",1885,0.928833105441036,2438,0.244872787392896,6497,-0.96745778910481
"X23519.91",1886,0.928789192704805,6367,-0.827716125496644,442,0.946883946883947
"X13744.37",1887,0.928514324203529,1954,0.431436070370623,1736,0.602493539287053
"X3508.78",1888,0.92845906152447,2226,0.317690477384125,6652,-0.971421619879926
"X5242.37",1889,0.927935186992075,5322,-0.411652392659532,5082,-0.653735574970334
"X8275.31",1890,0.927899859892338,3666,-0.00436930457485085,6820,-0.9720528956488
"X23521.29",1891,0.927769124348171,1937,0.439253678967857,1268,0.753841144508435
"X9576.58",1892,0.927765222810452,2703,0.169723226640789,4048,-0.271636567268655
"X14120.2",1893,0.92775286026785,3881,-0.0583643188533029,2285,0.395958403711919
"X17697.2",1894,0.927097956023342,5333,-0.415456445828429,5397,-0.750790269844931
"X9854.36",1895,0.926775861123742,4,0.995642023959026,6202,-0.922326777271442
"X9831.12",1896,0.926726150972151,1800,0.494698179055298,6630,-0.971170217817484
"X24915.123",1897,0.926295995870511,1868,0.46232487109973,693,0.885074313003249
"X12820.1",1898,0.926252980360347,3856,-0.0523332145746438,1468,0.696237990964866
"X7003.4",1899,0.926203819777303,151,0.963610981493122,5923,-0.859817324574382
"X9339.204",1900,0.926072837153204,2103,0.3664634219866,897,0.841391963070368
"X22483.109",1901,0.925885794078474,5530,-0.507363680383596,5531,-0.784497784497784
"X6962.5",1902,0.925846856376255,4222,-0.133086679274025,6056,-0.884095138519001
"X15606.19",1903,0.925834913509539,4958,-0.260142325153288,5432,-0.758955887041522
"X22541.46",1904,0.925669198436693,4932,-0.251408279457307,4475,-0.431352048029565
"X23226.42",1905,0.925536803540291,6278,-0.799527325490259,6305,-0.942964515625742
"X19200.16",1906,0.925380133892741,3524,0.0314133137020627,4954,-0.609149555343007
"X8468.19",1907,0.925364107750116,3471,0.0459559466741314,1008,0.821089216940163
"X22569.55",1908,0.925216466226233,3581,0.0153337861790938,6506,-0.968049817863611
"X24908.19",1909,0.92518988275201,14,0.992537860236243,4082,-0.286237530659617
"X9808.41",1910,0.925097706658801,4244,-0.135634401471076,1851,0.554570908581828
"X23371.5",1911,0.92442789371482,4518,-0.153168613507437,569,0.918328697401906
"X9279.7",1912,0.924243541528403,3723,-0.0182861776967683,2797,0.200213055571995
"X6232.54",1913,0.923975890341973,3903,-0.0651368672493366,6808,-0.9720528956488
"X22839.23",1914,0.923837966718285,2707,0.168736738092332,6341,-0.950155517415978
"X4862.63",1915,0.923796562944426,204,0.956620928168052,4230,-0.343012895122737
"X21721.6",1916,0.923731819794253,668,0.872048405570188,610,0.906661239994573
"X9275.2",1917,0.923505959492123,5105,-0.319215327030567,6325,-0.946510050561105
"X7784.1",1918,0.923481552491213,6046,-0.718926914164789,3811,-0.187778244435111
"X11572.4",1919,0.923432391908168,2230,0.315712142656059,4327,-0.37785142661748
"X10480.33",1920,0.923052423721256,5419,-0.455308927254419,6402,-0.958490295553556
"X11458.30",1921,0.922989946660767,1947,0.4345394876383,4972,-0.614701054145355
"X2182.54",1922,0.922891625494679,5079,-0.310162922487319,4711,-0.525427867884979
"X10975.59",1923,0.922375787379456,6764,-0.943165221225351,1781,0.586533439155593
"X2652.15",1924,0.92225868298798,1787,0.500476265767868,6776,-0.9720528956488
"X10420.30",1925,0.922012880072758,6514,-0.872563028165476,907,0.839050982094126
"X12499.108",1926,0.921889978615146,489,0.910516025282578,6131,-0.901165887435639
"X13499.30",1927,0.9218293124341,4492,-0.153168613507437,3470,-0.0592456925790259
"X14158.17",1928,0.9215395351043,4989,-0.273082510896248,4009,-0.256248509678958
"X11432.11",1929,0.921533449789906,2747,0.161891748018426,5718,-0.827645386895677
"X14098.28",1930,0.92149054887791,6535,-0.878770604323633,6714,-0.9720528956488
"X5496.49",1931,0.921275852409534,1483,0.618785356885563,1908,0.534552484661972
"X21329.66",1932,0.921186337668652,6965,-0.980894736621495,4622,-0.487999630046398
"X23546.9",1933,0.920876041589853,715,0.861647055118358,692,0.885081506907867
"X13423.94",1934,0.920706218708292,2386,0.26181119822297,1220,0.76408698454032
"X9013.60",1935,0.920599513310228,4429,-0.151519684744889,6826,-0.9720528956488
"X10553.8",1936,0.920557482515722,5014,-0.283779707242195,1855,0.55297788631122
"X9779.63",1937,0.92040287097805,6420,-0.846588433104906,2613,0.268713920375533
"X21969.5",1938,0.920375179012637,6870,-0.963813445556793,1374,0.726841714176744
"X2686.67",1939,0.920304549811961,5138,-0.330850554983633,3724,-0.1504606340376
"X22148.135",1940,0.920029926698937,5723,-0.595079837718371,3504,-0.071586045028728
"X18340.2",1941,0.919825234127277,20,0.98899768230181,2948,0.142411867984455
"X7117.21",1942,0.919382788879876,640,0.878874238842462,4967,-0.612935892630513
"X11387.3",1943,0.919223016984981,2472,0.233798286985797,4244,-0.346747943421909
"X22585.5",1944,0.919159214553147,3877,-0.0579604266793625,649,0.896668047582411
"X21160.4",1945,0.918897328122312,6956,-0.979804501273537,1476,0.694186344716025
"X2685.21",1946,0.918706830863014,2378,0.263936076264225,1510,0.679417122040073
"X6558.5",1947,0.918694540717253,1154,0.7330559294124,3718,-0.147059023043475
"X19117.3",1948,0.918590851629215,4135,-0.117793529160507,6090,-0.892525300349174
"X5090.49",1949,0.918515458466216,382,0.928294955325024,4692,-0.518547013605308
"X18900.37",1950,0.917846520659735,6091,-0.737132147360871,6981,-0.992714025500911
"X3283.21",1951,0.917712415214894,4115,-0.113501652468676,6570,-0.970632525168833
"X7823.22",1952,0.91746552614114,6686,-0.923874605200745,1360,0.731009781709154
"X15427.35",1953,0.917367204975051,5106,-0.319380198963062,5772,-0.836920686251864
"X17456.53",1954,0.917262738736081,277,0.944531162345753,6447,-0.962826539679955
"X25064.34",1955,0.917227443549859,1405,0.642364900562649,5647,-0.8136985557975
"X7018.10",1956,0.917101544156065,2750,0.161246239396455,894,0.841578651037533
"X12430.78",1957,0.91702922596662,2073,0.383071339284638,3469,-0.059214982278248
"X24424.25",1958,0.916955485092053,3914,-0.0680098584641399,1615,0.64207979062687
"X23571.93",1959,0.91695005436417,1357,0.659232778182129,2142,0.449668335559353
"X17404.5",1960,0.916838285089167,6895,-0.967974806731327,5438,-0.760058615526743
"X4152.58",1961,0.916715827249711,4929,-0.249784954914346,3497,-0.0697327363994031
"X14139.16",1962,0.916562200427697,395,0.926788220450246,5601,-0.802647412755716
"X16748.1",1963,0.916255213393878,1557,0.589538501113353,2117,0.45940115861021
"X23308.31",1964,0.915452528209244,2680,0.17314661664936,1073,0.801619801619802
"X14708.59",1965,0.915420787248909,4375,-0.148559247135521,4754,-0.537393225621905
"X8229.1",1966,0.915276979106766,453,0.918568640888108,5158,-0.674222248525379
"X6234.74",1967,0.915106038764423,6318,-0.811055536059296,3655,-0.123630740772855
"X4913.78",1968,0.915005319249388,3906,-0.0655921957825574,5068,-0.648613648613649
"X3317.33",1969,0.914128751566994,273,0.945694133254149,6462,-0.96418825169491
"X19563.3",1970,0.914073934186299,353,0.933048987887038,2744,0.218328584995252
"X21140.19",1971,0.9137666927882,607,0.88673044881535,97,0.97296145091947
"X11260.47",1972,0.913747757048399,4979,-0.26845303356278,5959,-0.866368199701533
"X25912.131",1973,0.913336037165401,1457,0.62827291086817,1666,0.625942803785024
"X14100.63",1974,0.913139394833223,6199,-0.77197150578801,4987,-0.621800056551788
"X11656.110",1975,0.913123123312161,4662,-0.170669679588374,4831,-0.567865307257643
"X12511.83",1976,0.912934548258659,6013,-0.704858336253085,530,0.92576161501048
"X21875.31",1977,0.912657010067614,3734,-0.0214061296009581,5864,-0.849978734675909
"X4985.11",1978,0.912516003366754,2333,0.279303424188074,6300,-0.942356631354678
"X8028.22",1979,0.9124511466706,6150,-0.75749213141666,4545,-0.456747746148231
"X9826.135",1980,0.91180747464701,4235,-0.134688730433575,6094,-0.893603729787668
"X6388.21",1981,0.911735587295342,1505,0.611600798371763,5722,-0.827998127760028
"X24957.6",1982,0.911517906041282,1333,0.66824136454963,6354,-0.952245952245952
"X20512.2",1983,0.91133535192028,91,0.973383106641111,2502,0.307819271008003
"X20440.36",1984,0.911235470560279,5062,-0.301724969052366,2647,0.256120415852913
"X21717.44",1985,0.911074650345353,6235,-0.785053678299979,1769,0.591900691900692
"X7947.19",1986,0.9110677814865,523,0.905313237525909,3270,0.0181557541443912
"X11633.89",1987,0.910705854951309,1021,0.779537154514498,4090,-0.288381237958086
"X12340.17",1988,0.910693655826758,3280,0.0933462983703815,4406,-0.410230612929317
"X7110.2",1989,0.91060147973355,1160,0.731174004758801,3246,0.0266911286027105
"X11120.49",1990,0.910252617133648,6485,-0.86705436371279,2883,0.171187521782302
"X14326.4",1991,0.91013959051351,2101,0.367997254241079,6546,-0.97024997024997
"X2968.61",1992,0.910116018975985,1855,0.465132332468214,6785,-0.9720528956488
"X13574.50",1993,0.910007113315749,1317,0.672636979273548,315,0.965657965657966
"X17738.7",1994,0.909955880165904,6672,-0.92112670152679,4224,-0.340019654315278
"X12750.9",1995,0.909692649072282,434,0.920870467280349,4126,-0.300007233368185
"X9126.171",1996,0.909692649072282,888,0.813928624541293,2634,0.263110767414884
"X12563.2",1997,0.909289486771121,3823,-0.0424628531983078,5434,-0.759455127083348
"X6480.1",1998,0.908534090408355,1158,0.732099936494666,5232,-0.703032893085601
"X5412.53",1999,0.908352383059263,5205,-0.359370480777759,5467,-0.769555448226623
"X9959.60",2000,0.908155740727085,1003,0.785834660578692,3212,0.042552758501394
"X17335.18",2001,0.908114171756201,4090,-0.107631275912033,5816,-0.841835478455512
"X4961.17",2002,0.908091495722223,6629,-0.910103120426335,4373,-0.399031939819953
"X17495.141",2003,0.908063564633877,5886,-0.653649165213352,5481,-0.772609034943206
"X10606.34",2004,0.907811616645773,357,0.932570793917681,6680,-0.9720528956488
"X4996.66",2005,0.907780891281371,5602,-0.541832331311293,3743,-0.15844883102338
"X23336.2",2006,0.907477237800949,5718,-0.591950096061866,231,0.971170217817484
"X13230.174",2007,0.907436767200059,4118,-0.113876460781091,4959,-0.611540958165146
"X2771.35",2008,0.907043482535703,4666,-0.17158679413364,5620,-0.80648093503463
"X4533.76",2009,0.9067915345476,4786,-0.202497850395753,3949,-0.238866616468928
"X22500.9",2010,0.906674778162869,2203,0.325414852550432,1111,0.790442747890816
"X23028.49",2011,0.906656342944227,6124,-0.747019964598221,1437,0.70635155484537
"X5020.50",2012,0.906613327434063,3255,0.0994373508054097,1997,0.500410400428716
"X13963.7",2013,0.906400979488035,1914,0.445956836209513,993,0.825228673071485
"X9386.42",2014,0.906181471066278,6498,-0.869845823611376,3662,-0.125959243258172
"X24470.20",2015,0.906097141312096,4685,-0.175859688634023,4354,-0.390319123052744
"X21112.6",2016,0.905661568571744,5417,-0.454978152906696,3836,-0.199734868628947
"X5246.64",2017,0.905550001612435,2865,0.153168613507437,2072,0.474068375056716
"X12455.48",2018,0.90516309023425,3165,0.121757838565605,4120,-0.297137430470764
"X3727.35",2019,0.904606029321969,4339,-0.146248373629272,5815,-0.841486148643767
"X11241.8",2020,0.904487132217388,1822,0.481483481097841,6465,-0.964468864468865
"X15476.6",2021,0.90396118789369,3640,0.00224250019910048,4722,-0.528986101617681
"X8046.9",2022,0.90392078484941,5597,-0.537205956893173,4079,-0.285481285481285
"X9173.21",2023,0.903517711101365,2688,0.171771968017889,4597,-0.478513608595872
"X17175.5",2024,0.903158186293333,4863,-0.22560343065609,2431,0.342592044610154
"X10637.50",2025,0.90298158936165,3999,-0.0872356917808483,6311,-0.943947972355382
"X21134.9",2026,0.902873672567085,3077,0.135524660799594,5889,-0.854189854189854
"X15300.66",2027,0.902553323683184,454,0.918296646084014,5189,-0.687883687883688
"X19257.11",2028,0.902459258166802,5780,-0.614950209927308,4427,-0.417174646386933
"X9196.8",2029,0.90212027685958,5200,-0.358393514711666,3697,-0.142916834549552
"X4563.61",2030,0.901552969022454,6372,-0.829175617474772,3568,-0.0942748609415276
"X9590.10",2031,0.901519198307728,6656,-0.917356916153039,5745,-0.831813511942212
"X3820.68",2032,0.901326660686464,4201,-0.130843959958793,4683,-0.513812445338752
"X22469.103",2033,0.901150357643242,4060,-0.101342504996942,3342,-0.0121356424292992
"X13700.10",2034,0.901125798555908,6587,-0.895744466913203,4377,-0.400157232704403
"X18399.1",2035,0.9008356545961,3178,0.118192876854699,593,0.91097363262039
"X16583.8",2036,0.900769363124647,2321,0.281652963488592,2954,0.138663668106765
"X15449.33",2037,0.900019664233218,4860,-0.224818713634467,6868,-0.973512720864322
"X18210.12",2038,0.899525988782364,4779,-0.200847939355509,2141,0.449737818569093
"X11121.56",2039,0.899435882309564,664,0.873267028911453,3391,-0.0298606590255995
"X3710.49",2040,0.898790649657105,6238,-0.786528813114855,5072,-0.650088183421517
"X3200.49",2041,0.898637022835091,3533,0.0285836588780181,6357,-0.952583964391005
"X9296.15",2042,0.898471105867316,981,0.791079368629704,3141,0.070959341895011
"X6577.64",2043,0.898457692398893,3217,0.108299364850429,1653,0.628730938430885
"X7780.34",2044,0.89807846655021,3370,0.0695132009141139,5759,-0.834224352777942
"X12473.48",2045,0.897709116830126,6753,-0.941047167664832,798,0.861803212930632
"X11311.79",2046,0.89764261988455,4316,-0.143211381016471,2156,0.441041399567214
"X13429.3",2047,0.897506329425067,2365,0.268523895101302,2083,0.47035962991458
"X21153.5",2048,0.897002433448861,3179,0.117933051724885,6365,-0.953994451114865
"X13735.1",2049,0.896498537472655,3390,0.0649379697580878,3033,0.109309344854116
"X4903.72",2050,0.896412506452327,986,0.789533357085071,1505,0.68098215988374
"X8353.15",2051,0.896381781087924,188,0.958161884084239,3671,-0.129444411565498
"X16074.12",2052,0.896111397881179,2495,0.226500588543286,3320,-0.00433464254461833
"X9443.137",2053,0.895717532120083,2529,0.215328107961278,1509,0.679680153610437
"X12665.16",2054,0.895705270446784,2343,0.27653880119857,6916,-0.976013621224146
"X12452.32",2055,0.895673467332255,5557,-0.518000763728412,3275,0.0171570171570172
"X23405.33",2056,0.895595211759211,2217,0.322171350736368,6864,-0.973455973455973
"X24892.8",2057,0.895460020155839,4890,-0.234165429872804,4401,-0.407823874060484
"X2744.57",2058,0.895391323136261,1075,0.760918370278556,1296,0.747700117706628
"X13541.1",2059,0.895157279817698,6174,-0.766760891446113,2528,0.299704747062266
"X13950.9",2060,0.895152766511811,3057,0.138306036427583,6572,-0.970722508258885
"X23038.63",2061,0.894612000098321,1000,0.786341071660558,4306,-0.372364672364672
"X16858.384",2062,0.894476808494949,4331,-0.145702617340702,2114,0.459864670257048
"X7787.25",2063,0.894290050270322,3609,0.00961828317865569,6922,-0.977166475182993
"X16614.27",2064,0.894173284554296,826,0.829199912074012,6190,-0.918450489297064
"X11536.9",2065,0.894087134970445,2931,0.150802999396673,4941,-0.605377941485717
"X14122.132",2066,0.893882461027995,2393,0.260127235077829,57,0.9758800049976
"X15390.3",2067,0.893794705405206,4462,-0.152416614926593,2859,0.180586080586081
"X12516.13",2068,0.893716517894027,1764,0.507811500434027,1542,0.670241054396208
"X8355.80",2069,0.893149472752747,82,0.974663432430035,5550,-0.788680436369375
"X7015.8",2070,0.892645576776541,1648,0.555028942304355,5237,-0.703930320585003
"X4925.54",2071,0.892643378653802,5019,-0.28564117503484,5623,-0.807158404187463
"X10748.216",2072,0.892565981269833,3472,0.0455016987455121,2537,0.297801474728152
"X2960.66",2073,0.892559545756213,5287,-0.395558966329746,5161,-0.675129707443136
"X18884.22",2074,0.892251004525139,403,0.925115100790697,2048,0.481742268530766
"X11140.56",2075,0.892217528972598,6857,-0.962250348677838,6962,-0.988623884581747
"X9221.6",2076,0.892041609618683,3691,-0.0106075786415449,2541,0.29423369039869
"X4159.130",2077,0.89134697247233,4748,-0.191908415578485,5720,-0.827795791558697
"X24179.48",2078,0.891140033920802,3053,0.138999141868957,4914,-0.596507889131585
"X6451.64",2079,0.890808199985252,2324,0.280622731952998,6396,-0.957586159278767
"X14615.46",2080,0.890310449081926,1952,0.43187085677705,5117,-0.662620747585048
"X11547.84",2081,0.89021047032422,6148,-0.756494375287658,5164,-0.677664558231101
"X7059.14",2082,0.890008638065073,6255,-0.792588276745802,5148,-0.671506743737958
"X9219.70",2083,0.889683651648109,4906,-0.241469953415837,2336,0.377443727683415
"X23367.8",2084,0.889403677521293,5707,-0.588652705631327,1664,0.62604801641317
"X10428.1",2085,0.889290563092769,4456,-0.152181059104428,6939,-0.979615053296772
"X10023.32",2086,0.889278076837991,5301,-0.399559871977072,304,0.966568687406706
"X15483.377",2087,0.88896736098346,411,0.923835806264935,6336,-0.949191748577165
"X8606.39",2088,0.888774180861785,2646,0.178397201793999,6167,-0.911787649999661
"X3313.21",2089,0.88855421686747,5470,-0.478528736813262,3515,-0.073589937262035
"X21837.3",2090,0.888535322537494,3173,0.119328862495153,3969,-0.243628618137664
"X18883.4",2091,0.888409072310317,4858,-0.224409300298022,4435,-0.419052023121387
"X17766.5",2092,0.888163568492418,3812,-0.0402107138587554,6003,-0.873840873169309
"X22814.1",2093,0.887483715556867,5754,-0.605457093591793,3524,-0.0779310779310779
"X4482.66",2094,0.88708428581963,5449,-0.469613472729446,5249,-0.70598331064686
"X8356.88",2095,0.887047415382346,5355,-0.423193950075007,3963,-0.242035075259908
"X3359.11",2096,0.886741261822703,6377,-0.83093411683846,3781,-0.174545676550194
"X9950.229",2097,0.88659348314027,1593,0.575255938098509,5097,-0.656844390177724
"X13532.25",2098,0.886365312292604,6179,-0.768062310912874,5353,-0.737886403874723
"X15326.64",2099,0.886310006636679,4297,-0.141109641393087,6717,-0.9720528956488
"X12450.42",2100,0.88614258945302,3269,0.0960051521543795,5057,-0.644973137900877
"X23575.58",2101,0.886058058648576,2050,0.390198293814981,3821,-0.192131325464659
"X7751.121",2102,0.885986585546257,3259,0.097944424870038,5696,-0.82286981827062
"X18882.7",2103,0.885849126170636,762,0.850182960555712,1661,0.626664495953655
"X8248.222",2104,0.885706943016698,5041,-0.292470018365809,6471,-0.964916207786781
"X4547.59",2105,0.8856709190571,427,0.921715019532681,1177,0.77445042841267
"X6458.6",2106,0.885547189731337,5338,-0.41819882103435,5515,-0.780228758169935
"X21328.2",2107,0.885437406287639,63,0.978006933812556,2791,0.20127833343197
"X19596.18",2108,0.884460339699629,3408,0.0609620182870629,1191,0.770745572084631
"X18904.23",2109,0.884424356496723,148,0.964478672163326,6095,-0.894300763449133
"X11557.3",2110,0.884411179116584,150,0.963852741849447,951,0.832409434942429
"X8999.19",2111,0.884298457102929,272,0.946235776022424,4247,-0.347203190926481
"X8014.359",2112,0.883898971918011,4708,-0.181073632410491,6565,-0.970464736088782
"X4907.56",2113,0.883457926011118,4365,-0.147734206765689,5715,-0.827438138262545
"X9409.11",2114,0.882612775269214,3647,0.000247303760274633,3273,0.0176816463670727
"X13097.11",2115,0.882586092471057,2507,0.222310008064897,1943,0.521871521871522
"X9444.70",2116,0.882561512179534,6615,-0.905244034293018,3046,0.104829738163072
"X11543.84",2117,0.88251105550572,2508,0.222117242363358,1463,0.697484007950236
"X16594.44",2118,0.881956089884162,4942,-0.25277178964093,1667,0.625272073280596
"X8297.8",2119,0.88192422175569,391,0.927101064524621,5093,-0.655657081612026
"X13612.7",2120,0.881859343154201,5309,-0.404162601375193,1281,0.750738132344335
"X8671.378",2121,0.881806765140046,2176,0.332961967112437,2483,0.317919683309989
"X7854.38",2122,0.881693920446283,4226,-0.133569191747144,1338,0.736841748237992
"X11424.4",2123,0.881604034047696,3046,0.139601483133874,5878,-0.852201852201852
"X7747.47",2124,0.881434039904672,575,0.893562241897196,2985,0.128129253713677
"X24695.8",2125,0.88142467369663,322,0.937630394625717,3111,0.0824143667843733
"X6930.95",2126,0.881315971328302,122,0.968031947531187,5458,-0.767123194746875
"X8405.108",2127,0.881018556769172,4803,-0.205061379279209,5261,-0.70957043245782
"X21821.9",2128,0.880753145716529,4971,-0.265065577962882,3171,0.0568082434094152
"X11227.31",2129,0.880734535427683,6244,-0.788397770069575,1979,0.508123508123508
"X23288.28",2130,0.880384115423475,6320,-0.812031206012903,735,0.87461285040737
"X24476.18",2131,0.880146498537473,1528,0.604299891075857,6770,-0.9720528956488
"X11067.13",2132,0.879999370505012,317,0.938301408744008,3421,-0.0410663410663411
"X6914.15",2133,0.879587296905341,3543,0.025382844405709,6111,-0.897207262301658
"X6919.3",2134,0.879334699704369,6128,-0.748975597472759,5625,-0.807881735430813
"X4989.7",2135,0.878599803031204,4534,-0.153168613507437,5786,-0.838038310548224
"X19617.5",2136,0.877946832686001,3651,-0.000350932671060395,5527,-0.784095457104676
"X9383.24",2137,0.877757676022045,5016,-0.284123300068336,5796,-0.838583228335433
"X13924.13",2138,0.877743775041172,6525,-0.87550882220945,4434,-0.418579418579419
"X7757.5",2139,0.877398459962325,4003,-0.0876427477140456,6989,-0.994833994833995
"X25291.27",2140,0.877333116535572,6722,-0.933359325072248,358,0.960235251022609
"X23345.2",2141,0.877159961474785,6386,-0.836770031121172,740,0.873560724125913
"X12445.50",2142,0.87674212816164,6906,-0.969529718366415,2584,0.27917232496605
"X10876.300",2143,0.8763923642258,1066,0.764061134054804,2184,0.43006319333478
"X21009.28",2144,0.875881817958361,4703,-0.179641720419102,6753,-0.9720528956488
"X5687.5",2145,0.875801932010914,415,0.923315426768836,6209,-0.924536242462502
"X3617.80",2146,0.875789641865153,5739,-0.601498410350607,5083,-0.654034575499924
"X9583.17",2147,0.875728191136347,6812,-0.954518792049351,3562,-0.0910023475567655
"X6992.67",2148,0.875720353057651,3930,-0.0714437215831305,1405,0.717714518685105
"X10704.91",2149,0.87571475027777,3396,0.0631036547868342,1127,0.786047183785542
"X15432.1",2150,0.875005370320798,3706,-0.0139475421517568,3779,-0.173642440807455
"X2381.52",2151,0.874855590787307,5661,-0.570550964293565,5085,-0.654600093376208
"X22826.2",2152,0.874846424768613,6513,-0.872447660363884,2257,0.405259316249433
"X12384.92",2153,0.874006578222621,3201,0.112727735389844,898,0.841309841309841
"X11252.30",2154,0.873886974174968,5441,-0.465928182702433,4896,-0.589816642585319
"X10445.20",2155,0.873777766311499,6500,-0.870621536468075,2581,0.280253562433831
"X6433.57",2156,0.873701590823339,4216,-0.132342567750882,4381,-0.401439454065678
"X21406.25",2157,0.873118250430211,6673,-0.921296780826556,2975,0.131768718297036
"X11353.143",2158,0.872895312538407,2894,0.152637722352682,736,0.874288582727908
"X18413.24",2159,0.87271096035199,217,0.95513846414895,5304,-0.722001933282042
"X9083.35",2160,0.872690532995084,5262,-0.382840996557427,2016,0.494436094571941
"X8803.61",2161,0.872042774954207,4076,-0.105345360168756,4678,-0.512376455904
"X5033.27",2162,0.871985899312277,5570,-0.521823012335358,3255,0.0226535939976196
"X7894.155",2163,0.871966616251358,5810,-0.626635225201463,2606,0.271808952635572
"X24271.9",2164,0.871961898180611,3534,0.0283974077463893,4699,-0.522295213482998
"X6647.55",2165,0.871641717670772,2520,0.217503587365388,4578,-0.469586275666985
"X8070.88",2166,0.871432785192833,6506,-0.87162224624895,2079,0.472143256855064
"X10457.3",2167,0.871254578079296,6188,-0.770081864760754,6027,-0.879213387872498
"X7935.26",2168,0.871149935720976,1226,0.704090088635975,3291,0.0110670110670111
"X7143.9",2169,0.870652360937001,1149,0.734409526857919,763,0.868194880090483
"X17372.5",2170,0.870456546346371,5675,-0.57616852293235,5871,-0.85071643223978
"X17510.7",2171,0.870185335398078,6450,-0.857433967375133,5741,-0.831362732927681
"X25070.18",2172,0.870007128284542,3467,0.0471047623258366,4876,-0.581727196806797
"X20381.21",2173,0.869005350076913,3529,0.029848181277088,2520,0.302495641615282
"X24260.4",2174,0.868877200563705,2271,0.299083566491201,4121,-0.2973720983869
"X9117.4",2175,0.868805407479788,962,0.795683913786255,6366,-0.954089419809113
"X2190.55",2176,0.868495440355923,3522,0.031614791619265,4245,-0.3468137013145
"X21397.21",2177,0.868477005137281,1236,0.700673713600376,5827,-0.844890282956212
"X13966.30",2178,0.867887078140747,6902,-0.968600464930428,1464,0.697305697305697
"X19370.30",2179,0.867794902047538,2806,0.154684179878061,1691,0.616447364094875
"X12880.1",2180,0.867415348395097,106,0.970965141973476,982,0.827543350890691
"X5930.54",2181,0.86672565936632,2239,0.30851995110081,5311,-0.724724310035312
"X23581.131",2182,0.866688788929037,1381,0.651716198301655,567,0.918660488037072
"X21393.62",2183,0.866623483494003,6154,-0.75936649909258,3369,-0.0227651982797216
"X9872.23",2184,0.866483924022058,2576,0.19938665401657,2622,0.267194044965247
"X19132.1",2185,0.865865614075823,6957,-0.98031306279381,2011,0.497859812640333
"X25967.34",2186,0.865852282072037,6212,-0.776798403256475,3956,-0.24034524034524
"X12022.12",2187,0.865685798227959,539,0.901885395416279,6699,-0.9720528956488
"X8280.238",2188,0.865564240591894,5453,-0.471499253786024,3780,-0.173738928014835
"X15324.58",2189,0.865041909397046,1339,0.666378721910925,6557,-0.970264280970323
"X11205.10",2190,0.864945966489309,1861,0.463417802745486,4521,-0.447404302081849
"X22398.5",2191,0.864909950458589,6413,-0.843500281142135,6761,-0.9720528956488
"X14050.61",2192,0.86443354718187,3348,0.0753348321886244,6114,-0.898035811748305
"X12746.4",2193,0.863950569056115,5664,-0.570893171747371,4650,-0.501395922321547
"X19265.9",2194,0.86392583902044,3720,-0.0176759314759005,1989,0.505102969382184
"X13032.1",2195,0.863715968794778,3406,0.0611930101059215,558,0.921081015079672
"X3814.63",2196,0.863594731126953,281,0.943573111615871,542,0.923995520089598
"X12490.92",2197,0.863506172217781,6378,-0.83178755847271,3295,0.00927843864459832
"X5934.1",2198,0.863149226949832,1364,0.656436915031873,6442,-0.962399637016433
"X9242.11",2199,0.863093920095708,600,0.88775588130082,4927,-0.600022399865601
"X23615.4",2200,0.863074543603844,6585,-0.895392622132814,1067,0.803284848222092
"X21707.15",2201,0.86302632549222,945,0.801059739538543,2971,0.132929579872824
"X14133.93",2202,0.862878843743087,3814,-0.0407553488830244,4610,-0.484405515772031
"X14128.121",2203,0.862427804407107,6481,-0.866313934340883,4726,-0.530094900859467
"X23029.3",2204,0.862396592677533,4299,-0.141440612226032,3269,0.0182765065343236
"X8869.5",2205,0.86238566761301,791,0.836970564076064,5925,-0.860448600343256
"X14042.11",2206,0.862129144851658,531,0.903501228264349,2620,0.26739131864302
"X20423.40",2207,0.862071411986275,6687,-0.924343497371234,6566,-0.970505436957746
"X9248.36",2208,0.862006243394047,1500,0.612959827850171,3696,-0.142898476389629
"X23704.11",2209,0.861942416346328,6291,-0.803790072847452,1183,0.772848450314414
"X8252.2",2210,0.861858761644913,2536,0.21225256354388,4088,-0.287947235866985
"X24708.7",2211,0.861801858164216,6754,-0.941362610301662,5221,-0.699403170566049
"X12706.2",2212,0.86166218151488,6032,-0.710869744938331,2579,0.281124557921597
"X5739.75",2213,0.861460863320563,5146,-0.335003828491456,947,0.83334499993
"X19367.34",2214,0.861459331907676,162,0.960926925019957,6490,-0.966726506348925
"X22517.106",2215,0.861318129194333,5587,-0.531875098820326,1199,0.768845768845769
"X7215.18",2216,0.86117051348229,6816,-0.955144398590593,403,0.954784873054388
"X15323.112",2217,0.86116436840941,484,0.912297683458731,6347,-0.950997218441143
"X19755.38",2218,0.860857114765381,3125,0.129771816635751,2953,0.138834638627501
"X9531.24",2219,0.860766659970415,828,0.828809338775663,6920,-0.977138137171177
"X19230.12",2220,0.860726819419791,4004,-0.0876442171666894,3486,-0.0653176344182299
"X7137.8",2221,0.860580586485756,3953,-0.0786629079592301,6626,-0.971170217817484
"X6461.54",2222,0.860065981057051,3187,0.115919617136312,663,0.893077666646939
"X3521.16",2223,0.860036720120865,2250,0.306295280298235,4904,-0.593785902669894
"X22955.28",2224,0.859904285235159,2043,0.392206033454454,4471,-0.4307996817318
"X10571.14",2225,0.859364082161944,672,0.871610702454368,2760,0.211860152762892
"X6454.38",2226,0.858948614162423,5519,-0.504167496253759,1273,0.752687953221134
"X5410.53",2227,0.858495821727019,2912,0.152209685927769,2669,0.247742860336812
"X23323.25",2228,0.858454984794368,2491,0.228394162595417,4763,-0.540568662663882
"X6551.94",2229,0.85835605765485,1715,0.529151506569888,2607,0.271215271215271
"X3624.3",2230,0.857956640365755,725,0.858458849372879,5802,-0.84019516942521
"X20116.30",2231,0.857870049980777,452,0.91858438481689,3480,-0.0628310196799911
"X9315.16",2232,0.857863341376778,1087,0.753879831411115,5714,-0.82707316709197
"X23597.11",2233,0.857772288179338,1212,0.706813107142444,1626,0.638791895997317
"X11160.56",2234,0.857661676867488,1825,0.480700110622517,498,0.933291275768737
"X18894.1",2235,0.857124444371003,1534,0.601269307909661,2494,0.312459750804984
"X21524.14",2236,0.857013024353326,6088,-0.735862260507491,3730,-0.15306918469376
"X9277.16",2237,0.856933802158493,5515,-0.50321464556814,4661,-0.505805896688489
"X25123.198",2238,0.856689171112475,4949,-0.255421138487287,2042,0.484392364193512
"X8102.239",2239,0.856594746864328,695,0.865764625526295,3851,-0.204311578718872
"X3815.14",2240,0.855958503559805,3976,-0.082908807638763,4757,-0.539037172936682
"X3418.12",2241,0.855795288230017,304,0.940014167571351,2125,0.455853438808993
"X13474.40",2242,0.855581259934218,84,0.97435492019174,5266,-0.712111946236347
"X7932.23",2243,0.855480085863387,3290,0.0914276018186796,4487,-0.435231763692437
"X13054.87",2244,0.855400742924372,5713,-0.590664385974927,3931,-0.228686223063923
"X6518.85",2245,0.855184678092001,265,0.946993741057966,6061,-0.885515508998968
"X18942.11",2246,0.855170612308079,5984,-0.693795154694078,5477,-0.772214660064574
"X22536.1",2247,0.855093036403412,5226,-0.366554959527051,4609,-0.484337055176437
"X6517.14",2248,0.854681316520414,3368,0.0697623298844236,1229,0.762114247762588
"X15589.1",2249,0.854410933313669,5809,-0.62584368522889,4465,-0.428910595577262
"X3178.5",2250,0.854410933313669,545,0.90069731457958,6165,-0.911295911295911
"X25468.5",2251,0.854281886783177,5831,-0.635437726339144,713,0.879104852221928
"X7842.52",2252,0.854086581873533,2406,0.255837207745938,2461,0.327119667338231
"X22504.3",2253,0.85354447803751,81,0.974844683370033,2349,0.374076923582753
"X4272.46",2254,0.853353980778212,2066,0.384329120855813,6794,-0.9720528956488
"X5133.17",2255,0.853300181560778,3161,0.122204482677951,2825,0.191382269344784
"X14099.20",2256,0.852370769117322,3842,-0.0480045042786791,5183,-0.686663641803607
"X7225.51",2257,0.852266302878352,5443,-0.466841374376247,510,0.930198483224572
"X8097.77",2258,0.851779471898662,3038,0.140168849451465,3815,-0.190158603995809
"X5001.6",2259,0.851651602029182,5798,-0.619834182362867,6459,-0.964073327408178
"X13942.140",2260,0.851615441512047,5402,-0.448886408083776,1775,0.58946358946359
"X14157.21",2261,0.851516603986923,1859,0.463913709126949,4219,-0.3387254805258
"X12575.30",2262,0.851410401529883,4254,-0.136847537986476,6537,-0.969772821316402
"X4314.12",2263,0.851332251800506,3909,-0.0667427663521127,6672,-0.972013440913246
"X17808.37",2264,0.851142851747169,459,0.917169419245409,3087,0.0910974534152795
"X20577.5",2265,0.850678433952228,2003,0.408296665368344,6517,-0.968751849440729
"X4129.72",2266,0.850532710133295,5027,-0.287494842061016,4755,-0.538170372681762
"X8653.132",2267,0.850213848536244,6210,-0.77614884043194,737,0.874191999894787
"X3634.5",2268,0.850105919950295,2895,0.152637722352682,2109,0.461784800720706
"X8240.207",2269,0.849918885037977,683,0.869302646649364,6852,-0.972736777731747
"X11266.8",2270,0.849632059021636,5092,-0.314313971460254,6931,-0.978183374908411
"X13042.7",2271,0.849587051102426,6164,-0.762715524721471,3908,-0.222957847752649
"X18328.36",2272,0.849298899957509,4219,-0.132712879803373,2880,0.171831949129694
"X10882.12",2273,0.849279797458398,2704,0.169141834645153,3494,-0.068355329348405
"X21188.38",2274,0.849218346729592,4344,-0.146890064228111,3852,-0.204330543081578
"X16304.6",2275,0.849202986629623,6606,-0.903395137401174,331,0.963986357592925
"X3719.2",2276,0.849147019359785,4842,-0.218811891563361,2426,0.343567343567344
"X12724.81",2277,0.849075310322947,6135,-0.7507440820108,4452,-0.424527316410739
"X9059.14",2278,0.848876662658869,5137,-0.329348383588691,1196,0.769295009633531
"X21344.31",2279,0.848735526800164,5100,-0.317752980613464,2361,0.370343990177524
"X5280.68",2280,0.848675223628798,2711,0.168274501853226,2272,0.400840385867314
"X5383.14",2281,0.848359664483422,6133,-0.750540717267743,637,0.89872267106236
"X9468.8",2282,0.84821669985006,1234,0.70071999043612,3187,0.051639673051758
"X7861.9",2283,0.84773727314503,1654,0.553825744575005,6284,-0.939502738816226
"X10608.9",2284,0.84735448626371,4935,-0.251829601955775,3119,0.0788108342703833
"X2859.69",2285,0.84636703291301,723,0.858572179366301,1000,0.822856251314299
"X5717.2",2286,0.846056603286809,4177,-0.126798529939185,5376,-0.745131617928653
"X6042.52",2287,0.845943206783459,2599,0.193191794249991,6806,-0.9720528956488
"X10623.19",2288,0.845605118546993,1362,0.656534122783363,6054,-0.883297041725174
"X12747.89",2289,0.844697291597816,5909,-0.665064289360402,4773,-0.545086729479623
"X22984.10",2290,0.844487701057877,46,0.981732058127827,6335,-0.948535948535948
"X20408.11",2291,0.844092485694681,2519,0.217680170901352,1284,0.749909582897687
"X16015.19",2292,0.843393853397401,5398,-0.447599963781952,228,0.971170217817484
"X21193.1",2293,0.843337089331915,4220,-0.132818374988913,1760,0.594878775325008
"X12871.10",2294,0.843217608275361,4189,-0.128862343320746,6388,-0.957142004417119
"X12721.4",2295,0.842713887332633,4168,-0.124496257360909,4006,-0.254989380100347
"X19316.2",2296,0.842632784030443,4173,-0.125857567612385,1289,0.749103994450546
"X24499.36",2297,0.84262325421533,4757,-0.193805163413616,3806,-0.186086001459611
"X17377.1",2298,0.842523588413173,1977,0.418171798219429,2627,0.265091543037777
"X11287.14",2299,0.841801243762751,5824,-0.632909000458912,5894,-0.855661425762627
"X18196.8",2300,0.841782808544109,5219,-0.363538660798293,4458,-0.426275538721535
"X19302.7",2301,0.841180591401814,6871,-0.964195925618523,5029,-0.636556127649221
"X22476.115",2302,0.841140644917615,5555,-0.517591342311735,1824,0.568515521128389
"X23361.20",2303,0.841052515619344,2285,0.294952985647386,2137,0.450751450751451
"X5694.57",2304,0.840719710935772,174,0.959492343111886,466,0.941449172436922
"X8364.74",2305,0.840541503822235,258,0.948486169010717,5171,-0.681245191454104
"X6236.51",2306,0.839254999020673,4271,-0.13863081453227,6540,-0.970040179758921
"X3343.1",2307,0.838975261940927,675,0.871372343001613,6449,-0.96290074198516
"X3042.7",2308,0.838881636564932,4422,-0.151217273600222,4977,-0.616719916970227
"X11872.9",2309,0.838071184524248,5509,-0.500216499520828,1211,0.765494203441768
"X10438.19",2310,0.83667625298036,5980,-0.691571823933044,2663,0.250530994982673
"X19317.114",2311,0.836669433105808,1391,0.647186962686925,5887,-0.853954920901582
"X9436.2",2312,0.836590221960033,4211,-0.13185813064722,4425,-0.416865083402864
"X3177.49",2313,0.836061745692304,741,0.854532623240998,6485,-0.966410868464488
"X21308.44",2314,0.83485080324006,1419,0.637754233027361,3466,-0.0576663478431931
"X11672.17",2315,0.834830428374082,3436,0.0553899935831066,1835,0.56353856371611
"X23306.37",2316,0.834543912690805,6703,-0.926189054358823,805,0.86047586047586
"X7638.30",2317,0.834445591524716,3620,0.00764624521340124,3594,-0.102786161909083
"X9099.19",2318,0.834205933682374,436,0.920646149270289,1323,0.74085932518417
"X23022.5",2319,0.834159023524302,3062,0.137744998450643,54,0.97635769819937
"X11094.104",2320,0.834094397791623,4925,-0.247686800053361,3550,-0.0888201630152032
"X2997.8",2321,0.833642836009745,728,0.8579879603099,5066,-0.648471457786721
"X6941.11",2322,0.833505395373989,6777,-0.94612990679074,576,0.916008682675349
"X13496.19",2323,0.83330260796893,2395,0.259821294285968,6103,-0.89623404549131
"X9598.23",2324,0.832946193741858,4238,-0.13501852238236,5680,-0.81975761640791
"X22059.56",2325,0.832915468377455,309,0.939161432426634,4235,-0.343986111933085
"X20197.14",2326,0.831569697416611,466,0.915691318079974,533,0.925443701380258
"X5349.69",2327,0.831317749428508,1599,0.571827026984468,2618,0.26764213082616
"X19303.64",2328,0.830586485755721,1366,0.656348217763363,1649,0.629441123670869
"X18935.14",2329,0.83057419560996,1174,0.72528142100737,4231,-0.343144410907919
"X4237.70",2330,0.829798216651926,6475,-0.864095760508435,4100,-0.291750612208904
"X10705.14",2331,0.82962405913159,4046,-0.0967539370159533,1555,0.663964017281174
"X6274.15",2332,0.829468082491458,6042,-0.717717657367251,4393,-0.404926161840222
"X15644.1",2333,0.829436065129688,2068,0.383789273946232,5840,-0.846941929205053
"X12400.25",2334,0.829374846560114,274,0.945255848010771,928,0.835881451671237
"X18186.15",2335,0.829203844357594,5413,-0.452955622455255,5099,-0.658124716419088
"X10435.2",2336,0.829173118993191,5825,-0.633288115837177,624,0.902629902629903
"X12777.11",2337,0.828865492658515,5364,-0.427493096781714,6959,-0.987531967140832
"X4151.6",2338,0.828755254037313,5674,-0.575892082419044,3797,-0.184479717813051
"X14022.17",2339,0.82839269473736,3225,0.105534323914712,4950,-0.608332840149139
"X25052.3",2340,0.828235457046274,1185,0.717726727572124,1263,0.755025546941272
"X8556.5",2341,0.828004167230586,1817,0.485206669645476,6499,-0.967602108305012
"X22801.83",2342,0.827931814271317,6061,-0.724425383797602,3496,-0.0691670691670692
"X2475.1",2343,0.827731859471097,302,0.940229610233351,3516,-0.0739579017971632
"X3049.61",2344,0.827593370137923,3305,0.0876055309071656,5904,-0.857130469969362
"X6284.7",2345,0.827590877428343,2408,0.255191581665794,6580,-0.970964174214955
"X13506.10",2346,0.827581545117125,6590,-0.896258911805115,575,0.916143211819452
"X6280.11",2347,0.82713294290653,1702,0.533892156843042,5450,-0.764777706928598
"X17176.13",2348,0.826727724209101,3766,-0.0291013488693753,5488,-0.773801773801774
"X11375.49",2349,0.824998610879591,3367,0.0701356329369585,1526,0.673646865693916
"X8790.6",2350,0.824723415639803,145,0.964983860953534,5049,-0.641461666436514
"X3046.31",2351,0.823896313172006,3964,-0.0804219756130977,5828,-0.844961971804405
"X8833.20",2352,0.823860453111918,1830,0.478176643087714,1883,0.544395629805191
"X12409.90",2353,0.823774162312576,6767,-0.943763710724993,2769,0.209442409442409
"X12668.7",2354,0.823681627554207,3124,0.129800600489556,1611,0.642684763238708
"X16035.8",2355,0.823558294566812,4995,-0.275104219290499,2967,0.134047464046872
"X22076.34",2356,0.823366025121058,5876,-0.65106597406074,3953,-0.239746700597739
"X11164.7",2357,0.822267825780419,3551,0.0242490619299754,4251,-0.34902316650556
"X23675.16",2358,0.822149900697791,6911,-0.970402107138588,298,0.967562194626832
"X16749.79",2359,0.821799031536514,2216,0.322716193757558,4073,-0.282213147633045
"X21901.14",2360,0.821577808912814,6532,-0.877458890989341,927,0.835907754828273
"X4960.72",2361,0.821557055851943,6713,-0.929501097146647,3461,-0.0557733790988889
"X22528.1",2362,0.821344296143352,5418,-0.455013131052142,6762,-0.9720528956488
"X20142.42",2363,0.820932576260354,6705,-0.927889120701557,910,0.838471818039982
"X22124.94",2364,0.820928830110065,5621,-0.551183396872544,5642,-0.813241999234065
"X25438.288",2365,0.820826277721473,3480,0.0432187081821302,6881,-0.974236349946071
"X18870.1",2366,0.820785094511221,5589,-0.53256925135649,1757,0.596075568970166
"X8352.26",2367,0.820311923899417,2762,0.159435268347801,3946,-0.237432022778534
"X20528.23",2368,0.820260296177392,2451,0.240882499257642,6567,-0.970519003914067
"X3376.49",2369,0.81999948401744,1155,0.73266156746263,3592,-0.101433348935333
"X8587.21",2370,0.819531499643586,4851,-0.221858863363786,4922,-0.598377095210853
"X6369.82",2371,0.819500774279183,614,0.884840094250489,2379,0.364397361793349
"X13747.9",2372,0.819359721826711,1563,0.588022959209848,2132,0.452205643267459
"X13587.10",2373,0.819149163479413,4738,-0.190488796406313,5274,-0.714579731620976
"X10815.2",2374,0.819071499020657,5846,-0.640255652683979,6005,-0.875138913548099
"X12670.15",2375,0.819027625213634,2009,0.404265157321026,1881,0.545335545335545
"X13105.7",2376,0.819013896101852,5893,-0.656739544165613,1774,0.590369803031836
"X3052.8",2377,0.81882620795965,4369,-0.147883457055073,6377,-0.955573967765481
"X12531.5",2378,0.818716562019291,5215,-0.36287315538573,1444,0.703826451769874
"X11174.8",2379,0.818545701882774,3156,0.123661082277079,1251,0.757293578666189
"X19784.16",2380,0.817804466153536,5720,-0.594051884045675,2087,0.468873501542023
"X6230.56",2381,0.817421173154836,1978,0.418155351236794,3535,-0.0823223057347458
"X14132.21",2382,0.817180369146377,2435,0.245770648359908,4721,-0.528643427131458
"X12856.14",2383,0.817005874689674,5678,-0.578392065836674,5858,-0.849519638594622
"X10528.2",2384,0.816336061745692,4611,-0.161043388389913,5204,-0.693359653228596
"X20376.64",2385,0.816303464139121,2311,0.286214151063057,6285,-0.940007326106717
"X10908.2",2386,0.815430374935968,733,0.856938427228153,4679,-0.512786769593944
"X2474.54",2387,0.814492539881523,5022,-0.286566030159458,4284,-0.362858627106719
"X13463.1",2388,0.814331323164243,2366,0.267986000936945,5533,-0.784761265970948
"X20185.44",2389,0.814067235936384,5390,-0.442765641669652,1368,0.72848566149152
"X7886.26",2390,0.813540053585036,2048,0.391122230248822,3955,-0.240338521631059
"X2278.61",2391,0.8130677768784,6241,-0.787553170758593,3901,-0.221153576928461
"X19356.20",2392,0.813066882973232,5789,-0.617356127245873,916,0.837380731622313
"X4423.77",2393,0.812828622322689,3365,0.0703585654167856,995,0.824413275203356
"X8633.18",2394,0.812782781717507,2442,0.242897128932316,1015,0.818962534850119
"X18308.30",2395,0.812771919474965,722,0.858736102487765,2291,0.393870049252662
"X6597.24",2396,0.812704323673279,1768,0.50595621440058,1850,0.554924279786681
"X22842.85",2397,0.812108251603864,6373,-0.829583958005924,985,0.827359228791436
"X25913.17",2398,0.811868593761522,3172,0.119592624888541,3642,-0.119129783495846
"X3045.72",2399,0.811610500700538,2523,0.216776124237878,1564,0.66068927423014
"X7803.4",2400,0.811321682275152,958,0.798101878453891,714,0.879058083946526
"X9016.12",2401,0.81108225925751,5962,-0.685835482332295,536,0.92532130522581
"X18214.2",2402,0.810554505019426,1358,0.659210840211842,3109,0.0826848178737364
"X14061.48",2403,0.810553548165081,2829,0.153168613507437,5633,-0.810775088279971
"X18216.22",2404,0.810494171924108,4327,-0.144878383884511,5779,-0.837360401396564
"X13982.33",2405,0.810289310031217,384,0.927913351832136,6967,-0.989702680152221
"X4328.2",2406,0.81020942408377,3570,0.0189411828542604,4713,-0.52588559441847
"X9936.27",2407,0.809932895804144,6805,-0.95250308542949,1404,0.717793428156214
"X24954.83",2408,0.809902170439742,2163,0.342197918313672,4947,-0.606570528627699
"X2999.6",2409,0.809576481577072,332,0.935135301898507,4482,-0.433679877427288
"X17758.79",2410,0.809076465109484,3780,-0.0321871484781584,6399,-0.958023837142256
"X15516.12",2411,0.80869159108227,4750,-0.192415226621521,4952,-0.608516962248394
"X25257.162",2412,0.808381725760508,4996,-0.27671619573559,4177,-0.320615756906223
"X14674.63",2413,0.808310778538449,3330,0.0790708746411326,1158,0.77805933164401
"X21221.67",2414,0.808015633065408,5028,-0.287660667389099,5947,-0.864249035050232
"X21967.20",2415,0.807585477963769,5431,-0.461333775534208,5076,-0.651601533474055
"X9765.4",2416,0.807222465880653,5141,-0.332664890150361,3745,-0.159088069545547
"X23589.21",2417,0.807135822543012,6366,-0.826976147265734,834,0.855308410834571
"X4905.63",2418,0.807063103338703,2299,0.290022573363431,5551,-0.788706239387261
"X11510.51",2419,0.806712877614729,4620,-0.162073047985222,4463,-0.42770906078002
"X12077.32",2420,0.805453137674213,1623,0.563271106771961,6173,-0.912140390864012
"X25413.80",2421,0.805360961581004,1368,0.65567843599086,5954,-0.866015466015466
"X19177.7",2422,0.805354816508124,1521,0.605690583085809,6408,-0.959322167643171
"X13510.7",2423,0.805207659913291,5522,-0.504813390892828,3587,-0.0996739462944034
"X11364.18",2424,0.805145884030185,6759,-0.942226551211106,3462,-0.0558350265990676
"X12572.236",2425,0.805010692426812,5342,-0.419159272177562,2429,0.342997462996378
"X24435.1",2426,0.804900081114962,9,0.993968585741336,3059,0.098117351535118
"X11105.171",2427,0.803912311348221,2413,0.253080301879225,5401,-0.751869168096901
"X12514.16",2428,0.803571765801948,365,0.930534613144935,2966,0.134481466137973
"X7871.16",2429,0.803382248113463,896,0.812208600549923,1868,0.548716734726086
"X9764.79",2430,0.803055578287391,3642,0.00192048868338546,6232,-0.929465872552877
"X12859.33",2431,0.802976673303345,401,0.92566213753007,1572,0.657705692016525
"X9039.47",2432,0.802878988509675,2136,0.35592932890392,4109,-0.294528303493134
"X8813.160",2433,0.802414113277623,2789,0.155913100133259,201,0.971895076706582
"X15394.79",2434,0.802337585723767,774,0.845659936146006,3209,0.0431963098629765
"X11462.8",2435,0.802233119484797,3692,-0.01100320057319,6004,-0.874825874825875
"X22802.13",2436,0.801790289379757,6583,-0.895198392651238,4041,-0.26973638158171
"X3170.6",2437,0.801574595324834,256,0.948573879388714,5499,-0.776837135472842
"X3091.70",2438,0.801151586657818,2469,0.234645112280293,3013,0.118934722589661
"X25422.58",2439,0.801059410564609,3174,0.119314849006169,2596,0.275361175225056
"X8776.10",2440,0.800455755805536,4796,-0.204247101870112,2202,0.424052921951957
"X10626.116",2441,0.800229825725733,3955,-0.0792220863911395,5553,-0.78900812655171
"X5628.21",2442,0.800045473539316,620,0.883976259983263,5254,-0.707429984283864
"X13377.3",2443,0.799826502542802,6755,-0.94181514695809,2155,0.441326305649959
"X3314.74",2444,0.798798023744562,2784,0.156585386546553,4277,-0.35895260828681
"X22806.1",2445,0.798724282869995,3608,0.00965683399142577,4428,-0.417293010593596
"X11201.19",2446,0.798592444777378,5308,-0.4031608182933,2448,0.334947768281102
"X4832.75",2447,0.798484448580994,5473,-0.480240998721855,3251,0.0252684561482054
"X21799.15",2448,0.797142110813347,2958,0.149064826369889,2524,0.300875237550387
"X3326.58",2449,0.797100536960915,28,0.987054055200552,5940,-0.862986854997271
"X5384.67",2450,0.797063994606528,2282,0.295277158160185,2003,0.499514981311518
"X20517.1",2451,0.796419880539783,5738,-0.601337705744104,6750,-0.9720528956488
"X11587.5",2452,0.79625204376808,4346,-0.14690967147303,5598,-0.801466815997688
"X24247.13",2453,0.795426474334788,6344,-0.819917080827102,1016,0.81874546354898
"X9378.6",2454,0.795092544797581,6352,-0.823033523711094,1932,0.527148145956218
"X23262.11",2455,0.79502691439486,592,0.88949690345702,3407,-0.0360455138966611
"X7118.24",2456,0.794904238075004,6409,-0.842890142648346,2105,0.462994745944382
"X23426.1",2457,0.793943416168916,1872,0.46077074069932,4236,-0.344669994016032
"X14286.2",2458,0.793897292348977,5098,-0.316722520236475,1811,0.574625344406962
"X25459.3",2459,0.793849662078424,5911,-0.665441615987104,1912,0.533934349498362
"X21220.11",2460,0.793801799477571,2267,0.299669506264727,2717,0.230671230671231
"X9265.10",2461,0.792960204508026,4547,-0.153168613507437,6828,-0.9720528956488
"X9178.30",2462,0.792868028414817,3198,0.113274852038304,6257,-0.934295676240351
"X17711.13",2463,0.792849593196175,4102,-0.110692943019786,2785,0.203693203693204
"X22371.46",2464,0.792600001389149,5255,-0.378691059700975,3634,-0.115759115759116
"X7045.4",2465,0.79230612949102,3275,0.0945710760177976,1393,0.722005155338489
"X6578.29",2466,0.791903251972569,2868,0.153168613507437,1170,0.775621775621776
"X5744.12",2467,0.791687628187764,3607,0.00973608474680056,1639,0.635766588661584
"X11383.41",2468,0.791565456774701,5588,-0.532411262648859,2723,0.228362084402794
"X18819.21",2469,0.791423190537002,4319,-0.143414108691021,6372,-0.955019214481209
"X21255.2",2470,0.791057366058782,2622,0.184332572685634,5122,-0.664082161487481
"X13117.232",2471,0.790756847227731,3716,-0.0160887177866521,3436,-0.045550492197826
"X10892.8",2472,0.790616718180502,821,0.829901144107735,6957,-0.98705884673808
"X13435.31",2473,0.790588330939541,2167,0.34050297742076,3736,-0.155720943675711
"X11262.39",2474,0.789922266503571,2402,0.256509901260757,3675,-0.131027253668763
"X6470.19",2475,0.789886501696494,3414,0.0600017739453702,5637,-0.811998185082164
"X13686.2",2476,0.789737407818908,6780,-0.946394198211361,4502,-0.441397172056559
"X3390.72",2477,0.789553530680012,684,0.869301566780558,5939,-0.862815884476534
"X6273.58",2478,0.789414378969765,2786,0.156479992441436,4531,-0.451552872633538
"X20955.20",2479,0.789285450925448,5176,-0.349203693460858,4016,-0.258737579978037
"X19760.26",2480,0.788860617435639,2935,0.150767765086126,3649,-0.122137680374007
"X23365.7",2481,0.788394415357766,3299,0.0884196074953048,3220,0.0407501660386788
"X6104.1",2482,0.788320885414651,6427,-0.850402415650826,1176,0.774503034726743
"X23540.3",2483,0.788268451646997,2993,0.14620181554001,3002,0.121761938826386
"X19635.69",2484,0.786716810461372,1749,0.513909906650991,5750,-0.832304222314283
"X20069.23",2485,0.786550893493597,1315,0.672923037765754,3408,-0.0364272714545709
"X23706.13",2486,0.786378148279532,6538,-0.879047465327124,1958,0.514319825258788
"X10442.1",2487,0.786152407365603,6251,-0.791769701024221,1657,0.62789691244721
"X22481.15",2488,0.785624807216553,2778,0.157045586068484,3112,0.0813096341888435
"X17400.71",2489,0.785493842090497,1372,0.655018473209418,6446,-0.962801962801963
"X12332.7",2490,0.785417795814771,1394,0.646768912764308,4577,-0.469033838416683
"X15453.3",2491,0.785051964974789,6644,-0.91394436753063,5888,-0.854043781604887
"X7950.142",2492,0.784978455669669,6732,-0.936237045135281,653,0.895506089878203
"X17792.158",2493,0.78486821525433,2384,0.26232081239085,2034,0.488022199864539
"X3218.8",2494,0.784391875367664,3848,-0.0495686233528205,1435,0.707692307692308
"X9773.15",2495,0.784365813278609,6552,-0.885259422124153,850,0.85221688669868
"X21326.28",2496,0.78430179681931,1584,0.5788430775167,2000,0.500134803679812
"X23272.8",2497,0.784253182884031,2765,0.159142732592257,223,0.971170413382355
"X11243.90",2498,0.78402835443038,1912,0.446077802178312,1329,0.73899807494292
"X21117.18",2499,0.783571813253614,2036,0.395454843449321,4881,-0.583660478848974
"X20187.10",2500,0.783158813263525,794,0.836457662479899,4455,-0.42521026086156
"X20542.47",2501,0.782648772214438,6072,-0.728019784342286,1049,0.807211010501536
"X22963.3",2502,0.781358840071206,2984,0.146848930752643,3710,-0.145803145803146
"X17435.43",2503,0.781125627721864,6178,-0.767536028444828,3789,-0.179052165736193
"X21104.37",2504,0.780768379912986,5346,-0.420451033692693,2464,0.326126268305353
"X10817.26",2505,0.780553302362166,6892,-0.967698768650529,356,0.96072938654462
"X7864.3",2506,0.780147727552049,408,0.924017292110956,1589,0.65200923240812
"X19765.17",2507,0.779956772620015,2709,0.168386685026298,4172,-0.319250832671944
"X2706.69",2508,0.779657175950698,5513,-0.501689850856145,3578,-0.0969426863930212
"X23418.66",2509,0.779656121721604,4315,-0.14289963303416,379,0.957941251898759
"X10063.10",2510,0.77931425917804,5629,-0.556931956575039,1121,0.787952787952788
"X3151.6",2511,0.778917648039396,5324,-0.413136676040561,2073,0.474004460019114
"X16899.59",2512,0.778711592286163,6921,-0.972462417936168,1267,0.754109613786625
"X24299.1",2513,0.778267335250596,6774,-0.94580596894053,1310,0.743978220985974
"X15522.2",2514,0.778138288720104,6232,-0.783837043835733,5433,-0.759015059015059
"X13991.47",2515,0.777999570368657,6901,-0.968434099873178,2505,0.307490481545047
"X22526.81",2516,0.777640537816779,6933,-0.974609442788334,290,0.968199483142964
"X9114.84",2517,0.777504296316813,5059,-0.299627085831961,4253,-0.349444017018143
"X2813.11",2518,0.777062900966005,2516,0.218172142116163,3959,-0.241009252135488
"X24664.3",2519,0.776712631811813,1501,0.612554905537409,5142,-0.670947505474345
"X24412.1",2520,0.776699636040341,6047,-0.720587920486023,4265,-0.35497238535899
"X20558.4",2521,0.776151771564148,5899,-0.659047895695309,2037,0.486691409547779
"X24696.14",2522,0.776024978439729,1465,0.626638427031315,2984,0.128200953757029
"X11436.6",2523,0.775938820901096,6035,-0.713493003240324,6875,-0.973897176038042
"X7046.6",2524,0.775429076819937,1442,0.633757641772208,6241,-0.931624943283818
"X11122.97",2525,0.774835229168372,24,0.98770578730395,3422,-0.0411889999864331
"X2418.55",2526,0.77453028664933,1551,0.591723372870252,572,0.917255133397098
"X22491.10",2527,0.774268830474784,6298,-0.805496995197565,3370,-0.0233832430710417
"X23408.1",2528,0.773793722193545,4519,-0.153168613507437,2035,0.487627487627488
"X12853.112",2529,0.773744561610501,1582,0.579176943230066,4488,-0.435455643137202
"X10449.31",2530,0.773638451020356,6243,-0.788079959449781,2209,0.422224852537926
"X22796.17",2531,0.773491746120925,6456,-0.859387889956454,2267,0.402547949041019
"X22815.4",2532,0.773314406508861,3015,0.143192469392841,3341,-0.0121239272564365
"X11513.92",2533,0.773291283743272,6440,-0.854224111002703,38,0.982113853215232
"X16773.29",2534,0.77267244993389,524,0.904832953764815,5535,-0.785899862295393
"X4450.26",2535,0.772644579716349,5879,-0.651644678242463,6990,-0.994871690510592
"X17769.28",2536,0.772575335049762,5052,-0.297002360082908,2846,0.185641106573817
"X19255.124",2537,0.772196003244598,5805,-0.624576712292978,5549,-0.788667284790857
"X4990.87",2538,0.771972265736022,5799,-0.620791915279778,4979,-0.617818840432243
"X24638.3",2539,0.771954286361762,6641,-0.913539445217867,989,0.826083525675169
"X14755.4",2540,0.771461125414681,4919,-0.244336639311798,3681,-0.133618233618234
"X10419.1",2541,0.770506108202443,6342,-0.819102658483487,6012,-0.877191911380641
"X24444.10",2542,0.77013740382961,3552,0.0241002425620462,5847,-0.848257087056874
"X13118.5",2543,0.770008357299118,126,0.967648635411806,425,0.950892005812998
"X23625.44",2544,0.769873165695745,2288,0.293484246192679,1552,0.666212937207788
"X2843.13",2545,0.769201231296071,4084,-0.106715508638218,2645,0.25642225794854
"X13934.3",2546,0.769037435783988,5600,-0.540579801431395,2377,0.365093357997572
"X17748.21",2547,0.768787946505853,5815,-0.628642233870634,6211,-0.924690336322566
"X23424.4",2548,0.76839834820441,5318,-0.409700019290044,4135,-0.3022514364015
"X21736.60",2549,0.768066514268859,1009,0.784064486437711,3444,-0.0478388668599949
"X3413.50",2550,0.768005187055024,6853,-0.961058042721232,2884,0.170502723566481
"X9964.10",2551,0.767220178451658,2150,0.348539602995286,5628,-0.808311808311808
"X20543.19",2552,0.767212349138461,6354,-0.823205263729064,3034,0.109164677490416
"X17453.34",2553,0.767161949581609,6905,-0.969507421647532,69,0.975042991950751
"X16607.78",2554,0.76682973707718,6410,-0.8430403964686,3791,-0.180643506736896
"X7806.33",2555,0.76567099851709,1062,0.765603970552507,4537,-0.454104549999254
"X24408.30",2556,0.765435084765987,1382,0.651527714040006,6768,-0.9720528956488
"X13629.25",2557,0.764993594969139,340,0.934593840817474,3031,0.11019912108429
"X13580.2",2558,0.764959161512676,4237,-0.134941337717095,2588,0.277781065672407
"X9954.2",2559,0.764895472028302,3292,0.0899698814927365,3411,-0.0371259759729204
"X9037.1",2560,0.764719953417371,6017,-0.705695216773548,5109,-0.66083394159384
"X18385.4",2561,0.764649853747265,6784,-0.947178848400942,880,0.845889802923596
"X24662.78",2562,0.764587759469965,1360,0.657330832468017,4700,-0.522371552568949
"X8232.90",2563,0.764385615613401,6034,-0.712991064714298,3842,-0.202580339705273
"X23389.28",2564,0.763768672453842,2802,0.155123809817631,2343,0.376081160174286
"X25918.60",2565,0.763311491456831,176,0.959249370213729,5915,-0.858446597732545
"X11350.30",2566,0.763138165818647,5040,-0.29210443813857,4083,-0.28700217749649
"X24488.8",2567,0.763015264361035,2028,0.397169699034267,5703,-0.825705312141747
"X11487.4",2568,0.761880181546926,2475,0.232745488972616,4298,-0.370013085820626
"X9190.7",2569,0.761846852187463,4359,-0.147365120962069,4615,-0.48606004694135
"X7066.199",2570,0.76154659194258,6273,-0.798300504101112,2108,0.461850558613298
"X23245.5",2571,0.761471043134559,2550,0.206628579093192,6664,-0.971916168502989
"X5178.5",2572,0.76136067234178,4325,-0.144706384515621,3338,-0.0117640869845403
"X7933.75",2573,0.76111849021447,1407,0.641696952782389,3611,-0.106771090200101
"X11202.70",2574,0.760741587395227,1263,0.69200837610727,2654,0.253700362235277
"X18267.74",2575,0.760642140295658,6287,-0.802595272881468,2236,0.41292904626238
"X21514.1",2576,0.760218774488779,5544,-0.512670972720732,1450,0.700457203326595
"X18198.51",2577,0.760142769912563,2889,0.1528678140751,6223,-0.927942501298718
"X21113.3",2578,0.759796561565827,3418,0.0593198284590841,3107,0.0830532502907023
"X19504.22",2579,0.759617039058083,2235,0.311386596785149,3139,0.0715610715610716
"X12008.3",2580,0.759429581280153,4345,-0.146903553699162,6914,-0.975675816837409
"X9713.67",2581,0.758324284342886,3462,0.0479534834282745,1677,0.621638270170379
"X16620.26",2582,0.758082357000732,3537,0.0273573227307961,5697,-0.823295391029308
"X25057.2",2583,0.757816532704078,2859,0.153168613507437,1447,0.701064620281049
"X8016.19",2584,0.75751555999871,5626,-0.555289606601133,998,0.823141157397044
"X22824.53",2585,0.757385573188465,1880,0.459149307230042,6972,-0.990938562400952
"X21235.11",2586,0.757215609006843,3612,0.00903495149293614,3151,0.0678361181304643
"X11365.17",2587,0.757146728533376,1306,0.678784645879303,2447,0.335210082893541
"X11709.29",2588,0.756980802792321,1899,0.450666964895164,1554,0.66398947211331
"X22492.108",2589,0.756655113929651,2677,0.174086773719869,3409,-0.0364364482847054
"X13504.147",2590,0.756384730722906,5048,-0.296279728046462,3357,-0.0178795709955087
"X6629.3",2591,0.756120492589042,2869,0.153168613507437,4422,-0.41550439591512
"X19223.6",2592,0.756065186933117,1,0.997350651153643,709,0.880557363897602
"X15675.3",2593,0.75600474703955,6519,-0.873870646452797,835,0.855091339533432
"X13501.10",2594,0.75589465999537,5332,-0.414859553511777,3643,-0.12036488177567
"X5261.13",2595,0.755632235802509,3222,0.106947777014485,2467,0.325679114635734
"X10916.44",2596,0.755321633114569,2139,0.354814835227564,4528,-0.45043498845949
"X19631.13",2597,0.75491951359803,5676,-0.576936217076572,809,0.860016144678022
"X22813.5",2598,0.754665402008774,6981,-0.983302435703674,3705,-0.145468839116427
"X13710.6",2599,0.754622853815526,7005,-0.997948393615339,6977,-0.991556686591308
"X13548.53",2600,0.754160214340142,6854,-0.961135170780806,979,0.828240384552156
"X4203.50",2601,0.753312194282624,3322,0.0815513537902657,543,0.923699923699924
"X18277.28",2602,0.752872079920935,5643,-0.565229030397632,5336,-0.732098765432099
"X19555.1",2603,0.752471539137031,6517,-0.872894083652046,4470,-0.430777839955232
"X2693.20",2604,0.751898827520094,6020,-0.707515981937045,699,0.882360921739012
"X3825.18",2605,0.750477283867805,764,0.849349476708393,628,0.901613041105259
"X21477.105",2606,0.750273022459065,6968,-0.981105153578405,4656,-0.504035608737436
"X8233.2",2607,0.750251947988103,2008,0.404268218268856,3715,-0.146751888895465
"X9321.400",2608,0.750098321166089,1280,0.688699582351557,3567,-0.0939483011448449
"X24216.30",2609,0.74901678833911,6267,-0.796115830919868,6320,-0.945877082458351
"X12338.27",2610,0.749010643266229,3016,0.143188242598599,5517,-0.780391678028993
"X4991.12",2611,0.748869306589976,707,0.862827746048151,1620,0.640278024369875
"X18273.14",2612,0.747678892189017,2090,0.374013242887829,1225,0.763622920016009
"X11618.83",2613,0.747517390556252,4889,-0.2339062662692,22,0.988926370887666
"X5715.4",2614,0.747437504608805,4406,-0.150611842010757,6451,-0.96333603098445
"X4150.75",2615,0.747049232957943,3569,0.0190583435206645,2837,0.188047845442649
"X21359.17",2616,0.746988767740874,4070,-0.10340076333624,1859,0.552304008357245
"X6927.7",2617,0.746798417029226,1828,0.479588924341529,1272,0.752776627014657
"X3339.33",2618,0.745935822986009,4943,-0.252981597652121,5157,-0.67410051798964
"X25218.10",2619,0.745841398737862,2776,0.157526348873352,2609,0.269876966982962
"X4292.5",2620,0.745710561740134,134,0.96705089503937,6378,-0.95589382499983
"X18417.3",2621,0.745028547687543,4799,-0.204454242724476,2526,0.300506044038041
"X3391.10",2622,0.744924844157645,2714,0.167854049393782,1623,0.639751961229147
"X21670.52",2623,0.744708307760099,3677,-0.00804670553545629,1175,0.774734257243059
"X5988.49",2624,0.743505896694175,4643,-0.167578387199203,324,0.96447758642231
"X13554.78",2625,0.743140056780627,3942,-0.0760324624581474,1695,0.614945257702587
"X15583.18",2626,0.742390088006991,3670,-0.00543270725975033,4611,-0.484883484883485
"X12357.41",2627,0.741280141582479,1626,0.561514005393956,5901,-0.856499856499856
"X23263.9",2628,0.740923727355406,6446,-0.855516006000563,793,0.862421337120988
"X5111.15",2629,0.740678723631946,2214,0.323853028479098,58,0.975564367113163
"X9017.58",2630,0.740445809753426,583,0.891482056553021,5780,-0.83742414347833
"X11155.16",2631,0.7404414230799,2565,0.201529818870391,5726,-0.828527239056554
"X14229.5",2632,0.740226303448059,6772,-0.945343200583088,126,0.9720528956488
"X12686.15",2633,0.74020475382838,2154,0.348055794438296,3473,-0.059964622253786
"X23669.20",2634,0.739822607754144,5776,-0.613926988816206,3799,-0.184681041341987
"X13937.75",2635,0.739778662478542,982,0.791038477152056,5823,-0.842905842905843
"X18863.176",2636,0.739363074966794,2148,0.349823043339619,5665,-0.817416635431668
"X2607.54",2637,0.738675536309507,6737,-0.937622681819759,6192,-0.919520815102736
"X7182.1",2638,0.738084385060255,5979,-0.690872836859933,2995,0.125614662494412
"X13954.9",2639,0.736858505264152,1244,0.69876183949533,5252,-0.707116546938277
"X6568.18",2640,0.736746546959099,4565,-0.155300629485428,4846,-0.573336489712178
"X8306.54",2641,0.736663295724191,6584,-0.895341444354993,1189,0.771086298823753
"X5468.67",2642,0.736236965601463,853,0.822561812565691,4592,-0.474456812986291
"X18235.16",2643,0.736107209544426,1677,0.544311998426588,1628,0.638121165492888
"X6966.144",2644,0.735907136607137,1747,0.514007727958727,4104,-0.293755293755294
"X7815.49",2645,0.73545659471958,2013,0.402565143470379,891,0.84269396934367
"X16323.8",2646,0.73538465412289,2330,0.279487749811528,19,0.989991648747641
"X9526.3",2647,0.735352545083976,1689,0.539865834395109,2216,0.420395355134679
"X20380.50",2648,0.734348499373203,4855,-0.223751798647899,1887,0.542390825458826
"X11355.10",2649,0.734307568274358,6564,-0.888648891648024,2282,0.396247405337204
"X13516.46",2650,0.73420716269695,517,0.90590376732007,3825,-0.193150657907715
"X16055.3",2651,0.733674835170283,6484,-0.866831747481468,3372,-0.0236375574523966
"X7860.9",2652,0.733647961064818,6137,-0.752206826604553,2838,0.187583521574852
"X9487.60",2653,0.733206594610247,3767,-0.0291814013397144,1751,0.59854806573159
"X22576.2",2654,0.733175960682636,738,0.855645096747582,6659,-0.971552170686976
"X11510.31",2655,0.733058034068284,4740,-0.190675988878134,3665,-0.126393245349273
"X6544.33",2656,0.732634160552292,1665,0.54997447718421,946,0.833448409645368
"X10852.114",2657,0.731634205379156,4911,-0.24341573328846,5278,-0.716057171153937
"X16814.13",2658,0.731230129616043,6572,-0.892429495312542,953,0.832159554950583
"X25492.7",2659,0.730710616227909,6677,-0.922601992217779,1556,0.663770121492094
"X25111.24",2660,0.73028660619915,2301,0.28921479778951,2501,0.308187515206513
"X6502.50",2661,0.730114544158494,520,0.905591398678796,3491,-0.0670401714965839
"X3236.12",2662,0.730080926265299,5502,-0.496380865395593,3041,0.107066116723061
"X14097.86",2663,0.7299445133229,998,0.787344522895166,5062,-0.646597646597647
"X8866.53",2664,0.729831870805988,991,0.788399572468718,3613,-0.10854655330006
"X5487.7",2665,0.729303522537078,5772,-0.612811658731912,5693,-0.822683795127468
"X3603.60",2666,0.729045619645341,4428,-0.151519684744889,5230,-0.70287613620947
"X3628.3",2667,0.728869360494029,6323,-0.812902753086086,3483,-0.0638706410736949
"X18401.18",2668,0.728581053391955,1250,0.696014016644766,1090,0.799019109057978
"X6411.58",2669,0.728284783532411,1354,0.660528558592259,4297,-0.369719910186749
"X20106.80",2670,0.728269885771218,1819,0.484197483890165,6140,-0.903431356406626
"X20957.57",2671,0.728119660661822,1641,0.559039601402188,1900,0.536880314059695
"X10752.8",2672,0.728090967431931,6019,-0.706196251030937,521,0.928087168662419
"X17694.32",2673,0.728057309404055,3631,0.0045680279088857,6205,-0.923405206709935
"X4922.13",2674,0.727994494014699,1129,0.740687750907219,1530,0.672805714402002
"X20090.63",2675,0.727367696580882,4765,-0.196399417367886,5203,-0.693274238557849
"X22816.4",2676,0.727293457462102,6560,-0.887365737358028,6412,-0.959414243514539
"X9095.5",2677,0.726507386377602,6566,-0.889745438839377,647,0.897009988623885
"X3079.62",2678,0.726263243042485,1895,0.451304950974558,2909,0.158482400265912
"X23152.49",2679,0.726071086203082,6665,-0.919993858702926,1078,0.800352733686067
"X3060.43",2680,0.725372118383308,3063,0.137420954158764,5707,-0.826086366658074
"X8099.42",2681,0.72535133688998,4419,-0.151201847988307,6819,-0.9720528956488
"X13519.112",2682,0.725336919400559,485,0.9119776020115,6651,-0.971421619879926
"X25948.18",2683,0.725234373243606,1356,0.660230982478298,4624,-0.489276641155718
"X18348.89",2684,0.725039343670184,3957,-0.0793690889552034,6237,-0.93040060119082
"X10722.13",2685,0.724977263230342,6467,-0.861960055377947,2872,0.17590893847034
"X19119.10",2686,0.724801611418848,1897,0.450962896869656,4635,-0.494540908860997
"X8951.162",2687,0.724481766620294,5858,-0.645131663829676,2057,0.479623122261266
"X6993.8",2688,0.724418061598211,703,0.86410260532641,2078,0.472256138922806
"X18185.118",2689,0.723494090318056,3831,-0.044437904649794,4205,-0.332010603790361
"X3466.8",2690,0.723348818916992,2978,0.147198901696432,4132,-0.301927363831844
"X15622.13",2691,0.723250497750903,153,0.963267761628019,4864,-0.578715485326126
"X13085.18",2692,0.722540407362976,4131,-0.117118958462684,1682,0.62053223169648
"X23566.6",2693,0.722455659946808,5983,-0.69328401219755,5391,-0.749537545522863
"X21206.218",2694,0.722158922804787,655,0.876487125398656,243,0.971145436731044
"X16613.3",2695,0.721969247439437,2701,0.16976653091433,5868,-0.850330207083917
"X12018.84",2696,0.721952693340187,1458,0.6280903708646,3636,-0.117750203326344
"X24971.2",2697,0.72117592425376,6761,-0.942655213031861,4128,-0.301031067697734
"X23689.52",2698,0.721032123230327,6033,-0.712400069132666,1095,0.798189027638042
"X13465.5",2699,0.719369985294497,6466,-0.861845221378781,1924,0.530925667150552
"X23654.6",2700,0.719000730043981,4797,-0.204250280313112,1396,0.721245721245721
"X3461.58",2701,0.718936656588747,949,0.800697237658546,3280,0.0148897345624996
"X21381.73",2702,0.718193978880443,3010,0.14391710276157,1412,0.715242021923681
"X23016.24",2703,0.718004137666647,1931,0.44055881181845,6494,-0.966977859991907
"X7241.12",2704,0.717154908865756,5436,-0.464724253105946,762,0.868400523684514
"X14696.45",2705,0.716767445861908,6423,-0.847186175566602,1942,0.523150066086682
"X17791.25",2706,0.716546223238208,615,0.8845122999973,1596,0.649364392407983
"X9754.33",2707,0.7157821185091,4549,-0.153168613507437,4246,-0.346932065521164
"X12700.9",2708,0.714461073603701,3962,-0.0801442423144908,4229,-0.342265342265342
"X12713.365",2709,0.71430874907285,2914,0.152092182806663,1119,0.788062312179019
"X23645.49",2710,0.71418037017919,6453,-0.858265621324366,830,0.855779789969291
"X3666.17",2711,0.714106963184644,5783,-0.615686304756102,3615,-0.108931821363573
"X12891.1",2712,0.713440389784523,5692,-0.583080417571314,1144,0.780684276630302
"X24223.5",2713,0.71301880099326,2857,0.153168613507437,3237,0.0314853702925942
"X19506.6",2714,0.71288243052801,3391,0.064635565012509,1261,0.755367487982745
"X3305.6",2715,0.712854957603379,350,0.933156967170441,4364,-0.394185687137099
"X16877.19",2716,0.712828454145466,6800,-0.951302471881803,4567,-0.466398040931507
"X19170.25",2717,0.712703878330826,6516,-0.872869008454633,6445,-0.962785838810992
"X18284.77",2718,0.71178379175577,4007,-0.0880631769983446,999,0.823074522785549
"X18922.27",2719,0.711239876997454,2369,0.266955639796536,6578,-0.970926012603702
"X14056.4",2720,0.711076497392684,3883,-0.0587816145801552,2726,0.226195079264942
"X8687.26",2721,0.710984932281297,1220,0.704672803489273,4548,-0.457405325074142
"X23257.14",2722,0.710961081472389,6258,-0.793412886520256,6262,-0.936018233989296
"X14645.253",2723,0.710807472645127,2887,0.152960367746588,4012,-0.257198845291406
"X22771.6",2724,0.710690077960534,3854,-0.0520064641470141,656,0.89459831634072
"X19437.61",2725,0.710573212398299,2079,0.380638659299691,2922,0.151183970856102
"X11211.7",2726,0.710112331932257,4258,-0.13772757598078,6443,-0.962465394909024
"X4785.30",2727,0.709632847048455,552,0.899381113158,676,0.889105889934439
"X20076.7",2728,0.709245876656097,296,0.940992022171788,6978,-0.991727657112045
"X7805.52",2729,0.708969348376472,630,0.880910943459929,4660,-0.505697921393015
"X13947.371",2730,0.708926332866308,3054,0.138991103170664,1699,0.614359266570341
"X18380.78",2731,0.708631032941576,6522,-0.875013979460798,4861,-0.57772911693726
"X12885.42",2732,0.707961556424059,789,0.838297905844699,6437,-0.961715754933486
"X7247.1",2733,0.707444338381363,5968,-0.686902228792224,1353,0.732273316104765
"X10582.36",2734,0.707009070127572,2595,0.19514835621238,917,0.837275518994167
"X10507.166",2735,0.706825299403553,2280,0.29610616612274,1540,0.671055671055671
"X13452.113",2736,0.705884521790428,510,0.907187949511972,3997,-0.25297718858706
"X3640.14",2737,0.705732383412147,3664,-0.00402679980390387,2320,0.38435366536094
"X12476.50",2738,0.70524543421085,934,0.803755365220644,5442,-0.761075273059649
"X9032.30",2739,0.705121224234146,6321,-0.812484737296814,1389,0.723003452790384
"X4924.32",2740,0.705041558570319,4281,-0.139345658415059,5870,-0.850527122036519
"X11258.41",2741,0.704837953272881,3790,-0.0344135982347054,3455,-0.0523104035561868
"X7071.23",2742,0.703924243541528,1554,0.590878064394217,2287,0.395400895400895
"X22088.3",2743,0.703893518177126,1766,0.507309811846099,1200,0.767953548624674
"X25091.83",2744,0.703009625008656,561,0.896625261753352,1889,0.541930520210688
"X10746.24",2745,0.701410908733378,101,0.97154521154096,6882,-0.974277574277574
"X2579.17",2746,0.701406485006978,4455,-0.152177122352288,6306,-0.943229943229943
"X25256.23",2747,0.701361282910785,5836,-0.637039347586077,5111,-0.661209766925638
"X14110.200",2748,0.700492439267436,5086,-0.31154078573636,3595,-0.103345933081338
"X8882.1",2749,0.699591809081825,133,0.967123650512394,2490,0.315054109675342
"X9842.2",2750,0.699559981618688,43,0.982507587775012,6641,-0.971170413382355
"X4693.72",2751,0.699535747446611,2268,0.299653805979491,6017,-0.878045412400623
"X2575.5",2752,0.699456775557358,2890,0.152825393642334,3698,-0.143385084794802
"X8309.12",2753,0.699106743801029,175,0.959314948574866,3620,-0.111002577669244
"X8646.61",2754,0.698939988583996,4886,-0.233395089154728,1654,0.628520513174594
"X11657.86",2755,0.698860703487943,4338,-0.146248373629272,5211,-0.696061539296422
"X10980.11",2756,0.698655595689513,1635,0.560379883584063,NA,NA
"X9111.40",2757,0.698596465354079,2029,0.396946104655603,1529,0.673064909615777
"X10396.6",2758,0.698344668788638,884,0.81455526906528,5832,-0.845901845901846
"X21592.8",2759,0.698147875033798,4140,-0.119080847110326,4142,-0.304386709014749
"X6378.2",2760,0.697988103138903,1040,0.772927279809031,427,0.950628974242633
"X19109.32",2761,0.696846849682419,5807,-0.625160271225135,2188,0.428288594241121
"X11606.22",2762,0.696670590531107,4667,-0.171732600573977,1417,0.713789724205516
"X9317.4",2763,0.696660767396701,6890,-0.967586932964147,534,0.925417398223222
"X22946.55",2764,0.69664233217806,1043,0.772560921526056,6218,-0.926245947669869
"X14078.69",2765,0.696248827561895,3713,-0.0155914372428261,5205,-0.693522456704451
"X22392.5",2766,0.695827618685659,4661,-0.17044631368984,2957,0.137887760570355
"X10364.6",2767,0.695720571245975,5152,-0.336991774292446,659,0.894011428721732
"X12396.19",2768,0.695531591032223,2426,0.248016844768211,4030,-0.264590032418641
"X22545.20",2769,0.695460643430252,3843,-0.0480314990995299,56,0.975932611311673
"X21793.4",2770,0.695316228732118,3229,0.104853424875943,384,0.957155842570107
"X24680.51",2771,0.695242333652596,4520,-0.153168613507437,4433,-0.418197233034028
"X15580.2",2772,0.695048840816669,1039,0.77296750407946,6265,-0.936938181005175
"X18338.26",2773,0.694734771405813,6417,-0.845396174271801,6379,-0.955994818278064
"X5099.14",2774,0.694230707214035,3808,-0.0392019651259909,4508,-0.443254226588546
"X6947.4",2775,0.694144163496779,429,0.921305473812954,2116,0.459748150325837
"X11567.23",2776,0.694071730953842,6325,-0.813633546618291,3725,-0.150846869761258
"X13412.5",2777,0.693717277486911,2760,0.159768807501698,675,0.889710862546277
"X6113.31",2778,0.69303651532302,5117,-0.321631691700463,1147,0.779767598038218
"X13540.1",2779,0.692715630607379,6122,-0.745901607734402,1381,0.725631768953069
"X7016.12",2780,0.691151263863201,1278,0.688813726224753,6846,-0.972542231242166
"X7779.86",2781,0.690183860580587,555,0.898688437346949,3447,-0.0483386268436869
"X12737.12",2782,0.689604346504157,6299,-0.805709852973095,1185,0.772358428533235
"X3499.77",2783,0.688278887987612,1579,0.580342371456448,5804,-0.840300382053356
"X5909.51",2784,0.688218543708419,5760,-0.608015596142007,3346,-0.0126978490593333
"X2742.68",2785,0.687682815918197,2678,0.17358055447362,6292,-0.940844199825084
"X15535.3",2786,0.687221935452154,85,0.974328489825484,5921,-0.859041381441808
"X9045.3",2787,0.68693937833663,6729,-0.93552264952395,1260,0.755407467555195
"X2962.50",2788,0.68690079757266,2513,0.220709655276138,3228,0.0355810355810356
"X14030.21",2789,0.685802423616744,6852,-0.961049774325684,697,0.883082466973098
"X9956.7",2790,0.685765553179461,673,0.871593350018704,3598,-0.104022410289795
"X11371.1",2791,0.685516093766628,6264,-0.795033702174865,6129,-0.901047523228976
"X23254.31",2792,0.685049258560348,4760,-0.194332740481717,3120,0.0785083479644644
"X14067.6",2793,0.685000708181861,580,0.892649387230246,2773,0.20805689846046
"X20977.2",2794,0.684776178594445,2281,0.295436919576249,3314,-0.00163481823670269
"X4469.78",2795,0.684755729897089,864,0.820830763713025,5235,-0.703647703647704
"X4139.71",2796,0.68412481872035,1835,0.474021341334084,5945,-0.863973223386137
"X6622.90",2797,0.684044932772903,6146,-0.756011912611976,1212,0.765428445549177
"X11646.4",2798,0.683418135339085,2815,0.15422196152226,6062,-0.885857885857886
"X8843.34",2799,0.683345136364352,2781,0.156850047142607,841,0.853657853657854
"X13386.248",2800,0.683189756922041,475,0.913909119452328,3722,-0.149568909962894
"X23903.3",2801,0.682777592425893,425,0.921835717142323,4869,-0.580436847103514
"X14692.3",2802,0.682016901940418,6930,-0.974073402774296,848,0.852745254989214
"X4148.49",2803,0.681790283744865,4198,-0.130228922030656,5492,-0.776005252908126
"X18175.65",2804,0.681389708946002,1883,0.458292161548243,6134,-0.90146319623924
"X19289.29",2805,0.681192263506602,2284,0.295041822690304,4138,-0.302953186956264
"X12738.43",2806,0.681085107823883,1227,0.703382508962633,4813,-0.555275171791584
"X4481.34",2807,0.680953961113979,3991,-0.0860081923812036,5645,-0.813668435553977
"X19122.47",2808,0.680554531376742,4050,-0.0981186091498008,4450,-0.42371455704789
"X15361.37",2809,0.679995329744611,5367,-0.4291287590988,1733,0.602927541378154
"X22103.25",2810,0.679615763957381,1908,0.448528225172641,4538,-0.454139454139454
"X12786.61",2811,0.679413144276388,2147,0.35052583485977,6143,-0.90582256506461
"X13984.23",2812,0.679351508089212,4990,-0.27343445517426,2247,0.408483830323394
"X3853.56",2813,0.678830646430437,323,0.937458927275906,4866,-0.579066612399946
"X7758.217",2814,0.678729352977335,1180,0.721036932066691,1922,0.531326245103526
"X9504.19",2815,0.678630218906882,825,0.82955855755103,1320,0.741584633695659
"X13701.2",2816,0.677299811320116,1801,0.493627294077722,6599,-0.971170217817484
"X12634.79",2817,0.676142694372927,5952,-0.681204686259099,2595,0.275922885943372
"X17782.23",2818,0.675917095510127,2379,0.26362756402593,2364,0.369737752513262
"X17419.17",2819,0.675828970331588,5081,-0.310363311724622,3299,0.00776024637425552
"X10668.5",2820,0.674741292431728,5374,-0.433914750355753,4702,-0.523979432633735
"X18316.75",2821,0.674531100848791,2205,0.325241124563924,70,0.974827878716143
"X10949.59",2822,0.674501634589386,297,0.940967819081056,2280,0.396731720222227
"X17692.2",2823,0.672784428500776,4267,-0.13820290664029,6732,-0.9720528956488
"X21349.2",2824,0.672191087186294,5764,-0.610670960351001,997,0.823387452078936
"X21383.37",2825,0.672184942113414,6683,-0.923497095661109,4321,-0.376358382287102
"X4158.54",2826,0.671695314263601,5462,-0.475713131589207,4210,-0.335219140261978
"X22948.13",2827,0.671591431287258,375,0.929504918658749,6317,-0.945749738612377
"X8535.102",2828,0.671451283655443,3157,0.123400047830255,3428,-0.0434725427919486
"X3024.18",2829,0.670974362755942,5297,-0.398743782392089,3355,-0.0172088404910799
"X6086.15",2830,0.670906766954256,2112,0.364761732141962,5092,-0.655362884930264
"X11218.84",2831,0.670804560076043,6428,-0.850930742858906,3528,-0.0785741058570555
"X24975.3",2832,0.670729020439767,5054,-0.297355664477515,5843,-0.847389082874672
"X13634.209",2833,0.670723761862046,3839,-0.0458547447411841,24,0.987782183556581
"X19183.164",2834,0.670519627362781,1432,0.635987644520723,5086,-0.654613244954726
"X6410.26",2835,0.670415161123811,108,0.970706684985651,6224,-0.928177020445265
"X17826.341",2836,0.669997296167933,5490,-0.488072605377074,5470,-0.77025977025977
"X20544.103",2837,0.669180001474818,2633,0.181165040135109,2832,0.189507670658171
"X25901.3",2838,0.668507939505532,6358,-0.824641643753206,3858,-0.205975205975206
"X7743.5",2839,0.668413515257385,6190,-0.770370484634162,250,0.971007414341629
"X8272.22",2840,0.667701140019011,1183,0.718557652750904,2102,0.463634020268895
"X18282.1",2841,0.667433108345615,6261,-0.794715956638605,1803,0.578478756912798
"X13651.54",2842,0.667410541523697,729,0.857746475982918,3758,-0.166047166047166
"X10574.10",2843,0.666958388031089,4743,-0.190827183961404,6208,-0.924301924301924
"X7888.58",2844,0.666868759835918,5356,-0.423700292631674,785,0.864446680212792
"X20430.8",2845,0.666668764989897,1602,0.570844050919945,2557,0.288506229875403
"X5008.51",2846,0.666457734188728,586,0.89082137527043,3996,-0.252950885430024
"X17327.3",2847,0.666326789857895,52,0.980542330780377,2327,0.381836354908498
"X13599.15",2848,0.665548263402404,1923,0.443038999803323,6121,-0.89932466644309
"X7152.5",2849,0.665241009758376,885,0.814283345352456,3573,-0.0961051600218316
"X18180.58",2850,0.665099673082123,5216,-0.36306893449835,6253,-0.933900166367468
"X22375.15",2851,0.664700243344886,6542,-0.881622366829182,4169,-0.318038047516653
"X2773.50",2852,0.664700243344886,5995,-0.697142200460498,6953,-0.985375426239171
"X14197.2",2853,0.664663372907603,6851,-0.960971116106402,988,0.826234423438274
"X18170.46",2854,0.663815352850085,4936,-0.251829601955775,5186,-0.687479039671737
"X8093.13",2855,0.663112784252712,5401,-0.448484645682466,3785,-0.177896714761527
"X20111.5",2856,0.662057862006244,1024,0.778696458665145,2772,0.208705453914853
"X14628.72",2857,0.66201484649608,5171,-0.346093954667868,5850,-0.84883519278571
"X12621.55",2858,0.661368400511152,2823,0.153342400985763,4459,-0.426311576605299
"X7893.19",2859,0.660945603814861,431,0.920963020951837,4340,-0.38446667061214
"X24689.9",2860,0.660936064457708,964,0.794979110112754,4365,-0.394330373658898
"X5676.54",2861,0.660570007711313,3861,-0.053881662418196,4139,-0.303255673262183
"X10012.5",2862,0.660428712861708,3073,0.135759569942051,4020,-0.259301259301259
"X17680.12",2863,0.660425427620546,444,0.919217846084802,3240,0.0300973874389274
"X9461.2",2864,0.660281165782235,3337,0.077489908749104,3694,-0.142377484629619
"X13236.25",2865,0.660096816633828,4647,-0.168201832978097,4898,-0.590318619969203
"X6920.1",2866,0.66004645687631,526,0.90476659134392,1271,0.753210629105758
"X23685.132",2867,0.659992402881061,3122,0.130101576632023,1422,0.712326490501687
"X25473.62",2868,0.659978282422926,6401,-0.840431939594594,6774,-0.9720528956488
"X25259.7",2869,0.658837822695884,1681,0.542541909459371,3574,-0.0962761305425684
"X24679.35",2870,0.658585895828725,4208,-0.131383793080842,5607,-0.803863842949979
"X7185.29",2871,0.658395398569427,3736,-0.0216305643074479,6229,-0.928963898574123
"X10616.67",2872,0.657749699361461,4061,-0.101521248848238,3478,-0.0624330624330624
"X19139.3",2873,0.657283140378045,4248,-0.136249907052551,2164,0.437690361355882
"X9970.7",2874,0.657182892853956,5644,-0.565264461166893,3839,-0.202170668837336
"X23646.5",2875,0.656837102434572,3718,-0.0167075431959278,3115,0.0809939963044064
"X21203.14",2876,0.655836205404214,6505,-0.871328834350896,4062,-0.277412821473897
"X7838.27",2877,0.655800933928433,1336,0.667600493575083,1692,0.616171180945993
"X3636.37",2878,0.654487132217388,477,0.91303425642766,4631,-0.492927738651832
"X24917.95",2879,0.654479842883817,5552,-0.517220767501321,5504,-0.777422685157786
"X3827.22",2880,0.654272054666568,2556,0.20324400618567,293,0.968107422093337
"X23535.3",2881,0.652335119006402,4595,-0.15829089842589,6891,-0.974562330689701
"X18404.22",2882,0.651806341552465,6211,-0.776783682787717,1313,0.743609976787464
"X25466.84",2883,0.65156987693816,3750,-0.0253681221399819,6836,-0.972223866169537
"X13543.7",2884,0.651561934438097,5471,-0.478927549981989,5513,-0.77989518191921
"X23627.3",2885,0.650773966523351,5420,-0.455388267436161,1203,0.767256514963208
"X6081.52",2886,0.650188534342207,3961,-0.0800773176598417,4798,-0.550540304035491
"X22092.43",2887,0.650100455030652,6573,-0.892636410315522,5524,-0.782854287085807
"X23523.14",2888,0.649881163149934,2855,0.153168613507437,1275,0.752132199667265
"X8767.44",2889,0.649846159947387,6909,-0.969994134250857,623,0.90278353159338
"X12653.13",2890,0.649786758572935,948,0.800721606667284,4965,-0.61259395158904
"X3684.78",2891,0.649371291881088,2621,0.185285207850671,2792,0.201182149257183
"X17742.2",2892,0.648796794729986,4608,-0.160434330868802,3896,-0.219574404580204
"X9580.5",2893,0.64852026645036,2215,0.323683327613002,5197,-0.690346083788707
"X3352.80",2894,0.647677617215591,1311,0.674164799524891,2207,0.422474732529772
"X9568.289",2895,0.64715822605196,5818,-0.630747692539841,3066,0.0963231563553884
"X24690.1",2896,0.646676744586191,4813,-0.208103073938814,6041,-0.88181653961487
"X8971.9",2897,0.645430827923596,1284,0.68754989257065,2,0.997585081774829
"X8002.27",2898,0.644851657940663,1246,0.697484468337003,5873,-0.85087498250035
"X10643.16",2899,0.644675259273248,3219,0.107585930299373,1410,0.715689175593301
"X5742.14",2900,0.644447304951085,3702,-0.012979061816983,5988,-0.870653870653871
"X18286.3",2901,0.64427402108989,3281,0.0931630560159359,1244,0.758969453997843
"X9332.6",2902,0.643997492810265,3144,0.126249766375331,5821,-0.842837736285334
"X8488.33",2903,0.642573161260472,5304,-0.400361779785287,1432,0.708297988466066
"X25043.74",2904,0.642350613278274,2186,0.329934556841452,2457,0.328703977694923
"X7818.101",2905,0.642262504750731,5021,-0.28616761087877,4520,-0.447123057538849
"X11570.94",2906,0.642193922836262,6696,-0.925300275178433,4010,-0.256263256263256
"X24699.20",2907,0.641121598702161,2982,0.146964822033699,4436,-0.419463021049101
"X21340.38",2908,0.64052688730466,2120,0.362744833384109,4744,-0.535091699381218
"X22809.32",2909,0.640426192884006,2266,0.300428460035852,4493,-0.436980923635359
"X6478.2",2910,0.640124010512566,75,0.975438569428751,4738,-0.533395145752369
"X13595.20",2911,0.639537404642214,5827,-0.633771037860657,5753,-0.833198529653522
"X5201.50",2912,0.639463040775538,6577,-0.894002907727846,5290,-0.719397920735436
"X25906.5",2913,0.639056854214291,4966,-0.264560813546772,2905,0.16017826980606
"X25075.2",2914,0.638909085186409,2335,0.278721502891539,1491,0.688427621760955
"X5947.90",2915,0.638636462283322,2055,0.388606383877501,1252,0.757259593176062
"X6421.52",2916,0.638423911707593,3192,0.114654716959303,3934,-0.229199134626134
"X3292.75",2917,0.638322809679954,3633,0.00443475128584167,6528,-0.969291019971675
"X12893.159",2918,0.638079787626281,1428,0.637210984837066,4968,-0.613531682234749
"X22795.17",2919,0.637504071411756,2390,0.261051939539361,5352,-0.737642198660941
"X13671.40",2920,0.63534575065766,3523,0.0314294524312802,5676,-0.819133819133819
"X7090.17",2921,0.635093282206327,585,0.890844513688302,5739,-0.830975912883944
"X9513.9",2922,0.634915075092791,6728,-0.934561108051946,1829,0.567458298568008
"X8034.6",2923,0.634910642905254,4417,-0.151069110835979,4937,-0.603961470628137
"X5128.53",2924,0.634800781827853,5751,-0.604879997952889,5073,-0.650766517433184
"X3216.2",2925,0.63472524290485,2467,0.235209730475996,1567,0.6596480755403
"X7826.1",2926,0.63455812460263,4440,-0.151804800466111,5723,-0.827998127760028
"X23276.14",2927,0.63438931117511,2381,0.263135931847081,3701,-0.14399005740664
"X10907.116",2928,0.634349728387779,117,0.968778561484561,3936,-0.231027204040165
"X4392.54",2929,0.633919573286139,4555,-0.154198273102746,297,0.96771287473779
"X22950.6",2930,0.633741324112291,232,0.952468705109789,4343,-0.38520397780461
"X9251.28",2931,0.6334894181845,3041,0.140049130573948,3664,-0.1263406390352
"X14705.1",2932,0.633354865148326,2323,0.280970592431967,5208,-0.694906286249211
"X8645.257",2933,0.633206744831994,4562,-0.154895144813142,3015,0.117862933040287
"X7195.119",2934,0.632629107981221,371,0.929760606573576,4296,-0.369624941492501
"X18330.7",2935,0.632241575756813,3591,0.0125700248408571,4485,-0.434614497551181
"X5481.16",2936,0.632170688663719,1950,0.432087203623838,5808,-0.840595840595841
"X5104.57",2937,0.631895153358208,3558,0.0217328401895153,6175,-0.914026197792656
"X3470.1",2938,0.631757334184702,4314,-0.142848879136474,3570,-0.0944086063929823
"X5699.19",2939,0.631645805457225,917,0.807407378841459,1094,0.798313627329277
"X9790.28",2940,0.631643553636289,1222,0.704456844922467,1262,0.755314881668672
"X9234.8",2941,0.63120345107293,1617,0.565840081569344,6938,-0.97948353751159
"X5140.56",2942,0.630588943784873,418,0.92294906848586,4070,-0.28166078133528
"X19467.3",2943,0.629878796501426,3017,0.143188242598599,2278,0.397179429780826
"X10959.125",2944,0.629530264998696,125,0.96765247309062,1945,0.520164657763048
"X9835.16",2945,0.629336802097518,4727,-0.187884975977022,5849,-0.848711405590127
"X22033.32",2946,0.629108874491681,1832,0.475824547866687,1965,0.512392074858785
"X17447.52",2947,0.62902809527321,6207,-0.775585444252637,5898,-0.85608227627521
"X2954.56",2948,0.62891783176064,116,0.969033084081154,4103,-0.293694475679443
"X5584.21",2949,0.628635726988024,3452,0.0506659003137585,6803,-0.9720528956488
"X9123.18",2950,0.628032593466559,6087,-0.734369787417051,6058,-0.884752717444911
"X13998.26",2951,0.627681284295497,831,0.827391162248109,3690,-0.139400647028776
"X13430.50",2952,0.62575891650075,816,0.83204379474029,6272,-0.937898246237005
"X6364.7",2953,0.625506968512647,1844,0.471807766024318,5130,-0.66619978562927
"X13539.131",2954,0.625384067055035,6425,-0.848852141653394,615,0.904340039886581
"X3294.55",2955,0.624955542196357,193,0.957565832208081,2813,0.195070788371374
"X11647.6",2956,0.62405300347796,4196,-0.130064385581252,991,0.825840981704959
"X20970.14",2957,0.623685565786542,1370,0.655483627894232,925,0.836177372540534
"X25488.6",2958,0.623577415628149,1091,0.752048714082427,157,0.9720528956488
"X11117.2",2959,0.623013150191682,5633,-0.558978336095616,1923,0.5311314551616
"X11563.51",2960,0.621811802418015,1510,0.608580544964599,3951,-0.238918151151092
"X20912.10",2961,0.621610992306369,4439,-0.151799590450004,4787,-0.54825055284972
"X11683.19",2962,0.621572793226634,492,0.910065074384785,3950,-0.238908566548601
"X12814.17",2963,0.621482896336169,654,0.87659819049265,4067,-0.27967489297903
"X13959.7",2964,0.620468008750584,4105,-0.111072118592104,3977,-0.246703885633873
"X14083.25",2965,0.620148464960794,1708,0.532022526095746,6484,-0.966385966385966
"X8222.49",2966,0.619871936681169,51,0.980619407362499,6338,-0.949621365396844
"X25260.62",2967,0.619346766079306,1030,0.776837331433194,2179,0.43219374905473
"X8874.53",2968,0.618165813820132,5635,-0.559860455571517,5228,-0.701354955066052
"X13588.11",2969,0.617769440440144,3403,0.0619604199718917,5966,-0.86740578537939
"X11307.33",2970,0.617438487820466,534,0.903235136458819,4784,-0.547546244237965
"X11531.24",2971,0.617063543252238,3494,0.0393468795915298,4992,-0.623829002082528
"X8235.48",2972,0.616596612835828,2874,0.153168613507437,460,0.943211483958362
"X8418.30",2973,0.616014352485718,6219,-0.779604868187697,1511,0.679232999940818
"X3175.51",2974,0.615831798939301,5002,-0.279477380268329,3717,-0.146905033564094
"X22104.39",2975,0.615816188579997,5666,-0.571730309710949,5358,-0.738651831686098
"X10630.5",2976,0.615775995230481,6202,-0.773042213494402,3910,-0.223335223335223
"X19808.26",2977,0.614581028931003,3979,-0.0833085474963625,1975,0.509701805963881
"X3194.36",2978,0.612714579779298,6365,-0.826834896754278,5267,-0.712859712859713
"X4562.1",2979,0.612682201410909,1485,0.618084987408844,5001,-0.627034384802036
"X6020.52",2980,0.612618190730493,4749,-0.191958002728169,2473,0.32173825076594
"X20432.6",2981,0.612066213248454,3312,0.0849177120383912,4818,-0.557020757020757
"X2775.54",2982,0.612010764364289,2631,0.181216217812194,3978,-0.246717037212391
"X15544.25",2983,0.611589116826102,2404,0.256062622473252,6043,-0.881952307574429
"X5486.73",2984,0.611090627534843,1646,0.55627456046647,6088,-0.892201401381782
"X9269.7",2985,0.610920103074882,1878,0.459520425798273,6656,-0.97152456950861
"X18255.6",2986,0.610915443085784,1059,0.766475799800407,1493,0.686399804635829
"X23296.29",2987,0.610905256232888,1096,0.750394317204571,5762,-0.834881931703853
"X9525.1",2988,0.610771083745053,1780,0.502737026925416,6048,-0.882714222774588
"X21698.11",2989,0.610254473348756,5608,-0.543618073540216,4001,-0.253726828562598
"X4271.75",2990,0.610222998599374,4283,-0.139465349691851,2583,0.279260334558873
"X22365.52",2991,0.609013137601742,3181,0.117127618098289,2920,0.152643796071624
"X11167.6",2992,0.608812929827046,3737,-0.0216619786509932,48,0.977221466006457
"X12692.56",2993,0.60878008013175,4823,-0.211486403655971,2004,0.499503002981982
"X16296.43",2994,0.608749354767348,4106,-0.111367902346089,1084,0.799427478326934
"X10743.13",2995,0.608374505321633,754,0.851194705855722,4460,-0.426877497167898
"X8620.56",2996,0.608167800330614,3789,-0.0342283735863925,4930,-0.60086971758072
"X3346.72",2997,0.608007176242859,4008,-0.0880710505026248,3661,-0.125894571182428
"X5070.76",2998,0.607483492296405,98,0.972415262241908,5989,-0.8707611740844
"X8236.8",2999,0.60640741340507,1527,0.604596551798801,4390,-0.403655403655404
"X5879.51",3000,0.605706748707629,6935,-0.97512919205196,4778,-0.547035658802702
"X20219.25",3001,0.605191357569501,6580,-0.894457963279331,922,0.836545310242374
"X11428.31",3002,0.60517906742374,4563,-0.154992692116355,3546,-0.0870388082785567
"X4540.11",3003,0.604752184050386,5898,-0.658750756819085,2058,0.478323395537828
"X6580.29",3004,0.604669026374653,1694,0.538211168914307,5577,-0.794949022161623
"X19166.15",3005,0.604386353022147,2838,0.153168613507437,5096,-0.65674243811772
"X13477.65",3006,0.604345779021845,2779,0.156967326776448,3601,-0.104873370759775
"X22580.29",3007,0.604084176334691,5493,-0.4902920265493,1210,0.765533658177323
"X17200.50",3008,0.603426452557446,3130,0.128874060040071,2564,0.285159285159285
"X8244.16",3009,0.602297028242755,1543,0.595739655219926,2308,0.387399472621701
"X18434.141",3010,0.602224621282462,5506,-0.497994228732723,4084,-0.287039776949228
"X9484.75",3011,0.602019426276462,5722,-0.594613746324065,6376,-0.955438267370396
"X9845.33",3012,0.601945139511826,4944,-0.253375743894931,2799,0.1999831999832
"X10880.38",3013,0.60185575706453,1337,0.667473940356871,1227,0.762377279332952
"X3897.61",3014,0.600754137368829,308,0.939228027260582,1718,0.607464835966937
"X24215.8",3015,0.60071774451245,3405,0.061513483913015,3572,-0.0946847895418648
"X4959.2",3016,0.600597249812956,435,0.920783488561201,416,0.952425339431908
"X13123.3",3017,0.600514957107391,360,0.931730098068328,5993,-0.871193439992635
"X16307.22",3018,0.600410490868422,346,0.933993806616816,4157,-0.312540687696041
"X6027.31",3019,0.599927762674587,6233,-0.783872426370844,2047,0.481840752146956
"X11459.81",3020,0.599766518644647,5104,-0.318523460427521,1322,0.740915740915741
"X3741.4",3021,0.599534173709142,2910,0.152209685927769,2992,0.127088463338692
"X17154.2",3022,0.599120025563503,3493,0.0394779972928051,2659,0.252677778003894
"X12644.63",3023,0.598630066303759,6182,-0.768662098114605,316,0.965533436901622
"X17816.58",3024,0.598347571181177,195,0.957316868702111,2325,0.38221507695856
"X19606.28",3025,0.59750910222549,6605,-0.902702952847761,2749,0.216757741347905
"X7128.9",3026,0.596969250055306,931,0.804491938189573,4617,-0.486417707285317
"X11440.58",3027,0.596864783816336,1944,0.435179650532762,2453,0.331755143911148
"X22990.20",3028,0.596537777567946,6368,-0.827794651134867,2710,0.233529329413412
"X9359.9",3029,0.596446918860458,928,0.805274787994246,4077,-0.285014433857424
"X16900.29",3030,0.596258902457161,50,0.981173040658057,5797,-0.838695889474134
"X10003.15",3031,0.595555883292776,6599,-0.899577389657759,506,0.931161263626312
"X22821.50",3032,0.595554273545363,6285,-0.801100124388269,2543,0.293215697325732
"X17814.8",3033,0.594959474074344,1089,0.753219276050228,6075,-0.888940221195576
"X20137.49",3034,0.594646412506452,3868,-0.0558214331164749,6608,-0.971170217817484
"X3859.50",3035,0.594019781417593,80,0.974875647841774,262,0.970288365656607
"X20427.18",3036,0.594012316822829,6779,-0.94633429614861,1172,0.775561841578651
"X18224.11",3037,0.593632795745737,3598,0.0115978319630702,2414,0.350697895812625
"X7850.1",3038,0.593535086476874,2160,0.343798325549827,4547,-0.456765501943466
"X25921.3",3039,0.593471551715798,78,0.975220712510023,1921,0.531738046859074
"X13431.74",3040,0.592838162070122,4068,-0.1025450545662,6364,-0.953956876120007
"X17804.102",3041,0.592802890642283,5489,-0.487669151475653,2019,0.493572165999224
"X9838.4",3042,0.592381542073405,5554,-0.51754470535153,2400,0.356112252996601
"X5080.131",3043,0.591321928078067,959,0.797376874693898,5969,-0.867445240114945
"X18864.7",3044,0.591058409840508,4784,-0.202093613195329,5719,-0.827735014883835
"X9337.43",3045,0.590482578267379,3239,0.103335456889466,4194,-0.328743432430477
"X6907.17",3046,0.59015436423076,42,0.982700737116872,5004,-0.627736285503029
"X5262.57",3047,0.590085453944573,2718,0.166730306233596,1423,0.71213827348085
"X21282.21",3048,0.589546002015584,5822,-0.632731437378916,2033,0.488037336263796
"X15416.54",3049,0.589454674449353,5726,-0.595834188384979,566,0.919219919219919
"X3611.70",3050,0.589435390703734,5871,-0.64894271233174,2892,0.168441168441168
"X14203.3",3051,0.588933571112996,1791,0.498594232635909,5210,-0.695409441518218
"X7099.33",3052,0.588296392352871,2748,0.161459983898684,1904,0.535674069652281
"X13066.42",3053,0.58771457410889,157,0.962401524058624,2707,0.234185234185234
"X21162.30",3054,0.586468926341979,3,0.996159613666968,3055,0.0991486074275839
"X7910.41",3055,0.58615588177073,2651,0.177516842258147,2362,0.370126918876385
"X16887.29",3056,0.585921647668569,1166,0.728862106243377,5289,-0.719108398076212
"X15542.19",3057,0.585607010299142,1488,0.61651723692122,3557,-0.089726644440499
"X7242.14",3058,0.585545559570337,2334,0.278979893286709,768,0.867787181156418
"X23656.9",3059,0.585407001265289,5710,-0.589440056059351,3726,-0.151536118629466
"X19488.1",3060,0.585259838157858,2955,0.149107821170881,1813,0.57361267286106
"X19377.14",3061,0.585244450999189,76,0.975369154175135,5151,-0.672315269640239
"X21384.2",3062,0.583825641581529,2097,0.370029299208209,5949,-0.864913864913865
"X17772.7",3063,0.583758211352225,5087,-0.312222097960348,3534,-0.0821118804784544
"X21478.20",3064,0.583215902008076,4709,-0.18124421836695,618,0.903956066914387
"X5094.62",3065,0.583091764631824,1128,0.741111955234874,2460,0.327229327229327
"X17454.15",3066,0.582817147211366,5083,-0.310949484977382,4774,-0.545113202212095
"X20534.6",3067,0.581738087252651,6945,-0.97712443485409,6277,-0.938200732542923
"X9594.30",3068,0.580719021697067,2037,0.39521741489599,4862,-0.57801625310342
"X10588.39",3069,0.580589014752122,1614,0.566040655553211,463,0.942394703460252
"X25103.45",3070,0.580492151898734,965,0.794744839596387,213,0.971467371028637
"X25233.2",3071,0.580408278642185,1448,0.631555042866273,481,0.938437460956251
"X15412.40",3072,0.580255991021932,6766,-0.943594881495318,2123,0.457461097016647
"X21161.16",3073,0.580063893741246,5908,-0.664215984206092,1609,0.643030141819149
"X13512.28",3074,0.579904382665978,4787,-0.202947063156312,1347,0.733838353948433
"X11967.23",3075,0.579313979658699,5350,-0.421394150484279,381,0.957586159278767
"X5255.22",3076,0.579006095004676,3891,-0.0615609615910778,2674,0.246059458286481
"X2516.57",3077,0.578951896369491,5762,-0.609175351792827,6032,-0.880231722042084
"X10362.35",3078,0.578842673465212,662,0.8736565256123,1670,0.624561617723872
"X8407.84",3079,0.578720583360955,5269,-0.387371111306953,6146,-0.90629545770773
"X15470.11",3080,0.578715448485115,3364,0.070553645248225,5695,-0.82276128262005
"X9945.8",3081,0.577538289153138,6461,-0.860857124126043,1481,0.691826587164303
"X21796.43",3082,0.576871022366027,3029,0.141735748952461,4853,-0.574794551232693
"X13098.93",3083,0.57605401066994,3135,0.127616087370666,2860,0.180555838200479
"X11716.28",3084,0.576002316548846,6862,-0.962819465706816,3544,-0.0867938424309378
"X18905.5",3085,0.575922252650397,2375,0.265434477325661,6835,-0.972171259855464
"X8095.213",3086,0.575522945702136,2132,0.358718748674361,5141,-0.670566109697316
"X19111.10",3087,0.575049775090333,1146,0.735336611329163,1335,0.73750652909773
"X12482.5",3088,0.574849934282733,1065,0.764127247983779,3740,-0.156879321931023
"X14204.55",3089,0.574818398736227,905,0.809992017757756,4407,-0.410765910339829
"X21834.8",3090,0.574600922312877,3031,0.141643873607547,1798,0.581082769459404
"X12033.3",3091,0.574585279017569,6717,-0.931736717890373,4125,-0.299099774450428
"X19143.38",3092,0.574375549430575,1793,0.497949222931027,1671,0.624365624365624
"X7146.16",3093,0.573598008163818,378,0.929047916178674,1120,0.788041271752369
"X24934.96",3094,0.57343396891544,5321,-0.411244129329927,6876,-0.973910742994363
"X21945.4",3095,0.572798176976778,110,0.970047318064548,1344,0.733983021312133
"X12527.50",3096,0.572769953051643,2986,0.146627404357172,2412,0.351140570646992
"X9171.11",3097,0.572567165646585,904,0.810261117045687,1174,0.774923885239326
"X9599.6",3098,0.572536440282182,185,0.95833542221828,2734,0.22341244007812
"X7756.37",3099,0.572130910189667,5385,-0.440344740481318,662,0.893078817232748
"X21539.139",3100,0.571700039988499,1192,0.713404444199491,1146,0.779989146655813
"X8842.16",3101,0.571559373694172,5283,-0.394359625003374,2810,0.195570548355066
"X15312.14",3102,0.571325860924711,1320,0.671920625893049,6553,-0.970250178498929
"X16585.16",3103,0.57112819586698,6090,-0.736246289638319,2043,0.484333557188113
"X21728.4",3104,0.571049881970512,6793,-0.948743588027573,1325,0.74056866216265
"X21338.44",3105,0.570732610646572,4704,-0.179651715538164,441,0.947012290150125
"X8825.4",3106,0.570598934934584,2730,0.164264796547472,2430,0.342789351160986
"X9830.109",3107,0.57040720567321,6904,-0.969091267177659,526,0.927363008587825
"X10074.128",3108,0.570095399364844,2816,0.153867654527059,1741,0.601230987749305
"X12662.82",3109,0.569119779760588,3871,-0.0565830975105735,3952,-0.23958588538349
"X12794.6",3110,0.569094508635043,5224,-0.365995781095141,3382,-0.0275328296278761
"X22548.18",3111,0.568462728198078,6502,-0.871091434164066,1461,0.698052908800379
"X5963.9",3112,0.567521945834298,4653,-0.169349567321294,6011,-0.876774080504627
"X9573.108",3113,0.567359323164859,4548,-0.153168613507437,2739,0.220415555872118
"X22967.15",3114,0.566899790377509,6791,-0.94830106166774,5997,-0.872417872417872
"X7975.97",3115,0.566501978713468,567,0.895352648770386,3914,-0.223938503218849
"X2708.54",3116,0.566175868863191,4161,-0.123250639198794,1413,0.7149446807356
"X23000.22",3117,0.565690829093233,860,0.821015563949586,2604,0.273454196339916
"X8851.42",3118,0.565466688595855,1035,0.775016931508281,4095,-0.289512064415909
"X16852.10",3119,0.563305362684679,69,0.977135343570201,691,0.885346429879662
"X14227.21",3120,0.563250318419555,4602,-0.158855368331274,6511,-0.968619630029101
"X16324.38",3121,0.563091463264754,6531,-0.877312395636094,2781,0.204776653317814
"X15614.168",3122,0.563017722390188,1182,0.719137531577122,6913,-0.975461541240652
"X6931.10",3123,0.562845660349532,461,0.916925367033153,2005,0.499385163704274
"X18947.3",3124,0.562784209620726,1344,0.664435094809667,1206,0.76687511918618
"X4407.10",3125,0.561639516956874,5357,-0.423784711803644,2812,0.195202958993037
"X7969.163",3126,0.560748296467811,2752,0.161125658922051,4206,-0.33350430385407
"X3866.7",3127,0.559957173447537,1888,0.456010321667866,2830,0.189632131979351
"X7786.83",3128,0.559391278346946,6257,-0.793163042558259,370,0.95888816555207
"X16597.11",3129,0.558705128810412,4741,-0.190751012727495,4995,-0.624811768032458
"X18276.34",3130,0.558695862491535,4010,-0.088208836827529,5095,-0.656294728559121
"X4886.3",3131,0.557712518094029,657,0.874551211103355,6022,-0.878624081855425
"X3298.52",3132,0.557671364812378,944,0.801256416090456,4013,-0.257304057919552
"X10953.14",3133,0.557640783619694,6958,-0.980418594855059,2063,0.476356186871256
"X3613.62",3134,0.557412364152343,3785,-0.032829558557551,1580,0.655126156516936
"X10576.7",3135,0.55553302362166,1512,0.608397703126386,6666,-0.972013440913246
"X23294.19",3136,0.554728019074306,2674,0.174340265860421,3492,-0.0674209894381245
"X21624.64",3137,0.554058206130325,6770,-0.944357945251588,4980,-0.618863496068974
"X12768.3",3138,0.55403147978504,4243,-0.135629328395186,2818,0.194191062666711
"X17196.5",3139,0.55395873660356,5616,-0.549078512508243,1926,0.530247413145268
"X20947.50",3140,0.553816980986043,3449,0.0522111752583002,6467,-0.964530192736383
"X25258.41",3141,0.553138986635779,4898,-0.238102174263927,5743,-0.83158094669579
"X11158.40",3142,0.553001253594868,3566,0.0198450503507625,2212,0.421106968363878
"X11283.13",3143,0.552542372881356,5527,-0.506287865056747,619,0.903454262097808
"X12355.223",3144,0.551981171496694,3487,0.040691808984835,1089,0.799096486555799
"X10430.31",3145,0.551824748595439,6024,-0.708738820124418,1725,0.604159600591515
"X19123.6",3146,0.551637959136264,5046,-0.295892124510495,2977,0.131312547418621
"X6462.12",3147,0.551114716220534,911,0.808591294555916,13,0.991894048635708
"X16781.2",3148,0.550143256524684,3127,0.129327833945308,4350,-0.38822897391512
"X13502.2",3149,0.550022976639368,2450,0.241564709890047,723,0.877560772586438
"X13055.53",3150,0.549903372215263,5709,-0.589092549815086,2955,0.138545303900101
"X18419.20",3151,0.549049971732665,4570,-0.155666757101659,4948,-0.606596621891209
"X6409.57",3152,0.548790662088958,698,0.86470864815807,3774,-0.171246972518165
"X11319.106",3153,0.548251112258191,5183,-0.351128765257375,3798,-0.184563621810091
"X5765.53",3154,0.547901571853932,6195,-0.771580847035937,596,0.90891145525957
"X21810.50",3155,0.547163434358332,2846,0.153168613507437,1547,0.667462337167019
"X22128.8",3156,0.547024470881548,398,0.926092036913489,2764,0.211326139419884
"X25080.16",3157,0.546684118673648,2257,0.304349923130257,943,0.833560579851713
"X24937.7",3158,0.544666208733622,6775,-0.945936582859775,2007,0.498859100563545
"X7898.29",3159,0.543673032962171,57,0.979082870243609,1100,0.795137861421817
"X3182.38",3160,0.543348325711246,244,0.95002341270878,4469,-0.430476603942531
"X9348.1",3161,0.542607502344876,5853,-0.643668364769445,6195,-0.921327257304058
"X21109.1",3162,0.542112184450508,4124,-0.115827063464824,4990,-0.623641617712898
"X9969.8",3163,0.541233439028587,5582,-0.530231473852177,2315,0.385860282794344
"X4337.49",3164,0.541203724104068,1403,0.643294293680512,5881,-0.852817852817853
"X18898.36",3165,0.541128803051033,3786,-0.0332281564386566,1606,0.643653621352223
"X24437.6",3166,0.540844461787024,3875,-0.0578053000494062,4509,-0.44355328188676
"X19809.47",3167,0.540161035871613,2741,0.162529611454772,4808,-0.553249117675588
"X14064.21",3168,0.539328466435612,757,0.850436900618172,3937,-0.231145568246829
"X19821.10",3169,0.539203374093134,2904,0.152209685927769,2601,0.274716747877664
"X6525.17",3170,0.538492298960295,5151,-0.336505923467932,515,0.929698109265643
"X4435.66",3171,0.537001280461779,5389,-0.442387714208104,4872,-0.581418696622506
"X2796.62",3172,0.536267244244613,4717,-0.185725123966249,5922,-0.859609825072274
"X18189.12",3173,0.536188288855918,1803,0.493353143251152,1032,0.812029820169994
"X5360.9",3174,0.535394929417874,1767,0.507193430348029,5905,-0.857130857214857
"X6627.25",3175,0.535292445784008,5894,-0.65689404807726,4807,-0.553184504267892
"X21925.15",3176,0.535222259487629,632,0.880561500818939,5951,-0.865837865837866
"X12753.6",3177,0.533761030405821,4798,-0.204443009719822,5240,-0.704391969646157
"X24265.6",3178,0.53348126465543,352,0.933129972349591,679,0.888343098380383
"X11302.237",3179,0.533459921834673,1530,0.60404382416345,2440,0.336901442845805
"X9887.40",3180,0.533227997507192,6877,-0.964482528566305,286,0.968383605242219
"X12509.115",3181,0.533139229378658,6558,-0.887019669073342,6910,-0.975430770278554
"X3644.5",3182,0.531397636246321,2909,0.152209685927769,2226,0.417095736915823
"X19323.1",3183,0.531207656666204,5394,-0.446110118180601,100,0.972848145556333
"X24982.33",3184,0.530928217382751,1928,0.441149694629949,3854,-0.204894957840683
"X21979.12",3185,0.529915264319801,740,0.85544779580462,6176,-0.914148300399547
"X23183.6",3186,0.52982818376226,3343,0.0764435405429304,302,0.967303635265946
"X11830.48",3187,0.528771231226802,1519,0.606662321785977,6472,-0.965266681133403
"X5627.53",3188,0.528672910060713,6940,-0.976375596908868,3149,0.068019068019068
"X14104.1",3189,0.52824968073991,6116,-0.74396797389036,5147,-0.671475671475671
"X4984.83",3190,0.526360185575706,1559,0.588625925054664,1180,0.774174245263788
"X13724.27",3191,0.525864375304911,4561,-0.154853861609123,3445,-0.0479572310666588
"X9287.6",3192,0.525618534093548,3752,-0.0254353055110485,3941,-0.233894248157135
"X13932.45",3193,0.525293353038585,5009,-0.281355448518948,724,0.87747989452434
"X21746.13",3194,0.525243959393358,3834,-0.0448698238527316,6346,-0.950779082466744
"X3310.62",3195,0.524801514145958,4484,-0.153137762283608,5822,-0.842864939864407
"X25121.7",3196,0.524746208490033,1300,0.680990632797165,1994,0.501712993101997
"X8754.5",3197,0.5245643135243,3649,-0.000116560891007528,1072,0.801674195945368
"X2762.30",3198,0.524366177234314,3191,0.114974798406534,3824,-0.193032293701051
"X17384.110",3199,0.524276550608409,2445,0.242016281733376,2608,0.270810729057755
"X23007.8",3200,0.524174794967398,5268,-0.385610309543178,2573,0.282674318430032
"X12847.27",3201,0.523143456064259,960,0.796501471217736,1354,0.732207558212174
"X10716.35",3202,0.522908831698744,659,0.873926473820808,5149,-0.672065389648392
"X24651.1",3203,0.522724479512327,2056,0.388496416571365,4806,-0.553109361951168
"X24055.44",3204,0.522613868200477,5732,-0.599466963760228,787,0.863842026360596
"X11494.4",3205,0.522431945366594,6069,-0.727491643001603,3247,0.0262657793385504
"X13681.173",3206,0.52242951601406,2254,0.30500714519107,4946,-0.606360103371407
"X13043.157",3207,0.521243763927363,6666,-0.920066160068787,46,0.978188130871215
"X7192.37",3208,0.520727330826144,103,0.971296792629643,1987,0.506016904312906
"X6603.18",3209,0.52036477152619,3252,0.0996108889394506,3309,0.000223854779299538
"X21120.3",3210,0.520334046161788,1047,0.771540653625245,3822,-0.192318389330946
"X12635.9",3211,0.518816213160288,4483,-0.153064490627013,5978,-0.868819868819869
"X13470.43",3212,0.518650362746487,6642,-0.913631594797976,2136,0.450763777922445
"X18483.36",3213,0.517974338175651,3032,0.141446376823244,1169,0.775712979950419
"X19483.16",3214,0.517710100041787,5035,-0.291050090190662,1801,0.579557186351292
"X10000.28",3215,0.517548074597457,5370,-0.430666067833498,5599,-0.801536204865853
"X17347.80",3216,0.516757613745299,5936,-0.674362334102364,5043,-0.638857653889908
"X22534.14",3217,0.516081655728437,2929,0.150831633302354,1607,0.643565918999428
"X5736.1",3218,0.515860013931529,6435,-0.853373712393507,6066,-0.886891429066894
"X9759.13",3219,0.51515855125464,1687,0.540999022452965,4688,-0.517601517601518
"X15462.28",3220,0.514846686013207,4033,-0.0947363955743919,5731,-0.829634451875086
"X3115.64",3221,0.514197522704139,1395,0.64633399798832,2071,0.474541831883372
"X8924.55",3222,0.51360519135757,1750,0.513784712447312,3830,-0.196833099892815
"X3181.50",3223,0.512996829142394,3959,-0.079959215328108,5523,-0.781951878005929
"X19124.9",3224,0.512726445935649,1965,0.426516396901892,5644,-0.813360647953438
"X3822.54",3225,0.512142664011995,5703,-0.587357514177229,5306,-0.723453038299258
"X13742.66",3226,0.511970640971067,4887,-0.233570216354984,415,0.952502408118412
"X20443.37",3227,0.511749379347639,4652,-0.169038231768409,2408,0.352951882288706
"X14007.22",3228,0.51077845783251,1090,0.753097695255679,3239,0.0305188682445037
"X13432.9",3229,0.510402437412264,6231,-0.783461584065692,4385,-0.402465460431239
"X13983.27",3230,0.510144343654985,3103,0.132212205131091,5592,-0.79837603247935
"X5723.4",3231,0.509549443256397,6946,-0.977584133314175,408,0.953736992768861
"X5340.24",3232,0.509408106580144,2165,0.3417042987324,4186,-0.326576989085384
"X24409.2",3233,0.509017544080525,4388,-0.149485748662792,4594,-0.47696669990571
"X21182.8",3234,0.508417441652951,2023,0.398678440656439,4716,-0.527163527163527
"X7923.41",3235,0.508037755327778,2792,0.155779398324007,6086,-0.891657296166972
"X5078.82",3236,0.507570729788855,1081,0.756555184407312,3219,0.0407890541796401
"X8295.16",3237,0.507462686567164,191,0.957679833711903,4654,-0.502541542548644
"X8624.16",3238,0.507392522675319,771,0.846828847732332,4187,-0.326576989085384
"X9855.10",3239,0.507232750780424,4964,-0.264367993397838,4270,-0.356559020996495
"X8758.2",3240,0.507127009107092,2164,0.34204797316715,4133,-0.302072031195544
"X18202.22",3241,0.506664215757411,5073,-0.307168417861797,1901,0.536729142500526
"X13493.5",3242,0.506178891153479,4630,-0.163851238302948,5115,-0.662209921515158
"X9880.33",3243,0.505789780148876,6680,-0.923255010088506,1999,0.500193329127577
"X5359.65",3244,0.505712979116207,5981,-0.691596579547624,1630,0.637883242335153
"X6406.3",3245,0.503396543132164,6139,-0.752637299405409,1938,0.525864373712923
"X8092.29",3246,0.503127842096207,2882,0.15307220343297,6289,-0.940199772477692
"X24901.4",3247,0.502262239149153,4959,-0.260725189111731,6917,-0.976299379303867
"X13561.5",3248,0.499983875649005,2667,0.175014221517106,6709,-0.9720528956488
"X25124.21",3249,0.498869306589976,6932,-0.974426858097801,5436,-0.759720660472273
"X20435.41",3250,0.497284365469255,1612,0.566643888044096,3105,0.0833481288591663
"X4498.62",3251,0.497234717203746,933,0.803982892996386,2538,0.297192795565288
"X13990.1",3252,0.497153970376287,4358,-0.147268476549454,5668,-0.817705803413385
"X4440.15",3253,0.496567678579859,6383,-0.83612972309049,4525,-0.449281449281449
"X10572.65",3254,0.496325246417423,2604,0.191277587742809,3137,0.0721955902757228
"X6951.26",3255,0.49622687753154,3059,0.137931713231792,4299,-0.370328723705063
"X7140.1",3256,0.495955339358545,572,0.894428495818262,5313,-0.725030491936577
"X9897.9",3257,0.495184840012426,1736,0.518445740956826,5213,-0.696829487168932
"X21497.32",3258,0.495071651549787,1823,0.481375501814438,1776,0.589233263463508
"X25263.4",3259,0.49491210676235,6253,-0.792122720977178,271,0.970229708149979
"X8871.14",3260,0.494709617499379,883,0.8145648627699,6628,-0.971170217817484
"X22045.8",3261,0.49459106431865,3112,0.131225727462586,2044,0.484051482932289
"X7778.104",3262,0.494512449917656,3743,-0.023763155154661,4226,-0.341337837562832
"X12826.5",3263,0.494061045705593,5180,-0.350209480822729,5172,-0.681572290909634
"X12365.108",3264,0.493841399937208,5532,-0.50799147094111,3218,0.0417690417690418
"X8994.65",3265,0.493682850334943,1237,0.700616564441836,5938,-0.862759784122807
"X5594.87",3266,0.492730952388446,1162,0.730322852922557,1849,0.55545034292741
"X6151.18",3267,0.492466140648428,219,0.954702690612358,6222,-0.927732076042427
"X24914.10",3268,0.492281248286782,6068,-0.726095122035872,3932,-0.228934989486463
"X11185.145",3269,0.491556669862105,5145,-0.334252422657829,3125,0.0763209127848213
"X12508.9",3270,0.491334974222099,1170,0.727726380495856,4197,-0.32953252714157
"X21604.2",3271,0.491108355313269,2049,0.391108677292342,3365,-0.0205230382776693
"X11425.31",3272,0.490562296397715,257,0.948526965767972,2032,0.488443050377122
"X19199.3",3273,0.489874541254084,5484,-0.485617545090992,3014,0.118545651878985
"X12643.4",3274,0.489774598726741,1216,0.705636904233945,4737,-0.533395145752369
"X5092.51",3275,0.489670132487771,799,0.836062153320447,5420,-0.75665634267753
"X19557.3",3276,0.488536044952873,5279,-0.393324002971488,5518,-0.780540389192216
"X6431.68",3277,0.488164650034829,872,0.819096136269856,3100,0.0854918361576348
"X23023.21",3278,0.488041688174422,6554,-0.885743569131833,6268,-0.937385334674794
"X10895.28",3279,0.487872829122395,6693,-0.925150531559958,1724,0.604453885950461
"X12461.8",3280,0.487376654347627,6750,-0.940496200324429,4351,-0.389547662714024
"X6267.51",3281,0.487112507102721,1808,0.491556072971561,4986,-0.621211605257781
"X13113.7",3282,0.486831108816951,182,0.958601114494531,4568,-0.466808703714663
"X4556.10",3283,0.486305293440012,2269,0.29942346264908,2068,0.47559643731727
"X21832.31",3284,0.485863089662408,1223,0.704450054268955,5716,-0.827446673218105
"X3329.14",3285,0.485423134519157,6618,-0.905754365384327,5423,-0.757617506345956
"X23558.33",3286,0.48513416009783,6217,-0.778201593260396,4099,-0.291053291053291
"X25278.41",3287,0.48439782408968,4912,-0.243564039474575,2510,0.306412052106554
"X25125.7",3288,0.48414976297204,5614,-0.54837668345032,815,0.857607859383323
"X25051.104",3289,0.484002958626442,1138,0.738011407240011,3517,-0.0751541545411994
"X11481.25",3290,0.482075410980018,2149,0.348854294497412,3493,-0.0679350679350679
"X12675.14",3291,0.481011223930957,3245,0.101554516040708,6897,-0.974933091344289
"X13708.56",3292,0.480779944289694,6092,-0.737191364847647,3973,-0.244483336385898
"X14249.68",3293,0.480735196519431,6823,-0.95580807551567,765,0.86805079169525
"X24685.12",3294,0.480489393604208,767,0.848559055027014,5329,-0.72995863828556
"X8008.28",3295,0.479439119966007,3379,0.0684781476925213,4908,-0.595102352159818
"X7190.50",3296,0.478959270456948,541,0.901461191088624,2962,0.136243777659414
"X10917.40",3297,0.478727790629967,1799,0.494887143158023,5015,-0.631163980456754
"X12030.82",3298,0.477628069757989,6792,-0.948636568726886,767,0.867813484313455
"X2677.1",3299,0.477521323402896,21,0.988889703018407,5882,-0.85299165532343
"X14103.12",3300,0.477435292382568,5488,-0.487311922777126,1831,0.566471365725671
"X9760.13",3301,0.477042007718212,5458,-0.473404316857494,6441,-0.962360182280878
"X5249.31",3302,0.47680849494875,2911,0.152209685927769,1857,0.55287263353784
"X7257.18",3303,0.476673303345378,1893,0.452074963634252,4781,-0.547388425295746
"X3327.27",3304,0.476573270299704,1575,0.581810630411804,5323,-0.728604025698184
"X21758.65",3305,0.476543443022835,4119,-0.113933319423503,4580,-0.469898315662373
"X3607.71",3306,0.476347614482708,310,0.938837809865453,6866,-0.973456530869383
"X2875.15",3307,0.476107540030074,1964,0.428320715439261,4693,-0.519086672206366
"X6491.59",3308,0.475633373652449,3659,-0.00257463083179472,3602,-0.105061384992734
"X8409.3",3309,0.475487304279429,589,0.890181212375968,1150,0.77956857956858
"X2711.6",3310,0.47506943932355,66,0.977413047753838,6349,-0.951365462639653
"X19174.141",3311,0.474903168664983,4993,-0.274452643824319,2578,0.281134718194551
"X2765.4",3312,0.474282869994838,1177,0.723360932323984,5610,-0.804567543219375
"X8786.6",3313,0.474053975319181,822,0.829836834521386,4583,-0.471160042600243
"X12466.7",3314,0.472875648305189,5558,-0.518054929502611,6979,-0.992076897508428
"X6395.58",3315,0.472003122304966,6360,-0.824979873354684,738,0.87387636201035
"X8828.21",3316,0.471816156006824,1695,0.537618093502119,1949,0.518796893597154
"X20402.11",3317,0.470976820785095,4657,-0.169565756555184,4316,-0.375207959335319
"X17817.22",3318,0.470737339077939,6057,-0.723340854308577,4161,-0.314522112867323
"X19120.33",3319,0.47056786921571,6730,-0.935653469430473,3133,0.0745570745570746
"X12916.3",3320,0.470537395836021,5992,-0.696867443860414,1847,0.558896056499181
"X7920.30",3321,0.470091930290293,3981,-0.0840398163111452,423,0.951141885804844
"X24321.67",3322,0.470012621295052,2473,0.233242722421575,2482,0.319326902211438
"X24454.27",3323,0.468911012001247,1235,0.700680272108844,4386,-0.402782582741475
"X23658.1",3324,0.468709288892166,606,0.886865616997321,2869,0.176838492168474
"X9832.33",3325,0.468223828134602,5133,-0.327311020631278,2709,0.233751873935842
"X13979.3",3326,0.468024701461063,5847,-0.64046500824748,726,0.877110509642714
"X24647.3",3327,0.467707127442153,4822,-0.211445702000728,5025,-0.634988196906587
"X18187.16",3328,0.466402278771855,5935,-0.674010543405744,3971,-0.244279056324289
"X12537.88",3329,0.465771006939965,2766,0.159041306768168,3045,0.105394900181119
"X8664.36",3330,0.465261209767275,2114,0.364348378943888,2009,0.498727584778363
"X23373.77",3331,0.464907449082045,5238,-0.370149157747079,2186,0.429051429051429
"X16309.30",3332,0.464795382010236,6794,-0.949131117198192,2586,0.277925883717617
"X10814.7",3333,0.464659685863874,5446,-0.468669419763244,1062,0.803975722186055
"X18892.48",3334,0.464620807956817,1313,0.674096615580847,3974,-0.244550532696804
"X14093.10",3335,0.464567509770666,5746,-0.603511640552391,5914,-0.85806816463146
"X2640.3",3336,0.464029565800676,5234,-0.368787413015061,5692,-0.822313573061451
"X3235.50",3337,0.463344640267434,6866,-0.963333320478657,4368,-0.395921695501503
"X22027.13",3338,0.463314836788715,1672,0.546425843837838,3317,-0.00297883253437494
"X9474.22",3339,0.463312909387744,608,0.886682717235336,5935,-0.862311762311762
"X24945.16",3340,0.462960820926351,1645,0.557342818959194,4513,-0.443763124737505
"X9864.38",3341,0.462686567164179,2643,0.179391230601655,769,0.867600073261564
"X9026.40",3342,0.461943563650665,1571,0.583168809900144,924,0.836182336182336
"X8264.43",3343,0.461673077044134,500,0.908410429256216,2986,0.128010889507013
"X17820.170",3344,0.461444940001096,6563,-0.888272722700065,5224,-0.700380738198102
"X25433.25",3345,0.461296266257398,4104,-0.110972358738838,5588,-0.797296226165838
"X24027.32",3346,0.46003859105769,3360,0.0718717823137647,6438,-0.961860422297186
"X20379.59",3347,0.459835803652631,1032,0.775400858997626,2994,0.125643605373735
"X23672.10",3348,0.45977445185092,387,0.92753931920401,3590,-0.100024330420259
"X11421.10",3349,0.457660447852912,6664,-0.919856233296955,6575,-0.970856102003643
"X12976.49",3350,0.457536109178923,5252,-0.377234640969431,2514,0.30476132332092
"X11465.4",3351,0.45702109444343,1664,0.55055551484908,3413,-0.0392966889843098
"X21119.1",3352,0.456310472168113,447,0.918933909974799,1363,0.73041101094175
"X7926.13",3353,0.45579108088279,2011,0.403094602000274,1474,0.694565476577573
"X3035.80",3354,0.455758005740269,5591,-0.533911487426585,4680,-0.512865535106545
"X8066.38",3355,0.45568173438537,881,0.815402413517037,420,0.951701635496584
"X25301.48",3356,0.454984036892515,1529,0.604096584277006,1672,0.623489828174498
"X12934.1",3357,0.453980624083295,4138,-0.118700083683945,3233,0.0335985673294125
"X9987.30",3358,0.453628105780671,2349,0.275581044370661,1498,0.683586172430346
"X10339.48",3359,0.453438782783964,743,0.854292929789994,2824,0.191703984270712
"X12422.143",3360,0.453277535640487,2584,0.197226947089177,5431,-0.758807758807759
"X12651.21",3361,0.453098949011413,619,0.883995724687176,6105,-0.896486229819563
"X24903.7",3362,0.453082368556891,3183,0.116734542834816,549,0.922616111998843
"X2834.54",3363,0.452559683993516,6537,-0.878845002150347,3680,-0.133614169329182
"X21342.25",3364,0.452019270948553,210,0.955990059491195,3907,-0.222794315887764
"X24711.21",3365,0.450329541663257,3972,-0.0821799474757914,4936,-0.60354566556851
"X17319.1",3366,0.449687454754905,5814,-0.628012449045887,4640,-0.498425098472444
"X20536.11",3367,0.447859056608411,271,0.946500121476694,6169,-0.9118975755065
"X12831.21",3368,0.447026423052106,491,0.910184374626411,3399,-0.0323463073655416
"X13513.174",3369,0.446799804856554,56,0.979454131022727,3687,-0.138199800565742
"X12456.5",3370,0.446668537097414,6001,-0.700384323188989,945,0.833461561223886
"X10462.14",3371,0.44552692936544,1051,0.769373703334816,1764,0.592603552241358
"X8013.9",3372,0.444621752199298,1074,0.76122309676872,6199,-0.921895032458943
"X15472.16",3373,0.444546862325787,1447,0.631665659514244,3795,-0.182682001407219
"X21172.11",3374,0.444208883317356,1078,0.759001808652997,3347,-0.0132107606215436
"X2620.4",3375,0.444190448098714,1633,0.560969464582025,3108,0.0829667330821382
"X7997.118",3376,0.444184303025834,321,0.93770089738265,2303,0.389161784143142
"X12618.50",3377,0.443675758701222,4718,-0.186316061111038,1710,0.610713275860935
"X9445.44",3378,0.443209930944182,820,0.83005603353528,3556,-0.0896630896630897
"X20229.67",3379,0.442739562186236,29,0.98703360571068,2539,0.294972970672115
"X13439.6",3380,0.442278769155725,3703,-0.0129924416746886,2099,0.465189713352554
"X19748.3",3381,0.442001296763756,1710,0.531103670864199,3402,-0.0341086188869819
"X8389.8",3382,0.441731620717789,5977,-0.689987600307882,1298,0.747194825739705
"X2977.7",3383,0.441415864582612,5963,-0.686465866457757,3425,-0.0422625975682731
"X20918.28",3384,0.441413156633673,2082,0.378493129383328,6115,-0.898054038919222
"X13511.29",3385,0.44118822725885,1782,0.50225792394402,2567,0.283871283871284
"X21183.1",3386,0.4410830439003,2170,0.337283207980584,6661,-0.971803015656954
"X8756.41",3387,0.439825478984309,2820,0.153639094670837,238,0.971170217817484
"X20086.5",3388,0.438991716441757,141,0.965691272631359,3967,-0.24312664075378
"X4993.16",3389,0.438942555858713,307,0.939618095674887,5941,-0.863258647238785
"X21740.26",3390,0.438715188162132,2761,0.159499481332906,4151,-0.30967380652387
"X6975.52",3391,0.438589423191927,3970,-0.0819871273268571,1195,0.769773436440103
"X11406.82",3392,0.437450033678088,4088,-0.107213697886836,413,0.953088319425539
"X6350.43",3393,0.437242299678327,6882,-0.965499621382354,5490,-0.775075775075775
"X2480.58",3394,0.436380060467517,386,0.927588321269219,2390,0.360141093474427
"X5733.61",3395,0.436147078847005,674,0.871468758848082,4168,-0.317194231851218
"X2580.83",3396,0.436051661004402,5993,-0.696977251752809,5411,-0.753844152841205
"X11257.1",3397,0.435740972887939,4625,-0.16251604217024,716,0.879025912359246
"X14631.22",3398,0.43553818548288,6848,-0.960457802027754,895,0.841508060395215
"X18233.10",3399,0.435397873559239,361,0.931405787460836,4454,-0.425084791751458
"X19787.14",3400,0.435258421803051,1013,0.782981227819124,4035,-0.268561809131141
"X21649.12",3401,0.435056248939537,4746,-0.191333055654172,3733,-0.153954920901582
"X19492.5",3402,0.43487739122583,5034,-0.290646848755117,6880,-0.974236057682823
"X19556.12",3403,0.434807925341894,5874,-0.650239944570639,5081,-0.653561118673269
"X4964.67",3404,0.433304911661478,4684,-0.17577778031488,6413,-0.959574404584253
"X24654.13",3405,0.433011599820698,6075,-0.729678977546734,1357,0.731668343492928
"X9506.10",3406,0.43237961802227,700,0.86448938456875,5830,-0.845745135559896
"X7944.1",3407,0.432355037730748,3793,-0.0350863034487917,2925,0.150450762123771
"X18925.24",3408,0.431314423194498,2487,0.229780161698416,1025,0.816144349477683
"X4254.6",3409,0.430849494875009,3792,-0.0350004220308123,2703,0.235016589900461
"X9579.59",3410,0.430092601772719,480,0.912748670108542,5979,-0.868872274701168
"X13094.75",3411,0.429914954959492,989,0.78909717749866,4765,-0.542127793888461
"X14329.4",3412,0.428859197708638,6617,-0.905657836826483,1027,0.815584362726144
"X14101.2",3413,0.428631123565126,105,0.971196526152197,5946,-0.864065284435764
"X19195.85",3414,0.428510616341168,2810,0.154462268390735,5181,-0.686190184976952
"X13717.15",3415,0.426515671327043,6369,-0.82864532688757,4623,-0.488512179735037
"X3221.54",3416,0.424950224909667,1145,0.736098631362583,1314,0.743018155754144
"X4712.28",3417,0.424802961701689,2690,0.171350883151491,2814,0.19466308943731
"X5462.62",3418,0.424498851938804,4982,-0.269993843628155,4637,-0.497346669033951
"X24319.19",3419,0.424341862694492,787,0.840089128068452,2101,0.464224664224664
"X10047.12",3420,0.423485085894989,6205,-0.775024835165756,3549,-0.0887426201963837
"X8635.283",3421,0.423262987268464,2965,0.148406108787641,2128,0.45302102199882
"X2917.3",3422,0.423168153774304,4234,-0.134506745611514,4087,-0.287736810610694
"X5660.51",3423,0.422543988661413,6569,-0.891376529351649,3628,-0.114525461785276
"X11537.12",3424,0.422363081153251,5254,-0.378116425278623,3464,-0.0574770574770575
"X19259.176",3425,0.422320133716786,1255,0.693545339306663,5219,-0.699210247709981
"X10014.31",3426,0.420898521412094,5538,-0.510686366970554,2095,0.46642790524156
"X12812.25",3427,0.420366000540766,875,0.818282435241353,3559,-0.0900506725818596
"X25409.5",3428,0.420003441240813,4588,-0.157490575601427,4071,-0.281926039393633
"X18397.5",3429,0.419898435218621,4000,-0.0872586651525959,2255,0.405381241955498
"X12655.30",3430,0.419665462232382,2283,0.295208588401564,635,0.898969573823098
"X24468.36",3431,0.419278322640907,5924,-0.671237997242732,4064,-0.278123006713881
"X12486.8",3432,0.419257571274794,656,0.876389184757051,4275,-0.358640057523505
"X22812.4",3433,0.418628074305822,6773,-0.945397247816579,2642,0.257860355318586
"X24981.8",3434,0.418444382096753,1949,0.432110178398812,2395,0.358610667245336
"X9524.46",3435,0.418424157510508,4794,-0.203980843764086,4939,-0.604031919361613
"X8048.9",3436,0.418287141876196,4626,-0.16263606880238,5191,-0.688247875599746
"X17743.14",3437,0.418153774303763,6646,-0.91423745415701,103,0.972394836690274
"X22141.59",3438,0.418152735733076,6053,-0.721966534211894,4171,-0.318674489854905
"X7859.21",3439,0.417938696752944,1467,0.626367526582867,2839,0.187337660202666
"X16315.105",3440,0.4177845483674,92,0.973214338438645,63,0.975349007583877
"X11186.12",3441,0.416783423051397,6747,-0.940244156887137,3738,-0.156569459424625
"X2747.3",3442,0.416077830270335,2427,0.246967903158008,4877,-0.581937622063088
"X15620.4",3443,0.415904677629477,612,0.885406985488356,2621,0.267194044965247
"X19511.8",3444,0.415490391468256,1837,0.473963661064364,4305,-0.372016985714092
"X5740.17",3445,0.41528544540058,2376,0.264344854979966,2478,0.320457937964004
"X11433.11",3446,0.415027351643302,1518,0.606762539515072,3800,-0.184829429441652
"X13698.28",3447,0.414773984219453,5157,-0.341273717519875,2292,0.393855525482136
"X14057.68",3448,0.414252306297743,4819,-0.209635183774691,2118,0.459361459361459
"X25481.66",3449,0.414196415644259,6364,-0.826735312061824,2001,0.500108500522775
"X19267.14",3450,0.413274586436595,876,0.818228701228658,3379,-0.0271777370078844
"X18411.83",3451,0.412420421306197,5641,-0.56378777013069,443,0.946869946869947
"X17468.1",3452,0.41237087443424,3278,0.0936376180287501,2719,0.230146048279445
"X9839.148",3453,0.411459956250098,3149,0.124446124122186,2826,0.191033253766283
"X14091.42",3454,0.411326598333456,5257,-0.379655160445646,6713,-0.9720528956488
"X18203.9",3455,0.41085276702148,3284,0.0926593206952614,2535,0.298560559731182
"X14250.115",3456,0.410029987955657,6309,-0.807921926331557,3058,0.0981699578491908
"X20411.52",3457,0.409361213590981,6985,-0.9846582583963,1162,0.777329777329777
"X19277.4",3458,0.407873067374579,4914,-0.243728524655912,2687,0.240733068986605
"X10933.107",3459,0.407019942725936,1762,0.509021049772259,1737,0.602301602301602
"X9259.35",3460,0.405673131283337,973,0.793119738284718,4300,-0.3706443615895
"X5463.22",3461,0.405421183295234,972,0.793250523506704,3886,-0.215495189810157
"X11248.43",3462,0.404735076200608,4878,-0.23016968204572,3142,0.0698766085322588
"X15437.11",3463,0.402661816446246,6083,-0.732890104084316,612,0.906184497039012
"X25066.32",3464,0.401592802890642,5442,-0.466514970484201,2322,0.38427725431938
"X7795.14",3465,0.401267114027972,2732,0.163518852719285,5757,-0.833566773852032
"X8000.17",3466,0.40012465786835,3136,0.127545866464353,4202,-0.331084413406719
"X11405.150",3467,0.400114568448353,3168,0.120783254664058,562,0.920281105428102
"X6918.183",3468,0.400105695253546,1176,0.724592693781703,1533,0.672551998053566
"X19584.33",3469,0.400019664233218,4230,-0.134133408404645,2450,0.333221333221333
"X22579.93",3470,0.399073323009611,473,0.914403279485093,4357,-0.391226581970501
"X13610.9",3471,0.398617252615785,2187,0.329382053673412,2365,0.36955060898782
"X4474.19",3472,0.398083187762617,1904,0.448962434778585,5765,-0.835514221561964
"X23679.43",3473,0.396810341323288,6158,-0.760949478775888,2252,0.406324064974854
"X8231.122",3474,0.396596858638743,644,0.878272639977787,503,0.932229915895655
"X7976.19",3475,0.39637856219864,127,0.967506047835475,3405,-0.0349552629615309
"X18930.28",3476,0.396369490942163,1535,0.60081601487029,2385,0.361898561874889
"X5698.60",3477,0.394997549082841,4386,-0.149427006853872,5251,-0.706621867562649
"X10425.3",3478,0.39249468164388,5477,-0.481421778650182,1777,0.588649884341697
"X23411.108",3479,0.392176821288352,6246,-0.789041951432158,2568,0.283271264508164
"X21503.12",3480,0.391767438639783,3531,0.0287784820556518,6871,-0.973601349032249
"X21858.25",3481,0.391093411768594,5860,-0.645790726192984,4747,-0.535696671993056
"X21923.24",3482,0.390697510367172,1186,0.71741622602678,1575,0.655868064791611
"X19564.61",3483,0.388491691095137,31,0.98563886549851,2536,0.298506956456854
"X7835.2",3484,0.388487759431438,3520,0.0318572973146782,3227,0.0363575388135961
"X22568.7",3485,0.388199478857615,686,0.867690817528494,4829,-0.565909038359268
"X4160.49",3486,0.387078140746749,4691,-0.177115440654384,6296,-0.941564350613896
"X18376.19",3487,0.386868964140444,5314,-0.406616344390145,3972,-0.244297546989487
"X7258.5",3488,0.385279710018737,2231,0.315091736166745,5961,-0.866642993825334
"X21734.36",3489,0.384440093920948,634,0.879838339587134,4960,-0.611754410956674
"X15545.13",3490,0.38392571835902,2499,0.224333943604512,84,0.973775752434686
"X15413.3",3491,0.382916973184324,6969,-0.98117242226865,3190,0.0507923295104205
"X22953.85",3492,0.382897758055778,2031,0.396646681127641,538,0.924865031925457
"X6605.17",3493,0.381922106045059,5118,-0.321855392601105,1992,0.503777790929356
"X8900.28",3494,0.379169431949463,649,0.877393380098647,4626,-0.48948202508006
"X13119.26",3495,0.379057124444371,6654,-0.916059912418382,3078,0.093216734690832
"X14085.28",3496,0.378147389102488,3975,-0.0826882823722553,2107,0.46229875402492
"X16755.195",3497,0.377263828474666,4793,-0.203817787062537,3168,0.0591886791212115
"X18197.97",3498,0.376511956852221,6824,-0.956445784758724,3485,-0.0650805862973703
"X6315.58",3499,0.376213651893911,3727,-0.019373223953665,4909,-0.595114097718046
"X2797.56",3500,0.37594552937789,6016,-0.705443173617338,3523,-0.0776931626394435
"X3069.52",3501,0.375860634458917,3439,0.0547797982024825,5091,-0.655196832186832
"X13498.1",3502,0.375267927117529,6980,-0.982970124446124,4302,-0.370867370867371
"X4543.65",3503,0.374889144729416,2421,0.250190440384778,1514,0.678377678377678
"X13484.69",3504,0.37347294938918,5115,-0.320990327419031,3720,-0.147473050538989
"X20563.48",3505,0.373177985890913,3283,0.0929735747890344,627,0.901734535365663
"X15497.9",3506,0.371984325574808,2424,0.249038372649188,705,0.881004517567221
"X21379.30",3507,0.371856795221591,5057,-0.29904476898218,1783,0.586225036660025
"X4459.68",3508,0.371826069857189,927,0.805332634038927,3025,0.11251833001256
"X3212.30",3509,0.371770763449851,692,0.866155821818757,3431,-0.0447927279558937
"X2612.5",3510,0.371283728219963,4255,-0.137149115533977,1449,0.700484337055176
"X9035.2",3511,0.37098342854445,3686,-0.00978100752215146,456,0.944460883917592
"X13552.7",3512,0.370978049799671,3511,0.0335031501522322,5996,-0.871846530590095
"X15447.45",3513,0.370775262394612,894,0.812594240847792,6290,-0.940343372449275
"X13725.3",3514,0.370773714724564,5000,-0.277972100237583,1053,0.806303551583779
"X21662.121",3515,0.370412703094659,4191,-0.128981778742719,3404,-0.034608378870674
"X3487.32",3516,0.36745020010255,5170,-0.345626260561724,6510,-0.968525301858635
"X18324.61",3517,0.367307177816597,3155,0.123709551153257,432,0.948616782729347
"X10363.13",3518,0.366713074465887,3933,-0.0721598494390641,1349,0.733033733033733
"X24667.27",3519,0.365456462552917,6415,-0.845234463115585,3767,-0.168223474904523
"X15560.52",3520,0.364052552663275,609,0.88662560882962,4353,-0.389990333589789
"X17822.57",3521,0.363415019558901,3667,-0.00482436012633576,4162,-0.31496367447445
"X23255.7",3522,0.36154771504488,6070,-0.727604688972715,869,0.848945508319936
"X15346.31",3523,0.361438274674707,3207,0.110593924622747,2269,0.401968565362204
"X9503.1",3524,0.361426433786538,977,0.792248298813892,1134,0.784259784259784
"X9070.1",3525,0.361262015523395,2392,0.260368903508941,202,0.971889266502507
"X10022.207",3526,0.361125354333756,5994,-0.697038147566088,3259,0.0205335883921122
"X19613.16",3527,0.360409430840823,6924,-0.973223404371645,3016,0.117814719751686
"X3481.87",3528,0.358521987070767,2886,0.152998931776375,68,0.975209274493171
"X14634.13",3529,0.358309674738916,6548,-0.884053388042837,3152,0.0674084156950938
"X12428.2",3530,0.358020106133189,6701,-0.925766789792481,1825,0.568457254081921
"X13481.24",3531,0.357952071824541,1537,0.599540186457607,3458,-0.0542962919124368
"X14337.1",3532,0.35755753600566,5352,-0.422375006560396,4418,-0.413938364825319
"X17793.4",3533,0.356473001212559,1397,0.645931514309888,3170,0.057040869414417
"X5023.23",3534,0.355855899435323,3441,0.0542613141230465,6337,-0.949306304162175
"X11814.29",3535,0.355011110621502,1214,0.70662142026207,3637,-0.118015689833172
"X7173.141",3536,0.354601430572967,286,0.942358344677585,6288,-0.940199772477692
"X6506.54",3537,0.353950052847627,5,0.994720815380103,1462,0.69775042249446
"X23595.6",3538,0.352641152324067,814,0.83252027503866,4375,-0.399998684842148
"X8479.4",3539,0.352555121303739,6504,-0.87131275698662,4491,-0.436676710527267
"X6527.1",3540,0.351573258000123,819,0.83024724771816,3154,0.066281365107145
"X22992.6",3541,0.351473588476759,590,0.890125247769338,3049,0.102735776742167
"X25277.51",3542,0.351242465731867,6918,-0.971651447839018,2324,0.382283508578117
"X23678.132",3543,0.35117773019272,1980,0.417062269338897,375,0.958335799254305
"X24446.65",3544,0.348960253668608,1434,0.635498016455182,4323,-0.376707239286395
"X8107.12",3545,0.348804270507438,2129,0.36005338235902,2208,0.422290610430517
"X13399.33",3546,0.348743370630911,2276,0.297745161178362,497,0.933915355759512
"X9021.1",3547,0.348645835054613,6962,-0.980607558957784,1836,0.563038803732418
"X22151.48",3548,0.348422328187212,1119,0.744166355790471,5334,-0.73098082310724
"X12869.68",3549,0.348359378688447,1845,0.47165736630815,5582,-0.795848595848596
"X20139.57",3550,0.347823415185704,114,0.969099305859797,5559,-0.790119185711282
"X22773.69",3551,0.34712916229125,6993,-0.986263054100255,1821,0.57038157038157
"X17366.6",3552,0.346459209006219,1219,0.704688474961272,1860,0.552057235669711
"X11549.6",3553,0.345346950814837,671,0.871995787722094,5500,-0.77722089612835
"X9859.180",3554,0.344091402672206,1110,0.746117566301208,4158,-0.313461298192315
"X13642.90",3555,0.344047338023071,6825,-0.957305923040432,6521,-0.968931670024488
"X4342.10",3556,0.34364476562692,4723,-0.186757883451789,6585,-0.971119133574007
"X23319.6",3557,0.343583314898115,1777,0.503169250433084,5573,-0.794440827760352
"X9226.6",3558,0.343562654592714,5319,-0.410066122457534,3542,-0.0849087961361308
"X13408.23",3559,0.342858196298208,6899,-0.968292654709246,3414,-0.0394450394450394
"X14756.29",3560,0.342811459362823,6105,-0.741476468198105,5681,-0.81977989181123
"X8336.267",3561,0.342412476458296,270,0.946548855067422,3071,0.095134431370353
"X5036.50",3562,0.34220714227261,6837,-0.958805825605817,4821,-0.55914881702366
"X24944.12",3563,0.341856549418676,3114,0.130728204574465,722,0.877640734155595
"X12604.16",3564,0.341406310466706,6483,-0.866815266728112,2969,0.133623133623134
"X25951.17",3565,0.340817398079301,6170,-0.765019187960067,1557,0.663718170286308
"X3289.19",3566,0.340306061426314,641,0.878708666562999,2615,0.268338232296331
"X7968.15",3567,0.337315913218367,4780,-0.201138410159308,5395,-0.750505365694827
"X16616.137",3568,0.335981175342096,2227,0.317230453658787,760,0.868442221461169
"X12533.135",3569,0.335103114322936,2010,0.404093186121577,5958,-0.866202676760482
"X4717.55",3570,0.334970020301213,1438,0.634179467596784,1878,0.546454663220953
"X7825.7",3571,0.33408663137287,4164,-0.123704319002272,2210,0.422034093761235
"X20561.15",3572,0.331316844709393,2721,0.165674928367315,965,0.830449849743215
"X17783.9",3573,0.331041221148883,2764,0.159361996691206,4590,-0.473680640347307
"X13739.3",3574,0.330869159108227,6433,-0.852631620386865,249,0.971013920945861
"X10760.107",3575,0.330654081557407,326,0.936409642680692,3954,-0.240119931080329
"X23666.35",3576,0.330215225013692,1726,0.522998247478955,4258,-0.350732871712927
"X18817.50",3577,0.329717922408204,2962,0.148641560472113,5738,-0.830907830907831
"X14134.49",3578,0.329080942899983,1061,0.76589709723581,5485,-0.773240483188995
"X12488.9",3579,0.328931857291907,5396,-0.447284332206578,5619,-0.806467870642587
"X19114.8",3580,0.328849744699836,6653,-0.915776158945505,2796,0.200568148191987
"X19743.12",3581,0.327810546592218,5617,-0.550077320879723,1022,0.816981759227226
"X17811.78",3582,0.327422105304903,6357,-0.824464504344197,886,0.844193249294747
"X18840.205",3583,0.327102229432441,6390,-0.8383372733661,1527,0.673592597868631
"X12957.62",3584,0.326906489085712,2892,0.152655711911272,1674,0.622865334411763
"X22857.5",3585,0.324405052294967,6955,-0.979738501670036,751,0.87020587020587
"X4130.71",3586,0.323310719465133,5427,-0.458561515133854,2466,0.326047358834244
"X14260.112",3587,0.32306491654991,3654,-0.00168886334379195,3400,-0.0326750968284968
"X12760.34",3588,0.322944535022064,13,0.993432545727298,783,0.86527522965944
"X11591.43",3589,0.32254933261096,5686,-0.580572358320977,3748,-0.159955200693667
"X22563.4",3590,0.320823130236628,6132,-0.750029755919376,3832,-0.197202816783099
"X11560.76",3591,0.319771998350734,4675,-0.173462702524548,1205,0.767072392863953
"X15674.3",3592,0.318810667870618,3128,0.129197501044343,3446,-0.0480732406985903
"X2714.78",3593,0.318689624658949,47,0.981579936736393,5064,-0.647208906248973
"X12684.5",3594,0.317567916204432,1055,0.767829115071208,5538,-0.786497274335352
"X4336.2",3595,0.317461209593717,2772,0.158244180655546,4287,-0.365645592001531
"X11391.69",3596,0.317192467595989,3934,-0.0722156391107682,4826,-0.56368199701533
"X5004.69",3597,0.317179538689117,4144,-0.120331707317073,4331,-0.379139589466687
"X6969.14",3598,0.317073493155665,5638,-0.56147336885596,4420,-0.415030939088464
"X6434.18",3599,0.31699191962589,6625,-0.90871477105863,5937,-0.862618610798761
"X19206.20",3600,0.316595138521102,1499,0.613111216717829,3186,0.051715043390923
"X13102.1",3601,0.31646448825652,6592,-0.897041131314515,5410,-0.753659044139749
"X4383.97",3602,0.315905906644053,6954,-0.979528929166158,3329,-0.0082590882486831
"X3773.15",3603,0.31575569752105,2799,0.155329757452376,5457,-0.766796209715071
"X20245.13",3604,0.315573125515401,5305,-0.401398331607727,4207,-0.333550404634472
"X5764.4",3605,0.314446057356383,3938,-0.0752862775676555,4467,-0.42984942984943
"X20247.17",3606,0.31394291145894,1774,0.504051902140215,1333,0.738007404338706
"X5491.12",3607,0.313724405771452,2166,0.341627170672827,472,0.940794204235575
"X14038.130",3608,0.313306936427101,3277,0.0938047453516891,5571,-0.793607293546243
"X7249.307",3609,0.312974706880024,143,0.965313345169811,1484,0.690797595951648
"X23024.25",3610,0.312764192030882,245,0.949983313768825,4040,-0.269702947403409
"X9249.17",3611,0.312679602788663,192,0.957610418458287,3608,-0.106310784951964
"X7851.30",3612,0.311807143032716,246,0.94985519206815,5277,-0.715294628237754
"X4535.50",3613,0.30982817780759,4876,-0.229691071992908,6500,-0.967604647907042
"X5954.62",3614,0.308944557673951,2314,0.28471463022508,1490,0.689047865712806
"X22034.61",3615,0.308777622102598,5070,-0.305852178893891,1113,0.789847846584858
"X2890.59",3616,0.308046358429811,3381,0.0682416299728561,1884,0.543035252806218
"X14111.15",3617,0.30723858564621,6593,-0.897720480199299,1866,0.550133295345856
"X23611.16",3618,0.307169340979623,4715,-0.185535403707546,392,0.956095956095956
"X2864.2",3619,0.307032421404518,990,0.788763530106874,4238,-0.344855990866656
"X3403.1",3620,0.306982673150465,3562,0.0204312229810766,3249,0.0260861559908728
"X18832.65",3621,0.30673131283337,5834,-0.63601648708551,1013,0.820427766132807
"X10809.14",3622,0.305471885180114,2106,0.366137151370508,6542,-0.97024997024997
"X5060.62",3623,0.305261732153453,3012,0.143390697273537,5673,-0.818876460647189
"X16836.1",3624,0.305078288228498,1404,0.642934752655324,3393,-0.0307681179433562
"X10798.4",3625,0.304959806618531,5680,-0.578799844104922,1339,0.73659754302421
"X4559.64",3626,0.304760555844074,6143,-0.755321933946016,3529,-0.079784051080731
"X9550.153",3627,0.304721874001426,177,0.959211726829504,6187,-0.918236636352278
"X6229.13",3628,0.304576085006468,997,0.787576791271433,3384,-0.0277564064626857
"X20531.5",3629,0.30397177575398,2024,0.398578529862056,1864,0.550636865189744
"X25898.4",3630,0.303677758318739,5237,-0.369847070474645,1004,0.822349296357946
"X14291.53",3631,0.303492859425313,1088,0.753433162751775,2939,0.145660307878453
"X24237.115",3632,0.303019688813509,1203,0.708594765318597,1919,0.531974775272402
"X16751.15",3633,0.301366664208638,4501,-0.153168613507437,3443,-0.0477599573888856
"X7069.9",3634,0.301317503625593,6818,-0.955341483722514,2625,0.265525685640055
"X23267.5",3635,0.299080697097068,5512,-0.501090248456068,5667,-0.817649817649818
"X20987.21",3636,0.298982375930979,4638,-0.16522516209545,5152,-0.672602210057185
"X13056.18",3637,0.298949656388972,2018,0.400491163478659,1995,0.501660386787924
"X7038.45",3638,0.298864770803657,1261,0.692372663590557,2139,0.449778024417314
"X2692.74",3639,0.298839239405959,1198,0.710471446497669,4217,-0.338401063645297
"X14624.51",3640,0.296198657916083,3236,0.10407788470434,2793,0.201003934337268
"X12373.73",3641,0.295688616866996,6835,-0.958486948682468,5508,-0.778451603275063
"X3196.6",3642,0.294667014953771,2265,0.300443056288054,1317,0.74195354827871
"X9284.25",3643,0.294004866897721,6619,-0.90622073417284,5944,-0.863611388103136
"X8296.117",3644,0.292749155078558,2303,0.287729479702359,2692,0.239179756932904
"X9313.27",3645,0.292342818812724,486,0.911804063877459,2193,0.427166289055611
"X4916.2",3646,0.292081459086105,3141,0.127107884724024,5454,-0.765980811846942
"X10890.135",3647,0.291835656170882,3066,0.136912096434491,2637,0.262296750035613
"X11312.40",3648,0.291761915296315,2941,0.15026159666479,3653,-0.123578890245557
"X21981.2",3649,0.291200455824223,2072,0.383166563838318,1135,0.783552778851829
"X7208.60",3650,0.291147731303815,331,0.935231292859179,3434,-0.0454018193288427
"X2993.1",3651,0.289660300371162,2428,0.246859889789668,782,0.865459351758695
"X2597.8",3652,0.289248580488165,1303,0.679764296649943,2289,0.393935807145253
"X17751.68",3653,0.28886758596957,4941,-0.252766547120862,5639,-0.812436828859629
"X12479.50",3654,0.288098862258456,994,0.787901692575267,2550,0.291004429611239
"X12811.55",3655,0.28767544183074,2027,0.397961505385467,2611,0.269365281230129
"X24420.57",3656,0.284922449180247,6811,-0.954356454546368,3138,0.0716590716590716
"X8069.85",3657,0.283575794582549,6847,-0.960252736166433,1497,0.685059149224386
"X13124.20",3658,0.282409114372096,1592,0.57581396844409,2878,0.173116943175906
"X10801.11",3659,0.282040409999263,34,0.984570531682279,4579,-0.46984671835237
"X18921.30",3660,0.281444671402295,1745,0.514422429575979,1561,0.661872916296778
"X21899.36",3661,0.280173087408447,4745,-0.191135664406012,6899,-0.975012909739724
"X3495.15",3662,0.280078057378468,1401,0.644096425500079,3754,-0.162546934695837
"X19242.21",3663,0.279306007933181,734,0.856688167640673,4849,-0.574091574091574
"X10695.12",3664,0.27868687345577,5005,-0.280111898455367,1334,0.737629342736574
"X10818.36",3665,0.277972704522587,3070,0.136148368022613,2871,0.176474456346623
"X21439.37",3666,0.277904026892111,3951,-0.0784535650243193,6080,-0.890710382513661
"X16763.11",3667,0.276468773802854,6482,-0.866356640869144,3096,0.086991116108711
"X11104.13",3668,0.276288621783054,5210,-0.361325677087953,3577,-0.0967232842121876
"X10780.10",3669,0.275670132349527,3796,-0.0357752350733122,5118,-0.662623795957129
"X23370.39",3670,0.275549708228155,1398,0.645796176875567,1911,0.534120469391294
"X4301.58",3671,0.274474033828399,6788,-0.948097859784699,1844,0.55993755993756
"X5259.2",3672,0.274021089890126,3509,0.0343912845133713,1720,0.606596831784735
"X5939.42",3673,0.273621660152889,160,0.961393549780378,2546,0.292129437835776
"X23649.6",3674,0.273474178403756,1077,0.760791129710078,2036,0.487272559889001
"X2615.60",3675,0.273388147383428,72,0.976456659815124,4506,-0.442438828720417
"X22525.9",3676,0.272200300079977,6392,-0.838435692169603,750,0.870312284231915
"X9895.77",3677,0.271704063679312,5165,-0.344146236162516,4272,-0.357580848383032
"X23593.14",3678,0.271508337687354,6950,-0.978887239830405,592,0.910987199576711
"X13073.14",3679,0.271059164761694,6610,-0.903978134828525,1346,0.733870584803652
"X11146.4",3680,0.269909415386165,4554,-0.1540980066253,4352,-0.389661544126834
"X20946.41",3681,0.268453653860335,3797,-0.0362240929909143,1543,0.67002689497807
"X5646.20",3682,0.268158690362068,5579,-0.527420953379944,5694,-0.822703569995989
"X2514.65",3683,0.267568763365534,203,0.956785148220848,3760,-0.166426650358709
"X17210.2",3684,0.267421498850337,3777,-0.0309842077187899,4973,-0.614983346561116
"X17152.10",3685,0.266839777788269,6353,-0.823050864806027,3302,0.00362325988176731
"X8242.9",3686,0.266778247535385,4592,-0.157936211517388,2916,0.156093156093156
"X22374.56",3687,0.263387826787614,4256,-0.137461542852531,4970,-0.614565614565615
"X6545.58",3688,0.262904653049185,1225,0.704098199445449,1598,0.649141473180224
"X7741.111",3689,0.261245483371433,1957,0.430506619635694,1915,0.532592899462758
"X17752.24",3690,0.260901313760174,6996,-0.988214832497137,495,0.934064592279045
"X19587.12",3691,0.260693800836061,4770,-0.198220500825604,4271,-0.357095857424855
"X21819.9",3692,0.260183881607212,2585,0.197188519642748,3548,-0.0879380297620222
"X13013.41",3693,0.259968009493957,4038,-0.0953341380360882,6087,-0.892192637017233
"X20056.7",3694,0.259758375734336,3356,0.0742627521605498,4691,-0.518520710448272
"X21492.19",3695,0.25861857324961,5933,-0.673493427020016,5819,-0.842275842275842
"X20996.107",3696,0.258252389613405,6029,-0.709551153257311,1549,0.666999057096536
"X19125.26",3697,0.257085269031291,474,0.914274297839339,6424,-0.960860902329802
"X8795.48",3698,0.257060688739769,3584,0.0140958291297725,5497,-0.776738803074839
"X6549.60",3699,0.256658572216364,6441,-0.854363971048457,1359,0.731344793450536
"X5490.53",3700,0.256471529141634,1507,0.60929624502042,983,0.8274775929981
"X23366.15",3701,0.254215519996067,5535,-0.509365274633738,6456,-0.963622733818627
"X13421.17",3702,0.253800710007859,5414,-0.454531496969685,2329,0.381496028273537
"X20967.137",3703,0.253459676031758,1567,0.583585606361522,5926,-0.860816844541766
"X18841.1",3704,0.253166683711485,5932,-0.673322369597083,4543,-0.456089298771843
"X17837.5",3705,0.252150775508198,6002,-0.700761822925945,1690,0.617354823012632
"X6904.14",3706,0.250927906004965,146,0.964856599655238,4566,-0.466335246888008
"X22005.8",3707,0.250700538308384,5064,-0.302480209274347,6992,-0.995331189626035
"X19152.4",3708,0.249913968979672,765,0.849133659070838,4388,-0.403063002636892
"X6024.68",3709,0.248863161517096,5914,-0.666876197895175,1228,0.762130554820679
"X21674.132",3710,0.248764064510511,2458,0.237442587800655,944,0.833553622273513
"X8946.38",3711,0.248647487482856,456,0.917186481980501,1050,0.807102857762202
"X23607.1",3712,0.248334685249367,6155,-0.760641533128754,1486,0.690683690683691
"X17138.8",3713,0.247265442568149,3298,0.0890906216135961,1033,0.810959210379226
"X8991.115",3714,0.246770328998463,4246,-0.136037789489798,3547,-0.087283013492338
"X6631.17",3715,0.246644790207212,5657,-0.569243198270076,3689,-0.139163428090457
"X16297.14",3716,0.246640097857397,790,0.837108515166184,2682,0.241938006833244
"X11382.5",3717,0.245590356297074,1539,0.598463744554148,942,0.833806997158017
"X18172.71",3718,0.24498133541487,3600,0.0110485945339344,672,0.890026252060481
"X4708.3",3719,0.243873362338077,2925,0.151161692387152,1895,0.539365962399637
"X7179.69",3720,0.242453850502667,576,0.893459154907851,4669,-0.508959512865532
"X2752.62",3721,0.241851633360372,5300,-0.399265264452546,382,0.95742717985592
"X11280.6",3722,0.240837696335079,370,0.929801896578985,2220,0.419185032933786
"X8052.115",3723,0.239842194528427,687,0.867640536965551,3257,0.0214831035094987
"X25266.14",3724,0.239620971904727,4706,-0.180900007327166,4815,-0.556015860803693
"X18342.2",3725,0.239386111729213,2182,0.331596666525265,4604,-0.482990340193196
"X22523.4",3726,0.238428827765897,2185,0.330150515408258,3848,-0.203816588085985
"X3351.1",3727,0.238056868756177,1924,0.442898067735951,1487,0.689346563821323
"X19767.20",3728,0.237140204271123,3052,0.139005897219882,1544,0.669553438151414
"X21897.4",3729,0.236797874818233,5839,-0.637451843167804,6021,-0.87836105028506
"X20584.4",3730,0.236400953715311,801,0.835937048077776,3912,-0.223833290590703
"X2855.49",3731,0.23468670386017,4091,-0.107685867140573,6324,-0.946499797676166
"X4306.4",3732,0.234588157215545,732,0.8571785691087,519,0.92815292655501
"X21280.13",3733,0.23387312528524,5387,-0.441921409666133,1928,0.52944368695605
"X23270.14",3734,0.232984293193717,4866,-0.226509685356081,3432,-0.0448113527520384
"X17773.26",3735,0.232756504277432,677,0.870814358694036,3775,-0.171674130187476
"X6039.24",3736,0.232554138092078,6682,-0.923338565186708,4140,-0.303504805370255
"X25497.35",3737,0.232536542967524,6742,-0.93910459272424,212,0.971487377772517
"X21164.83",3738,0.232498832436153,1019,0.780305610068637,2887,0.170017031294181
"X17512.2",3739,0.23212071233877,5072,-0.306991264364196,6479,-0.966003169530423
"X22584.2",3740,0.23145344555166,1691,0.539333074819943,1520,0.676339652666811
"X17357.33",3741,0.230395890643787,1869,0.461756496612431,4152,-0.309907880991466
"X25244.9",3742,0.230372637219477,6248,-0.790713010346729,1222,0.763692437184773
"X13256.21",3743,0.229291104392498,166,0.960451388000386,2677,0.245012447682425
"X21572.91",3744,0.228728618972679,1686,0.541006488607213,1021,0.817427095437427
"X7123.25",3745,0.228522970282428,5511,-0.500545239098171,2305,0.38866202415945
"X20590.13",3746,0.228109601536087,3415,0.0599645494117694,3160,0.062266148494473
"X13663.2",3747,0.227507498811836,1769,0.50548780007716,554,0.921524530981831
"X7083.74",3748,0.227301197614214,5206,-0.359887238776903,1166,0.776231176231176
"X11152.46",3749,0.227021786890096,4940,-0.252611566859729,5222,-0.69952108969054
"X9329.28",3750,0.226677997576444,5623,-0.551962175685438,5564,-0.792217926948228
"X5509.7",3751,0.225192389405599,550,0.899637112479706,5760,-0.834474232769788
"X7752.31",3752,0.225019986528765,1056,0.767259671596783,418,0.952088799458155
"X20159.1",3753,0.224154277790319,6126,-0.748435264491398,431,0.949129694291557
"X13687.5",3754,0.223433654166955,1737,0.516795168817774,5114,-0.662057038396034
"X9885.41",3755,0.223225107398237,4836,-0.216313664972286,4075,-0.284405393297397
"X25220.8",3756,0.223118290750438,4146,-0.121557095848211,6539,-0.969955989918531
"X7875.86",3757,0.222993006288675,4621,-0.162219777061726,4544,-0.456655685098604
"X9264.11",3758,0.22082319396308,2534,0.213362124113985,4336,-0.382217750685526
"X8040.9",3759,0.220373780752713,2470,0.234401656044118,2206,0.422891586779955
"X10336.3",3760,0.220120675032007,5569,-0.521445574736265,342,0.962587576979105
"X18887.7",3761,0.218819900204016,658,0.874430158492705,2020,0.493528693528694
"X16907.3",3762,0.218457340904063,393,0.92699829161348,4203,-0.331229080770419
"X23629.4",3763,0.21826062279095,2749,0.161426557411363,1081,0.799738157743001
"X9060.27",3764,0.217899425822733,2016,0.40122379534013,2268,0.402493402493402
"X8273.84",3765,0.217851106487849,6351,-0.822687918505887,6101,-0.895839895839896
"X12462.20",3766,0.217730051997764,2490,0.228419034046254,2658,0.252883854889496
"X21450.333",3767,0.215409384755303,5220,-0.36465832136261,1350,0.732878288716603
"X2826.53",3768,0.214856328196052,2807,0.154668754266146,1745,0.600652318294503
"X17356.34",3769,0.21384897190475,2596,0.195018428678802,3646,-0.121290432884207
"X10076.1",3770,0.213602733328417,1281,0.688452208933807,3224,0.0390484999132898
"X12838.28",3771,0.207066358368081,3683,-0.0094777307773314,5312,-0.724934735291603
"X18237.29",3772,0.206757122139469,6995,-0.987674936080121,866,0.849335516495367
"X4468.21",3773,0.206216355725979,2086,0.376942049040121,4942,-0.605395605395605
"X21679.16",3774,0.206083559715254,3095,0.13377348054694,3651,-0.123348696684291
"X16612.28",3775,0.205726636394281,3815,-0.0409819944544925,2870,0.176816397388097
"X8700.325",3776,0.205276159575253,1549,0.592727244096348,3375,-0.0246850770263945
"X8004.15",3777,0.205196273627805,6397,-0.839731830027793,4124,-0.299061299061299
"X16769.20",3778,0.205153062188006,6709,-0.928594842446656,1684,0.619663946491924
"X5716.49",3779,0.204907455202419,6757,-0.942061401648227,3098,0.0859530859530859
"X21507.48",3780,0.20392554309851,1073,0.761248262911537,5125,-0.665147659347813
"X6359.50",3781,0.203832460462836,241,0.950596863924875,4805,-0.55258329881044
"X7108.7",3782,0.2038027792021,584,0.890991057001492,1978,0.50874908760924
"X17673.34",3783,0.202898016370474,5919,-0.667490103989308,2782,0.204750350160778
"X14283.12",3784,0.201527665118108,1514,0.607541242399608,594,0.910542962919124
"X17345.12",3785,0.200903957647444,355,0.932890318364519,2671,0.247427222452375
"X15573.110",3786,0.20075917334458,318,0.938135583415925,4096,-0.289551728446207
"X21996.28",3787,0.20045227736401,5867,-0.648087802583019,6760,-0.9720528956488
"X9282.12",3788,0.200044064649135,3347,0.0754389550690489,2675,0.245679245679246
"X2837.3",3789,0.199278568443822,1136,0.738354627105114,3558,-0.089726644440499
"X22797.20",3790,0.199253114775769,1430,0.636229536529781,4581,-0.470412236228653
"X10064.12",3791,0.199216538167055,2322,0.281023545526197,3315,-0.00258166569667667
"X2975.19",3792,0.19893444436251,1792,0.498315080033698,2676,0.245572849881307
"X25105.87",3793,0.197981958066023,2921,0.151218225551833,5153,-0.672604604367639
"X4330.4",3794,0.19762132039937,3926,-0.0708081108506246,323,0.964617377914352
"X24661.4",3795,0.197066342206819,2800,0.155221235025412,2752,0.215490750727528
"X10800.15",3796,0.196474828069181,3947,-0.0769701516936116,1731,0.603413423055529
"X23564.83",3797,0.196461001457272,1918,0.445252575113089,1253,0.756849458903247
"X21814.13",3798,0.196365803898434,3334,0.0779147657813651,963,0.830975912883944
"X20074.3",3799,0.19602535613791,923,0.806281309171683,2277,0.39748673334517
"X8885.6",3800,0.195947938942556,170,0.960286044410501,4662,-0.50639495505448
"X17195.43",3801,0.194918748445944,6828,-0.957795065681927,1426,0.710874593839245
"X22989.24",3802,0.194631218779125,324,0.937077517248173,3869,-0.210026591132435
"X5138.50",3803,0.194575768325325,1385,0.650519187358917,3158,0.0628110628110628
"X11315.148",3804,0.193439047599203,462,0.91680461702291,5077,-0.651829585525175
"X8051.10",3805,0.192767354415113,4408,-0.150759891581846,2424,0.344709448751586
"X9245.1",3806,0.192489898061524,5631,-0.558076580659294,3132,0.075062634392693
"X8975.26",3807,0.192374273717872,152,0.963403952105474,6228,-0.92881050548092
"X9802.27",3808,0.190054814050095,6725,-0.934267611228303,101,0.972826543469131
"X18253.8",3809,0.189978557419031,5032,-0.29021250256233,5288,-0.718997620047599
"X20385.21",3810,0.189649189483947,26,0.987543818378845,3064,0.0968547999973697
"X7796.10",3811,0.188552227386843,5160,-0.341727766063343,1059,0.804391630892742
"X7239.9",3812,0.187490123866865,4649,-0.168449842291127,3241,0.0291757395687065
"X21108.5",3813,0.187015159765462,18,0.989852676573474,3378,-0.0254703005782188
"X21651.9",3814,0.186644298601381,4754,-0.193232784053002,146,0.9720528956488
"X7218.87",3815,0.185415284025269,495,0.909177853448974,3183,0.0528364666969153
"X12748.6",3816,0.182111709282228,5521,-0.50469258069832,5404,-0.752283368980866
"X19197.95",3817,0.181465518898573,2409,0.254891583654992,2640,0.259386100447602
"X16853.5",3818,0.181038471343995,3518,0.0324901950954267,4065,-0.278975663333141
"X15610.72",3819,0.180495665913369,4349,-0.147012103544455,2159,0.439283214335713
"X23553.1",3820,0.18009726271252,2856,0.153168613507437,3551,-0.0888717918368152
"X14041.13",3821,0.17911043924981,2063,0.385032074688062,5953,-0.865999172415664
"X6430.36",3822,0.177829186535102,4329,-0.145608753557877,2111,0.460900827567494
"X23224.11",3823,0.177758523216085,10,0.993710206741764,5482,-0.772753874783821
"X22078.4",3824,0.176978098960254,570,0.894507060551066,3900,-0.221018852787806
"X21567.214",3825,0.176633974878942,1455,0.628862691990481,7,0.994055486509768
"X8045.3",3826,0.174962387556104,1489,0.616311042038649,3678,-0.132719154616533
"X3172.28",3827,0.174710588768515,6138,-0.752312125950072,2600,0.274874566819883
"X24724.4",3828,0.17422218025589,1042,0.772734854650871,5737,-0.830670818155301
"X5265.12",3829,0.173903703728184,5518,-0.504121354126279,4802,-0.551593551593552
"X24710.1",3830,0.173895377306398,3865,-0.0555167772811588,2091,0.467817467817468
"X15499.11",3831,0.172387729518472,2070,0.38360411709582,5570,-0.793175959842627
"X19562.8",3832,0.1722525379151,1092,0.751528099680304,255,0.970627539564636
"X9509.4",3833,0.171506449196447,1266,0.69165358703323,409,0.953627534144786
"X12781.2",3834,0.170525772435661,4213,-0.132047094393176,639,0.898548723310515
"X14662.6",3835,0.170421306196692,6886,-0.966568842577774,337,0.963138579675343
"X3480.7",3836,0.16997271587641,2443,0.242324809608825,700,0.882306523840524
"X13669.6",3837,0.168073888356316,159,0.961840892525905,6125,-0.900495156931211
"X14273.19",3838,0.167857985930787,1925,0.441650694730997,669,0.891788811952155
"X22506.25",3839,0.167797360076691,4664,-0.171035123495185,2544,0.292795267845635
"X3296.92",3840,0.167483961359782,5409,-0.450799455940854,3521,-0.0766539753933966
"X15553.22",3841,0.167378575081027,NA,NA,NA,NA
"X21327.12",3842,0.16736105990217,5369,-0.429912157830534,1637,0.636240489764784
"X15358.28",3843,0.166797811868536,1456,0.628431716600658,682,0.888119521545573
"X15521.4",3844,0.166777277978517,1985,0.415862928012526,3424,-0.0416576249564354
"X3795.6",3845,0.166771132905636,839,0.825933538751065,5116,-0.66245158575158
"X12705.9",3846,0.166586406055742,1200,0.71033771428234,5591,-0.798346846580261
"X12549.33",3847,0.166405583867066,5201,-0.358397272623486,4902,-0.592583000258993
"X2515.14",3848,0.165542118329523,581,0.892221249551693,4114,-0.295930244027539
"X8998.15",3849,0.164497455939827,4039,-0.0955666265774074,1996,0.500464668254
"X9365.91",3850,0.163785764041175,4865,-0.226495437093037,1163,0.776972805036054
"X8400.74",3851,0.163336788547658,6245,-0.788706639135647,4916,-0.596864663681258
"X13393.46",3852,0.162961187719686,1752,0.513221677612424,4880,-0.583305386228982
"X23561.4",3853,0.162823696346222,2243,0.307166353655292,3490,-0.0670270199180657
"X4487.1",3854,0.1627464866311,5549,-0.514752949605735,5023,-0.634871201994292
"X2823.7",3855,0.162650602409639,3985,-0.0843783769951952,2098,0.46520030059541
"X2617.56",3856,0.162432711451958,1262,0.692305319136629,5859,-0.849638002801286
"X5713.9",3857,0.162217633901138,1690,0.539711309673016,1571,0.658072110105015
"X7799.3",3858,0.161505369059314,2963,0.148445081323457,712,0.880083907070946
"X24701.21",3859,0.159258402458773,1025,0.778180907781275,1820,0.571179630835191
"X17466.72",3860,0.156706622937286,954,0.799001458666381,4346,-0.386294740026172
"X8330.1",3861,0.156699358454391,2123,0.361900281131777,2931,0.149161901273259
"X4133.54",3862,0.156158592040902,6782,-0.946995673517914,870,0.848742003975118
"X20221.26",3863,0.156002051252831,3214,0.10877836675964,3891,-0.216907026279016
"X8749.194",3864,0.154849691517341,3969,-0.0818685363578028,3604,-0.105745267075681
"X24697.48",3865,0.154769875073005,1231,0.701922785203025,3082,0.0922084209461461
"X23242.2",3866,0.154609453354015,1962,0.42952230736303,2978,0.130927911977587
"X22841.16",3867,0.15354859828086,5045,-0.29470329683308,334,0.963293944355671
"X23278.13",3868,0.152963154143008,3383,0.0680802231351113,6049,-0.882727374353107
"X3360.50",3869,0.152945879021304,6674,-0.9213989906611,5069,-0.64877394409264
"X3646.7",3870,0.152932659773697,2819,0.153639094670837,1988,0.505829437178197
"X8854.59",3871,0.152092762673348,2697,0.170152212225569,3583,-0.0975649852373531
"X4564.2",3872,0.150814883826334,1229,0.702798833934016,3276,0.017060447573889
"X12751.26",3873,0.150535715466016,4279,-0.139095298779599,3426,-0.0424191516169677
"X7076.17",3874,0.149571156539666,1314,0.673115857914689,1920,0.531853531853532
"X21107.5",3875,0.149417188616801,5563,-0.519758530633215,3563,-0.0912401638811212
"X4594.22",3876,0.14866794631188,1390,0.64782872774269,4134,-0.302088978488796
"X18400.52",3877,0.148182490649386,3901,-0.0651262056228196,1584,0.653220347082295
"X10713.151",3878,0.147053176589081,1026,0.778010004039397,3254,0.0233769308161212
"X22013.6",3879,0.146934837647175,2967,0.14834985952403,5357,-0.738640961905313
"X6929.10",3880,0.146672835732108,5868,-0.648169217020908,6658,-0.971550092594477
"X21688.50",3881,0.146000786569329,5688,-0.581179146980388,2355,0.371914561535349
"X22505.24",3882,0.144144909746156,6604,-0.902169238375061,491,0.935095935095935
"X19275.68",3883,0.143679083455298,5922,-0.670019909881589,1728,0.603795545560356
"X14603.51",3884,0.143567337708625,688,0.867363730129361,3965,-0.242666351028782
"X4970.55",3885,0.143474475152375,3503,0.0354444879872185,680,0.888276114695049
"X22065.32",3886,0.141480592856314,1015,0.782764963807658,4243,-0.34635761140167
"X21286.29",3887,0.139192045817663,4650,-0.168705244137203,1662,0.62656092797538
"X8864.59",3888,0.138763855565029,6834,-0.958472168072766,1494,0.686237001159975
"X9837.60",3889,0.138116658063565,4199,-0.13056076569163,871,0.848387190010983
"X4294.16",3890,0.137704938180567,2200,0.325842913281066,3079,0.093146054855234
"X16060.99",3891,0.13729936337045,1879,0.459459563686567,3948,-0.238812348643644
"X4355.13",3892,0.136119509377381,3927,-0.071032787240199,1802,0.578649727433535
"X23403.64",3893,0.135272603662413,2790,0.155812174496222,406,0.954373954373954
"X9906.21",3894,0.13512400757073,2876,0.153168613507437,467,0.941357111387294
"X8263.64",3895,0.134618981585991,1945,0.434956400460614,4063,-0.277518875027982
"X25964.12",3896,0.13436816360642,1218,0.704979794619641,28,0.985165019431457
"X12368.18",3897,0.134297360749207,1338,0.666998665443651,4399,-0.406982173035319
"X9893.27",3898,0.133955522303346,3756,-0.0260731405388938,6321,-0.94615275036122
"X14035.13",3899,0.133934501046535,4601,-0.158830941231033,5050,-0.641492419980115
"X2715.25",3900,0.133698350662439,2219,0.32154862117226,517,0.928705292852775
"X11145.72",3901,0.133513998476022,1049,0.771251080146369,3484,-0.0647649484129333
"X8037.53",3902,0.133502315441869,4713,-0.183356536024588,1902,0.536012309877493
"X6528.95",3903,0.133455244761848,320,0.937807789162736,2398,0.357729511484616
"X15389.1",3904,0.132917144490675,6894,-0.967885400317127,4248,-0.347375133125759
"X9957.9",3905,0.132661913192664,3148,0.124746923554524,6833,-0.9720528956488
"X21711.86",3906,0.131449253988152,666,0.87248417910678,2554,0.289670092652871
"X8021.59",3907,0.131157660207827,5036,-0.291399553326597,6950,-0.984555005073718
"X20460.22",3908,0.129795980032356,3597,0.0118121623237142,1026,0.816088326001328
"X24011.27",3909,0.129556771184147,2340,0.277741181492267,2140,0.449747056453418
"X2599.51",3910,0.128617912921774,2420,0.250203425257126,4232,-0.343386447967331
"X3148.49",3911,0.128118624486886,2907,0.152209685927769,1209,0.765915053954351
"X21319.196",3912,0.127706050095369,3836,-0.0453667246412581,622,0.902875592643007
"X24253.5",3913,0.127669798025728,5140,-0.332329383091215,2214,0.420704532041759
"X22564.5",3914,0.126953477711253,124,0.967850443785432,5241,-0.704449871116538
"X14106.46",3915,0.126293537841359,1669,0.548872713243602,833,0.855319484721154
"X12669.30",3916,0.125488533294005,4852,-0.221962986244211,60,0.975389541233372
"X10398.110",3917,0.124474596268712,5725,-0.595770849326961,2089,0.468163316302039
"X5602.62",3918,0.124048672705641,2367,0.267579074587674,4697,-0.520131221457888
"X2631.50",3919,0.123722934337823,3479,0.0433151182565973,5037,-0.638226378121034
"X6936.7",3920,0.123629668098768,1508,0.609145845304251,3319,-0.00347859251806698
"X5102.55",3921,0.122702306121235,4123,-0.115783589287331,3003,0.121476054809388
"X10832.24",3922,0.122655654696065,525,0.904828666482474,4510,-0.443656832354238
"X3633.70",3923,0.12147210067815,3026,0.141933693283704,4383,-0.401614636184564
"X21739.7",3924,0.119810485952363,2449,0.241624067727884,2274,0.39961728906512
"X18381.16",3925,0.118944174584408,2919,0.151824996927615,4147,-0.307032157807053
"X18422.41",3926,0.118018091742888,6719,-0.932077018768351,1642,0.634487634487634
"X12398.15",3927,0.117885897379404,5203,-0.359174912981616,2270,0.401879360570252
"X4548.4",3928,0.117737165781437,5574,-0.523753514147214,1472,0.694906286249211
"X10848.137",3929,0.117048666410671,5497,-0.493033408019004,110,0.9720528956488
"X7189.55",3930,0.116369816407547,4317,-0.143295809524184,1516,0.677733719989742
"X5936.53",3931,0.115404468696999,3117,0.130323114828555,3584,-0.0976701978654988
"X8985.13",3932,0.113978811788708,1620,0.565118801337709,2248,0.407639169894214
"X12846.3",3933,0.113337425050753,6394,-0.838775360670089,6591,-0.971158588309562
"X3799.11",3934,0.112798815746239,5651,-0.567265682464017,5980,-0.868913107147812
"X25292.6",3935,0.112447043567485,2698,0.169994862538457,3652,-0.123499898075266
"X19640.2",3936,0.111578576533913,4082,-0.106506860774792,1445,0.703786997034319
"X20535.68",3937,0.110706926076062,3197,0.113424381922955,3916,-0.224049224049224
"X12356.65",3938,0.110652839192824,1276,0.689157214945178,2463,0.326257784090535
"X24289.1",3939,0.110286365814564,112,0.969573381843789,2910,0.158387431571664
"X11126.102",3940,0.109733911631215,1122,0.743767699569054,1983,0.506747955573711
"X25287.7",3941,0.108933706953764,6324,-0.813535203174591,1583,0.654297607070289
"X16605.2",3942,0.108485116633483,6533,-0.878289527687029,1819,0.571179630835191
"X6247.9",3943,0.10725610205737,1377,0.652379979098296,5635,-0.811301151420699
"X10546.2",3944,0.107049911477028,5232,-0.368487017419372,966,0.830423546586179
"X13745.10",3945,0.106106973428705,6096,-0.738913805537023,2337,0.377404272947861
"X13926.1",3946,0.105321137878721,2998,0.145891810390643,2504,0.307610384148368
"X11215.6",3947,0.103838247638688,4108,-0.111791530336481,1963,0.5128264349599
"X12716.3",3948,0.10286757307603,455,0.917912606195697,4039,-0.26960078383408
"X20539.4",3949,0.102290883169874,5640,-0.562249770684639,4412,-0.412517412517413
"X10618.190",3950,0.0992527870978301,5480,-0.483731717022311,1482,0.691033691033691
"X25126.19",3951,0.0984470309775458,6220,-0.780026100666689,2899,0.164858869736869
"X12763.69",3952,0.0983840812806486,5572,-0.523338989122775,4234,-0.343820590569609
"X11363.58",3953,0.0971524973482691,5766,-0.611324712987208,5952,-0.865840747535723
"X3331.8",3954,0.096188825799474,2004,0.407141981498936,2052,0.480815134836559
"X21713.11",3955,0.0960372539408168,2715,0.167821775357113,264,0.970250178498929
"X2878.66",3956,0.095050595659632,1606,0.568350904552708,5305,-0.722859702872998
"X18257.64",3957,0.0949438697045453,3065,0.137306152930606,1152,0.779037779037779
"X22490.16",3958,0.0939568962459165,4014,-0.090427027348712,2774,0.207279854402912
"X20540.65",3959,0.0938536981048595,1410,0.640413830570395,1875,0.546901816890572
"X21512.6",3960,0.0932598941475544,2000,0.409215965658681,2224,0.417726458176773
"X6653.58",3961,0.0917152127424231,4239,-0.135258865661563,3708,-0.145675193498715
"X20932.10",3962,0.0914058196811608,2484,0.230439359991362,5748,-0.832093797057992
"X8980.19",3963,0.091044146622434,711,0.862343587916533,6394,-0.957546704543213
"X12815.9",3964,0.0904964842594283,3527,0.0302727633826824,6489,-0.966713354770406
"X25452.16",3965,0.0904493277290269,4145,-0.1204958259143,3746,-0.159622024596892
"X12827.37",3966,0.0903510065629378,993,0.787912282253073,3232,0.0336257012420548
"X6119.14",3967,0.0888516087800801,2060,0.387157453034188,1240,0.759628599422646
"X19291.2",3968,0.0886065335870231,563,0.895923396411231,3373,-0.0237364066620904
"X4792.51",3969,0.0871752163021422,4059,-0.101257573011349,3123,0.0773432020652709
"X5624.66",3970,0.0869073072569488,2350,0.274780884915073,6142,-0.905543889122218
"X20189.4",3971,0.0864646621002799,1804,0.493208659521042,621,0.90292594148117
"X8697.38",3972,0.0854595285500086,915,0.807569347766564,5075,-0.651588381895537
"X13229.20",3973,0.0840441403274643,3369,0.069686418008279,1237,0.760349437903373
"X9800.20",3974,0.0835484108841531,6442,-0.85455576165887,2172,0.434429517402826
"X9981.18",3975,0.0829339035960967,1004,0.785290907758697,4310,-0.373905953062016
"X21231.3",3976,0.0815010658162169,2002,0.408851649603221,5378,-0.745161863052613
"X13517.3",3977,0.0813624832396432,3143,0.126649437091283,5461,-0.767543770392831
"X9333.59",3978,0.0804697293709904,2588,0.196698536216984,4208,-0.334831334831335
"X8106.15",3979,0.0799364210062477,287,0.942088396469077,3210,0.0430547358852778
"X10621.26",3980,0.0797128750173504,5366,-0.429017406349588,4642,-0.499122132133909
"X19752.197",3981,0.0796954501880392,2903,0.152209685927769,1748,0.599771162533783
"X20181.17",3982,0.079372213611292,2916,0.151962270241755,3452,-0.0517448856799037
"X13089.6",3983,0.0778339077475095,3634,0.00377012676950779,2122,0.457783023667555
"X10842.7",3984,0.0776236995518659,3205,0.111099113412955,1595,0.649411649411649
"X17172.19",3985,0.0774787994157033,1610,0.56684774407726,1553,0.665329893853013
"X11190.129",3986,0.0772884019972494,1741,0.515230318754484,786,0.864437864437864
"X7822.11",3987,0.0759233639374502,4051,-0.0983020464269422,1290,0.748743507538955
"X8807.13",3988,0.0757628692381537,3779,-0.0314721047090537,3419,-0.0406054986749785
"X12799.65",3989,0.0752034019123467,5655,-0.568387311255125,3283,0.0138025816548631
"X6255.74",3990,0.0739067915345476,5882,-0.652299003894947,3841,-0.20245290570287
"X25283.2",3991,0.07342114788411,5482,-0.484202245197814,6369,-0.954653357269206
"X7890.68",3992,0.0732492687363272,1671,0.547353129908628,5534,-0.7855199875184
"X23273.42",3993,0.0721214677351329,5693,-0.583901045798206,1287,0.74951174951175
"X13654.1",3994,0.0713568104906937,5405,-0.449655036548477,67,0.975275975275975
"X11325.8",3995,0.0708022535465624,3432,0.0570724387401813,2166,0.436612679436849
"X3821.28",3996,0.0699186392350613,139,0.966442453973428,2999,0.123820396838013
"X15452.5",3997,0.0697097067571221,633,0.880177703049258,5052,-0.641869365370579
"X11669.39",3998,0.0693778728215717,4875,-0.229634392235592,4724,-0.529226615654911
"X8074.32",3999,0.0689042776634018,3087,0.134630581761773,4268,-0.355988377022267
"X9767.22",4000,0.0683537132335584,2945,0.149863676154703,3657,-0.124636005636042
"X6463.59",4001,0.0683509034444727,6445,-0.855359992282865,1063,0.803961920761585
"X8891.7",4002,0.0680595397041522,48,0.981520921828067,2297,0.391698166036679
"X3204.2",4003,0.0680259567878475,2098,0.369340180657556,6391,-0.957387057387057
"X23767.1",4004,0.0678538947471917,5771,-0.612743748404821,6859,-0.973274160355038
"X9984.12",4005,0.0668829732320625,6526,-0.876286592443764,551,0.921919078337377
"X12879.5",4006,0.0655104357472717,591,0.889518324541494,2237,0.41259974800504
"X11827.7",4007,0.0626209334124507,5306,-0.401964451677342,5521,-0.781604887126577
"X6354.13",4008,0.0619853501462527,6418,-0.84574230414166,6940,-0.979983297495282
"X25428.103",4009,0.0615060344615687,2769,0.158918510348657,3326,-0.00618781769281858
"X12657.2",4010,0.0614934646462977,424,0.92191874989521,303,0.967043967043967
"X5632.6",4011,0.0613600239208095,2561,0.202360889903551,2888,0.169753999723817
"X21771.47",4012,0.0608730919548706,843,0.824946299588522,881,0.845863499766559
"X22800.24",4013,0.0597915591278913,4195,-0.129578996486817,4499,-0.439750373083706
"X10636.1",4014,0.059625642160116,6536,-0.878834881130003,2469,0.325197260036417
"X24261.202",4015,0.0590971658923875,6994,-0.987008717937614,5020,-0.634201995094461
"X4697.59",4016,0.057916686338385,2535,0.212971038434151,1467,0.696538651459883
"X9224.20",4017,0.0573642553400683,6990,-0.985776514517758,2290,0.393896226351099
"X23334.21",4018,0.0564921801164599,3974,-0.0825123564807798,987,0.827075574730187
"X7740.33",4019,0.0563195929503724,419,0.922930203352932,4704,-0.524373162888876
"X7155.46",4020,0.0561673831230187,6821,-0.95553438457738,539,0.924418999036753
"X11150.3",4021,0.0560614998893887,2327,0.280024989491302,5110,-0.660991760536058
"X19249.18",4022,0.0556743602979131,3684,-0.00948675132756673,5788,-0.838275038961551
"X3447.64",4023,0.0551744821647978,5496,-0.492202278198464,5672,-0.818839818839819
"X11147.17",4024,0.0550398942448421,4209,-0.131467578941567,5236,-0.70370808756321
"X11273.176",4025,0.0548632902866387,4579,-0.156967326776448,2575,0.28230801060936
"X15492.1",4026,0.0547648895115896,381,0.928479701281971,4874,-0.581570510576936
"X6507.16",4027,0.0547648895115896,865,0.820615559043458,4810,-0.554082578761516
"X13103.125",4028,0.0536390930404301,5659,-0.570091279235682,2230,0.41528081908031
"X21380.77",4029,0.0531639991816565,6633,-0.911337355353963,3794,-0.181998908006552
"X19153.53",4030,0.0530319789592705,4856,-0.224018731672081,5088,-0.654849973368054
"X23602.35",4031,0.0525623288797732,5540,-0.511235460546998,6616,-0.971170217817484
"X13665.35",4032,0.0520856377356636,1833,0.475006544850433,6299,-0.942238267148014
"X21521.17",4033,0.0518175485668584,3027,0.141880372436816,2970,0.1329941663275
"X3519.3",4034,0.0517599488729936,3118,0.130292431037874,5977,-0.868747246388248
"X14245.195",4035,0.0512621979696679,6095,-0.737826299897034,758,0.868668336917138
"X8800.14",4036,0.0505247892240002,4947,-0.254317266049699,1621,0.640131507641172
"X21815.7",4037,0.0498654454463906,2905,0.152209685927769,940,0.834000775943133
"X18896.23",4038,0.0497136396037657,804,0.835761355163758,2934,0.148497120413521
"X3847.56",4039,0.0494241287572087,3701,-0.0125446594390713,6998,-0.996948833783775
"X21660.4",4040,0.048552220829339,4370,-0.14796632588919,1424,0.711467518888955
"X21645.6",4041,0.0482572573310719,6089,-0.735962033962361,882,0.845651878985212
"X21438.45",4042,0.0482203868937886,5613,-0.546676681052085,6293,-0.940975715610266
"X7266.4",4043,0.0479964307549945,947,0.800935366785031,6527,-0.969290354280925
"X8817.29",4044,0.0439617140940636,5053,-0.29706145974429,2427,0.343399343399343
"X23210.4",4045,0.0408228784378403,6979,-0.982539779735297,3386,-0.0281729831280032
"X11816.84",4046,0.0397967983784158,1621,0.56450860475599,2205,0.422895583042355
"X18158.45",4047,0.038621783054347,6247,-0.790698635718546,1198,0.768913613856503
"X20964.13",4048,0.0385358021178431,4937,-0.252186373719817,2243,0.409362556557249
"X7116.31",4049,0.0382983114688544,996,0.787789793596492,2309,0.386912864216528
"X3879.50",4050,0.0359032466203988,58,0.979059233029337,3514,-0.0731556555075523
"X8060.7",4051,0.0353403141361257,1269,0.691386189479817,1789,0.583489350156017
"X20068.61",4052,0.0343637841803652,5942,-0.67668588150553,913,0.837699602490876
"X21435.143",4053,0.0332212760637337,3791,-0.0345455963291456,846,0.852913747524027
"X15468.14",4054,0.0329935406058222,6668,-0.920299719639503,1129,0.785325288048272
"X11429.80",4055,0.0316522030771811,1491,0.614995787700084,4957,-0.610331880083907
"X24902.84",4056,0.0284217881490901,515,0.90611623130504,2384,0.362678659856055
"X9772.153",4057,0.0275176363591672,2645,0.178985300545663,803,0.860553812971402
"X11134.30",4058,0.0273484097382875,720,0.859561614874628,3554,-0.0892202155956881
"X8528.74",4059,0.0271612221320945,1492,0.614331391317804,3097,0.0864356321174634
"X11354.21",4060,0.0269399995083942,1304,0.679563763695051,477,0.939607951444372
"X3322.52",4061,0.0260863543942036,3741,-0.0227913416040323,3238,0.0309937117157451
"X22367.17",4062,0.0260390601639834,2756,0.159961994430501,553,0.921590288874422
"X12507.16",4063,0.0258187369183073,1604,0.569299632110513,4638,-0.497912186910234
"X7878.2",4064,0.0258154511712509,603,0.887137475050882,1898,0.538913422468236
"X6990.44",4065,0.0250248313403764,4043,-0.0959140243914952,6919,-0.976795200859548
"X4359.87",4066,0.0249735761866136,2710,0.168274501853226,827,0.85593760891151
"X18313.4",4067,0.0241932752044335,467,0.915366918306114,5173,-0.681848027219006
"X6219.14",4068,0.0241852735479079,2960,0.148678737284501,2106,0.462599293161576
"X24670.1",4069,0.0241316903514156,1164,0.729531177089881,6023,-0.878689839748016
"X12581.39",4070,0.0240182300600849,5084,-0.311045895051849,1040,0.80909168622964
"X6571.75",4071,0.0233858123973133,1585,0.578732862534516,3532,-0.0813096341888435
"X14124.6",4072,0.0230194430105941,25,0.987640228453312,4209,-0.334937825912555
"X21833.6",4073,0.0227593912783469,3069,0.136385547744197,1601,0.647287815720082
"X7792.58",4074,0.0227367696580881,3310,0.0850239483847666,1433,0.708207841541175
"X7737.76",4075,0.0223815533950025,6953,-0.979495505362328,66,0.975332960268607
"X24431.32",4076,0.0220976820785095,4609,-0.160574214667157,6568,-0.970572588548229
"X7050.5",4077,0.0206044293685323,1193,0.712798244565364,3865,-0.208380185831804
"X6256.9",4078,0.0196396529262837,2630,0.181266365610141,6644,-0.971211194623635
"X5837.49",4079,0.0189083892534965,1308,0.675934888492108,2144,0.449422316913588
"X15602.43",4080,0.0179469585853944,2833,0.153168613507437,5700,-0.82438697204632
"X20572.6",4081,0.0177895843431514,971,0.793458705519709,5653,-0.815220321819126
"X24221.3",4082,0.017742316226807,2906,0.152209685927769,2492,0.313974209754526
"X3072.4",4083,0.0172230370710765,1600,0.571819595895449,1696,0.614750810466026
"X3419.49",4084,0.0169113828431141,2094,0.371402733118971,613,0.906005668330341
"X8255.34",4085,0.016738324404968,717,0.861120545340909,2809,0.195610003090621
"X5035.7",4086,0.0165749884558365,197,0.957176804785447,2443,0.335593718508566
"X23623.48",4087,0.0150700957744245,5791,-0.617507936605657,5456,-0.766539815625064
"X24278.4",4088,0.0150537925801469,1831,0.477218205734901,6348,-0.951223951223951
"X23243.120",4089,0.0148784147316796,3164,0.121812775371078,3617,-0.109203500177032
"X24462.4",4090,0.0147648049352407,1697,0.536167926099289,6416,-0.959733273638726
"X3415.61",4091,0.0145986584140769,183,0.958536281972795,4183,-0.323451701543014
"X24268.21",4092,0.0135621758474055,6611,-0.904149372148865,582,0.913633913633914
"X11281.6",4093,0.0119828921171005,1840,0.472983968932818,3231,0.0338427725431938
"X2737.22",4094,0.0118127376333891,4397,-0.150309590368032,1909,0.534420968876789
"X25500.6",4095,0.0107170071037043,4099,-0.110030889787859,742,0.872729246089351
"X9941.70",4096,0.00720457013361031,4236,-0.134695616524249,1537,0.671315749672854
"X8261.51",4097,0.00719795363962642,588,0.89024750311987,2961,0.136883805802587
"X4969.2",4098,0.00690091684487378,4407,-0.150629978761222,3640,-0.118594359287974
"X8380.244",4099,0.00681417270525559,6492,-0.86779093668172,1843,0.560023606503999
"X2212.69",4100,0.00609820988032545,1330,0.669127792879597,6245,-0.932496098040349
"X23315.30",4101,0.00575673166202414,5833,-0.635809015498884,4535,-0.453604518882379
"X8702.42",4102,0.00497750903325713,5677,-0.577843422326259,5502,-0.777278017794086
"X2911.27",4103,0.00496472236897817,1412,0.639128566787874,4479,-0.432877631137677
"X5747.67",4104,0.00483134361711838,337,0.934757374406596,2176,0.433334296780161
"X7873.32",4105,0.00466640222645757,2145,0.351313792607961,5341,-0.734264026536967
"X20110.25",4106,0.00373005923850257,6720,-0.932474383843214,1007,0.821585685821941
"X13625.19",4107,0.00361960757158954,3995,-0.0866634910261912,1723,0.605201571053542
"X24962.7",4108,0.00279181027021072,2924,0.151170996764478,3489,-0.0669086557114018
"X3893.64",4109,0.00226138682004769,1718,0.527454747301372,5688,-0.820509167870734
"X2611.72",4110,0.00193569795737777,873,0.8189071725239,2944,0.144016360563677
"X14309.8",4111,3.14748484486047e-05,3818,-0.0420030453644382,1784,0.586179379668064
"X22540.129",4112,6.29496968972094e-06,1099,0.749414116208152,6314,-0.944953465518238
"X11530.37",4113,-0.00056954009637218,913,0.808123584632728,3676,-0.131202339914342
"X11193.27",4114,-0.00134477520969786,4577,-0.15671640259631,4376,-0.400069191477238
"X3350.53",4115,-0.00152536852323043,3890,-0.0614590032154341,3318,-0.00332077357584844
"X9022.49",4116,-0.00165758328227289,4864,-0.22621231566267,730,0.875673255640424
"X11081.1",4117,-0.00338747789877225,2032,0.396180127414714,1075,0.801189822069368
"X18188.12",4118,-0.00371132930363829,5459,-0.473707416644194,6733,-0.9720528956488
"X10833.64",4119,-0.0037423493842637,2652,0.177355972989754,40,0.981719305859686
"X6360.7",4120,-0.00384399569162899,6623,-0.908624300132236,2376,0.365541549124434
"X9182.3",4121,-0.00413263459389704,107,0.97095357276454,2499,0.310186555141281
"X3032.11",4122,-0.00416635941302264,2624,0.183032598174379,6787,-0.9720528956488
"X21909.2",4123,-0.00591156011110292,2920,0.151556637062346,2121,0.458089207157089
"X23648.36",4124,-0.00604985649327615,4673,-0.173098351942639,207,0.971737257764363
"X10830.5",4125,-0.00689299181024443,3373,0.0692312793789302,1308,0.744977740953358
"X5061.27",4126,-0.00721431556178256,2238,0.308936442622508,4665,-0.507767029806401
"X11116.16",4127,-0.00793478431927986,1498,0.613233632461658,4924,-0.599508130963419
"X9748.31",4128,-0.00832507121162048,1948,0.433146520499818,2304,0.389147791638685
"X11910.27",4129,-0.00868513414368146,5516,-0.503687681870231,6647,-0.971243971243971
"X9603.9",4130,-0.00875312780321987,1441,0.63377254278257,1761,0.594268454823978
"X4986.59",4131,-0.010128606230761,1379,0.652065041107893,5895,-0.855731922398589
"X7813.6",4132,-0.0101885308359757,1751,0.513615517872,2506,0.307266904710238
"X15666.21",4133,-0.0105314842909031,5865,-0.647149377101366,2262,0.403676570343237
"X15495.9",4134,-0.0108714126541481,4578,-0.156771660622771,1752,0.598352521582117
"X8427.118",4135,-0.0116756384730723,1233,0.701279247607931,3826,-0.195057636792856
"X7925.18",4136,-0.0120548669558156,178,0.959110559216996,3619,-0.110817110817111
"X3459.49",4137,-0.0134638546813165,1478,0.619087652183303,1266,0.754399055746245
"X3730.81",4138,-0.0138405102614098,5948,-0.679139376960689,4303,-0.370973151052455
"X22073.47",4139,-0.01451518757518,478,0.913012132529388,4840,-0.570839381893663
"X21916.82",4140,-0.0157313865742448,1536,0.600738886810716,2351,0.37328782887166
"X8932.1",4141,-0.0175619493301078,6054,-0.722152454363291,1941,0.523957523957524
"X10835.25",4142,-0.0185316455696203,3816,-0.0410609352756698,3881,-0.214337944516572
"X6932.42",4143,-0.0188945754283448,2870,0.153168613507437,4072,-0.282185908002469
"X21208.163",4144,-0.0191020254001227,6412,-0.843254051990072,2651,0.254373647544042
"X6974.6",4145,-0.0191523849991344,4755,-0.19332799247293,6576,-0.97089887869106
"X23639.93",4146,-0.0192648034805693,3270,0.09552510265061,2420,0.347795708771716
"X5581.28",4147,-0.0201927094855345,3294,0.0898907339934444,3362,-0.0192430192430192
"X5613.75",4148,-0.0230317331563552,4469,-0.15265059956381,3575,-0.0964000081401738
"X10025.1",4149,-0.0231339189519674,2791,0.155790749101434,3993,-0.252218955620888
"X23522.1",4150,-0.0241483116174102,6845,-0.959864302337015,3585,-0.0983134440089833
"X4956.2",4151,-0.024792660088444,1966,0.426248221234126,4102,-0.292077414581134
"X8804.39",4152,-0.0251859783402569,404,0.924885888018413,2696,0.23839839685537
"X9907.216",4153,-0.0283052421195096,573,0.894407830040608,5576,-0.794521794521794
"X14687.6",4154,-0.0296561217216036,3241,0.102024997204108,1182,0.773635030544541
"X2719.3",4155,-0.0316655605535482,6856,-0.962226232631422,224,0.971170413382355
"X8929.7",4156,-0.0328975115984817,5437,-0.465228742542681,1402,0.719029676536926
"X6367.66",4157,-0.0357827593835263,5329,-0.414607089313778,3860,-0.206657329045919
"X15613.16",4158,-0.0371843295337139,605,0.886909721538808,5413,-0.754455570250016
"X10534.40",4159,-0.0375463953002483,6640,-0.913108519868671,2366,0.369326926550815
"X24950.21",4160,-0.0377634735945925,482,0.91235938590639,3958,-0.240947240947241
"X19614.8",4161,-0.0378144648196581,2221,0.320447804037891,3759,-0.166076564012891
"X12682.5",4162,-0.0382271543211758,874,0.818417307537109,1371,0.726973229961926
"X10499.1",4163,-0.0387989235635711,685,0.867694526607252,4706,-0.524559582680424
"X13451.2",4164,-0.0396235619973876,5463,-0.475891696778747,1788,0.584172788755707
"X7693.13",4165,-0.0416212250401539,4622,-0.16228673214337,4029,-0.26430069769124
"X19287.59",4166,-0.0422770164361659,636,0.879618056307366,606,0.907097249347353
"X16302.11",4167,-0.042487033896222,6474,-0.864040328088924,4621,-0.487606363300037
"X10514.5",4168,-0.0433660461924876,5121,-0.322769716871674,474,0.940630999138498
"X25095.1",4169,-0.0440463001871872,544,0.901079214199085,1436,0.706433706433706
"X22985.160",4170,-0.0442015092298995,1847,0.470613129462063,4496,-0.43815141412348
"X25236.11",4171,-0.0445893531613624,2572,0.200118972495649,2054,0.480460027579255
"X20990.48",4172,-0.0447131697060879,5061,-0.301485872067688,468,0.94123874718063
"X22152.162",4173,-0.0450646268156136,1524,0.605220027071949,1066,0.803370749574218
"X8378.3",4174,-0.0451631178886738,560,0.897199865797176,2553,0.289702001804405
"X20924.85",4175,-0.0453352252571834,1098,0.750033462195592,4159,-0.31386899712638
"X13941.82",4176,-0.0472064498684954,3411,0.0606342240338746,2153,0.441939068736725
"X8385.248",4177,-0.0479362378231954,6661,-0.918983698766145,4689,-0.518062501991017
"X11629.36",4178,-0.0490252239435467,4148,-0.121994549795416,2555,0.288918434591595
"X14246.50",4179,-0.0497836110979966,6000,-0.700369857863564,689,0.88615993634636
"X6495.14",4180,-0.0516923530713074,163,0.960847519961093,2733,0.223440987131742
"X2630.12",4181,-0.0517824206676445,5217,-0.363239558301748,3783,-0.174763293963157
"X8237.56",4182,-0.0520180419339773,951,0.79960356905949,3253,0.0239424486924043
"X21184.1",4183,-0.052558808347467,5612,-0.546467727691673,1867,0.549807852497918
"X5476.66",4184,-0.0537570975591771,1097,0.75036732238372,1122,0.787825583765691
"X25501.128",4185,-0.0554838630386156,6113,-0.743461536915638,434,0.948537029259415
"X11934.9",4186,-0.0558904056577305,5731,-0.599450848215835,2756,0.213759181445753
"X22431.164",4187,-0.0568480692181009,4040,-0.095720607563596,552,0.921629743609977
"X13472.35",4188,-0.0580066493492759,1993,0.413665045940438,4312,-0.374670510073528
"X22530.111",4189,-0.0585133839687339,6699,-0.925400879835528,6984,-0.993209993209993
"X9043.7",4190,-0.0585650661756606,6860,-0.962691399968112,934,0.835355388530508
"X5196.7",4191,-0.0595311038730691,115,0.969037505363814,4337,-0.383273299551612
"X20231.23",4192,-0.0607464575058071,1022,0.779467739260882,5763,-0.835184418009772
"X21690.31",4193,-0.0612233611090628,156,0.962804993270577,4334,-0.380692167577413
"X7146.5",4194,-0.061576068728877,719,0.859812006832305,3828,-0.196109763074313
"X5357.60",4195,-0.0627104687461593,1178,0.722797897489096,1966,0.512273710652121
"X13482.14",4196,-0.0631826107757291,514,0.906384034108021,4800,-0.550921550921551
"X20570.18",4197,-0.0637827950068596,5873,-0.649663346993722,5417,-0.755605464815216
"X22114.4",4198,-0.0639456283951528,4129,-0.116624974091776,3627,-0.113840817948625
"X13734.22",4199,-0.0648550991814763,6044,-0.718067340040274,1524,0.674542284811114
"X25078.13",4200,-0.0660560565286499,6827,-0.957597242698801,6302,-0.942761011280924
"X23622.128",4201,-0.0702826481667163,5212,-0.362181307568978,2511,0.30621305195656
"X2967.8",4202,-0.0707297888552958,5228,-0.367211643315211,6213,-0.924746667718793
"X20237.38",4203,-0.0717539092686436,3242,0.101956820132116,2471,0.322162703765078
"X5957.30",4204,-0.0734818923538328,689,0.867339737533213,2074,0.473384492973769
"X21475.137",4205,-0.0741341592311285,817,0.832003517039516,1291,0.748739092409566
"X14324.52",4206,-0.0749760342157658,3300,0.0883116282119016,6436,-0.961663148619413
"X7183.102",4207,-0.0752709977140329,7,0.994126377368444,5769,-0.836129836129836
"X12444.39",4208,-0.0753447385885997,1634,0.560663147056215,6197,-0.921352354206096
"X14599.18",4209,-0.0759712876915145,3446,0.0531797970760753,1400,0.719795941961963
"X6512.68",4210,-0.076469286925743,892,0.812706076534173,4657,-0.50426439933453
"X5110.84",4211,-0.0777597522306615,471,0.914507402365518,3028,0.111900205822204
"X6399.52",4212,-0.0782267777695844,5985,-0.694302049259385,2712,0.233359233359233
"X19145.4",4213,-0.0787844451788552,3678,-0.00823562985084225,674,0.8897820468467
"X5223.59",4214,-0.0793610866557666,611,0.886115761274777,4221,-0.33952133952134
"X11401.181",4215,-0.0800764447066342,201,0.95690043757,5386,-0.747608056657
"X5132.71",4216,-0.080635160442535,1731,0.521073314077028,5963,-0.866998086445326
"X5005.4",4217,-0.0812808789912248,2417,0.251762677301126,4708,-0.524807164979977
"X6383.90",4218,-0.0818585158419979,4360,-0.147441855084089,2903,0.163624276711641
"X12663.1",4219,-0.0822395103605929,785,0.840375767906243,6220,-0.92756110552169
"X9769.48",4220,-0.0824115724012487,1548,0.593413039284772,3245,0.0270067664871476
"X19381.7",4221,-0.0837208494677803,2650,0.177645203213155,2030,0.488904785646673
"X9128.34",4222,-0.0837266179976895,3339,0.0771633098469837,1771,0.591498819645828
"X8984.28",4223,-0.0838225380834465,6468,-0.862006410861526,5677,-0.819469333487485
"X21737.20",4224,-0.085023976987252,2845,0.153168613507437,1602,0.647208906248973
"X19794.10",4225,-0.0867320923849752,5864,-0.647043043429055,2768,0.209892617361399
"X17843.30",4226,-0.0867991544379716,6497,-0.869364349097023,3019,0.115174948873239
"X2974.61",4227,-0.087481193778052,3460,0.0484180192664271,3979,-0.246811616194461
"X23187.9",4228,-0.0876718866902299,5122,-0.323075469506902,3508,-0.0721558571942178
"X11228.37",4229,-0.0892752601396224,2317,0.28446248496813,2572,0.282729616062949
"X13568.30",4230,-0.0895767273799867,3392,0.0637474399648675,5355,-0.738138920123888
"X5252.33",4231,-0.0925392864814845,2403,0.256467086848518,5732,-0.82964782964783
"X18208.3",4232,-0.0948182451433142,2291,0.292978647096707,1832,0.566379304676044
"X15527.90",4233,-0.0950275293635528,2628,0.181475083113375,3481,-0.0630547389052219
"X13666.222",4234,-0.0962151613867774,1850,0.468585771905955,1153,0.778908813530344
"X9913.4",4235,-0.0966757823585563,3320,0.0825578749677026,4318,-0.37535262669902
"X24322.1",4236,-0.0968528390236351,4841,-0.218613661455619,877,0.846718352370243
"X7073.69",4237,-0.0994479311582115,956,0.798526509564022,587,0.912818186002775
"X24905.22",4238,-0.0997941544911461,4668,-0.172027797762835,5271,-0.713295588302986
"X3043.49",4239,-0.100061272533781,3474,0.045017535435123,235,0.971170217817484
"X3627.71",4240,-0.10147973354964,4607,-0.159736067780139,795,0.862254692471018
"X9074.6",4241,-0.101559619497087,5293,-0.397768653279111,4092,-0.288591663214377
"X25926.29",4242,-0.103067538729801,2012,0.402916739660613,3552,-0.0891009856393767
"X12361.102",4243,-0.10322493424772,5012,-0.282940430143188,3185,0.0517448856799037
"X20189.28",4244,-0.103543464520207,154,0.963102671438936,4199,-0.33014133014133
"X23410.46",4245,-0.104392498095027,1734,0.520502566436182,3182,0.0530468919532067
"X19254.125",4246,-0.10508918407296,5422,-0.457420340290846,2548,0.291696344383619
"X17704.74",4247,-0.105117616694934,2538,0.210906678904319,1550,0.666699545612962
"X20589.5",4248,-0.106137612548696,68,0.977250620985699,6371,-0.95497127196999
"X4569.52",4249,-0.106566623194052,4357,-0.147246335503179,3685,-0.137036217201042
"X15376.134",4250,-0.106580131816665,5685,-0.580445403260412,2338,0.377049180327869
"X6413.79",4251,-0.107020779694946,6250,-0.79115923571894,2175,0.433416845856924
"X8068.43",4252,-0.107813945875851,1352,0.660888838148628,4080,-0.28585467368056
"X24279.30",4253,-0.108365886062144,2360,0.270499100674243,1104,0.793863665655928
"X21008.113",4254,-0.110545682046122,1829,0.478990988673542,6518,-0.968794187234877
"X5854.60",4255,-0.110785171569399,3739,-0.0224060248054752,4328,-0.378035548716735
"X25227.20",4256,-0.110913318434385,3698,-0.011862197314868,2705,0.234864364354179
"X18837.9",4257,-0.112336528020396,351,0.933129972349591,322,0.965043104298593
"X13492.44",4258,-0.113620697795194,2827,0.153168613507437,2858,0.180814477257633
"X8850.5",4259,-0.113646977853157,796,0.83629409900538,2599,0.275045537340619
"X17331.138",4260,-0.1143290809429,1359,0.659020705027592,6139,-0.903204382105962
"X8258.22",4261,-0.114568738785242,1188,0.717013293021068,3069,0.0958552800299856
"X18274.2",4262,-0.116119306922308,1181,0.72052717677464,1397,0.721226181512309
"X24712.6",4263,-0.117547808926611,5531,-0.507930654910669,1816,0.572313974260819
"X2578.67",4264,-0.117592811167241,4178,-0.12684126065561,4423,-0.416661579058046
"X9003.99",4265,-0.117844062630583,1046,0.771688808689984,1365,0.729253729253729
"X4965.27",4266,-0.117960819015314,6799,-0.950999246111965,402,0.954890085682534
"X12759.47",4267,-0.118663089187585,5520,-0.504240866242941,6044,-0.882008180874662
"X15331.47",4268,-0.118872323752213,2109,0.365766667966353,5138,-0.669041563096133
"X8285.64",4269,-0.119099479348389,493,0.90940352299949,4652,-0.501752447837552
"X8870.38",4270,-0.119533957672738,2797,0.155458376625073,6926,-0.977383883812586
"X5606.24",4271,-0.120037853648944,5533,-0.508061810426942,1377,0.726460318399716
"X21249.115",4272,-0.120615490499717,1894,0.45199742392281,4558,-0.46227140912588
"X4703.87",4273,-0.120828059368049,4158,-0.12282248825866,3235,0.0326619452499786
"X24693.5",4274,-0.121700936508346,5179,-0.349928055854639,4539,-0.454337016761975
"X9363.11",4275,-0.122425352557798,6929,-0.97404706255916,2024,0.490764294484354
"X22554.101",4276,-0.122822406398142,2583,0.19759407507126,666,0.892319067678761
"X8852.10",4277,-0.122907602684168,2110,0.365534026406839,2300,0.38966938966939
"X25038.5",4278,-0.123322658978551,6749,-0.940472488061823,1250,0.757300770024922
"X19561.216",4279,-0.123651156502716,1117,0.744320482513141,3553,-0.089108520250143
"X14048.7",4280,-0.123815758827121,5274,-0.389863059130227,3147,0.0683071321450156
"X7136.107",4281,-0.123903888402777,1733,0.520517992048097,2804,0.197004070413551
"X21687.3",4282,-0.126151192582008,777,0.844695128072389,3693,-0.140302678795526
"X6948.82",4283,-0.126747437092265,3611,0.00951490738683757,5735,-0.830345211203593
"X9787.23",4284,-0.126988423550741,2001,0.409042325990635,380,0.957612462435804
"X2828.82",4285,-0.127477386668958,6715,-0.93065031080597,4025,-0.262014421562535
"X5629.58",4286,-0.129430871790352,501,0.908387159009152,3385,-0.0277958611982403
"X13670.81",4287,-0.129673327925669,4986,-0.272570876301343,6711,-0.9720528956488
"X6468.37",4288,-0.129912985768011,1239,0.700456466410647,1403,0.718253733404352
"X10978.39",4289,-0.130242412711107,5875,-0.650421829845215,755,0.869106893323746
"X6633.43",4290,-0.130515202910307,3351,0.0750108943384148,1069,0.803081414846817
"X11476.43",4291,-0.131142000344124,5127,-0.324983822152196,2947,0.142499981935503
"X16318.12",4292,-0.131983066584832,4324,-0.144310455865396,6395,-0.957565957565958
"X14153.8",4293,-0.13262296290834,847,0.824309993097039,4586,-0.471674787766402
"X9836.20",4294,-0.132968644755976,5075,-0.307852793385498,721,0.877653877653878
"X11441.11",4295,-0.133245623422323,1464,0.627038019778411,5013,-0.630775283718974
"X5648.28",4296,-0.134405034043704,6094,-0.737812307468216,4820,-0.558409448094007
"X11135.5",4297,-0.136051913575695,4556,-0.154272668626769,6905,-0.975348840364408
"X5643.2",4298,-0.136463633458693,5247,-0.375856603511641,5629,-0.808503710537383
"X21887.2",4299,-0.137139591475555,2085,0.377182190920669,933,0.835432819824036
"X20520.14",4300,-0.137158458838913,1786,0.500521597886537,4397,-0.406291562250626
"X9261.14",4301,-0.137655777597522,857,0.821633649429831,4150,-0.308753033082796
"X12352.70",4302,-0.138086818579903,7001,-0.992245543807438,4911,-0.595818659344595
"X18873.8",4303,-0.138992802043291,4808,-0.206397741008051,6170,-0.911981872273519
"X11198.37",4304,-0.139433578627319,5691,-0.582991656053839,6923,-0.977180761893751
"X18435.40",4305,-0.139687205909662,2611,0.188900742863667,1141,0.781422766709402
"X20463.315",4306,-0.141216155205552,1703,0.533416136353347,1742,0.601125775121159
"X25491.54",4307,-0.141729960917337,2798,0.155333776801523,2491,0.314194462107636
"X9360.33",4308,-0.141748954116631,2979,0.147107883133639,2162,0.438956719330166
"X8396.42",4309,-0.141957861472897,763,0.84973840333521,65,0.975349007583877
"X17365.7",4310,-0.1422878995326,437,0.920591772581702,3476,-0.0617137821967082
"X23228.2",4311,-0.142746666226019,2642,0.17952573946968,1256,0.7556962774457
"X21367.63",4312,-0.143270846299957,2415,0.252149342636768,2664,0.25
"X12528.40",4313,-0.143802287591985,179,0.958933164679976,1680,0.620879620879621
"X12578.13",4314,-0.146002635438862,5397,-0.447394165339653,3352,-0.0148152532007654
"X24487.95",4315,-0.147611175848893,2783,0.156738144113329,5302,-0.721616856465692
"X20591.48",4316,-0.148575572106285,2777,0.157106000948675,5369,-0.742256712206108
"X5598.3",4317,-0.149245385050267,3359,0.0733436607464476,668,0.892104449836592
"X7742.11",4318,-0.149669395079026,6865,-0.963167819476649,2313,0.385994956392303
"X12553.5",4319,-0.150489851464395,5625,-0.554339973978068,1893,0.539615984992195
"X3505.6",4320,-0.150853468921807,1659,0.552139329531743,6174,-0.91216812058229
"X13459.30",4321,-0.151316274611017,1400,0.644666133434085,2244,0.409257396118969
"X9522.3",4322,-0.151689884613206,2768,0.158968958628922,761,0.868434553271433
"X20524.38",4323,-0.152342501782071,627,0.881842321266532,4228,-0.341908162527207
"X8654.13",4324,-0.152509938089558,2246,0.306545472775723,2021,0.493029976189992
"X18244.1",4325,-0.154051052916837,1816,0.485302245007466,5479,-0.772441441624779
"X3601.54",4326,-0.154248304297877,1101,0.748867045959248,2468,0.325493490130197
"X24634.1",4327,-0.154465687327528,6282,-0.800625006280208,2558,0.288214464990707
"X10069.2",4328,-0.154487512393183,1472,0.623784751011342,366,0.959243258172062
"X14076.74",4329,-0.154637617754165,2566,0.201221180513864,6427,-0.961067836571463
"X7755.37",4330,-0.156982031806897,6636,-0.912407264882399,3167,0.0595174685841668
"X24290.5",4331,-0.157430622127178,433,0.920874323683328,1894,0.539392265556673
"X8310.6",4332,-0.15743260271671,4186,-0.128467306620877,5798,-0.839330370653542
"X8367.142",4333,-0.158131160435563,2564,0.201531763263134,2026,0.490231665055598
"X23398.1",4334,-0.158364673205024,1802,0.493434473928788,5615,-0.805924689825461
"X16758.96",4335,-0.158430467931537,5622,-0.551820248579637,5501,-0.777273710836361
"X24430.11",4336,-0.1587518127965,5163,-0.343066296874416,1070,0.802226562243133
"X6379.62",4337,-0.159267998918467,2867,0.153168613507437,2245,0.409152183490823
"X21276.11",4338,-0.15956030555038,4348,-0.14700197230894,3278,0.0158122875923401
"X6984.6",4339,-0.160945603814861,909,0.809138903778889,2750,0.216376345570877
"X5759.10",4340,-0.160994764397906,818,0.830522658295701,4178,-0.32158897371657
"X15509.2",4341,-0.162286674390087,2994,0.146160476092756,5257,-0.708021805317183
"X6291.55",4342,-0.16234668043163,6252,-0.791974037428233,3243,0.0283015348340932
"X3514.49",4343,-0.162699470756464,3869,-0.0558923354152452,5702,-0.824947589098532
"X13994.1",4344,-0.164279823992647,4945,-0.253436013480789,2736,0.221163520151506
"X18220.141",4345,-0.165136543519406,5930,-0.672645376751289,138,0.9720528956488
"X9116.28",4346,-0.16602982556639,6305,-0.806909902857209,3057,0.0985382020477008
"X6897.38",4347,-0.166175060836222,1196,0.711652892880694,1143,0.780802640836966
"X5610.32",4348,-0.16669739203107,3738,-0.022266870798931,5568,-0.793007305701867
"X12758.47",4349,-0.168428149352581,2411,0.253938697257675,118,0.9720528956488
"X21515.61",4350,-0.169265439986906,682,0.869337354276172,6906,-0.975348840364408
"X12754.14",4351,-0.16942234795282,2391,0.260376933805472,117,0.9720528956488
"X7865.126",4352,-0.170146735743467,5529,-0.507036615550344,3038,0.108315509567027
"X8696.15",4353,-0.170363375981619,3880,-0.0582383427848191,2725,0.228001628001628
"X8249.124",4354,-0.170738462894301,926,0.805760694769561,2170,0.435179157378364
"X22968.9",4355,-0.172003751801935,693,0.865992957150421,1232,0.761161433031402
"X16818.200",4356,-0.17206930739814,1661,0.551407779907369,6725,-0.9720528956488
"X8589.13",4357,-0.172540601966571,793,0.836593022024718,3679,-0.133599887272343
"X20183.48",4358,-0.172684790439743,1082,0.756271665276456,2603,0.273586473499765
"X24979.17",4359,-0.173801096281002,5716,-0.591270645804505,5145,-0.671263143358782
"X10672.75",4360,-0.174194401253958,6961,-0.980599685453504,220,0.971250649359189
"X21883.17",4361,-0.174796598087653,2850,0.153168613507437,2219,0.419370959999474
"X21429.50",4362,-0.174876484035101,2987,0.14652788757814,3358,-0.0181820573014276
"X3867.49",4363,-0.174887371771512,5736,-0.600102580319233,3765,-0.167978536623858
"X3209.69",4364,-0.175761374529902,4162,-0.123365635437726,5646,-0.813687813687814
"X17703.40",4365,-0.17581726536575,6249,-0.79090223977331,3847,-0.203671920722285
"X21963.48",4366,-0.175846856376254,5285,-0.3949882186889,4453,-0.424615718568967
"X2805.6",4367,-0.176882353311469,838,0.826083111934629,3203,0.0471030471030471
"X24658.98",4368,-0.177135626988798,1576,0.581217190018877,2921,0.151302335062766
"X20175.17",4369,-0.17911601990839,3034,0.141272896666927,273,0.970198523077732
"X9511.61",4370,-0.179503723914166,1759,0.510804394981438,1217,0.764981291879558
"X16823.75",4371,-0.180923235749576,6983,-0.983313344311227,259,0.970566767276242
"X24013.6",4372,-0.181458796275896,1197,0.711377016847331,776,0.866747866747867
"X8973.23",4373,-0.181900302337586,6978,-0.982175705432515,4695,-0.520010853344187
"X11264.33",4374,-0.18215257099611,225,0.953995205045332,5587,-0.797044840306958
"X23393.56",4375,-0.18336282968316,6171,-0.765398629000006,984,0.827411835105509
"X8337.65",4376,-0.18336282968316,6512,-0.872372343420398,6055,-0.883989925890855
"X9018.38",4377,-0.183590197379741,1637,0.559840483117272,2741,0.218936757633109
"X7196.21",4378,-0.183869769667059,4019,-0.0915465948506219,3588,-0.0998402083210037
"X18926.7",4379,-0.184033074162101,3301,0.0881909478499471,4764,-0.541681081557758
"X13668.44",4380,-0.184395201927095,223,0.954124230165555,4641,-0.498438250050962
"X7696.3",4381,-0.185632361180181,1213,0.706809250739465,1047,0.807631861014118
"X23570.87",4382,-0.185704102450655,2430,0.246710863009708,1003,0.822558902632288
"X22810.41",4383,-0.185808620331493,5229,-0.367362482993129,872,0.848184910890534
"X3004.67",4384,-0.186931115665385,4097,-0.109718521146586,3416,-0.04000814000814
"X11661.11",4385,-0.186961981889543,6515,-0.872706229042598,4779,-0.547059635832791
"X23670.11",4386,-0.187336538864649,890,0.813760129755351,6444,-0.962535962535963
"X10510.62",4387,-0.19039135826561,5528,-0.506970005944484,2834,0.18904875285754
"X19147.6",4388,-0.190529847598784,1076,0.760807555130536,964,0.83048930447877
"X6511.17",4389,-0.190913840749857,855,0.822088704981316,1705,0.611791705299429
"X4557.61",4390,-0.192936853231079,869,0.820152790686015,3998,-0.253069249636688
"X4246.40",4391,-0.193004449032766,1326,0.670859963821248,5443,-0.761930125663333
"X12703.6",4392,-0.19369985294497,1887,0.456393723318512,3838,-0.200682115424913
"X24951.3",4393,-0.193935426200923,952,0.799119348546256,3921,-0.225477225477225
"X5970.61",4394,-0.194767670599936,3636,0.00297029305015736,1083,0.799554887565755
"X22792.21",4395,-0.196832829437357,6586,-0.895541612516341,313,0.965700683224504
"X9350.3",4396,-0.198067989086351,1351,0.661016131657801,2653,0.253700525405562
"X8300.82",4397,-0.198541159698154,595,0.8883719784854,565,0.919575628484988
"X12580.7",4398,-0.199266278298061,1553,0.591341507343027,4091,-0.288473299007713
"X7065.1",4399,-0.200693994304861,3428,0.0574179839496508,5540,-0.78665961184938
"X2590.69",4400,-0.203146196143109,120,0.968404490395628,6316,-0.94557876809164
"X13977.28",4401,-0.203833624474765,6649,-0.914879545226393,3755,-0.163349180985448
"X17823.40",4402,-0.204480938734308,1940,0.439074617541235,6951,-0.984764618097951
"X25261.42",4403,-0.20481527910921,5242,-0.371140671191114,749,0.870338587388951
"X10512.13",4404,-0.205228601824282,6387,-0.83696728362134,4227,-0.341812681034073
"X24422.36",4405,-0.205797648836221,950,0.800049361958127,3281,0.0147876814543481
"X15414.316",4406,-0.206179485288696,2723,0.165496797458438,5190,-0.688005102812465
"X18174.79",4407,-0.206305041641224,4069,-0.103047866332793,6051,-0.882950951187916
"X23556.4",4408,-0.206535899515768,4722,-0.18672891298712,1440,0.705119769281384
"X15383.200",4409,-0.206969611950118,6676,-0.922001129847864,3495,-0.0688048189828853
"X16867.76",4410,-0.208932477939188,2071,0.383194825543172,5583,-0.796183615186851
"X22085.86",4411,-0.210074713548107,171,0.960246952694516,3202,0.047192657563239
"X22578.17",4412,-0.210247523535629,2202,0.32548041140107,1576,0.655547007029519
"X6368.9",4413,-0.210617095878683,6071,-0.727915312587962,1331,0.738775567346596
"X21440.9",4414,-0.213252464174225,4891,-0.23449243952196,4446,-0.422129062455483
"X25041.11",4415,-0.214493768896099,6544,-0.88175571271945,643,0.897457142293504
"X22553.4",4416,-0.214812017059314,6613,-0.90458118944795,591,0.91101641974578
"X21269.198",4417,-0.215156884900714,929,0.804694141266361,1991,0.503964942984866
"X14032.2",4418,-0.216831331027298,5483,-0.484557034271853,6099,-0.895181695462531
"X10624.45",4419,-0.217341218757574,1258,0.693263369862518,376,0.958119269038174
"X3169.70",4420,-0.217816180245128,2627,0.181975440936875,479,0.939010468352447
"X4971.1",4421,-0.218293124340997,4074,-0.105143277945943,5375,-0.744805551598527
"X17806.6",4422,-0.218365164810855,6576,-0.89322347170361,1574,0.65598100912062
"X2658.27",4423,-0.221087432096945,768,0.848053866236806,4789,-0.548782492618677
"X6713.4",4424,-0.222243904895598,1080,0.757447678252587,896,0.841470872541477
"X8841.65",4425,-0.222513089005236,2780,0.156906821197007,4887,-0.58604091456077
"X7268.12",4426,-0.223656072561021,1874,0.460440561932001,1793,0.582713565195663
"X3522.57",4427,-0.224354436039796,1387,0.649215700554885,3739,-0.156825998040415
"X8927.6",4428,-0.224387336233808,458,0.917178771499545,4771,-0.544547684335812
"X2948.58",4429,-0.224663864513433,2862,0.153168613507437,2815,0.194492118916573
"X18386.36",4430,-0.225078042362168,1729,0.521774780242527,3083,0.0919833398906511
"X7993.23",4431,-0.225655778467427,202,0.95686998908638,4884,-0.585278123006714
"X3187.52",4432,-0.226249293316619,4603,-0.158918856800445,4005,-0.25481840957961
"X9873.17",4433,-0.226681858526851,2639,0.180279126447597,5337,-0.732568156996818
"X22514.12",4434,-0.228606073114729,4133,-0.117651142073742,1749,0.599462748529681
"X24899.13",4435,-0.229142224498901,2447,0.24176738465496,2382,0.363384141584756
"X9014.18",4436,-0.229932486662575,1922,0.443095232002646,5662,-0.817153603861304
"X25037.4",4437,-0.230214310219472,3731,-0.0209541946353486,2006,0.4993114769667
"X9002.36",4438,-0.230937258037103,6923,-0.973209568507071,193,0.972013440913246
"X19579.5",4439,-0.23098761779462,1775,0.503885326001026,1279,0.75079484363258
"X9212.22",4440,-0.231147411988732,5934,-0.673540062242344,240,0.971170217817484
"X14094.29",4441,-0.231459740521349,4802,-0.204801253459414,5511,-0.779724211398473
"X22083.60",4442,-0.234182582405427,2917,0.151960600984582,1395,0.721515324876868
"X7735.17",4443,-0.236237104591878,6751,-0.940626819740155,733,0.875227241893909
"X18195.3",4444,-0.236318810788302,6362,-0.826231760535241,914,0.837684934573353
"X24472.28",4445,-0.236357938205147,3940,-0.0755957668299859,6457,-0.963793704339363
"X11390.24",4446,-0.236425534006833,5912,-0.666092556979566,5566,-0.792696907412307
"X3315.15",4447,-0.237359585084679,784,0.840754439180132,1950,0.518665377811972
"X11670.18",4448,-0.237414781847825,3186,0.116169390237661,3712,-0.146212674176218
"X21346.71",4449,-0.237556838337257,4984,-0.27161031819181,2433,0.338554510005063
"X11208.15",4450,-0.237565861120379,691,0.866495185280881,6251,-0.93322943586304
"X17770.42",4451,-0.237668942342732,6297,-0.805000856243591,3999,-0.253240935181296
"X2989.17",4452,-0.237994819288864,2315,0.284522855798738,773,0.867070961965038
"X25962.51",4453,-0.239893191610124,1839,0.473036518849931,4259,-0.35100905486181
"X7754.11",4454,-0.241704151611238,2754,0.16011399527205,1355,0.732071632071632
"X10866.60",4455,-0.242382587142633,4016,-0.0909394500519122,4000,-0.253560858305586
"X20522.2",4456,-0.242613622397562,995,0.787866984948459,2311,0.386150072662471
"X7744.10",4457,-0.244469434407492,438,0.920361422087162,4182,-0.323101405246165
"X21710.16",4458,-0.244592335865103,1541,0.59726426772692,1658,0.627560447942764
"X21196.29",4459,-0.244862719071848,3202,0.111858824799756,2232,0.414684773908207
"X25076.2",4460,-0.24542198329315,227,0.953163985823863,5660,-0.816785359662794
"X8348.4",4461,-0.245472343050668,2046,0.391355487082978,1934,0.526885114385854
"X23314.46",4462,-0.245692303910724,172,0.959825444410107,5983,-0.87027282949636
"X19159.9",4463,-0.245913526534425,6301,-0.805845729651081,3195,0.0488240182087503
"X5063.12",4464,-0.246570407849643,2412,0.253238414401351,314,0.965663251297022
"X23652.15",4465,-0.247431390886517,301,0.940395435561434,3102,0.0844923161902507
"X6231.46",4466,-0.248667316621776,4055,-0.0992750470933975,770,0.867471543271981
"X20073.22",4467,-0.250313174742064,4848,-0.221467896770485,6404,-0.958601958601959
"X4128.27",4468,-0.25141336676253,3627,0.00625693875833933,2438,0.337484821967616
"X7915.31",4469,-0.252335127694614,1378,0.652067610457022,839,0.853899114241187
"X21889.2",4470,-0.252912764545388,3251,0.0998499859241291,1499,0.68320015194888
"X5346.24",4471,-0.253109406877566,4075,-0.105183391243651,1236,0.760641270968548
"X7233.73",4472,-0.253213919825506,1328,0.669986654436514,2765,0.210660914277186
"X6455.52",4473,-0.254916058304452,266,0.946928182207328,967,0.830226272908406
"X5248.68",4474,-0.25511884570951,5705,-0.588530666314984,5791,-0.838363282389412
"X6921.24",4475,-0.255297052823046,2275,0.29813465787921,2949,0.142337722243703
"X13553.4",4476,-0.255571476479376,4915,-0.243734362282579,4782,-0.547440297698616
"X3404.51",4477,-0.258665170336545,5375,-0.437015298350616,4816,-0.556116323083498
"X13041.47",4478,-0.259272914976772,3893,-0.0630192486243805,3010,0.119804304511649
"X21350.29",4479,-0.260135656169838,643,0.878307357381593,4526,-0.44985544985545
"X9051.13",4480,-0.262290145761129,697,0.86470967070175,4613,-0.485405035739415
"X19774.8",4481,-0.26284320232038,2331,0.279396395805776,2397,0.358110907261644
"X7122.31",4482,-0.262876142010842,5335,-0.417015992503153,4007,-0.255581106656627
"X19189.2",4483,-0.263799382654849,252,0.949203899101946,3586,-0.0986656898458115
"X18304.19",4484,-0.264279817342174,1044,0.772506904079066,4710,-0.525412137591814
"X23529.11",4485,-0.266133271415626,739,0.855568707759153,4148,-0.308187515206513
"X9863.1",4486,-0.26629043181012,6831,-0.958014131946398,2010,0.498175218480598
"X21759.23",4487,-0.268221911569819,4457,-0.152209685927769,4489,-0.435757435757436
"X5301.7",4488,-0.269794380949924,5652,-0.567288803505277,3221,0.0401573734907068
"X21999.61",4489,-0.270094388319445,3804,-0.0390190853383415,2018,0.494282351239207
"X23425.19",4490,-0.271157485927783,2358,0.271651185504648,2800,0.198165747505376
"X6997.32",4491,-0.272066956714107,356,0.932756733774772,2766,0.210642257336937
"X13930.3",4492,-0.272759720409141,2547,0.207066819669891,3070,0.0958014251914488
"X7141.21",4493,-0.272873271867109,402,0.925524523013269,1650,0.629191243679023
"X7049.2",4494,-0.27329597129022,377,0.929319846206649,3992,-0.252148639140413
"X23350.66",4495,-0.273473678779201,4200,-0.130723534251645,2489,0.315413351831379
"X22496.21",4496,-0.274064095381381,2898,0.15244556807357,2649,0.25582941333738
"X9947.22",4497,-0.275379744046532,5627,-0.555380151722129,3005,0.120987946578288
"X3585.54",4498,-0.275876901900057,887,0.813992398131618,4192,-0.328099005083085
"X9040.144",4499,-0.276340358310172,542,0.901211725153336,1099,0.79526106215701
"X13992.12",4500,-0.276401806650615,941,0.801765461283642,2914,0.156391995949314
"X12345.4",4501,-0.276792394417069,7000,-0.990087277623151,6595,-0.971170217817484
"X3888.8",4502,-0.278195836596836,3024,0.142079848840057,3325,-0.00561436468080494
"X4840.73",4503,-0.278256545194735,1910,0.447457153373895,4481,-0.43352205848507
"X9728.4",4504,-0.278566084466345,5143,-0.333918758618955,6397,-0.957786577258801
"X15381.45",4505,-0.278817625964242,1619,0.565661045316591,2215,0.420686117851295
"X8403.18",4506,-0.279150430890675,2795,0.155603507329771,4871,-0.580859192624595
"X9244.27",4507,-0.279253949757459,3355,0.0743018613462917,2288,0.395134922465371
"X10070.22",4508,-0.279563945628395,6141,-0.75435869946666,1280,0.750764435501371
"X15319.226",4509,-0.28041614615349,5069,-0.305508100374457,5557,-0.789383789383789
"X21378.7",4510,-0.280464640796674,2656,0.176668075797561,4996,-0.625135625135625
"X3723.1",4511,-0.281315291399356,1712,0.530263722506761,2522,0.301288182502696
"X12363.70",4512,-0.281528851394277,628,0.881563044993052,2738,0.220676911746332
"X25895.29",4513,-0.283146523117764,6194,-0.771092372823966,4338,-0.383348786438092
"X13494.6",4514,-0.283304846979909,5581,-0.529411528274055,2334,0.377978440431191
"X21628.6",4515,-0.283902367082074,6103,-0.740140141684245,2847,0.183168609812393
"X7262.191",4516,-0.284345089135987,6112,-0.743244546082087,3840,-0.202371503964943
"X24474.12",4517,-0.284455423641324,5266,-0.38498877041452,247,0.971061682166914
"X8007.19",4518,-0.284704440646264,3160,0.122233283383458,3727,-0.152152383019713
"X14065.11",4519,-0.285045350637859,6439,-0.853836955757192,5476,-0.772109447436429
"X20592.8",4520,-0.2851914620071,5292,-0.397474597556799,6560,-0.970342633481891
"X10372.18",4521,-0.285758179092004,5231,-0.368274564300815,2342,0.376115418253076
"X15619.49",4522,-0.285924096059779,1882,0.458850908272423,4308,-0.373288534229316
"X19369.17",4523,-0.288062581422216,1789,0.500044288461576,2688,0.240312218474022
"X4143.74",4524,-0.288215187243873,5428,-0.458807831583169,4886,-0.585977585977586
"X13940.19",4525,-0.288643245182774,5050,-0.296688506762203,6646,-0.971224346202153
"X22137.3",4526,-0.289634333147366,70,0.976920897199117,3427,-0.0433278754282483
"X7917.17",4527,-0.293700328911131,616,0.884331049057302,2496,0.311409578076245
"X16915.153",4528,-0.294539488238331,1629,0.561319835522496,4923,-0.598442853103444
"X5124.62",4529,-0.295037239141656,1195,0.711980687133883,2989,0.127432220052212
"X17343.6",4530,-0.296090239142061,1577,0.580542904411339,2012,0.496923496923497
"X8899.75",4531,-0.296127964143853,6555,-0.88619637696596,2344,0.375444687748647
"X24900.46",4532,-0.296621185653809,5986,-0.694430823398902,955,0.83181044248628
"X11265.8",4533,-0.297421527419315,4049,-0.097775144528013,5245,-0.705128458043177
"X6965.19",4534,-0.299080697097068,1929,0.440980881965783,2347,0.374655593037554
"X5124.69",4535,-0.299701349458005,1217,0.705019879757355,3040,0.107612791225267
"X4866.59",4536,-0.299811960769855,782,0.844089483974717,5024,-0.634964786648518
"X7956.11",4537,-0.300677200902934,2222,0.320167496604798,908,0.83882231805769
"X5082.51",4538,-0.301362574316978,3445,0.0532388683081591,1743,0.600849352820258
"X23586.32",4539,-0.302239040269676,5129,-0.325657716246008,5058,-0.645264793069999
"X3038.9",4540,-0.302369854475488,3787,-0.0334828261637428,4913,-0.595983507920538
"X25115.21",4541,-0.302439636995763,6242,-0.787990567560439,400,0.95513996567438
"X19333.4",4542,-0.302837011568232,4658,-0.169586515000092,5440,-0.760434129140413
"X5726.49",4543,-0.304070496276086,6721,-0.932795836499132,1483,0.691016814293136
"X8931.124",4544,-0.304103690740729,97,0.972539806629113,3328,-0.00769924771227199
"X12463.7",4545,-0.304512941523487,6165,-0.76292377048232,412,0.953275402429842
"X5451.1",4546,-0.304721874001426,2866,0.153168613507437,2449,0.334293398565163
"X5352.11",4547,-0.305731536837096,1474,0.623454335733435,4163,-0.315954062285896
"X25110.19",4548,-0.306076200368255,3996,-0.0867404282792653,873,0.84807722311538
"X21131.109",4549,-0.30625214881802,1418,0.637779435587846,957,0.831501976024672
"X5264.65",4550,-0.30651055190973,2573,0.199946781638894,2525,0.300835782814832
"X25922.7",4551,-0.307521389020572,4978,-0.268449479958113,3625,-0.112912877368106
"X23327.1",4552,-0.307796496478419,1581,0.579551808845817,3110,0.0824932762554826
"X21146.187",4553,-0.308890042963033,6224,-0.78146921240682,3861,-0.206837606837607
"X7967.38",4554,-0.310930812829453,1375,0.65275019378425,5042,-0.638805047575835
"X9030.56",4555,-0.31140771329548,218,0.954710403418316,5124,-0.664835164835165
"X19383.131",4556,-0.311449920368633,504,0.90765615035155,4912,-0.595904565094871
"X21343.3",4557,-0.312145867799245,4965,-0.26441647717151,2591,0.276504422220938
"X11617.1",4558,-0.312347909446206,5905,-0.662632151848404,5184,-0.687097643894708
"X23682.79",4559,-0.313447877491827,1392,0.647149377101366,5426,-0.757984652107869
"X12351.25",4560,-0.31533607163653,1992,0.414245348617548,6700,-0.9720528956488
"X6283.60",4561,-0.316372586665995,2374,0.265614635269756,2900,0.163835789390622
"X18171.25",4562,-0.317131533204983,3142,0.126787849556366,3136,0.0731688070860705
"X21437.77",4563,-0.317770069937113,5360,-0.424352355063549,2299,0.389850995724615
"X12605.1",4564,-0.317913599635339,6931,-0.974194870193855,1428,0.709964764382389
"X21856.59",4565,-0.319629820809675,2849,0.153168613507437,1591,0.651588381895537
"X22788.10",4566,-0.320220902456663,5758,-0.607897201332813,3267,0.0183919780020747
"X17725.37",4567,-0.320373975088156,6204,-0.773887524150724,281,0.968904536111846
"X8250.2",4568,-0.321381166580636,851,0.822879267591946,3124,0.0771931901126433
"X11300.32",4569,-0.32205070243796,2104,0.366324628518226,1478,0.692984754828665
"X11516.7",4570,-0.322147923822687,6621,-0.908150659350131,5777,-0.83732325353493
"X19786.26",4571,-0.322694801473882,2927,0.150939563021623,3885,-0.215153190863847
"X17724.3",4572,-0.323342653238264,6648,-0.91466412749488,6057,-0.884247884247884
"X19325.21",4573,-0.324090219505593,1224,0.704217285141531,419,0.951773161573718
"X12475.48",4574,-0.324258317387612,5058,-0.29918769116991,4196,-0.329466769248979
"X25453.57",4575,-0.324422977656515,1427,0.637260498313105,3648,-0.12165927004438
"X25274.2",4576,-0.324990103489227,5745,-0.602965933663048,1810,0.575263536297632
"X23524.2",4577,-0.32501232870052,2782,0.156839491373036,5484,-0.773199773199773
"X8463.2",4578,-0.325104431049069,6579,-0.89406614517926,1088,0.799175396026908
"X12646.2",4579,-0.325854779637686,83,0.974446541858501,6632,-0.971170413382355
"X5724.58",4580,-0.32597453692775,6974,-0.981797660578699,3454,-0.052280266183683
"X3168.8",4581,-0.326148599075965,3920,-0.0692147206614502,3753,-0.162060326290663
"X8225.86",4582,-0.326426271415579,2140,0.354492131009722,2643,0.257738060010653
"X4842.62",4583,-0.326671157078379,2065,0.384492739644866,5135,-0.667541735349383
"X23967.8",4584,-0.32850945112209,6147,-0.756391023836427,4061,-0.276418945771162
"X11377.19",4585,-0.328515361718732,220,0.954673799671619,3582,-0.097388615113372
"X24923.27",4586,-0.328681513162746,4976,-0.267458477188535,4951,-0.608385446463212
"X4140.3",4587,-0.329406631762653,4137,-0.118063777192461,3723,-0.150355793429523
"X20527.47",4588,-0.329910527738859,3096,0.133717717090072,2829,0.190138946427045
"X19263.147",4589,-0.329994901074551,1552,0.591360558177714,4933,-0.60185053284221
"X3881.49",4590,-0.33003342919647,4747,-0.191790489338974,3777,-0.172279994844557
"X10550.37",4591,-0.330121352256933,6706,-0.928178350924958,2432,0.341829253056098
"X22784.4",4592,-0.330344934341219,1926,0.44156882920614,3457,-0.0527279757422821
"X10473.2",4593,-0.330585735063159,6553,-0.885634897670629,3460,-0.0557262730892638
"X9229.9",4594,-0.331041221148883,6819,-0.9554006995515,929,0.835828845357164
"X8376.25",4595,-0.331405532238342,1002,0.785885491483686,3009,0.119949130007515
"X17829.2",4596,-0.331566336731827,4477,-0.1528595602037,4443,-0.421378921660718
"X8832.55",4597,-0.331804739929504,3746,-0.0241478463524638,2699,0.23656220322887
"X15482.12",4598,-0.332342924768817,3898,-0.0645468163974938,3159,0.0626010626010626
"X20948.16",4599,-0.332374701963965,1692,0.538754921734302,4378,-0.400340625883622
"X19496.1",4600,-0.333029076464997,2841,0.153168613507437,2886,0.170266911286027
"X20461.58",4601,-0.33329646289605,2237,0.311107597499508,1448,0.700862180074211
"X15525.294",4602,-0.334488607034879,2913,0.152204679617269,4542,-0.455992185433159
"X9057.19",4603,-0.334567134189062,1018,0.780985664991268,6474,-0.965332439025994
"X12712.9",4604,-0.336758156529254,2557,0.202992801360145,6194,-0.920539953873287
"X22149.2",4605,-0.337162316868274,1264,0.69181923221523,2435,0.337936385814707
"X21769.10",4606,-0.337303050414178,6936,-0.975131585681273,544,0.923510019129279
"X18182.24",4607,-0.337511982892117,6744,-0.93987867756229,535,0.925351640330631
"X14713.46",4608,-0.337544654800686,6447,-0.856276402046648,4559,-0.46263178050913
"X6281.51",4609,-0.337733205515817,3586,0.0135591128730588,5981,-0.869299612686013
"X25042.3",4610,-0.337960573212398,3577,0.0165284538602807,6898,-0.974972546079843
"X21797.4",4611,-0.338187940908979,1826,0.480091319622535,708,0.880846698625002
"X20390.4",4612,-0.338394262273935,6216,-0.778179700666001,6749,-0.9720528956488
"X10940.25",4613,-0.340364792345341,4633,-0.164336756533711,6068,-0.887277820520408
"X18429.10",4614,-0.342091174079435,4778,-0.200545022648987,4410,-0.411329765223821
"X20091.138",4615,-0.342858196298208,532,0.903454951428604,5686,-0.820125860606419
"X20928.39",4616,-0.343687781137084,6079,-0.730765226043061,5835,-0.846381353575232
"X13978.122",4617,-0.344598952555404,3873,-0.0571045581684654,6318,-0.945815496504968
"X20586.18",4618,-0.345199469065703,1242,0.699084875573158,2762,0.211444503626548
"X9276.7",4619,-0.345568173438537,5094,-0.314694052269686,5381,-0.746202948099609
"X14068.29",4620,-0.345844701718162,1067,0.763949573674651,294,0.967975906308155
"X2666.53",4621,-0.346059779268982,17,0.989942501031588,1429,0.709757813681587
"X19118.47",4622,-0.346137261382056,4682,-0.175354499843816,2882,0.17120067336082
"X17148.7",4623,-0.346202312033165,1596,0.57439512195122,3242,0.0289537765638436
"X21189.9",4624,-0.347036845856992,761,0.850222622895318,746,0.871339871339871
"X5834.18",4625,-0.348303229072944,4018,-0.0911126161340694,6383,-0.956545333677027
"X3040.59",4626,-0.352885447649623,3213,0.108942448949242,14,0.99169816603668
"X11562.9",4627,-0.354154798137966,5154,-0.340072522209157,939,0.834306762449378
"X17802.4",4628,-0.355750625628854,3412,0.0606011479557809,3616,-0.109033161705234
"X21001.393",4629,-0.356017143465263,6982,-0.983312196543417,389,0.956485924041852
"X22838.39",4630,-0.356457802573446,4928,-0.24924561987115,2763,0.2113293986853
"X9886.28",4631,-0.357170060147868,2307,0.287384874604602,1309,0.744235739433037
"X7986.98",4632,-0.357723127596293,3754,-0.0257659920399028,5962,-0.866789866789867
"X22143.6",4633,-0.358078996929904,4710,-0.182650814279489,2152,0.443022175190107
"X6263.77",4634,-0.358411375758917,6031,-0.710831479046234,353,0.960979266536466
"X13728.19",4635,-0.35899515768257,3309,0.0853064948532338,4076,-0.284856614915205
"X21770.18",4636,-0.359177225648245,2759,0.159794737743414,199,0.971921379863618
"X12459.13",4637,-0.36051913575695,2731,0.163792187137081,2927,0.149596043875537
"X13639.101",4638,-0.360697342870486,6168,-0.764886679598471,4027,-0.2623937188061
"X6103.70",4639,-0.360735000082621,779,0.844579807191821,525,0.927537572254335
"X18327.6",4640,-0.361655974239855,4035,-0.0948204254045989,1042,0.80894701886594
"X18859.7",4641,-0.363536502840596,3971,-0.0820556932325262,4255,-0.349475082263227
"X9180.6",4642,-0.3649528665628,205,0.956607753683829,3555,-0.0894110065560619
"X13589.10",4643,-0.367876016694443,3123,0.129943164181661,2127,0.453061453061453
"X3446.7",4644,-0.368199072121468,2626,0.182350014847151,6212,-0.924704924704925
"X24318.13",4645,-0.368589425816132,3000,0.14569939689666,3703,-0.144697144697145
"X15365.41",4646,-0.36879654892707,319,0.937873348013374,3300,0.0074503692305669
"X13406.161",4647,-0.368827819963549,3733,-0.0213797348168576,484,0.937742870315484
"X20217.26",4648,-0.369427182564413,3333,0.0779677474380339,7003,-0.999216004703972
"X3007.7",4649,-0.369626133765946,2312,0.285709327481885,1321,0.741479421067514
"X20953.34",4650,-0.37041490145225,3675,-0.00688513125158262,5275,-0.715005293510354
"X2781.63",4651,-0.370494467753014,5038,-0.291680117157052,6650,-0.971371384390829
"X22512.18",4652,-0.371103032592103,6540,-0.881400182793501,1636,0.636779806945212
"X6405.74",4653,-0.37354547314417,4953,-0.257733257485242,251,0.970913037579704
"X10447.18",4654,-0.375551456360775,5378,-0.437932455109075,26,0.987071998316598
"X9774.59",4655,-0.376258596540925,3784,-0.0326966948997408,1619,0.64069272878976
"X15431.31",4656,-0.376781143752149,3315,0.0832644378801353,2154,0.441462413728782
"X25879.6",4657,-0.377259493571282,844,0.824737021395356,2935,0.147693147693148
"X17835.28",4658,-0.377260223611778,3304,0.0876216353091074,5751,-0.832587832587833
"X8391.12",4659,-0.378423613865697,3980,-0.0835952473689691,183,0.9720528956488
"X18337.4",4660,-0.37951362350809,3247,0.100983768399863,5273,-0.714137289328152
"X3860.7",4661,-0.379706276714278,1538,0.598602439560524,4110,-0.294531838254747
"X22150.2",4662,-0.380268479612231,2664,0.175396086474698,461,0.943173943173943
"X9233.71",4663,-0.380822456554335,983,0.790238672780351,1614,0.642106093783906
"X9204.33",4664,-0.382478007018869,2448,0.241707094538921,3172,0.055889076565118
"X17744.31",4665,-0.382567657252415,1934,0.440041479599834,2119,0.458521458521458
"X7201.5",4666,-0.382684413637146,1007,0.78431523780509,5593,-0.799209046446475
"X7193.98",4667,-0.382734157135033,1644,0.557363344051447,2877,0.174504306607318
"X13387.55",4668,-0.382758154511713,292,0.941582896899882,4944,-0.605907052782244
"X10819.108",4669,-0.382808053982277,6917,-0.971613520222909,2266,0.402624922587914
"X4234.8",4670,-0.383003957426935,4531,-0.153168613507437,4964,-0.612567648432003
"X14025.18",4671,-0.383040827864219,4759,-0.194146231666781,1416,0.713874257757787
"X7753.21",4672,-0.383078351951704,2102,0.367368632746287,2452,0.332614284648311
"X10558.26",4673,-0.384060909962392,1739,0.515616503862188,2928,0.149355901442071
"X20215.45",4674,-0.384613741012574,1913,0.445993772070373,2632,0.26381582750448
"X9394.19",4675,-0.384736867979254,4227,-0.133605081196565,1948,0.51889962200756
"X21579.35",4676,-0.385236072437552,1139,0.737659290519926,4985,-0.620464396914874
"X18326.50",4677,-0.385548008586339,1349,0.662339176115468,5446,-0.763499598968156
"X15368.3",4678,-0.385744659931667,1624,0.562606774157472,1528,0.673130667508368
"X2441.2",4679,-0.386651558786963,4217,-0.132453365595244,1984,0.506705468161745
"X7849.3",4680,-0.388536926325808,705,0.863452483330698,5067,-0.648497760943757
"X21348.22",4681,-0.388688149841457,4826,-0.212314265991539,4599,-0.478723478723479
"X10043.31",4682,-0.388792616080427,5124,-0.324049685895977,108,0.972201306497894
"X21156.5",4683,-0.389068267969212,5784,-0.615687778858581,4057,-0.27462245567958
"X10785.8",4684,-0.389074821820547,809,0.834355880753702,5536,-0.786172611133592
"X24320.3",4685,-0.391144908797382,3696,-0.0116540498015881,3894,-0.218691023390082
"X13653.335",4686,-0.39183038833668,6868,-0.963411864716746,1791,0.583002899923063
"X8245.27",4687,-0.39198190890544,1876,0.460165235443425,2148,0.448422796946203
"X21395.23",4688,-0.392713172578227,1615,0.566036064586356,4838,-0.570390536124098
"X11333.82",4689,-0.393111379905217,2617,0.186505601014107,7002,-0.997761467392042
"X9794.17",4690,-0.393404452929491,3169,0.11991150181189,4273,-0.358052327750531
"X8474.6",4691,-0.393419855959492,248,0.949700935949003,6453,-0.963438611719372
"X5590.11",4692,-0.393538233951812,976,0.792564083776498,96,0.973077973077973
"X15318.75",4693,-0.39397522141542,5116,-0.321101683417348,4529,-0.450674444039373
"X20195.13",4694,-0.394700894515193,724,0.858493722861068,3511,-0.0730032967480226
"X9604.14",4695,-0.39521078706006,1920,0.444174996161674,5028,-0.636003761351456
"X4541.49",4696,-0.395957771059165,1680,0.543522517398758,604,0.907465493545863
"X9865.40",4697,-0.396341050472606,7003,-0.995877505215785,2758,0.212085444690911
"X3025.50",4698,-0.397129079034633,1971,0.423591657104595,3367,-0.0221272465668287
"X24407.31",4699,-0.400431204066538,3532,0.0287302021912082,2387,0.361096315585278
"X20547.5",4700,-0.401989821130125,3105,0.131973822736581,2646,0.256159870588467
"X9300.13",4701,-0.404974285048817,5765,-0.611263010539549,2416,0.350453412334261
"X24469.10",4702,-0.405496767533064,1294,0.684749445903227,616,0.904312257066688
"X12627.97",4703,-0.406097141312096,3690,-0.0104392828633021,5975,-0.86836071578776
"X4549.78",4704,-0.406332724142147,521,0.905494988604329,5136,-0.668136637267255
"X5825.49",4705,-0.406623567107524,3267,0.096170977482463,4394,-0.405272467827951
"X21132.9",4706,-0.406640609883518,4674,-0.173289924079735,5622,-0.80702688840228
"X7867.154",4707,-0.407280109532128,5282,-0.394081963988909,1096,0.797715570811387
"X13039.1",4708,-0.407315916940511,5969,-0.68717066524114,741,0.873013808501875
"X9385.4",4709,-0.407636492631172,3510,0.0342028200345168,2339,0.376975738145571
"X14074.2",4710,-0.408633523755567,3162,0.122163133558804,2183,0.430076344913298
"X7064.2",4711,-0.409026998439173,940,0.80185059049136,4105,-0.294264234414593
"X10037.98",4712,-0.409984357148028,4640,-0.166882823722553,5838,-0.846836716576907
"X9582.93",4713,-0.410878008013175,2726,0.165345558260979,2081,0.470915837386462
"X23200.25",4714,-0.411959540840154,1103,0.748178271533008,1458,0.698881458247026
"X24677.106",4715,-0.41347161621341,5560,-0.518439390842586,1125,0.786930950975803
"X21588.4",4716,-0.414253097836765,136,0.966924908811383,3991,-0.252043426512267
"X20994.37",4717,-0.414599293704401,1093,0.750898570042356,6921,-0.97714014380681
"X22112.30",4718,-0.414933756114348,460,0.917114883819241,3067,0.0962892821210866
"X8065.245",4719,-0.415155091827581,6341,-0.818977395302695,4034,-0.268496849074394
"X18918.86",4720,-0.416248575763108,1699,0.535472035336218,1065,0.803699539037173
"X23661.61",4721,-0.416638448961427,6925,-0.973420097509214,1795,0.582071582071582
"X10024.44",4722,-0.416654376520906,19,0.989550520524444,6892,-0.974616741283408
"X7892.132",4723,-0.416875599144606,907,0.809737143577005,3364,-0.0203572179599368
"X3324.51",4724,-0.417031022277743,5950,-0.680726653896292,6081,-0.890949544831703
"X8363.18",4725,-0.418603037163111,1754,0.512811649658155,2542,0.293975593045578
"X12822.34",4726,-0.41860375119321,6306,-0.806981422503218,4335,-0.381205079139624
"X11712.207",4727,-0.418923937881239,5856,-0.645021962214964,3037,0.108730675399315
"X2869.68",4728,-0.41898242135247,4080,-0.106110604227543,453,0.944934340744248
"X9565.6",4729,-0.419011258446983,2918,0.151934564554258,2891,0.16853551489991
"X11911.13",4730,-0.419474964973085,6838,-0.958983297918699,2993,0.126353790613718
"X24436.23",4731,-0.419960425730649,6215,-0.777107620637926,3361,-0.0192144812090074
"X8772.5",4732,-0.420169358208588,503,0.90769313830218,1536,0.671503286595169
"X5351.52",4733,-0.420501192144139,5055,-0.297660320312831,6344,-0.950642125821152
"X2683.1",4734,-0.421152569869479,2801,0.155194337386868,6367,-0.954093954093954
"X7856.51",4735,-0.421266217269063,1005,0.785221492505081,3802,-0.185143185143185
"X5441.67",4736,-0.421441388294865,4333,-0.145725755758574,3747,-0.159839095898031
"X3448.13",4737,-0.422535211267606,94,0.972966376266155,2633,0.263708876657921
"X7147.35",4738,-0.425269768699457,2872,0.153168613507437,2704,0.234923822057008
"X2635.61",4739,-0.425454120885874,87,0.974177525654721,4153,-0.310730784102241
"X24676.105",4740,-0.426676990389106,984,0.789900581398854,2735,0.221689583292235
"X10612.18",4741,-0.426861894659977,3287,0.0918897000785382,5394,-0.750449805987297
"X9742.59",4742,-0.427033404616179,4825,-0.212052396130178,6294,-0.941171941171941
"X9302.90",4743,-0.427345719618403,6963,-0.980640857046998,396,0.955921855921856
"X3858.5",4744,-0.427395963916132,1795,0.495910284641104,2147,0.44859376746694
"X10078.5",4745,-0.42769912562871,6562,-0.888226016065775,8,0.993908477933495
"X7960.53",4746,-0.427987268253513,6937,-0.975345631103824,5393,-0.750435838471818
"X19575.4",4747,-0.428004326131308,4420,-0.1512165548301,4211,-0.335306070111065
"X8897.3",4748,-0.428325924946709,2739,0.162756336458725,4498,-0.438924954381109
"X6485.59",4749,-0.428373988421684,3663,-0.00374384391595838,4204,-0.331569368612628
"X16618.7",4750,-0.428809330678662,1187,0.717333322835328,3668,-0.127929614630606
"X22952.28",4751,-0.429109519463641,5214,-0.362555869638154,600,0.908477312657292
"X6556.5",4752,-0.430069070619178,877,0.817527960727038,5014,-0.630897382052359
"X2449.1",4753,-0.432382583077862,5044,-0.294393946989885,232,0.971170217817484
"X8257.71",4754,-0.432779409915154,4736,-0.190309630595159,1425,0.711193711193711
"X3766.51",4755,-0.43379912985768,1211,0.707241167873078,1109,0.791389661544127
"X12707.26",4756,-0.434087948283067,2826,0.153168613507437,4682,-0.513667777975051
"X13497.34",4757,-0.434845695041153,5737,-0.601206648881593,1034,0.810932907222189
"X13109.82",4758,-0.435077305016838,3176,0.119205272474152,3204,0.0470234689918657
"X16932.5",4759,-0.436545977435292,6534,-0.87873228707584,3222,0.0399347681705497
"X18831.6",4760,-0.436681169038665,3076,0.135524660799594,3163,0.0608720811715426
"X23291.18",4761,-0.437819464734318,2364,0.269847198223674,5070,-0.649009273014645
"X23580.2",4762,-0.437858988849451,1476,0.620121568321643,4237,-0.344853829968214
"X12636.113",4763,-0.437890412107492,2522,0.216966476618441,6596,-0.971170217817484
"X15567.2",4764,-0.439306526148776,3646,0.000312971795139292,5080,-0.653534815516232
"X18416.3",4765,-0.439707850686584,4899,-0.238117458321925,3691,-0.13955913955914
"X4125.52",4766,-0.440558711989665,3892,-0.0629703188572396,6971,-0.990722208172261
"X21144.160",4767,-0.441806152703375,1386,0.649705226292873,493,0.934865042701995
"X17786.5",4768,-0.443178456095734,3129,0.128919551577462,3764,-0.167794414524603
"X23572.186",4769,-0.445666713878791,3556,0.0222167375602081,4131,-0.301887909096289
"X10910.6",4770,-0.447491220319197,6867,-0.963402346403338,789,0.863404482853303
"X23395.5",4771,-0.448543639224994,2597,0.19448304641028,3889,-0.216139216139216
"X7775.15",4772,-0.450664625140581,2328,0.280011337846164,3593,-0.102067102067102
"X5105.2",4773,-0.450882432465649,1758,0.511411937065031,2585,0.279135678259783
"X10565.19",4774,-0.451208121328319,1743,0.514503979072226,3265,0.0193130930539938
"X19209.6",4775,-0.45200893936902,6612,-0.904467023860608,4,0.995210896905398
"X11342.59",4776,-0.453182884031286,2719,0.16668530594773,3880,-0.213930550750592
"X17145.1",4777,-0.453208135369674,5808,-0.625528883368231,2486,0.317277607971502
"X17832.12",4778,-0.453617125984252,6878,-0.96462890308923,1631,0.637837879500243
"X22511.28",4779,-0.453801342083917,2575,0.199411850387966,2104,0.463270929093264
"X17411.55",4780,-0.454630722502872,1987,0.414994695226491,832,0.855674577341145
"X6533.20",4781,-0.454926585147066,5455,-0.47215737529378,1952,0.518305215816358
"X18928.10",4782,-0.456492316989494,3116,0.130360906298161,5309,-0.724250853208656
"X21643.8",4783,-0.456972199690288,6670,-0.920579962325282,414,0.952705911082771
"X17855.28",4784,-0.457549836541061,5539,-0.51117778403372,560,0.920619738564752
"X8766.29",4785,-0.459173974077315,6575,-0.893182405837906,5876,-0.851623891157536
"X24678.10",4786,-0.461218738038055,6437,-0.853611871669754,5332,-0.730419891179467
"X5749.53",4787,-0.461270198983992,1471,0.623810123692022,6804,-0.9720528956488
"X20396.70",4788,-0.461289083893061,1854,0.466084136021174,4413,-0.412571593905559
"X21369.15",4789,-0.461334831534941,2295,0.291338995949859,4873,-0.581542510744935
"X8686.342",4790,-0.461355537187843,2672,0.174687342128503,859,0.850199620797558
"X15670.15",4791,-0.461691615662562,1380,0.651759527905613,1782,0.586251339817062
"X23526.25",4792,-0.462371971827352,359,0.93195717601022,4416,-0.412889965200757
"X12477.42",4793,-0.462566014290152,3469,0.0464320188766937,1149,0.779583028247717
"X5228.25",4794,-0.462767003416661,1798,0.495034881164942,5349,-0.737060490685395
"X7249.37",4795,-0.463240174028464,6836,-0.958693148818412,865,0.849401274387958
"X24948.79",4796,-0.463350785340314,5584,-0.530641049867147,3020,0.114023484401392
"X23268.15",4797,-0.463744122072052,6192,-0.770692061342472,2679,0.243018105103211
"X20066.19",4798,-0.464309432608265,1896,0.451137446058563,4448,-0.423263827240865
"X12437.18",4799,-0.464377012511368,2159,0.344573462548542,3757,-0.165229856713552
"X9172.69",4800,-0.467744920485941,4716,-0.185603336073435,6577,-0.970911949685535
"X11573.3",4801,-0.468549516997272,1601,0.570874902143774,4741,-0.534328907827162
"X10955.4",4802,-0.468598677580316,5025,-0.287051654023156,1112,0.790048200535269
"X15486.126",4803,-0.469248412021706,5508,-0.500171248381014,1976,0.509131509131509
"X15570.99",4804,-0.470530692100758,3089,0.13452192082557,5206,-0.693803966906319
"X12936.38",4805,-0.470630225717968,6355,-0.823734142147105,121,0.9720528956488
"X21685.29",4806,-0.470669567141066,1955,0.430794001976246,2566,0.284277945460404
"X16756.30",4807,-0.471351670230809,354,0.932965294929792,4490,-0.435896324236052
"X9942.2",4808,-0.471849421134135,1389,0.648094631366134,5094,-0.65571134943731
"X5337.64",4809,-0.472099945499518,4318,-0.143331992019181,6541,-0.970124179254924
"X25437.18",4810,-0.472752024671121,4062,-0.101617490734622,2706,0.234538757402471
"X7763.25",4811,-0.475299027053523,1027,0.777790025451103,5200,-0.692181416109295
"X24947.40",4812,-0.475318376337116,5880,-0.651926241447456,915,0.837683217928232
"X19142.39",4813,-0.475329583860066,3648,0.000108260683853214,3113,0.0811715129709222
"X23337.54",4814,-0.475416646994948,6406,-0.842039895979453,150,0.9720528956488
"X8088.56",4815,-0.475522742219593,5429,-0.460042930609196,3310,7.46182597665127e-05
"X18839.24",4816,-0.475989487433706,1060,0.766261643309932,4905,-0.5944158407782
"X25065.22",4817,-0.476139172736526,1704,0.533367526773078,1382,0.725118857390858
"X23384.19",4818,-0.47648280608608,4751,-0.192457970249964,5462,-0.767625172130758
"X22123.15",4819,-0.476902434349243,6698,-0.925397939829611,4978,-0.617232734435623
"X5493.17",4820,-0.477582242517471,1852,0.467125167065919,5943,-0.863544478964577
"X6526.77",4821,-0.477744134661992,2431,0.246602185918327,2678,0.243651126977461
"X5093.47",4822,-0.477920753140132,73,0.976055593905341,1531,0.672788726466894
"X10035.6",4823,-0.478133838131387,3563,0.0201382177352526,3392,-0.0298614027719446
"X15637.38",4824,-0.479155912789126,111,0.96966167776668,3878,-0.212536084643559
"X22414.127",4825,-0.479325810868231,5954,-0.683576738418748,1954,0.517192401017932
"X22397.2",4826,-0.479328448698434,2348,0.276069896200725,4685,-0.515508998967601
"X17764.108",4827,-0.479377135412826,5029,-0.287664523792078,2174,0.434284850039126
"X16288.17",4828,-0.480076880409685,863,0.820934666127639,2008,0.498754024919502
"X13748.4",4829,-0.480207295324891,4029,-0.0935370542480207,4214,-0.336700137433996
"X12595.11",4830,-0.480300503962381,1781,0.502606578775268,2171,0.434432626163362
"X4801.13",4831,-0.480456989513829,2676,0.174133649100378,2217,0.41962083999132
"X5661.15",4832,-0.48116308664711,5244,-0.372309727301716,4766,-0.542443431772899
"X25072.11",4833,-0.481352784728451,3218,0.108229949596813,6135,-0.902033008404729
"X7199.3",4834,-0.482193850416826,2044,0.392038489210079,2945,0.14372218047286
"X24427.33",4835,-0.482707764914092,2385,0.262256502804501,2556,0.288757288757289
"X22787.39",4836,-0.483038204171047,5568,-0.521420390345109,1197,0.769071432798722
"X9327.3",4837,-0.483052421195096,6021,-0.708031730483709,748,0.870430648438579
"X7930.3",4838,-0.483397017443361,6571,-0.892286736714472,1301,0.746345505119252
"X18317.111",4839,-0.483560686655294,1335,0.667608532257222,5929,-0.86167169714545
"X9547.29",4840,-0.484046567125673,1402,0.643622588231431,6063,-0.886133633189324
"X9412.52",4841,-0.484704913600275,533,0.903377823369031,864,0.849461052660141
"X24252.85",4842,-0.485991073501716,3882,-0.0585787612462352,3623,-0.112215843706641
"X8036.75",4843,-0.486384510203555,5748,-0.603994228721363,3340,-0.0119592719971238
"X20081.14",4844,-0.48725438047067,1959,0.430289413235315,6930,-0.978089811423145
"X20093.9",4845,-0.487285844210112,6700,-0.925544427690516,6221,-0.927679469728354
"X13712.104",4846,-0.487494776688052,3457,0.0495263102987404,5574,-0.7944532332806
"X7084.1",4847,-0.487558370527076,1253,0.69523969784589,2759,0.212011759764805
"X13655.34",4848,-0.487851190915124,4030,-0.0943344231575508,3412,-0.0377639803725299
"X8366.19",4849,-0.48845983920849,1383,0.65105091391521,2410,0.352435219101886
"X23413.38",4850,-0.488656195462478,2074,0.381982097854878,4759,-0.539198328550981
"X9366.54",4851,-0.488711501118403,3820,-0.0422433188395242,3706,-0.145555095250307
"X24910.18",4852,-0.488945013887865,4225,-0.133427686659545,3560,-0.0904034134462104
"X13985.12",4853,-0.489168332865145,6493,-0.86828620621015,1767,0.592195853307293
"X20579.50",4854,-0.489175799618525,2973,0.147511270337705,2168,0.43542903737021
"X14088.38",4855,-0.490389106014797,6432,-0.852465591244423,728,0.876388313507329
"X11143.32",4856,-0.49063490893002,4604,-0.159030346035039,2437,0.337502383723606
"X18319.7",4857,-0.491492468048061,1468,0.626291412947487,2582,0.279781534926059
"X25963.2",4858,-0.492554039443467,5148,-0.335987424532832,4557,-0.459864670257048
"X11825.27",4859,-0.492884005604307,6496,-0.86914067772426,2788,0.201910227450023
"X11137.43",4860,-0.493320305778827,6598,-0.899432723121835,1688,0.618673950114165
"X3388.58",4861,-0.493387134340948,4245,-0.135934348595691,2411,0.352354206095633
"X5098.79",4862,-0.494043403679398,2377,0.264109614398266,1151,0.779434876671072
"X18243.9",4863,-0.494051569451614,6630,-0.910469748446834,1167,0.776186436777074
"X12803.9",4864,-0.494162180763464,5149,-0.336111362625336,3801,-0.185100768568076
"X9005.16",4865,-0.495108521987071,1130,0.740136285281267,4290,-0.366790949083664
"X5693.6",4866,-0.495469056730979,6783,-0.947005094504567,6356,-0.952483952483952
"X24683.11",4867,-0.496588065323392,1865,0.462448275995048,6144,-0.906045123065896
"X20057.177",4868,-0.496761238094639,35,0.984465576055099,5825,-0.844469432443629
"X21382.70",4869,-0.496807540285801,4853,-0.222516177469522,3918,-0.224821377646578
"X21331.19",4870,-0.497271742215113,6343,-0.819431643329001,1385,0.724158792159029
"X10361.25",4871,-0.498070591790101,5408,-0.450530855538563,1937,0.526227535459944
"X11278.4",4872,-0.498205638718875,2514,0.220483414964361,1679,0.621061621061621
"X22125.9",4873,-0.498505267842458,5161,-0.341958821328994,5749,-0.832180165513499
"X11596.47",4874,-0.498648083966276,2649,0.177949859048471,2576,0.281888308670148
"X14294.61",4875,-0.498733079497568,5343,-0.41950165367467,1356,0.73191823899371
"X3889.64",4876,-0.498814000934051,2067,0.384197483234357,405,0.954482386748469
"X5852.6",4877,-0.499192559741897,1875,0.460314127881802,4250,-0.348773286513714
"X24236.46",4878,-0.499293316618735,2347,0.276189021571803,1812,0.573875704431424
"X22147.19",4879,-0.499564074721055,3593,0.012199594674178,4047,-0.270940516792878
"X13557.3",4880,-0.499738758757877,3630,0.00463746663622263,1292,0.748482196761568
"X7881.244",4881,-0.500234644035084,6491,-0.867670013562111,365,0.95928584026374
"X13650.11",4882,-0.500453095724131,3231,0.10453322293521,1957,0.516311245257212
"X25493.11",4883,-0.501672182728072,3728,-0.0196439295165853,1522,0.67564853005343
"X18268.5",4884,-0.502666961630165,992,0.788218481870272,3960,-0.241035555292524
"X9723.105",4885,-0.50359486763513,5456,-0.472746849122006,1300,0.746371808276288
"X14271.23",4886,-0.504567000509893,1570,0.583442919451311,638,0.898627632781625
"X8960.3",4887,-0.505315488041688,2943,0.150149049975126,3471,-0.0598641947672249
"X11444.49",4888,-0.505780598473342,4402,-0.150469131422357,2064,0.475997144017136
"X19225.11",4889,-0.50642160116019,5628,-0.556890989364864,50,0.976849041879823
"X21106.206",4890,-0.506734999877099,6349,-0.821563146228188,462,0.942613942613943
"X3401.8",4891,-0.507278489976929,5974,-0.689043678179399,5924,-0.859948840359564
"X17516.7",4892,-0.509211464247966,6803,-0.951833932374605,792,0.862540531007068
"X6264.9",4893,-0.50982330020081,4567,-0.155386045220181,1676,0.622549696527326
"X2867.52",4894,-0.509968084503673,5085,-0.311343948129354,4330,-0.378403792915245
"X6423.66",4895,-0.510692426812182,1058,0.766888152744409,3482,-0.0633445779329664
"X5480.49",4896,-0.511637598716426,714,0.861695909103364,4847,-0.57354444452735
"X3836.51",4897,-0.512412067418913,919,0.807005042969565,4999,-0.626409258028192
"X7219.152",4898,-0.513612871954022,1369,0.65556536795869,6246,-0.932598160094165
"X2953.31",4899,-0.51393088022024,2638,0.180513864256849,4739,-0.534000118364207
"X22121.43",4900,-0.514213553572745,1068,0.763641061436356,6297,-0.941633294536177
"X12515.45",4901,-0.514437473746968,6907,-0.969714565786081,2134,0.451569357672453
"X23311.19",4902,-0.514711304476071,5821,-0.631775217983178,1993,0.503009939801204
"X7092.7",4903,-0.515092189831106,1083,0.755210070860983,5250,-0.706498439831773
"X12593.33",4904,-0.517015706806283,4041,-0.0958740344531042,688,0.886856970007825
"X13416.8",4905,-0.517150898409655,988,0.789225330742193,2721,0.228772800965967
"X16551.14",4906,-0.517553522979787,6176,-0.766938285983132,307,0.966384565307451
"X23699.61",4907,-0.51763635916722,2224,0.319213515657447,3453,-0.0521262814569319
"X5614.44",4908,-0.517669181629207,6009,-0.70313853124782,3669,-0.128720662053995
"X18389.11",4909,-0.518688122803057,1842,0.4721928059933,4218,-0.338475600533954
"X17511.10",4910,-0.519504461322911,6679,-0.922942013609352,3430,-0.0444010444010444
"X9290.8",4911,-0.519565912051717,4421,-0.1512165548301,1709,0.61102179531533
"X9416.77",4912,-0.520309465870265,2712,0.168274501853226,3116,0.0809282384118154
"X12678.66",4913,-0.520801727339683,3153,0.124099047854105,2228,0.41601730747733
"X12834.3",4914,-0.521451974923248,336,0.93483450246617,3225,0.0384650384650385
"X12446.49",4915,-0.521457969885334,3061,0.137753206963281,4313,-0.374856502869943
"X8321.27",4916,-0.522071529065174,235,0.951432288847378,5003,-0.627695584634065
"X8569.147",4917,-0.522294324410687,4908,-0.242017742941896,3381,-0.0274802233138032
"X11565.58",4918,-0.522299930125836,922,0.806296428979163,4565,-0.465759465759466
"X15523.9",4919,-0.522406633391497,5454,-0.47155303235597,1264,0.754844977195265
"X15559.5",4920,-0.524703192979869,2483,0.230462498409234,5447,-0.763758195077364
"X21763.46",4921,-0.525296335698144,4303,-0.142151756803487,2131,0.452264987993325
"X25251.6",4922,-0.52547747216282,6724,-0.933731571214266,512,0.929981413395922
"X11402.17",4923,-0.525532827460326,6472,-0.862871382623998,1647,0.62999622002268
"X23542.8",4924,-0.527351719391392,3091,0.134167884194512,956,0.831542548351194
"X4162.54",4925,-0.527499858227274,1772,0.504961050137111,265,0.970250178498929
"X4859.6",4926,-0.528406360754493,2983,0.146936666293881,3072,0.0949872758477836
"X25215.1",4927,-0.528539951664275,5660,-0.570099238564121,59,0.975428630740632
"X10847.1",4928,-0.530428007655697,5325,-0.413264629396657,53,0.976400369963582
"X21748.36",4929,-0.530620898163852,264,0.947062493971848,2802,0.197240798826879
"X14026.24",4930,-0.53102647297397,2900,0.152241779093525,1719,0.607136046503982
"X8970.9",4931,-0.531610190296934,1941,0.43736049162064,2310,0.38669217254455
"X8945.7",4932,-0.531966628935564,5275,-0.389972547900497,2062,0.477224753901087
"X10075.75",4933,-0.531978959270457,449,0.918902905913592,6203,-0.922379383585515
"X16828.8",4934,-0.532020382867374,2398,0.258994938050041,2028,0.489820850884995
"X24960.48",4935,-0.53214526272056,1860,0.463681564619691,5177,-0.684533086083657
"X23301.2",4936,-0.532378389007694,2437,0.24540089836507,4786,-0.547921881465503
"X5758.49",4937,-0.532740948307647,1189,0.716207304798522,326,0.964214554851946
"X13129.40",4938,-0.533064328295259,4380,-0.149114329187277,3390,-0.0296641499962691
"X17737.7",4939,-0.533171103409287,4905,-0.240932887187371,2724,0.228040185324623
"X14086.11",4940,-0.53326576732533,2603,0.191292499507631,6073,-0.888644668131991
"X13661.193",4941,-0.533500776628441,870,0.819446540247808,3148,0.0681679127307457
"X3440.7",4942,-0.533742292669262,3768,-0.0294783443690732,4447,-0.423133017223251
"X5253.1",4943,-0.533977451562137,1273,0.690199645391557,4790,-0.548953463139413
"X22050.19",4944,-0.534154824292212,1647,0.555335384541181,3819,-0.191873558540225
"X3593.72",4945,-0.534681101882088,756,0.850476412701199,6526,-0.969290132377594
"X14077.6",4946,-0.535222259487629,3090,0.134436640239552,3641,-0.118791463728988
"X6570.1",4947,-0.536108448246196,4540,-0.153168613507437,3961,-0.241324890019925
"X15641.20",4948,-0.536120738391957,1760,0.509866607020967,1673,0.623023153353981
"X4915.64",4949,-0.536451021988329,316,0.938399216907894,2093,0.466861310028736
"X6371.50",4950,-0.536892333979288,5902,-0.66143012461992,4326,-0.377107050091334
"X13549.15",4951,-0.536895017574909,2506,0.222564585108886,2476,0.320944546369178
"X14039.33",4952,-0.537577821562789,6986,-0.984994777312399,3571,-0.0945006674426098
"X23176.17",4953,-0.537803662819384,1679,0.544130747486589,2406,0.354441616855063
"X3497.13",4954,-0.538062581422216,1249,0.696188716936165,1488,0.689227689227689
"X6900.30",4955,-0.538453524110507,4972,-0.265320015241879,2225,0.417600601186476
"X18886.28",4956,-0.538726249293317,1307,0.678403413944736,3778,-0.173567957494098
"X23225.26",4957,-0.539288593634106,2579,0.199037962318823,480,0.938690924384569
"X8918.64",4958,-0.539291595998329,1493,0.614304582576329,4761,-0.539347565070514
"X21391.17",4959,-0.54071271646827,5386,-0.440721370462155,2801,0.197253950405397
"X24720.10",4960,-0.541799020287593,6399,-0.840240793801989,854,0.851334556430136
"X9983.97",4961,-0.542701926890222,6381,-0.834112969468857,2038,0.486351949392726
"X21929.53",4962,-0.54291684941049,1898,0.450703878514262,4239,-0.345025086636023
"X22417.10",4963,-0.543138411621562,4107,-0.111624638556944,388,0.956560336154347
"X24946.9",4964,-0.543858213441522,2971,0.147929541092656,1578,0.655323430194709
"X13007.66",4965,-0.543918291550603,6850,-0.960951355522181,329,0.964043584331209
"X13449.25",4966,-0.543973510767546,3832,-0.0445168161642031,3377,-0.025030525030525
"X12389.4",4967,-0.545018803923015,2976,0.14732230659175,1332,0.738757044314244
"X3414.40",4968,-0.545861341899493,1979,0.417687433690331,4686,-0.515850940009075
"X2619.72",4969,-0.546440881856247,4472,-0.152708583891204,3068,0.0958947347655402
"X9176.3",4970,-0.546870719725332,498,0.908687522552568,5636,-0.811549800566507
"X8329.166",4971,-0.547433156287388,3115,0.130374310032629,3964,-0.242615180068212
"X3342.76",4972,-0.548724282869995,6359,-0.824925097475888,1545,0.669359707496422
"X21385.5",4973,-0.549028874340272,753,0.85133633310758,5112,-0.661450171961171
"X23596.17",4974,-0.549204752138075,1705,0.533336675549248,2746,0.218115637687246
"X23326.10",4975,-0.549234093327744,4020,-0.0919015103349586,1512,0.6788780022544
"X15634.139",4976,-0.549271194356365,1732,0.520834217092349,1694,0.615539905177119
"X19560.23",4977,-0.54964604380208,1365,0.656371356181235,2401,0.355914593649103
"X24649.11",4978,-0.549716371751336,5961,-0.685558909472381,4288,-0.366167802993182
"X11372.2",4979,-0.549823751063571,2653,0.177055078990776,364,0.959525959525959
"X11538.216",4980,-0.551404762519027,5096,-0.316399008430057,1142,0.781310373792524
"X3797.1",4981,-0.551907042225593,2061,0.385906033663168,890,0.843074941550351
"X21219.7",4982,-0.552798466189809,4981,-0.269450732523746,4527,-0.450212662040334
"X5656.53",4983,-0.553126854312324,3082,0.135493166782473,5934,-0.862132589864127
"X5112.73",4984,-0.553154880416882,1031,0.775908279311555,3274,0.0172614468051528
"X10885.36",4985,-0.553183051423607,4892,-0.235894850827079,225,0.971170217817484
"X2760.2",4986,-0.553384490453679,234,0.951542517907301,2924,0.15068421087241
"X21306.7",4987,-0.554285034436263,1459,0.628001197766046,6756,-0.9720528956488
"X25039.10",4988,-0.554750498876348,3602,0.0107632207135117,344,0.961863961863962
"X16043.30",4989,-0.554876398270142,2735,0.163293769619409,2926,0.149954839408938
"X7082.2",4990,-0.555140786997111,6897,-0.968192388231801,904,0.83945868102819
"X13088.397",4991,-0.555264732029254,6529,-0.877170121802392,5379,-0.745306530416313
"X21577.35",4992,-0.555360961581004,2930,0.150822879616088,5906,-0.857292221498885
"X9255.5",4993,-0.555915068268946,6731,-0.935690623927438,1913,0.533649443415617
"X7231.37",4994,-0.556541137201117,3288,0.0915661463827063,1010,0.820590569608661
"X8446.4",4995,-0.557198425576776,283,0.943040928004813,3052,0.0999322693706312
"X21240.6",4996,-0.557758168052709,3303,0.0879178075001968,1569,0.658413658413658
"X17166.4",4997,-0.557783769867617,1480,0.618902544840326,3131,0.075264466154113
"X6055.53",4998,-0.558338631599489,5299,-0.399103000667158,651,0.896549683375747
"X18183.3",4999,-0.559250540165758,1064,0.764643726210814,4587,-0.47183260670862
"X18242.8",5000,-0.559325565646217,4883,-0.232390699898577,5287,-0.718431718431718
"X21354.92",5001,-0.559472015338102,5410,-0.45168128842024,6433,-0.961386965470531
"X21387.64",5002,-0.559803849273652,4795,-0.204049994408216,5618,-0.806421915790443
"X15636.49",5003,-0.559908315512622,836,0.826292184228083,4655,-0.503080757267891
"X2831.29",5004,-0.560081126885783,2407,0.25523601574396,4146,-0.306501917595619
"X20926.31",5005,-0.560214532567026,3166,0.120984418993032,3206,0.0461554648096638
"X22782.80",5006,-0.560522822800678,1502,0.612296526537837,608,0.90667639883477
"X17727.1",5007,-0.560920951166926,2666,0.175262236901934,1277,0.751661918328585
"X24314.9",5008,-0.561360217050555,859,0.821193729903537,4830,-0.567581567581568
"X13723.6",5009,-0.561674965535041,2345,0.276341756532434,3256,0.0216146192946808
"X25061.8",5010,-0.561964534140768,4753,-0.192983146797262,4307,-0.37279880613214
"X20225.119",5011,-0.562476955976698,3669,-0.0051367287676093,2326,0.382151992792935
"X14021.81",5012,-0.562663863188548,4212,-0.131969773617068,4971,-0.614632446259362
"X6961.14",5013,-0.563361846471499,5235,-0.36897826135014,181,0.9720528956488
"X13958.5",5014,-0.564043949561242,1748,0.513923542954545,4193,-0.328401491389004
"X7251.64",5015,-0.566028808101664,3111,0.131352941857012,182,0.9720528956488
"X11422.2",5016,-0.566993885606667,5076,-0.30821282926777,5399,-0.751163751163751
"X7945.10",5017,-0.567202517021852,2975,0.147403291054302,2367,0.368974111117687
"X24665.48",5018,-0.567233242386255,4954,-0.257888251573714,2462,0.326481360925345
"X12367.52",5019,-0.567284125796548,1063,0.765137766369967,4476,-0.431707140649557
"X19797.4",5020,-0.56740530442691,760,0.850277442607075,3174,0.0547697487390924
"X15388.24",5021,-0.568609738711501,6943,-0.977108391918522,4906,-0.594615743754644
"X8358.30",5022,-0.568695769731829,342,0.93451056461596,3902,-0.222198103352372
"X9715.15",5023,-0.568783343562627,1454,0.629413837290097,2636,0.262341112492027
"X13691.10",5024,-0.568915920641882,6616,-0.905288627722088,2399,0.356722766031055
"X7019.13",5025,-0.568996878302977,769,0.847486974998939,4500,-0.441320944546369
"X23202.78",5026,-0.569601687046567,4132,-0.117292496596724,3030,0.11126893005333
"X2794.60",5027,-0.569983096606788,2517,0.217723686378855,452,0.945039553372394
"X17408.2",5028,-0.570027492485862,3986,-0.0844628509115532,5238,-0.703971119133574
"X20979.86",5029,-0.570304009494048,3454,0.0503757454370837,3437,-0.0457545601931935
"X25419.59",5030,-0.570567517633617,6256,-0.792720644535057,1706,0.611476067414991
"X5017.19",5031,-0.57063801243518,6041,-0.716866749707877,1599,0.64877394409264
"X5097.14",5032,-0.571031449137019,1292,0.685367064917155,3688,-0.138416871866881
"X7782.34",5033,-0.571123715039312,1970,0.423739356027353,3975,-0.245467637253161
"X2618.10",5034,-0.571657694860261,2474,0.233215678226965,4785,-0.547796124229811
"X21166.1",5035,-0.571762161099231,2357,0.271858324163982,6986,-0.993840601830182
"X7227.75",5036,-0.571823611828036,712,0.86206803466135,5897,-0.855977063647064
"X9094.5",5037,-0.573218807089516,5556,-0.517685204186333,5292,-0.719608069830626
"X9368.64",5038,-0.574258609944793,6416,-0.845352565679789,4086,-0.287697355875139
"X5062.60",5039,-0.574592243338348,1150,0.734274552753664,2086,0.469116711948668
"X10451.11",5040,-0.575836344419045,4639,-0.165957396552199,531,0.925562065586922
"X23663.28",5041,-0.576582358081982,1495,0.613848679419094,1414,0.714159736260158
"X2979.8",5042,-0.576592188383354,1930,0.440563993938834,2873,0.175882635313303
"X8839.4",5043,-0.577354177420544,293,0.941559029513773,5640,-0.812511096644375
"X16918.198",5044,-0.577445194592638,2503,0.223057351977717,5913,-0.857981101229845
"X12970.35",5045,-0.578033544991631,6429,-0.851043219974517,2655,0.253595312777416
"X18204.1",5046,-0.578035591758626,3250,0.100137460912065,4046,-0.270784425900719
"X23162.36",5047,-0.578322928612267,2399,0.258043332827141,2015,0.495349925720914
"X20574.8",5048,-0.578374020445677,3916,-0.0684560482172453,4474,-0.431305431305431
"X9068.17",5049,-0.578687658235627,5421,-0.45642843094532,2484,0.317919641607168
"X17336.54",5050,-0.579005017090843,5125,-0.324060988044107,3672,-0.129774720690287
"X14268.4",5051,-0.579228424649116,2179,0.332834571881423,1762,0.59347155642356
"X6290.3",5052,-0.579321089655824,4920,-0.24502813245973,1739,0.601862263518179
"X9890.8",5053,-0.579779298362678,6495,-0.868731899008519,1077,0.800543160192802
"X22467.94",5054,-0.580685773997998,6578,-0.894030505892334,1193,0.770426045386097
"X17774.38",5055,-0.580752402723496,3086,0.134716035579946,5548,-0.788470011113084
"X12904.180",5056,-0.581944767935942,5256,-0.379185997759988,2150,0.445760412427079
"X12406.119",5057,-0.583142124230836,731,0.857274525758844,6240,-0.931348760134935
"X7054.87",5058,-0.583161271292678,3285,0.0919443598178235,921,0.836802062167512
"X22954.10",5059,-0.583788068726495,5606,-0.542936765593128,1746,0.600586560401912
"X12652.37",5060,-0.583794213799376,3209,0.110231422742751,1563,0.660741880544212
"X9372.157",5061,-0.584464026743357,6802,-0.951463782864499,791,0.86277642974098
"X12849.25",5062,-0.585385787675442,5391,-0.444797519561604,4285,-0.364594635471122
"X13027.20",5063,-0.585640205361059,1790,0.499392616530857,4045,-0.270436923828324
"X7870.8",5064,-0.586541061376988,1809,0.490081372506565,1604,0.646406659959362
"X19264.6",5065,-0.587044957353194,6104,-0.740614479250624,1955,0.516717881926779
"X5813.58",5066,-0.587229309539611,6543,-0.881731364400036,5654,-0.815457050232454
"X13602.6",5067,-0.587318479533295,3338,0.0771775326421393,2893,0.168287168287168
"X21905.10",5068,-0.587547290959794,535,0.903226758891647,5346,-0.735350785478027
"X20553.2",5069,-0.587563204978608,3751,-0.0253739981832651,3353,-0.0153790153790154
"X23161.3",5070,-0.588593550823851,3313,0.084798445098319,4141,-0.304311913761725
"X8406.17",5071,-0.589857544835922,173,0.959497100045418,6360,-0.953669158447408
"X13457.33",5072,-0.591979450876287,6839,-0.959049904238504,5345,-0.735145878697843
"X6441.62",5073,-0.592102352333899,3949,-0.0776023971400916,4492,-0.436954620478323
"X5755.29",5074,-0.592149350670291,6776,-0.945999570894017,4371,-0.397666263010899
"X23364.3",5075,-0.59236923774212,3014,0.143205102955421,2512,0.305438835296206
"X9027.10",5076,-0.592532507435538,2373,0.265966451064299,2350,0.373373672143158
"X10432.3",5077,-0.592962662537178,3317,0.0826928490719566,2941,0.145341817145803
"X12411.60",5078,-0.593128579504953,3094,0.133794194876721,2113,0.460114550248894
"X19129.15",5079,-0.593344958044027,5562,-0.519632750390931,752,0.869906455836165
"X9369.174",5080,-0.593915148833665,781,0.844124191601526,3442,-0.0470629237274204
"X6561.77",5081,-0.593971175551311,6434,-0.85306209925033,4582,-0.470495261740505
"X6289.78",5082,-0.594799096042353,5702,-0.586783602696174,6535,-0.96973196973197
"X8243.55",5083,-0.594824619619989,2525,0.216679714163411,4653,-0.502396875184944
"X6957.14",5084,-0.595848973852921,2194,0.326988264965736,4851,-0.574458848029739
"X8948.13",5085,-0.596165104465022,5109,-0.320067790871853,4835,-0.569247569247569
"X9310.2",5086,-0.596462238169428,6100,-0.739122051297872,12,0.992069598153518
"X21957.12",5087,-0.596573886851839,1976,0.420305504243972,657,0.894593894593894
"X7204.1",5088,-0.596780585957745,5845,-0.639867763944573,3011,0.119399119399119
"X21247.16",5089,-0.596964821056554,2691,0.171217612220859,766,0.867814643707126
"X22799.17",5090,-0.597392623554518,6228,-0.783135178493612,1872,0.547441031609819
"X4546.27",5091,-0.59766978836369,3658,-0.00246809790635882,4424,-0.416806402188423
"X7153.66",5092,-0.597970896934838,6869,-0.963595555881207,4843,-0.571232237149264
"X6493.9",5093,-0.598044853364002,2339,0.278325860693378,617,0.904164447337792
"X5719.66",5094,-0.598747456375428,3588,0.0132313186198705,1138,0.782399305604166
"X24698.12",5095,-0.599079675431363,1836,0.473990490110255,4278,-0.358988447736692
"X5087.5",5096,-0.599863579382051,2542,0.210548033427301,3985,-0.249465717122698
"X2858.29",5097,-0.600727533063088,6296,-0.804943137338079,3134,0.0744313586238188
"X11293.14",5098,-0.600846791042942,1204,0.708571626900725,393,0.956007969856582
"X11285.8",5099,-0.600914778229071,290,0.941858473763529,3647,-0.121500801578493
"X5107.7",5100,-0.601166334832731,987,0.789367125707168,2360,0.370552300539872
"X12766.33",5101,-0.601826912590428,5327,-0.414277503346101,4363,-0.393597753312033
"X14192.31",5102,-0.60215287285775,5964,-0.686470581429877,1582,0.654521183905098
"X17397.8",5103,-0.602681648647373,3688,-0.0102580319233039,3039,0.107757458588967
"X13624.17",5104,-0.602936115822334,1580,0.58002582494154,3234,0.0331354020766342
"X24941.14",5105,-0.603280239903645,5461,-0.475531403927275,352,0.961065961065961
"X11836.144",5106,-0.603372415996854,2354,0.272022953310529,4325,-0.37697027085676
"X24426.15",5107,-0.603907037337463,2625,0.182559373197975,685,0.887514548933736
"X19372.7",5108,-0.604288031856058,679,0.870705249462141,4600,-0.479079126472155
"X17729.20",5109,-0.604724332030578,5015,-0.284065807398093,5039,-0.638538034704039
"X14127.240",5110,-0.605037247250798,4156,-0.122336963967667,5616,-0.805933164401013
"X12698.72",5111,-0.605043875820367,4340,-0.146257927619018,3782,-0.174567477461482
"X2998.53",5112,-0.605280220575738,815,0.832358306113556,3792,-0.180718641676333
"X8775.61",5113,-0.605320404099993,4824,-0.211950381273694,3600,-0.104852221928271
"X5339.49",5114,-0.606454981691277,4053,-0.0985656321781265,4845,-0.572504190993699
"X13603.7",5115,-0.606842610515714,5128,-0.325232809679686,2630,0.264074021313688
"X11175.45",5116,-0.607319790755207,3650,-0.000202742735216019,2731,0.224648446244327
"X23624.34",5117,-0.607644207668071,2671,0.174722467311187,4725,-0.529864262602006
"X21375.34",5118,-0.607961283292202,823,0.829812718426505,3162,0.0612136916794421
"X3620.67",5119,-0.608043712269525,2908,0.152209685927769,1319,0.741591935855866
"X17153.46",5120,-0.608670724020413,2591,0.195523088538372,4651,-0.501668606309104
"X11616.9",5121,-0.608691726219654,1864,0.462598675711217,1128,0.785642090125291
"X23545.6",5122,-0.608878401297839,3433,0.0564976310873771,1131,0.784761265970948
"X5245.40",5123,-0.608970303573958,3668,-0.00511359034973719,794,0.862342427649879
"X11439.88",5124,-0.609981072774315,3635,0.00330884017376824,6692,-0.9720528956488
"X23309.11",5125,-0.610078313566827,610,0.886118801747779,4596,-0.477740016416017
"X18318.98",5126,-0.610316348351892,233,0.951924564855213,5562,-0.790568315945136
"X23292.1",5127,-0.610814723887761,5761,-0.608667153511681,1224,0.763633079229741
"X3422.4",5128,-0.611047612024679,566,0.895858663606602,1929,0.528901008703202
"X18449.33",5129,-0.611133643045007,6638,-0.912966283686296,725,0.877137953482867
"X12656.1",5130,-0.611262689575498,3377,0.0685167117223081,3324,-0.00534534453051866
"X19193.18",5131,-0.611721196669971,6193,-0.770901578395238,430,0.949248058498221
"X13620.10",5132,-0.611791165843227,6391,-0.838408452977557,4085,-0.287138787138787
"X6925.26",5133,-0.611832770052372,2618,0.186274726533532,4536,-0.453960846029657
"X9370.69",5134,-0.612362657621119,1104,0.747891511671404,1896,0.538931960308536
"X6593.5",5135,-0.612413641156382,834,0.826866788271907,2803,0.197012556218075
"X3736.60",5136,-0.612823538087162,2794,0.155686844652519,571,0.917894695310805
"X5729.27",5137,-0.612841697747982,6374,-0.829720526476135,4144,-0.305398970268015
"X24635.25",5138,-0.613087776221026,1048,0.771280595737132,5231,-0.702945296009153
"X16609.106",5139,-0.613265868831206,2834,0.153168613507437,816,0.857542101490731
"X3902.21",5140,-0.613389358387234,5816,-0.628902197764058,4671,-0.509341509341509
"X9305.89",5141,-0.613656592237143,699,0.86453227616473,3944,-0.237142688051133
"X12497.29",5142,-0.614378241525945,935,0.802837541311717,5452,-0.765402142392141
"X4245.80",5143,-0.614422393707553,6272,-0.798082596438997,3104,0.0843796848396047
"X7127.3",5144,-0.61509721505297,1545,0.595248334987962,919,0.837169390233148
"X21780.15",5145,-0.615432378336523,2196,0.326625393485432,1029,0.812709996748438
"X10667.78",5146,-0.615676709992762,5030,-0.288971844401853,1369,0.727816636799815
"X7194.36",5147,-0.615680996976624,582,0.891947444940207,3536,-0.0827957625614014
"X24983.119",5148,-0.616055846422339,3423,0.0585577173674371,2407,0.354047069499517
"X4452.9",5149,-0.616176813108645,432,0.920961982859415,4670,-0.508998967601086
"X25252.29",5150,-0.616969848513263,2742,0.162467319791996,3093,0.0877170877170877
"X21692.12",5151,-0.617902837448657,906,0.809752083414563,4367,-0.395684967088175
"X20117.5",5152,-0.618108300764447,805,0.835735403535984,4021,-0.259352720513916
"X19353.25",5153,-0.618544600938967,2724,0.165492860714047,2378,0.364442364177808
"X13692.154",5154,-0.619251284320232,3233,0.104318026584887,5586,-0.79695277925733
"X11159.14",5155,-0.619451395118266,5078,-0.31016034359905,3820,-0.191875252904792
"X5801.72",5156,-0.619856298857099,914,0.808024212510601,5384,-0.74720184977781
"X21599.6",5157,-0.621005054860661,1885,0.456618009200557,5079,-0.653107653107653
"X13495.48",5158,-0.62205049677718,4100,-0.110336297229807,5061,-0.646495947694613
"X6933.20",5159,-0.622692106737506,1194,0.712221859679581,4240,-0.345737345737346
"X22588.35",5160,-0.62281542659096,936,0.802787408072994,3624,-0.112860271054033
"X9170.24",5161,-0.622908261821606,3687,-0.00992059586563104,5658,-0.816646316646317
"X25306.51",5162,-0.62305092000982,1023,0.779116806589821,4262,-0.352218536532422
"X15471.29",5163,-0.625352721315493,2948,0.149616866886382,5195,-0.689713173584141
"X20959.12",5164,-0.626420257381372,5921,-0.66811765815423,3144,0.0691080409272212
"X11388.75",5165,-0.626723692942998,1573,0.582409403453023,3099,0.0856759582568898
"X17800.33",5166,-0.626783790393475,6639,-0.913049126633257,686,0.887448530359456
"X3798.71",5167,-0.627098585520311,1248,0.696338623672084,1080,0.799832003359933
"X12449.16",5168,-0.627684017701455,5931,-0.672972304897337,489,0.936083328401491
"X3800.71",5169,-0.627817515915739,824,0.829743343444225,1085,0.799267457076536
"X12478.15",5170,-0.627983432883514,3745,-0.0240176777512543,5520,-0.78128924924214
"X12453.161",5171,-0.628438168276676,6745,-0.94002358114532,4720,-0.52853470088253
"X2833.20",5172,-0.628853744743428,670,0.872040257720149,4756,-0.538892505572981
"X22529.31",5173,-0.629083400929135,312,0.938729469474642,4867,-0.579912278971284
"X5731.1",5174,-0.629117491632905,1210,0.707255709533572,1361,0.730819036419507
"X21116.13",5175,-0.629983649855364,137,0.966777088338623,4249,-0.348102556009285
"X21691.27",5176,-0.630019451456341,3783,-0.032548041140107,903,0.839638576283604
"X3837.6",5177,-0.630920777720424,5258,-0.380445758444826,2163,0.438190868859035
"X14616.16",5178,-0.632415247235497,5910,-0.665261902278002,5679,-0.819541082753503
"X18408.26",5179,-0.63251855442316,2277,0.297618736597983,1652,0.628941363687177
"X11338.49",5180,-0.633354226581127,3896,-0.0638658042571954,2577,0.281318840293806
"X17856.23",5181,-0.63349556325738,522,0.905372288808011,6201,-0.922234716221815
"X13025.4",5182,-0.633758663452035,5505,-0.496891940303208,4462,-0.427269027269027
"X20954.27",5183,-0.634407045330077,4015,-0.0907637889664648,678,0.88843515943001
"X23594.2",5184,-0.63458324115724,6073,-0.728092738778831,1391,0.722698966943507
"X6377.54",5185,-0.63632229678244,2152,0.348186168213781,6520,-0.968870213647393
"X18375.28",5186,-0.637582036722956,5233,-0.368639236792247,2197,0.425140926758786
"X13936.24",5187,-0.63784627485682,5130,-0.325850879765685,5276,-0.715189415609608
"X11358.15",5188,-0.63849765258216,5895,-0.657397159373566,1038,0.809630900948886
"X7207.4",5189,-0.638788344234123,1053,0.768943615532049,4607,-0.483458602118719
"X19570.12",5190,-0.638808365988386,4712,-0.183329541203738,6606,-0.971170217817484
"X14107.1",5191,-0.63926369288718,1674,0.546181131241271,6961,-0.987847941449172
"X13694.24",5192,-0.639500535325,6277,-0.799321975464705,1759,0.594958519031048
"X7891.45",5193,-0.639889963929824,2501,0.224022305434829,2187,0.428967428967429
"X2806.49",5194,-0.639984760219256,102,0.971331500256451,5767,-0.835947209563828
"X12685.57",5195,-0.640173237565861,1124,0.741790682159123,5853,-0.848919399259249
"X8545.14",5196,-0.640703145901201,1652,0.554443984453189,4280,-0.360622858758622
"X20425.12",5197,-0.640716023892043,2897,0.152519619788478,2370,0.368171864828076
"X24432.3",5198,-0.641305950888578,3886,-0.0600177547521519,875,0.847467992345781
"X12735.39",5199,-0.641414422048425,6465,-0.861817614683418,16,0.99051771188837
"X5621.64",5200,-0.641855069781583,1719,0.527385032074688,1230,0.762101096184069
"X15343.337",5201,-0.64185873081458,6363,-0.826572144198944,1504,0.681180863806102
"X20055.40",5202,-0.643095328585356,3655,-0.00216089982084848,4175,-0.320282259991398
"X12378.71",5203,-0.64372710960352,5097,-0.316633822967965,1218,0.764547289788457
"X15444.45",5204,-0.644202958596225,893,0.812642378353574,6860,-0.973346565534841
"X11289.31",5205,-0.644605855025441,4454,-0.152100389882341,640,0.898057890202622
"X13689.2",5206,-0.646245059288537,1939,0.43920572088821,3814,-0.189947686349316
"X5623.11",5207,-0.646676744586191,6967,-0.981072884867753,1492,0.688347043853939
"X23280.9",5208,-0.64695921489138,1997,0.4119491230785,6271,-0.937891737891738
"X2501.51",5209,-0.6478656905267,5434,-0.463724456082315,3076,0.093580056946335
"X9398.30",5210,-0.647881178870781,140,0.96571707661431,3264,0.0195567675369869
"X5009.11",5211,-0.649433137979441,5074,-0.307773003693774,173,0.9720528956488
"X17776.15",5212,-0.649909052921368,41,0.982717692122968,3875,-0.212151756964861
"X15604.18",5213,-0.650126685866264,1709,0.531936801267985,4563,-0.464125781696948
"X21933.7",5214,-0.650635477190177,372,0.929728974298914,3943,-0.236629776488923
"X23605.3",5215,-0.650816378523585,5763,-0.610248776556155,2822,0.193019142122533
"X8458.16",5216,-0.650874686038387,6290,-0.803562743923761,2894,0.166818163317912
"X21504.41",5217,-0.651203862730484,1807,0.491629958194428,4421,-0.415091033625894
"X22155.44",5218,-0.65210898901261,6939,-0.976338913765293,1041,0.808987820243595
"X9606.4",5219,-0.653104490819261,6627,-0.909183064879644,2972,0.132173206960758
"X11352.42",5220,-0.653879202083361,6304,-0.806791439659001,4136,-0.302466578551091
"X18458.4",5221,-0.654016861266346,2744,0.162210470368295,2771,0.20920924995082
"X14002.18",5222,-0.654081557407271,6620,-0.906604676064988,3816,-0.190324046751731
"X24267.24",5223,-0.654118656256752,648,0.877536067008858,2631,0.263837263837264
"X23156.146",5224,-0.654684229576822,4636,-0.164940072790547,923,0.836486424283075
"X3823.9",5225,-0.656398249883244,406,0.924383650393932,5539,-0.786646044893058
"X12556.7",5226,-0.65641053755188,3905,-0.0655788613208021,3262,0.019977600447991
"X3452.17",5227,-0.657238900394695,3316,0.0829358024596138,3737,-0.155892235965622
"X12341.8",5228,-0.657245195364384,6557,-0.886686736576406,398,0.955468755137335
"X15698.6",5229,-0.657956526939323,4552,-0.153426992507009,1470,0.695559565317668
"X22404.4",5230,-0.659913231570926,1998,0.411576506147582,3178,0.0540990182346636
"X11194.6",5231,-0.65994608051804,4973,-0.265385442436349,5175,-0.682954896661472
"X12046.51",5232,-0.660014982027861,5447,-0.469251013221582,1826,0.568338889875257
"X12954.71",5233,-0.660213813095162,6098,-0.738998198428591,707,0.880861026207973
"X3758.68",5234,-0.660394069785119,2713,0.167956273525196,1535,0.67195396827619
"X19227.18",5235,-0.660616208764404,1179,0.722547231295481,1863,0.551544324107501
"X2937.10",5236,-0.660827033117836,1206,0.707908325588391,1525,0.674353764310561
"X24688.9",5237,-0.662012073991899,850,0.823023655897046,2898,0.165387981033395
"X11288.26",5238,-0.662835128448857,3023,0.142154726600311,2508,0.306556719470254
"X8459.10",5239,-0.662985768011209,2822,0.153531115387434,2982,0.129641685243271
"X14703.6",5240,-0.66354496964334,5960,-0.684882674944344,2963,0.135849230303867
"X10008.43",5241,-0.663637145736548,3126,0.129424408602574,2979,0.130914345021266
"X11101.18",5242,-0.664415165840976,6,0.994405065987665,6592,-0.971170217817484
"X2994.71",5243,-0.664710245412622,1651,0.554499393596129,1379,0.725730411010942
"X23584.2",5244,-0.664742586532794,1470,0.624307573393642,1398,0.72016330069728
"X9849.13",5245,-0.665462232382076,4143,-0.120165516815845,6009,-0.876177888251037
"X22960.8",5246,-0.665465237598407,4769,-0.198208902542382,4897,-0.589819425036291
"X14079.14",5247,-0.666322542585355,4013,-0.0902774223772425,5427,-0.758309591642925
"X20976.19",5248,-0.667586512308857,4988,-0.272960614763214,3214,0.0424501424501425
"X22516.30",5249,-0.667802905119368,6084,-0.73390819447069,1411,0.7152551735022
"X18270.10",5250,-0.668023228365044,4980,-0.269134507479494,1316,0.742281667357125
"X12417.46",5251,-0.669038664798565,3652,-0.00120436431238395,3790,-0.179445179445179
"X4258.15",5252,-0.669171064886681,405,0.924665458036552,4256,-0.350427698298025
"X9253.52",5253,-0.669929700366246,6714,-0.929720912116432,5468,-0.77018931697277
"X22003.4",5254,-0.670170892999369,4558,-0.154679051585562,2660,0.252596376265967
"X15466.30",5255,-0.670372145613647,1079,0.757590365162798,6643,-0.971210918686447
"X22383.21",5256,-0.670531917508542,1341,0.66521072450018,6614,-0.971170217817484
"X7827.20",5257,-0.670906766954256,2740,0.1626882505664,4191,-0.328001628001628
"X21697.57",5258,-0.671596410925856,1658,0.552273179104507,5263,-0.710292855810483
"X22783.40",5259,-0.671666970923535,5004,-0.280074325880405,3834,-0.198253470372781
"X2585.2",5260,-0.671994444854116,6099,-0.739072068153053,3176,0.0546137826709267
"X4987.17",5261,-0.6720313152914,6166,-0.763180900129623,3417,-0.0403549115773622
"X15430.165",5262,-0.672360448829926,6014,-0.704896625836477,1968,0.511243424475403
"X7100.31",5263,-0.672485316983199,4383,-0.149186865446013,1646,0.630063763397097
"X4394.71",5264,-0.67327951151189,1796,0.495564264526123,1383,0.724974190027158
"X17462.19",5265,-0.673511397042623,3448,0.0527308265407956,1982,0.506907866616691
"X15539.15",5266,-0.674685986775803,955,0.798611507520181,3849,-0.203972404810843
"X12888.18",5267,-0.675177592606248,6078,-0.730523819572142,810,0.859804841170953
"X19116.1",5268,-0.675245188407935,4694,-0.178080976749746,2700,0.236156319662267
"X12564.9",5269,-0.675623124191243,5517,-0.503840480391645,6266,-0.936940787019136
"X25242.12",5270,-0.675849992421579,6338,-0.817915810881964,6918,-0.976556299476994
"X4138.25",5271,-0.676203819777303,443,0.919501444222916,5400,-0.751793751793752
"X4771.10",5272,-0.676783117105089,2551,0.206167823365458,5005,-0.627768160926401
"X24953.27",5273,-0.677457891995138,6849,-0.960729248096507,756,0.868954037544103
"X12987.12",5274,-0.677888103814686,6284,-0.801056622194578,5990,-0.870774741040721
"X19262.219",5275,-0.678729444731215,5673,-0.575803385150535,1306,0.745227620945204
"X5612.16",5276,-0.678870781407467,2530,0.214882630375344,3127,0.0762068217237774
"X5356.2",5277,-0.678901204946693,593,0.889373328110576,3145,0.0690655145883885
"X17789.1",5278,-0.679295176915238,1994,0.413204628036706,3644,-0.12083012763607
"X4455.89",5279,-0.681051830448131,2980,0.147056619849165,1590,0.651933262520503
"X22136.9",5280,-0.681173378656972,6858,-0.962285988684565,4304,-0.371604938271605
"X9829.91",5281,-0.681194753764242,1722,0.526103610574082,3344,-0.0126350126350126
"X22086.2",5282,-0.681537743037632,2059,0.388089113760031,2695,0.238470997481473
"X2598.9",5283,-0.682643856156134,6840,-0.95917596066405,4008,-0.256042383171547
"X8644.46",5284,-0.683442062752407,6060,-0.724124763303243,2069,0.475123858413418
"X2704.74",5285,-0.68455575244636,5294,-0.397895946534829,5300,-0.721475870141314
"X8465.52",5286,-0.686012725378843,1936,0.439587585845801,1805,0.578019437118393
"X24636.9",5287,-0.686875617693901,4975,-0.266346328125904,808,0.860225023508447
"X17734.13",5288,-0.68749846373178,3302,0.0881673273836003,4181,-0.32195721791508
"X11138.16",5289,-0.68826045276897,5476,-0.481383214620395,2518,0.30357131114662
"X11098.1",5290,-0.689102160992489,4474,-0.152737846784007,478,0.93950593950594
"X23212.8",5291,-0.689179576600339,313,0.938694761847834,4749,-0.536078067770084
"X9933.49",5292,-0.689401817682946,5592,-0.534513859104407,5813,-0.841024163339233
"X23686.44",5293,-0.689858171717917,4835,-0.215935428388525,2363,0.369934176349516
"X20984.142",5294,-0.690571000172062,3261,0.0974861283885217,711,0.880409713743047
"X10583.1",5295,-0.690583354841146,6479,-0.86558747167999,4982,-0.619325619325619
"X20530.2",5296,-0.690822948160165,1167,0.728726283528826,5286,-0.718306339718425
"X12633.3",5297,-0.690884398888971,3911,-0.0669394429040257,4628,-0.490350029262262
"X7713.50",5298,-0.691294084259952,6671,-0.920739349579074,3213,0.0424577898071457
"X4883.56",5299,-0.691408967156099,1863,0.462665884566781,6564,-0.970448403069578
"X3312.64",5300,-0.692715630607379,1797,0.495379237175538,4889,-0.586821148028056
"X3471.49",5301,-0.692818069080997,2938,0.150503839049165,5970,-0.867484694850499
"X19188.21",5302,-0.693145407504863,1933,0.440270071242636,3146,0.0683164085553227
"X19208.8",5303,-0.69458347307861,1666,0.549308804742999,1577,0.655428642822855
"X22116.9",5304,-0.695541968190086,6080,-0.731004323027739,4504,-0.441438630289381
"X18160.2",5305,-0.695708281100214,6319,-0.811653278520992,1372,0.726920623647853
"X6469.62",5306,-0.695721007821475,3071,0.135957703535007,5007,-0.628204875290157
"X3198.4",5307,-0.695806602266303,549,0.899698814927365,2716,0.230803627205355
"X4981.6",5308,-0.69608173311469,6988,-0.985361094292909,6107,-0.896623896623897
"X12714.38",5309,-0.696219542712031,735,0.85651306366596,1286,0.749661601328055
"X6214.84",5310,-0.69691927156397,3104,0.132186495176849,3027,0.112111327332036
"X21885.196",5311,-0.696998622984866,4957,-0.259921560763414,1459,0.698827136626034
"X12626.6",5312,-0.697498087921012,1036,0.774876828867416,2497,0.311238117977109
"X12370.30",5313,-0.698037263721948,4458,-0.152277784419361,3043,0.106621578658343
"X20975.2",5314,-0.698906252458965,1717,0.527741034827175,4795,-0.550350366646995
"X18405.117",5315,-0.699044741356247,4800,-0.204612595811043,847,0.85279815022219
"X6547.83",5316,-0.699395324828552,961,0.796451337979013,6507,-0.968212836966992
"X24977.18",5317,-0.700292505469115,5594,-0.536552915633472,1086,0.799254305498017
"X16923.20",5318,-0.700410745479439,1350,0.662248514320752,3477,-0.0621477842878091
"X19260.4",5319,-0.700716515497874,2899,0.152261462815481,1693,0.615620993508211
"X8299.66",5320,-0.701155430776446,2316,0.284495319086062,1634,0.637120878044
"X2468.62",5321,-0.701312587567289,4373,-0.148458567733656,3395,-0.0313599389766757
"X12536.46",5322,-0.702123737187523,5742,-0.602024265996898,1617,0.641080270659486
"X9884.8",5323,-0.702239040269676,3910,-0.0668416419812136,1137,0.782440288433491
"X13125.45",5324,-0.70231423444682,6404,-0.841791067799421,3844,-0.202869674432674
"X11690.47",5325,-0.702461716195954,1973,0.421304312615451,2185,0.429800161764416
"X5238.26",5326,-0.702984047390802,924,0.806119044843788,6380,-0.9560211214351
"X5229.90",5327,-0.703844357594081,4311,-0.142775607479879,3609,-0.106337088109
"X15333.11",5328,-0.704483447013808,2022,0.399389760562728,217,0.971303861219922
"X14135.3",5329,-0.706390910352759,4037,-0.0951779965192506,2918,0.153937469898316
"X19623.26",5330,-0.707315342741415,3240,0.102776585819059,3935,-0.230948294569056
"X6937.251",5331,-0.707359339281764,389,0.927422495941136,5687,-0.82033782033782
"X19250.50",5332,-0.707396209719047,3196,0.113547929304421,4988,-0.622339271271034
"X10816.150",5333,-0.707795639456284,2578,0.199082947371669,6683,-0.9720528956488
"X4224.7",5334,-0.708023007152865,4879,-0.230732446617742,2335,0.377470030840452
"X20557.19",5335,-0.70845695415495,5323,-0.413132594703616,1362,0.730478845723356
"X3535.84",5336,-0.708743960394731,2634,0.180969185659766,3282,0.0144676659976273
"X24497.8",5337,-0.709734010990429,6650,-0.914970728873397,595,0.910070445331648
"X11480.1",5338,-0.710972751046734,4476,-0.152846370216108,274,0.97019397019397
"X23213.21",5339,-0.712313590210063,6597,-0.898923677928649,744,0.87248229468742
"X12625.138",5340,-0.712640928633929,3307,0.0861173349170295,797,0.861829516087668
"X23266.62",5341,-0.713011425751961,6622,-0.908452849688981,2619,0.267457076535611
"X17739.1",5342,-0.713557303879672,1555,0.590636522286809,3303,0.00319382623273022
"X4889.82",5343,-0.714127441260249,1968,0.424632482239572,3919,-0.22513685667189
"X15435.4",5344,-0.714194249437523,275,0.944865870233922,4190,-0.327752911005272
"X17460.51",5345,-0.714347764505925,4761,-0.195310223415522,681,0.888209888209888
"X10048.7",5346,-0.714696556301158,6752,-0.94081963988909,374,0.958392832143357
"X20386.15",5347,-0.715594248064904,1445,0.632608085703354,1238,0.760149779197786
"X4220.39",5348,-0.715845068205997,4938,-0.25225723525834,2794,0.200705467372134
"X10551.7",5349,-0.715862597740807,4073,-0.104317152485736,634,0.899479899479899
"X21129.95",5350,-0.715934091874793,2465,0.23540255062493,1747,0.600073261564134
"X9345.436",5351,-0.716048472334882,1406,0.641815976704145,2436,0.337925337925338
"X24245.2",5352,-0.716075046185064,3895,-0.0634869737798987,1171,0.775579775579776
"X4282.3",5353,-0.716088819633814,1334,0.667969713299296,3503,-0.0715589111160857
"X24496.26",5354,-0.71634955856664,5080,-0.310209684687045,1854,0.553118025736516
"X3894.15",5355,-0.71644938529621,6162,-0.761858458292162,2250,0.406955869878282
"X10015.119",5356,-0.716638234386901,4553,-0.154049285160191,437,0.947761930125663
"X14019.73",5357,-0.717236256507425,4249,-0.136300200971197,2421,0.345353876098979
"X12991.49",5358,-0.717357372858442,488,0.910604722551088,3316,-0.00263689149290144
"X3506.49",5359,-0.717568831443519,4065,-0.102172295633403,4511,-0.443675077101129
"X19148.58",5360,-0.717673692629189,3799,-0.0367238592698042,2204,0.422948189356428
"X24928.20",5361,-0.718596855672537,2926,0.151123743686446,351,0.961413268627567
"X7808.5",5362,-0.718930511515867,2563,0.201547188875049,3173,0.0558350265990676
"X16298.84",5363,-0.719077040259099,5331,-0.414817842805302,1502,0.681841307311911
"X15419.15",5364,-0.720350023351277,3884,-0.058948975932189,1721,0.605860343387715
"X9518.95",5365,-0.721086526771346,505,0.907646716099475,739,0.873803873803874
"X22376.95",5366,-0.721362092679964,1849,0.468598897896679,1394,0.721823127590441
"X7789.182",5367,-0.721384641532951,3451,0.0507464067965246,4320,-0.375615658269384
"X8906.60",5368,-0.721529877344345,1126,0.741246929339128,3387,-0.028834835901179
"X7982.10",5369,-0.723293513261067,4678,-0.174003653588374,4108,-0.294365206183872
"X18261.34",5370,-0.723668362706782,121,0.96822323945563,2881,0.171726736501549
"X2696.87",5371,-0.72376053879999,6903,-0.968850106713505,215,0.971369013565853
"X3341.33",5372,-0.723951036059288,5337,-0.418094064570482,2474,0.321575822138052
"X21178.8",5373,-0.724071834123191,3429,0.0573160571149481,2742,0.218401688662682
"X12664.19",5374,-0.725035723952989,975,0.79284544570263,6126,-0.900601909056094
"X9955.40",5375,-0.725453015102116,6460,-0.860682552742533,3169,0.0582090260960405
"X25486.38",5376,-0.725640931101443,2058,0.388116108580882,1971,0.510818359361328
"X19144.9",5377,-0.725860364982343,3876,-0.0579273393657499,570,0.918184030038205
"X20075.130",5378,-0.726081292003663,1509,0.608754107255901,3621,-0.111135090139738
"X18813.15",5379,-0.726224713025097,6607,-0.903593781935837,1916,0.532435080520539
"X21241.1",5380,-0.727103050828253,5250,-0.377158570407828,3334,-0.00974746197478233
"X11107.25",5381,-0.72789617284861,242,0.950564770216228,2488,0.316683434929277
"X5745.64",5382,-0.727963768650296,2083,0.378167743180183,1471,0.695041955812423
"X19141.22",5383,-0.729005959598566,5854,-0.643876610530294,507,0.931112031721607
"X14205.6",5384,-0.730046948356808,1650,0.55475128128989,3882,-0.214561427735364
"X22509.9",5385,-0.730624585207581,1161,0.731135440729014,2211,0.42160672834757
"X18866.8",5386,-0.730710616227909,5013,-0.283299075620206,1899,0.537156497208577
"X25484.120",5387,-0.730778212029595,1921,0.443814136802039,1800,0.579682126213395
"X9532.5",5388,-0.731532132672781,4934,-0.251799210748271,296,0.967764911780866
"X4807.13",5389,-0.731600593164004,4948,-0.255115813122972,4507,-0.442765244051827
"X12727.7",5390,-0.732080967480274,1159,0.731990378596708,2067,0.475607109743347
"X3635.76",5391,-0.732099402698916,1700,0.534265409943382,2807,0.196096611495795
"X14051.54",5392,-0.732431236634467,3540,0.0261271301805953,37,0.982153307950787
"X6620.82",5393,-0.732701619841211,2107,0.36591953664943,1804,0.578163119028361
"X3323.37",5394,-0.733359142639432,1346,0.663049447575256,2552,0.289919972644717
"X8318.13",5395,-0.734121131676622,3492,0.0395704128265212,2383,0.362827896375588
"X14006.36",5396,-0.735055182754467,5636,-0.560706566883319,2441,0.335818981673275
"X15669.7",5397,-0.735128923629034,5368,-0.429568584198774,1418,0.713723654666694
"X5897.58",5398,-0.735242212131427,1241,0.699425032104551,363,0.959529769293908
"X21371.12",5399,-0.73561756800141,5187,-0.352048857368006,5630,-0.809039079915567
"X12521.3",5400,-0.735718287516446,3401,0.0623462209222217,3191,0.0507716688695561
"X20966.7",5401,-0.735995378905194,4985,-0.27248426775426,3268,0.0183004215080915
"X6077.63",5402,-0.737304279428754,5991,-0.696593639248927,5239,-0.70407633176172
"X16753.46",5403,-0.737480973143108,7004,-0.996560088543012,5867,-0.850261503083091
"X12543.76",5404,-0.737676023089949,5998,-0.698854296848547,5831,-0.845873845873846
"X5478.50",5405,-0.738300661565196,3732,-0.020983096550974,445,0.946689066218676
"X17164.15",5406,-0.738779906543563,3481,0.0428141478998412,3056,0.0991037199239839
"X17204.17",5407,-0.739577992124841,5107,-0.319776791395594,2958,0.137616421443931
"X22561.3",5408,-0.74029307809396,622,0.883623334434647,2434,0.337962688971744
"X12372.50",5409,-0.740846916209354,2356,0.271890841211125,5296,-0.72051852708249
"X11534.6",5410,-0.741212545780793,6875,-0.964362888645827,4494,-0.437520138354606
"X10039.32",5411,-0.741355444638324,469,0.914546104871593,4444,-0.421584042422
"X23339.46",5412,-0.741452203623135,3515,0.0330434354337592,3060,0.0976430976430976
"X23673.9",5413,-0.741476783914657,5186,-0.351472567477411,607,0.907052782243568
"X12667.2",5414,-0.741777892485805,2252,0.306051853194451,959,0.831331005503936
"X7178.59",5415,-0.741824408115475,6206,-0.775241121596242,1014,0.820319230482237
"X10967.12",5416,-0.741876213651894,6052,-0.721852714292182,1207,0.766427965516561
"X10631.9",5417,-0.742214192660325,6402,-0.840772977413048,1140,0.78173640291176
"X4567.82",5418,-0.742531982753339,6796,-0.949211606249271,3438,-0.0459374024881629
"X6991.24",5419,-0.742756429179184,230,0.952772225619641,4356,-0.391020031611008
"X24643.21",5420,-0.742907952095431,4054,-0.0987541195844004,1501,0.682045682045682
"X20453.9",5421,-0.742923522821535,2843,0.153168613507437,6148,-0.90653173147107
"X25414.11",5422,-0.743013052134798,6675,-0.921541505289808,1838,0.562153618646425
"X2906.55",5423,-0.743062212717843,1794,0.497071061937688,2394,0.358768486187555
"X21555.17",5424,-0.743874359057048,3018,0.143092844434321,3883,-0.214608898566651
"X8916.32",5425,-0.743952107870601,1657,0.552774491722092,81,0.974358452552962
"X12939.1",5426,-0.744255071368994,5852,-0.643529534262212,17,0.990465105574296
"X19270.26",5427,-0.744788978197281,1309,0.675077673210233,2190,0.427691514547169
"X5637.81",5428,-0.745827495514097,1374,0.653255465299019,3250,0.025599547585699
"X4851.25",5429,-0.746016857928829,4656,-0.169539833948122,2666,0.249702445536025
"X21457.141",5430,-0.746017657334403,6221,-0.780187507504434,862,0.84961169964425
"X24912.40",5431,-0.746816852247868,596,0.888137718702396,1538,0.671238221862535
"X5193.51",5432,-0.747087235454613,1257,0.693308199053847,2904,0.161752764944701
"X8003.57",5433,-0.747603190290639,1558,0.589431816722253,3513,-0.0731090493944912
"X11071.1",5434,-0.747686155632236,6855,-0.961778073471605,4167,-0.317037317037317
"X20103.176",5435,-0.748692315134316,328,0.935571114474847,4981,-0.619048285710286
"X13473.55",5436,-0.749010643266229,1413,0.638527779598857,3348,-0.0132239122000618
"X14146.92",5437,-0.749084384140796,1738,0.516771548304933,5299,-0.721252293306504
"X2853.68",5438,-0.749143796962172,5851,-0.64292022259158,2530,0.299546928120048
"X7853.19",5439,-0.749284074198292,6120,-0.74436306302937,2246,0.409152183490823
"X22140.6",5440,-0.74956369982548,1001,0.786301285339113,1105,0.793809551991478
"X24416.20",5441,-0.750608362215176,2526,0.215734895433633,1352,0.732523196096612
"X12568.14",5442,-0.750851394650535,1033,0.775333675267731,3117,0.0789455833073302
"X3828.54",5443,-0.750972454021184,841,0.825042454204725,5916,-0.858483078613728
"X22547.17",5444,-0.751229092831918,5781,-0.615132361994664,3184,0.0521525846139683
"X3629.60",5445,-0.75152397807438,3050,0.13907675833996,1342,0.734127688675833
"X4706.17",5446,-0.752141026442458,1020,0.780039440366866,3499,-0.0702419920082663
"X17329.2",5447,-0.752641120210039,2928,0.150858360947314,266,0.97024997024997
"X15692.300",5448,-0.752767753773916,6647,-0.914281327627679,588,0.91154344478588
"X21942.14",5449,-0.753136468647904,2462,0.236177687623646,1068,0.803173475896444
"X19150.20",5450,-0.754432270051573,1275,0.689701972436411,4355,-0.390446048571821
"X23034.13",5451,-0.754608804660423,276,0.944757027330328,3465,-0.0576236412775443
"X5663.18",5452,-0.755096907349479,5803,-0.623391347823177,4666,-0.508048596837542
"X5981.6",5453,-0.75561637895992,306,0.939620298562719,5709,-0.826267647774424
"X10638.1",5454,-0.755685179371086,953,0.799002003629443,6948,-0.983323798438908
"X6294.11",5455,-0.755739498070447,3845,-0.0485058366659082,4767,-0.543919629350753
"X25073.13",5456,-0.755808389794912,3419,0.05904402004072,2088,0.468319113351368
"X24911.57",5457,-0.756624388565248,5383,-0.439691642017824,2661,0.252267003347077
"X12872.35",5458,-0.757303738582499,6036,-0.713955589499107,4036,-0.268680173337805
"X2769.3",5459,-0.758141184817311,3206,0.111010416144445,513,0.929731115977195
"X4232.19",5460,-0.758461765356537,1440,0.633913544986251,5212,-0.696658841477448
"X3761.4",5461,-0.758543988253728,6748,-0.940385879685218,2254,0.406133620952807
"X10367.62",5462,-0.758663452035478,1361,0.656791704105912,2691,0.239312698506638
"X21510.24",5463,-0.759078920035,5542,-0.51202958827964,1443,0.703971119133574
"X8073.3",5464,-0.759823792524082,2263,0.302928296820896,3925,-0.226317181871833
"X4145.58",5465,-0.759997985609699,5941,-0.67666374865508,2446,0.335219101885769
"X10454.99",5466,-0.760174999606566,4756,-0.193530778040609,6912,-0.975443809058657
"X24459.15",5467,-0.760514219698646,4837,-0.216475339525301,5100,-0.659225659225659
"X23668.281",5468,-0.76084226429347,5384,-0.439980631293845,1115,0.788877710047148
"X22793.110",5469,-0.760891438762908,2675,0.174177590381565,2264,0.402784617450866
"X11328.9",5470,-0.761030405820613,2902,0.152225432843342,3301,0.00583272507282687
"X3356.50",5471,-0.761415104732228,6289,-0.803369724922775,5495,-0.776253756351031
"X25112.6",5472,-0.761675638473072,4635,-0.164627877340196,3397,-0.0316624252825945
"X9523.34",5473,-0.761974606092272,2498,0.224943985746735,3750,-0.161589233263463
"X6473.55",5474,-0.76415210284394,5261,-0.381691341218392,817,0.857507224355235
"X4332.6",5475,-0.76437332546764,6545,-0.882060475005727,5326,-0.72930105935965
"X5730.60",5476,-0.765743676720006,6704,-0.927300141329124,1969,0.511024310692891
"X7824.88",5477,-0.765860433104737,4849,-0.22175859688634,1532,0.672575076144542
"X3473.78",5478,-0.76600176978099,6976,-0.981961233533295,2770,0.209261341592525
"X3291.30",5479,-0.766280003482871,15,0.991101160989001,3897,-0.219927271770794
"X21260.74",5480,-0.768195560799351,2992,0.146248373629272,1629,0.637937043393633
"X23286.2",5481,-0.769535186687314,5704,-0.587916228725083,3823,-0.192519382138841
"X11324.3",5482,-0.769559090539552,597,0.888074860836634,4684,-0.514917177934282
"X9840.2",5483,-0.769651943072045,2879,0.15313004947765,4585,-0.471385453039001
"X9254.18",5484,-0.770479832554333,3989,-0.0858820943353297,2314,0.385873889513589
"X9049.2",5485,-0.770743498870053,1422,0.637523546698738,3788,-0.1789685043109
"X24702.31",5486,-0.77170662923258,4185,-0.128195131362378,4883,-0.585274525498921
"X10527.22",5487,-0.77211165911802,4924,-0.247415245903536,1373,0.72686801733378
"X23330.12",5488,-0.772171422953076,6110,-0.742831910963368,2617,0.267943684940785
"X20943.14",5489,-0.772460241378463,1622,0.563335634320444,4116,-0.296495761903822
"X22386.11",5490,-0.772538281163936,5487,-0.486970334604248,2177,0.43293023745175
"X21946.79",5491,-0.77254012732591,2363,0.269875638244684,1973,0.510011639146989
"X3591.51",5492,-0.772804365459774,2702,0.16976020707562,3376,-0.0247446949820152
"X21658.15",5493,-0.773013297937714,5972,-0.688101839889861,317,0.965477106389694
"X12702.13",5494,-0.773037878229236,2570,0.200313139921869,490,0.93513641474818
"X5460.60",5495,-0.773455743185114,6669,-0.920299719639503,718,0.878282140813951
"X15533.97",5496,-0.774325336623504,908,0.809150472987825,6330,-0.947433140662708
"X18192.69",5497,-0.774740063417152,5996,-0.697773698560405,994,0.824571094145575
"X17326.44",5498,-0.774935948683407,5317,-0.409673401231735,3863,-0.208004341337675
"X21718.150",5499,-0.774967423531856,4828,-0.213668171240007,2950,0.140873133297824
"X5757.45",5500,-0.775030373228753,6108,-0.742434561466359,5285,-0.718092214602115
"X8818.13",5501,-0.775274684757761,6523,-0.875303713059394,1219,0.764421764421764
"X14005.2",5502,-0.775528961040217,6058,-0.723484337219302,3761,-0.166597620879446
"X21732.78",5503,-0.775643389130595,742,0.854322540081735,3285,0.0124085143319327
"X11284.24",5504,-0.775932207555982,1595,0.575055163739363,3217,0.0420507811175102
"X12878.60",5505,-0.776091534420541,5103,-0.318237201126699,541,0.924242115902508
"X25461.3",5506,-0.776427856499871,886,0.814057617138436,5387,-0.748292259373071
"X17794.6",5507,-0.776663471228769,2337,0.278524848732593,3909,-0.223241469557384
"X18190.15",5508,-0.7770014502372,6012,-0.704247558721579,137,0.9720528956488
"X20516.11",5509,-0.777708133618465,1675,0.545733159429494,1283,0.750137365432752
"X25088.42",5510,-0.778556253245833,5037,-0.291581452385967,1500,0.682257863000007
"X17828.3",5511,-0.779033973951415,6038,-0.715328197530054,4541,-0.455569122235789
"X15504.39",5512,-0.779465624462306,1071,0.761820839230416,3161,0.0612990612990613
"X11360.39",5513,-0.779928736874918,1232,0.701654450038171,1165,0.776460515049727
"X23342.4",5514,-0.780682348892658,4843,-0.219133402751396,258,0.970613972608315
"X18909.11",5515,-0.781256098251887,5388,-0.442359361704803,2639,0.259434613639502
"X15506.34",5516,-0.781530368950176,613,0.884940360727935,2694,0.238500308648256
"X4453.83",5517,-0.781715631039237,4917,-0.244064854054756,3092,0.0878196655553583
"X21989.12",5518,-0.782132586092471,3514,0.0331342143928672,3787,-0.178447193124355
"X5882.34",5519,-0.782256061969306,3735,-0.0214434466984493,4516,-0.445397933887015
"X21583.14",5520,-0.782659876492695,3282,0.0930134597290733,5542,-0.786701759622298
"X4396.54",5521,-0.782780164612939,5435,-0.463790304231631,469,0.941160110435024
"X21696.80",5522,-0.782937590639825,1072,0.761435198932548,1282,0.750369888145825
"X18206.18",5523,-0.783484517522048,4056,-0.100438159650732,2854,0.181827148803535
"X6565.68",5524,-0.783778205611937,1574,0.58239012143813,5555,-0.789264467463047
"X4931.59",5525,-0.783939237519357,3618,0.00777742496895059,4195,-0.329269495571206
"X23518.7",5526,-0.784111299560013,5510,-0.500281477223965,5048,-0.640899640899641
"X8859.51",5527,-0.78480713847316,1611,0.566827351766519,3157,0.0636602158174035
"X22401.26",5528,-0.784843467541781,3560,0.0208716872886073,1245,0.758798994187478
"X24217.2",5529,-0.785371039500529,3482,0.0426126161252788,3923,-0.226196642820143
"X11442.1",5530,-0.785965409250429,5260,-0.381298507278913,1392,0.722013064978937
"X6123.69",5531,-0.786604699059646,1590,0.577108873830798,6524,-0.969115969115969
"X8269.327",5532,-0.787185959699604,2896,0.152613291478506,1087,0.799222613402796
"X21272.100",5533,-0.787269867020623,6795,-0.949168656366811,1656,0.628136834221155
"X5084.154",5534,-0.787497234717204,778,0.844648107823762,3870,-0.210063968199054
"X9213.24",5535,-0.788363689993363,5316,-0.409584703963225,3926,-0.227068578906183
"X7897.75",5536,-0.789705933267657,149,0.964246487439817,3290,0.0111452546178528
"X11645.9",5537,-0.789917976544943,1305,0.679449511047159,1839,0.561355401682087
"X7857.22",5538,-0.790057126670129,3350,0.0752661808623094,1888,0.542268358754314
"X18290.6",5539,-0.791393210923482,3009,0.144137673456489,4860,-0.577571297995042
"X20374.41",5540,-0.791737222785272,4047,-0.0969427331940619,2836,0.18847894069205
"X23261.27",5541,-0.791792640660718,3306,0.0875789564851102,1828,0.568207374090075
"X11615.16",5542,-0.792138436781461,6334,-0.815850545141753,1848,0.558507920286152
"X16865.62",5543,-0.79224737605388,3674,-0.00687211010801785,3699,-0.143503449001466
"X19448.104",5544,-0.792631108481213,4188,-0.128840055665675,2681,0.241995620524353
"X15440.57",5545,-0.793310473662218,1724,0.525388629010177,820,0.856871370986303
"X21499.17",5546,-0.793630017452007,5881,-0.652002051606385,528,0.926627343446897
"X9638.2",5547,-0.79413125517363,5135,-0.328139455233311,2936,0.146964054349227
"X6530.63",5548,-0.794607084040017,6944,-0.977111723057361,5528,-0.784095457104676
"X5109.24",5549,-0.795172430745029,1108,0.74643379134546,1508,0.6801047369028
"X25074.119",5550,-0.795206395669074,6160,-0.761535465409993,1597,0.64914218829115
"X8958.51",5551,-0.795401539115245,86,0.974196807669614,3658,-0.124801904348569
"X8087.250",5552,-0.795860678907652,385,0.927858269477727,5659,-0.81666699545613
"X8794.13",5553,-0.796178796344524,2568,0.201150477043722,4540,-0.455308849317098
"X17849.6",5554,-0.796426025612664,1513,0.608339857081706,3776,-0.172265951220795
"X6221.1",5555,-0.796733279256692,1245,0.697561596396577,636,0.898785451723843
"X21995.20",5556,-0.797057110932754,1824,0.481127603381086,3449,-0.0503376667784551
"X24721.17",5557,-0.797825785500292,2471,0.233860792507573,5056,-0.643868405305347
"X2755.8",5558,-0.798680574353035,6681,-0.923268764036982,3051,0.101089608280234
"X22115.2",5559,-0.79874165159035,4042,-0.095889440252897,1704,0.611870614770538
"X2788.55",5560,-0.798794392338046,5213,-0.362208041194093,584,0.913607280713868
"X15306.20",5561,-0.798907193261864,5577,-0.526325734933998,4143,-0.304636589006596
"X13375.48",5562,-0.799228178846201,6266,-0.795800666492137,1713,0.609475162294715
"X14082.56",5563,-0.79932035493941,6469,-0.862024982579906,436,0.948024990333544
"X20428.5",5564,-0.799450740112826,3243,0.10189840756623,4291,-0.366922464868846
"X10455.196",5565,-0.799657517680408,3709,-0.0145310598582806,4602,-0.482090837952825
"X9545.156",5566,-0.799738129260908,3158,0.122533348244758,3266,0.0187870299132653
"X21761.213",5567,-0.799885701644422,1706,0.532657948625,3915,-0.223983665384589
"X6587.6",5568,-0.800020893247794,2057,0.388382200386412,1051,0.806645492625252
"X5714.88",5569,-0.8003035666003,1243,0.698907481036138,4445,-0.422018722018722
"X6609.22",5570,-0.80054049173138,6651,-0.915264393479224,4003,-0.253753131719635
"X14047.78",5571,-0.800549369515522,3204,0.111608976669713,2396,0.358296532964312
"X7187.3",5572,-0.800864928835368,16,0.990984855344327,401,0.955008449889198
"X24958.3",5573,-0.800868913305312,5003,-0.279785892506623,4432,-0.418082105304689
"X6402.8",5574,-0.801489565666249,2362,0.270387838447566,6811,-0.9720528956488
"X2192.63",5575,-0.801772239018755,6302,-0.806254314350832,1376,0.726652964040782
"X6362.6",5576,-0.801784618289977,5495,-0.492095048382398,901,0.839800622069664
"X18300.39",5577,-0.80186194383764,5377,-0.437607061009022,5727,-0.828817871826057
"X22378.2",5578,-0.801985433440138,4829,-0.213965152075837,2275,0.398775588039954
"X11677.17",5579,-0.802459421434799,3987,-0.0852560817532331,6164,-0.910805994489489
"X18241.18",5580,-0.803459074957116,2199,0.325893046519789,394,0.955981666699546
"X20373.141",5581,-0.804056478468056,2497,0.225374955033531,3771,-0.169214615707686
"X11378.37",5582,-0.804469039533811,330,0.935328122047441,6230,-0.929058866624157
"X6003.28",5583,-0.804800054199624,3932,-0.0721116355427868,3500,-0.0703844919825997
"X20952.15",5584,-0.804912371260723,2355,0.271926543236062,6363,-0.953858781551653
"X12956.40",5585,-0.805675723015199,4792,-0.203525133869159,2477,0.320663320663321
"X8815.1",5586,-0.806355239023746,3107,0.131923689497858,3719,-0.147120133093975
"X24640.63",5587,-0.806605157840763,496,0.909080709324001,5892,-0.854819854819855
"X11110.4",5588,-0.806778677158244,6085,-0.733939067070314,29,0.984310166827774
"X4123.60",5589,-0.807531301736782,6511,-0.87230678456976,2808,0.195610003090621
"X11582.63",5590,-0.807921520065013,3349,0.0752702002033786,4480,-0.432995995344341
"X5443.62",5591,-0.807951910580511,1956,0.430686589256997,6975,-0.99139886764909
"X8383.20",5592,-0.808230710616228,132,0.967309274576111,3287,0.0117153779750894
"X5689.1",5593,-0.808296930471752,5907,-0.663696547082073,4696,-0.520026879838721
"X5452.71",5594,-0.808507238895853,4962,-0.261772634193183,548,0.923194781453644
"X14063.17",5595,-0.808609786222665,5312,-0.405793638817632,1558,0.663674682553774
"X21931.27",5596,-0.808912813705971,4845,-0.220046353963804,1799,0.580911798938668
"X11566.48",5597,-0.809604144568909,4568,-0.155387237862033,3286,0.0119592719971238
"X22533.95",5598,-0.809619497087235,5878,-0.65151614483107,3026,0.11212421933876
"X10956.82",5599,-0.809841690611405,49,0.981181946160255,2811,0.195478487305439
"X6497.10",5600,-0.810184843792247,2256,0.304675090003996,2296,0.391949918789003
"X22394.8",5601,-0.810943770360228,4022,-0.0920707906769836,2031,0.488850749311186
"X20999.12",5602,-0.811045153995527,3382,0.0681274641607927,3853,-0.204816108053369
"X13944.3",5603,-0.811339252026018,6183,-0.76902052677484,5552,-0.78894346793974
"X20211.75",5604,-0.811579775336135,5373,-0.433690331139906,818,0.857450040441104
"X25099.4",5605,-0.81162893591918,38,0.983402041579737,889,0.843220032484399
"X19168.71",5606,-0.812019686189041,3700,-0.0122812463206568,4667,-0.508052053947775
"X15631.18",5607,-0.812233644095004,4409,-0.150767765086126,2080,0.471634886071484
"X9932.49",5608,-0.812888675859696,4390,-0.149651401284166,3742,-0.157654547487062
"X6384.19",5609,-0.813515473293513,3210,0.109737803161479,3711,-0.145870733134744
"X19271.64",5610,-0.813638374751125,2515,0.219066477965014,2056,0.479788626820516
"X13447.42",5611,-0.81367519215395,6470,-0.862300283642992,2587,0.277803781110727
"X9899.28",5612,-0.81377544438998,6119,-0.744069816319526,4101,-0.291796164076719
"X2938.55",5613,-0.814602810142829,4002,-0.0874747887655268,2157,0.440321424578985
"X18329.4",5614,-0.81462096365882,207,0.956510699108129,4675,-0.510550853866235
"X24931.9",5615,-0.814764221910272,6004,-0.701259656428107,876,0.847263054738905
"X9241.40",5616,-0.814923343730427,4927,-0.24818125547633,2698,0.23680074700966
"X18914.188",5617,-0.814934186091894,4274,-0.138705556528808,4374,-0.399053605678366
"X5611.56",5618,-0.815167099970414,5896,-0.65749536448348,6331,-0.947511416844904
"X6536.54",5619,-0.81717793673033,4569,-0.155544157742307,261,0.970315499569249
"X8890.9",5620,-0.817860039820072,1597,0.573161585959967,2445,0.335384979582174
"X9828.86",5621,-0.818303191352132,3268,0.0961167058218263,1145,0.780447548216975
"X24659.6",5622,-0.818619815601327,3908,-0.0663350427560902,1683,0.620169260815529
"X21163.21",5623,-0.818749508207041,6443,-0.855316770137432,1201,0.76770814961538
"X22395.7",5624,-0.81885200700444,766,0.848808162494247,5260,-0.708675747945512
"X3003.29",5625,-0.81917756479864,2105,0.366140848840826,5879,-0.85240095198096
"X21147.9",5626,-0.819187362299726,840,0.825223837383984,2908,0.159012393580111
"X11130.158",5627,-0.819334857311408,2485,0.230435503588383,2732,0.22422783794625
"X3892.21",5628,-0.819598758631977,2298,0.29062238487673,2711,0.233521235678382
"X24277.22",5629,-0.819672836319839,737,0.856029320872225,4188,-0.327070928955431
"X13530.5",5630,-0.820146006931642,6727,-0.934516451590045,3323,-0.00497787246914311
"X17410.5",5631,-0.82066219305361,2937,0.150588679914696,133,0.9720528956488
"X6911.103",5632,-0.820719263236748,1014,0.782794920045036,4466,-0.429590888432135
"X2870.29",5633,-0.820858835385788,3557,0.0219742334259529,471,0.940848070439637
"X3489.9",5634,-0.820997932121983,2095,0.371371037432123,5460,-0.767226429273368
"X12696.166",5635,-0.821070724856412,1667,0.549178778985689,6166,-0.911393911393911
"X6504.65",5636,-0.821173344340961,4854,-0.223031209869306,1734,0.602908755435262
"X22075.16",5637,-0.82233245309505,4110,-0.112278139412204,3472,-0.0599048956361885
"X11653.69",5638,-0.822892854509255,6658,-0.917677365613997,2369,0.368171864828076
"X11129.66",5639,-0.822914325749864,5415,-0.454646613382908,2740,0.219193720480813
"X13083.18",5640,-0.823009610893985,2757,0.159960081333299,387,0.95661294246842
"X3494.71",5641,-0.823402895558341,494,0.909364155478089,2965,0.13554067712679
"X24675.2",5642,-0.823992822554875,2544,0.208920631370296,1786,0.585712125097815
"X5638.23",5643,-0.824054273283681,5278,-0.39167171212723,3103,0.0844475196212106
"X2785.15",5644,-0.82438978329635,2134,0.357087490214377,5229,-0.702248262347688
"X8287.17",5645,-0.82454844785301,5438,-0.465319105273959,3833,-0.198170467354548
"X21931.16",5646,-0.824610106542026,1435,0.635361451593375,301,0.967439304829158
"X8762.38",5647,-0.824674925644618,6280,-0.800143087966945,779,0.865641865641866
"X8398.277",5648,-0.824828552466632,3857,-0.0527417935103719,4514,-0.44472881115646
"X8239.223",5649,-0.824957598997124,2401,0.257175801842589,1766,0.592327369092475
"X24411.144",5650,-0.825220716680043,392,0.92707557372373,6409,-0.959322167643171
"X23576.46",5651,-0.825335143554634,1862,0.462750151855926,3101,0.0846370846370846
"X6553.68",5652,-0.825365350677163,543,0.901158550386882,4379,-0.400774627974723
"X25284.47",5653,-0.825731878180075,3952,-0.0785274916430016,4180,-0.3217200187224
"X13636.20",5654,-0.825824483655111,2705,0.16897727534701,3035,0.109160145383076
"X22001.23",5655,-0.82654917287319,2851,0.153168613507437,395,0.955923581606405
"X8343.224",5656,-0.827737936064179,1399,0.645010393006028,5179,-0.684623892256646
"X20083.1",5657,-0.827883480477787,1757,0.51164826519712,289,0.968253322208429
"X12925.105",5658,-0.827987119927242,6286,-0.801622774373431,926,0.835975498076884
"X17391.10",5659,-0.82828822849839,3044,0.139698197902888,132,0.9720528956488
"X22363.31",5660,-0.82858851486395,858,0.821349564332298,4263,-0.353244823209906
"X8484.24",5661,-0.828595482142418,2964,0.148432950649611,1269,0.75371038908945
"X8346.9",5662,-0.828890133894005,343,0.934408373091315,4449,-0.423319267009654
"X23002.27",5663,-0.829054584634489,3425,0.0580159533097885,11,0.992542921556159
"X11297.54",5664,-0.829350430457558,4681,-0.175349362926428,5359,-0.738770710400874
"X23671.11",5665,-0.829633999459234,3397,0.0629750606419368,1337,0.737342206614497
"X8834.58",5666,-0.829783803307448,3575,0.0175080695232329,935,0.835270016348182
"X8064.125",5667,-0.829945047857382,5978,-0.690724193915367,2574,0.282321577565681
"X24479.25",5668,-0.829971978467665,4885,-0.23299621678864,410,0.953614382566268
"X11407.57",5669,-0.829990413686306,3465,0.0472915670205027,4517,-0.445504928196884
"X24251.44",5670,-0.830603471906453,3508,0.0345291792701796,1226,0.763373419759481
"X10627.87",5671,-0.831305459282747,1533,0.602300730017084,523,0.927863591827609
"X13720.95",5672,-0.831515136254619,3387,0.0668276072176438,5348,-0.73695201346889
"X7265.32",5673,-0.832030139793119,6142,-0.755086775859049,1947,0.5195262461588
"X4890.10",5674,-0.832331686453801,3782,-0.0324742044823772,2388,0.360806980857877
"X14009.65",5675,-0.832459381708077,6833,-0.958470396322534,93,0.973315447186549
"X4137.57",5676,-0.832940048668977,1523,0.605478384278187,5370,-0.742321122092679
"X17768.50",5677,-0.833365581827329,5491,-0.488383122820768,2745,0.218163441122801
"X14583.49",5678,-0.833818794090898,1156,0.732519889398363,1194,0.770258720102023
"X20130.144",5679,-0.83400421698294,3374,0.0691750084908751,2534,0.2985737113097
"X8340.9",5680,-0.834026829160818,2915,0.15201344791884,6250,-0.932926402441585
"X23363.41",5681,-0.834241379853013,1723,0.525488895487623,3660,-0.125801424315954
"X25296.3",5682,-0.83439028586879,889,0.813803800533035,2094,0.466472050407538
"X13468.5",5683,-0.834877169790535,946,0.801001893493863,1074,0.80143746753204
"X23620.16",5684,-0.835273233159382,2353,0.272119363384996,2767,0.210037284725099
"X6494.60",5685,-0.83547796376865,3137,0.127455571119369,3135,0.0735896575986533
"X4187.49",5686,-0.836100869284388,1475,0.622649795402403,4222,-0.33978733978734
"X5617.41",5687,-0.836947695096848,2108,0.365881023711011,2842,0.186956264425638
"X24687.18",5688,-0.837075930285734,553,0.899304662379421,6772,-0.9720528956488
"X4146.58",5689,-0.837720915370056,4142,-0.119384852800545,3075,0.0941850295581727
"X3220.40",5690,-0.837873055641237,2947,0.149665474486894,2610,0.26957726957727
"X12569.25",5691,-0.838151070471696,1903,0.4492222450236,6562,-0.970383334350855
"X7770.25",5692,-0.838200394065103,181,0.958734064202167,5705,-0.826003785180814
"X10762.2",5693,-0.838730171015418,5020,-0.285747891511671,4317,-0.375286868806429
"X18913.3",5694,-0.838759432686872,5481,-0.483771910433004,3763,-0.167649747160903
"X12454.105",5695,-0.838777867905513,1783,0.501927036379455,3989,-0.2511447119396
"X12855.16",5696,-0.838815057515374,6459,-0.860641406447827,3827,-0.195832231018132
"X15514.26",5697,-0.839589017525748,3039,0.140150344564231,1390,0.72275157325758
"X20958.13",5698,-0.839625887963031,2683,0.172347681739896,2951,0.140072040538065
"X24648.8",5699,-0.840387877000221,5126,-0.32436591094023,2160,0.438993115148646
"X9235.3",5700,-0.840503340987075,2655,0.176873229046158,2932,0.149145476185779
"X21979.8",5701,-0.840851856992722,1746,0.514096097254657,5187,-0.687525862010487
"X24414.3",5702,-0.840910208195069,1810,0.490033126501587,586,0.912989156523512
"X5534.49",5703,-0.841020819506919,4997,-0.276726040402643,625,0.902612561072643
"X20089.172",5704,-0.841261248217754,6471,-0.862756946891245,3284,0.0136010136010136
"X3344.60",5705,-0.841322718274623,5669,-0.57323502076673,1241,0.759589144687091
"X9426.73",5706,-0.841348378263538,2183,0.331315091736167,3522,-0.0768512490711698
"X4188.1",5707,-0.84155909394354,394,0.926911462004135,664,0.892549892549893
"X18343.10",5708,-0.843001044324296,5411,-0.452271228534297,2571,0.282955062756064
"X8993.151",5709,-0.84514154653553,280,0.943712650284625,4505,-0.441777441777442
"X21757.49",5710,-0.845502420272889,5928,-0.672164422213156,3337,-0.011755767652306
"X10006.25",5711,-0.84559889880294,631,0.88076365118014,4339,-0.383624969586975
"X8450.36",5712,-0.846281001892682,5298,-0.398776459843239,3599,-0.104850959736442
"X21361.8",5713,-0.846514514662144,2844,0.153168613507437,5421,-0.756678288947076
"X21589.80",5714,-0.847101961049892,1625,0.562442671159804,4694,-0.519125683060109
"X5024.67",5715,-0.847540741833198,1569,0.583468822952795,174,0.9720528956488
"X21552.9",5716,-0.848640709878819,1443,0.633539860890326,6387,-0.956965614549204
"X5734.13",5717,-0.848751239318257,4930,-0.249939964648035,4166,-0.31678198344865
"X9306.7",5718,-0.84930472059777,6842,-0.959330374186781,4155,-0.311913761724766
"X9719.145",5719,-0.849832854017649,1857,0.464183657335457,44,0.979075838577525
"X7887.57",5720,-0.850164687953199,3363,0.0706409413543188,3930,-0.228533828976109
"X23406.3",5721,-0.850312169702333,6549,-0.884481448773471,710,0.880544212319084
"X12740.55",5722,-0.850916232838339,5689,-0.581703681707924,2241,0.409980732937471
"X21540.73",5723,-0.850957402354792,2637,0.180621769409134,1635,0.636845462376622
"X22393.130",5724,-0.851092593958165,2169,0.338098115673588,4532,-0.452017067231052
"X2970.60",5725,-0.851382060595378,2813,0.15426360098655,3576,-0.0966035124849915
"X10562.42",5726,-0.852108160985637,536,0.902983908429825,1897,0.538926989424558
"X12020.39",5727,-0.852216673010454,594,0.888590397651828,3531,-0.0807276318514153
"X8055.33",5728,-0.852357780897285,6769,-0.943839203421401,4089,-0.288328631644013
"X12701.1",5729,-0.852751763635917,1935,0.439772626480377,2017,0.494374412288835
"X11254.13",5730,-0.853503465380814,1168,0.728366543390318,1600,0.647919091488956
"X8320.5",5731,-0.853547991124121,571,0.894461819682309,5103,-0.659847573204974
"X24896.5",5732,-0.853813299256886,2692,0.171063354027486,2776,0.206387323036013
"X23547.21",5733,-0.853950867916214,4612,-0.161077426732289,2843,0.186903658111565
"X8428.102",5734,-0.853994473016612,226,0.953215637566851,4572,-0.467955501288835
"X16902.17",5735,-0.854657918003299,6539,-0.879387613194693,4384,-0.402325262115859
"X21123.1",5736,-0.854744459637264,2033,0.396141589227472,6754,-0.9720528956488
"X11838.130",5737,-0.854758295978587,5735,-0.599786355274981,702,0.881969881969882
"X21244.57",5738,-0.855109138693483,3035,0.140922117228102,5121,-0.663503712033037
"X21317.25",5739,-0.855136835773938,445,0.919040692238496,1208,0.766112327632124
"X6407.63",5740,-0.855426225932462,2100,0.368132228345333,3196,0.0484950853700727
"X5121.3",5741,-0.856149988938869,1917,0.445295876448971,2356,0.371564972085775
"X14226.120",5742,-0.856745825661363,4909,-0.243269612701449,698,0.882876466079217
"X3192.3",5743,-0.857563355701399,5955,-0.683587483490246,2234,0.413360688616651
"X11220.53",5744,-0.857621980715276,5023,-0.286740651216257,3155,0.0643967042144233
"X14633.26",5745,-0.858206254032702,5307,-0.402951690839886,127,0.9720528956488
"X8462.18",5746,-0.858917139313974,3587,0.0134010003509327,4017,-0.258737579978037
"X18860.2",5747,-0.859615810043507,5595,-0.536746825725391,1548,0.66708094138999
"X11396.39",5748,-0.859941498906177,6634,-0.911570654849828,1421,0.712427584120784
"X2754.50",5749,-0.860284466994212,412,0.923664827821823,1173,0.775081704181544
"X3053.49",5750,-0.86050292973591,2258,0.30411979530213,977,0.828516567701038
"X15298.199",5751,-0.860635892141681,1271,0.691319264693435,3258,0.0209044340546974
"X24450.96",5752,-0.861533122924137,3661,-0.00319663644559222,4630,-0.492120990116472
"X9316.67",5753,-0.862540864734656,3080,0.135524660799594,912,0.838196129490442
"X12681.63",5754,-0.863027370730966,4974,-0.266009755252601,960,0.831159831159831
"X18184.28",5755,-0.863277521219783,3753,-0.0255172767880064,2222,0.418189415249621
"X10714.7",5756,-0.863349790867842,1011,0.783380213490069,6242,-0.932321976945283
"X10505.12",5757,-0.863393617295735,653,0.876815088783603,524,0.927787975108564
"X8042.88",5758,-0.863411560662313,1682,0.54215242604969,2614,0.268402631947361
"X23783.22",5759,-0.863450335520979,5861,-0.646194308720484,671,0.890315835158115
"X3179.51",5760,-0.863576705055128,3314,0.0843009691140685,1407,0.716319702081787
"X5275.28",5761,-0.863874345549738,3002,0.145039316028368,4961,-0.611804856877947
"X21943.170",5762,-0.864077132954797,866,0.820576254087176,1123,0.787717787717788
"X5032.64",5763,-0.864298355578497,2460,0.236582609936408,3837,-0.19980535663793
"X2780.35",5764,-0.864316790797139,4967,-0.264784484919536,3368,-0.0221669855924457
"X24641.10",5765,-0.864658577656075,4669,-0.17210102493342,1842,0.560658368020622
"X20934.13",5766,-0.864809230943553,483,0.912343960294475,10,0.992858692864611
"X8858.21",5767,-0.864998893886882,1586,0.578700707805962,2519,0.303377493776159
"X12718.43",5768,-0.865269277093626,2439,0.24385192955123,4791,-0.549505829437178
"X10080.9",5769,-0.86579124621515,1175,0.724754642405823,2096,0.466205399538733
"X5843.60",5770,-0.866565527486985,1163,0.72996458960518,360,0.960058880590434
"X11163.7",5771,-0.866565887471425,1740,0.515302667039126,283,0.968752187486875
"X10703.203",5772,-0.866954326016079,6707,-0.928363572054438,1046,0.807710770485227
"X12691.44",5773,-0.867025060274335,1583,0.578922094738937,2720,0.229212172190642
"X7927.16",5774,-0.867327876508615,1639,0.559729897535373,754,0.869417976892677
"X17346.61",5775,-0.86758531257672,3234,0.104181320514315,5459,-0.767141500474834
"X22978.13",5776,-0.867905513359388,3430,0.0572097381888018,583,0.913607280713868
"X22071.38",5777,-0.868102155691567,623,0.883381820901751,2135,0.451067380288569
"X13697.51",5778,-0.86856629189718,3237,0.103614002901709,2817,0.194394133648087
"X20378.110",5779,-0.869179915508401,3232,0.10441250863625,272,0.97020797020797
"X21991.79",5780,-0.869220558955829,6422,-0.847089765492135,2090,0.468097558409448
"X21911.17",5781,-0.869530458210844,1638,0.559782540354525,5347,-0.736179334924674
"X7070.25",5782,-0.870093159304869,4151,-0.122184735667298,3769,-0.168693168693169
"X22099.1",5783,-0.870257440557772,338,0.934729920376853,3433,-0.0448140038008062
"X21149.27",5784,-0.870793697613254,2632,0.181188660601456,5280,-0.716530876618466
"X23248.1",5785,-0.870820926997237,5526,-0.506082280096384,807,0.860317084558074
"X24418.14",5786,-0.870946826391031,5400,-0.448255635427411,3366,-0.0217350217350217
"X11336.9",5787,-0.871014920236954,3769,-0.0298292770401336,2693,0.23915487956442
"X23352.9",5788,-0.871340609099624,3011,0.143412387826005,2559,0.287483287483287
"X25298.53",5789,-0.871881530404272,3101,0.132511912346034,1384,0.724855825820494
"X9078.207",5790,-0.872372981343559,2923,0.1512165548301,1234,0.760759635175212
"X2734.49",5791,-0.872407660954,6908,-0.969734309121043,4115,-0.296206427176422
"X2761.49",5792,-0.872557333529976,2418,0.251151493201269,3350,-0.014184252833798
"X6604.59",5793,-0.872778556153676,3422,0.0588294274398498,260,0.970474706226615
"X3197.70",5794,-0.873122680234988,5010,-0.281645843088629,1061,0.80407391852163
"X7142.5",5795,-0.873890814345058,2891,0.152705845149995,1001,0.822782479467098
"X15448.47",5796,-0.874769559766979,2734,0.163349517371167,1732,0.60311225978008
"X21903.6",5797,-0.874904751370351,6444,-0.855357893478437,1765,0.592485188034694
"X10753.31",5798,-0.874910525734757,2733,0.163405596633301,246,0.971115949992199
"X13640.5",5799,-0.874983888824628,1388,0.648805093537054,3180,0.0540575374617581
"X21743.1",5800,-0.875055629010932,6966,-0.980999526350425,4634,-0.493448637316562
"X8372.29",5801,-0.875199714868618,2045,0.391484411445713,3692,-0.140162948057841
"X17474.106",5802,-0.875295073720057,3517,0.032694584453297,4931,-0.601478768145435
"X21638.5",5803,-0.875371776909274,3394,0.0634800033068653,906,0.839308964146215
"X4973.18",5804,-0.876080738110671,6736,-0.936893821656788,378,0.957942435404329
"X20205.55",5805,-0.876176781456628,5656,-0.568811474845138,1235,0.760680725704103
"X25299.11",5806,-0.8763923642258,3131,0.128753726249378,837,0.854467259542658
"X9384.17",5807,-0.876570919961688,3195,0.113551785707399,690,0.885732685603886
"X17341.89",5808,-0.876717547870118,3491,0.0398236313138824,6002,-0.873705391489614
"X20982.29",5809,-0.877141557898877,3093,0.134103493277012,3966,-0.242692498151502
"X22777.46",5810,-0.877252169210727,2852,0.153168613507437,282,0.968796000461277
"X3416.2",5811,-0.877492840741983,5112,-0.320530392247495,5040,-0.638542016005471
"X5031.10",5812,-0.877532521080081,2803,0.155035112549121,4315,-0.375092424889938
"X25956.9",5813,-0.877796138048251,6130,-0.74901758134118,109,0.972079198805837
"X12439.67",5814,-0.877903546936067,2419,0.250743321674142,5216,-0.698618426676662
"X25482.5",5815,-0.878149349851289,3719,-0.0167637837483466,156,0.9720528956488
"X15603.20",5816,-0.878350180211918,2537,0.211413913400369,2061,0.477282113382939
"X21614.2",5817,-0.879030632309833,4482,-0.153056685182488,1148,0.779737362976991
"X9256.78",5818,-0.879310768625716,2940,0.15036184190694,1132,0.784733104051771
"X23375.4",5819,-0.879501265885013,2884,0.15301435738829,1118,0.78818054782998
"X23008.4",5820,-0.879690539290053,6808,-0.953175555032799,311,0.965871653745241
"X12775.6",5821,-0.879808519529042,3443,0.0540320621343648,119,0.9720528956488
"X20568.3",5822,-0.879957044590424,2161,0.343721089533378,4618,-0.487185045486405
"X19558.10",5823,-0.880300125359487,1716,0.52828478764717,1160,0.777678286764756
"X13572.43",5824,-0.880820928252625,3512,0.0332343616540758,3042,0.106797393357138
"X5915.58",5825,-0.881113651417705,5607,-0.54325068981248,3957,-0.24048896288075
"X25033.194",5826,-0.881350932822063,2883,0.153052921418076,1903,0.535854490935274
"X23659.2",5827,-0.8815601452879,5433,-0.462814634278023,3981,-0.247154517072898
"X2247.20",5828,-0.882088922741837,6570,-0.891633023839003,5451,-0.76533638449955
"X25225.14",5829,-0.882407574623978,3078,0.135524660799594,5214,-0.697132298304104
"X12687.2",5830,-0.882427067383911,704,0.863995221578346,3179,0.0540882968521409
"X3616.3",5831,-0.883222017285987,6254,-0.792324666294208,346,0.961821961821962
"X24425.8",5832,-0.883360371654008,3847,-0.0491690916030848,6108,-0.896987896987897
"X7983.1",5833,-0.883996298557822,5590,-0.533707456011716,2911,0.157899021144101
"X12694.28",5834,-0.884011749379348,6157,-0.760736486140691,1048,0.807249156505061
"X2730.58",5835,-0.884982670894477,1967,0.425704468414131,4571,-0.467019128970955
"X18309.18",5836,-0.885111717424969,2837,0.153168613507437,4261,-0.35129838958921
"X3587.53",5837,-0.885388245704594,3421,0.058937406723253,2418,0.349667593852952
"X21322.60",5838,-0.885959737482487,1152,0.733474531232162,1579,0.655256894862103
"X8091.16",5839,-0.886149536534315,4720,-0.186391435202044,5385,-0.74760034460069
"X25253.17",5840,-0.88632229678244,5251,-0.377203101323569,335,0.963241338041598
"X15562.24",5841,-0.887185418973181,2745,0.162086283368134,734,0.87498109460588
"X11144.10",5842,-0.887434554973822,5339,-0.418448371565683,3884,-0.215110875950535
"X21229.5",5843,-0.887594326868717,3028,0.14185287976318,338,0.963070367520862
"X11667.29",5844,-0.887603316190033,6507,-0.871654143044617,4415,-0.412881412881413
"X20437.9",5845,-0.887889290366984,1562,0.588243283408755,4119,-0.296877157680851
"X19637.9",5846,-0.888076932999665,3266,0.0962095415122499,2393,0.359018366179401
"X11431.235",5847,-0.888565248383846,3455,0.0496719701279248,6270,-0.937832488344413
"X4194.26",5848,-0.889166718759767,1588,0.578228472574221,1964,0.51278515480082
"X15494.11",5849,-0.889400208325943,1827,0.479593843638285,2988,0.127604007678897
"X21436.56",5850,-0.889757392522675,601,0.887296622947911,1638,0.636030064508493
"X12628.31",5851,-0.890076387595061,439,0.92030154110406,1707,0.61139033165801
"X12001.7",5852,-0.890228318550646,2539,0.210899270521264,4060,-0.276284282002754
"X21949.4",5853,-0.890448642489786,3042,0.139918012872673,3488,-0.0660669546862362
"X24226.30",5854,-0.890650396016615,2881,0.153076059835949,849,0.852294621661965
"X11969.5",5855,-0.89135447336427,4187,-0.128487584650113,4530,-0.451053813332248
"X8933.84",5856,-0.891961095416844,1877,0.459795070745713,4770,-0.544453544453544
"X9250.87",5857,-0.892230118911977,4597,-0.158345988097681,4555,-0.458829458829459
"X9923.6",5858,-0.892595565207812,2131,0.358805431930603,5547,-0.788220131121238
"X12395.86",5859,-0.892983555784972,2785,0.156495368704946,5356,-0.738559770636471
"X24111.10",5860,-0.893604208145909,3139,0.127380846788966,3343,-0.0122112406541595
"X4149.8",5861,-0.893784976425338,3335,0.077904721711432,3970,-0.24415247940134
"X23020.18",5862,-0.893985202664504,635,0.879713248667417,5087,-0.654843064232755
"X16809.1",5863,-0.894017890303858,6010,-0.703732585270355,221,0.971170413382355
"X14587.16",5864,-0.894022073101787,1986,0.415604549012954,819,0.857002886771485
"X23531.79",5865,-0.89427585539682,3504,0.0351746726609925,2991,0.12722179479592
"X12963.1",5866,-0.89437848732886,2949,0.149549045929997,1375,0.726777639334164
"X19207.119",5867,-0.894403574520963,3742,-0.0234020781867457,3933,-0.229133376733542
"X10506.53",5868,-0.894433792984785,3992,-0.0861774727232286,753,0.869716518447669
"X4867.15",5869,-0.894785876606004,2567,0.20121939462186,4598,-0.478527478527478
"X25480.21",5870,-0.894805063291139,1462,0.627693590991241,5478,-0.772373772373772
"X25270.3",5871,-0.894913108669469,3271,0.0951413178871539,5227,-0.701051468702531
"X6054.6",5872,-0.895195782021975,6635,-0.912394442055169,2203,0.423367423367423
"X10042.8",5873,-0.895210391888754,3994,-0.0864077943062014,1503,0.681534526181505
"X25446.34",5874,-0.895272893029351,278,0.944372809916325,2775,0.207100326812016
"X9847.21",5875,-0.896075826376633,1856,0.464948624971527,4068,-0.280529745582714
"X4551.72",5876,-0.896510827618416,2292,0.29270449402525,1703,0.612039317039419
"X8810.26",5877,-0.89732505800004,752,0.851407290471288,5824,-0.843111717101827
"X3381.24",5878,-0.897561635080992,3993,-0.0861814094753687,2605,0.27283607214956
"X7866.11",5879,-0.897788577148001,1668,0.549147533768561,359,0.960194550153646
"X3363.31",5880,-0.898262173389376,4576,-0.156434986830384,6279,-0.938358551485142
"X25092.32",5881,-0.89849990872294,2278,0.296447278031152,855,0.851281950116063
"X11551.16",5882,-0.898556882740821,5823,-0.632843441608274,3809,-0.18723244757452
"X20519.7",5883,-0.898808362237736,4098,-0.109938336116371,4647,-0.500371532093139
"X3807.1",5884,-0.899784082539642,470,0.914540984542343,4844,-0.571705693975919
"X2838.53",5885,-0.899964358577293,2861,0.153168613507437,208,0.971724106185845
"X18823.52",5886,-0.900351498168768,3389,0.0653621740857433,4938,-0.604005970816647
"X5679.16",5887,-0.90091684487378,6102,-0.739997454774034,3164,0.0604204399763935
"X4904.7",5888,-0.90102745618563,3641,0.00214416005614923,349,0.961485961485961
"X4397.26",5889,-0.901052036477153,1673,0.546400437765976,1687,0.618722587178526
"X24922.19",5890,-0.901605093036403,3757,-0.0263230931848915,2480,0.319793786460453
"X6899.37",5891,-0.901727994494015,6768,-0.943800639391614,180,0.9720528956488
"X3348.49",5892,-0.901808518872062,6934,-0.974777229038271,4200,-0.330496076605932
"X6226.69",5893,-0.901826315660104,2957,0.149068176270973,3980,-0.247086196556184
"X18271.43",5894,-0.902132414270651,773,0.845814367105779,3663,-0.1262494750105
"X25216.8",5895,-0.902205351400195,5225,-0.366156238757812,4031,-0.26586200517943
"X4464.10",5896,-0.902612884988816,6518,-0.873831030661394,3566,-0.0936063601033714
"X20929.4",5897,-0.902754221665069,5708,-0.58875704275594,229,0.971170217817484
"X16875.13",5898,-0.902834107612516,4960,-0.261190317343401,1434,0.708058608058608
"X9478.69",5899,-0.903328454747179,5537,-0.510279242139687,4154,-0.311396500364956
"X17436.193",5900,-0.903378814346191,3554,0.0230265821857321,1551,0.666515423513707
"X22033.7",5901,-0.903628600544355,4766,-0.196591559997087,4074,-0.283787283787284
"X6531.29",5902,-0.903631658784688,546,0.900448960397432,2998,0.124619277288237
"X13536.56",5903,-0.903813165887666,4169,-0.12461194945027,2404,0.354891226927695
"X11542.11",5904,-0.903823464346287,3821,-0.0422970278702243,961,0.831132094670221
"X24684.7",5905,-0.904392000352518,4134,-0.117678267824773,4868,-0.580056946334984
"X5183.53",5906,-0.904868126735983,347,0.933812555676818,4093,-0.289209787404733
"X19241.31",5907,-0.904917620425104,6144,-0.755743148136008,3004,0.121277281305689
"X2644.11",5908,-0.905329950836287,3478,0.0439689881756133,1076,0.800870939149871
"X21310.37",5909,-0.905384312857951,3384,0.0680353862787735,5429,-0.758523866827116
"X11294.7",5910,-0.90571000172062,5786,-0.615933114546738,347,0.961571087569786
"X24465.28",5911,-0.905851338396873,362,0.931208977600212,2547,0.291987311496969
"X6471.53",5912,-0.906213719976265,1630,0.561318735562591,6160,-0.909824812725699
"X9758.17",5913,-0.906367524518841,3424,0.0582225957762586,4018,-0.25879018629211
"X17427.26",5914,-0.906416685101885,2835,0.153168613507437,602,0.908083617736219
"X11614.29",5915,-0.906670779380197,2175,0.33444480968756,5059,-0.64568332314086
"X9058.1",5916,-0.906723938745914,1490,0.615292951652276,3539,-0.0838370065867573
"X15574.37",5917,-0.907047913650995,3621,0.00755469343524521,2580,0.280648109789377
"X7134.14",5918,-0.907147948774673,2173,0.336142847094525,840,0.853741853741854
"X5122.92",5919,-0.907716034811073,1473,0.62373076136964,2229,0.415320273815865
"X5680.54",5920,-0.908696507140575,2509,0.222070965527614,2180,0.431352048029565
"X4322.28",5921,-0.909038546882918,4582,-0.157110609480813,2668,0.247847941553552
"X14688.6",5922,-0.909052797234369,2178,0.332868431418259,2848,0.182958184556101
"X20078.6",5923,-0.909066093555965,100,0.972274464865243,2126,0.45575590403705
"X16908.5",5924,-0.909600449453055,23,0.987914033064799,2354,0.372367218375386
"X23382.30",5925,-0.909698154020107,2456,0.237794743897121,98,0.972920899831002
"X8748.45",5926,-0.91006071332006,5150,-0.33619403425755,975,0.828569174015111
"X15301.24",5927,-0.910558464223386,5199,-0.358356246794365,2306,0.387559354226021
"X21760.22",5928,-0.910570754369147,3542,0.0256180849874088,3200,0.0478257152814767
"X6237.11",5929,-0.910768610999208,3037,0.140397183707633,2876,0.174724520394523
"X5667.3",5930,-0.911351178624978,6817,-0.955153889760864,2718,0.230346567899225
"X18297.8",5931,-0.911394194135142,3897,-0.0640741354908623,139,0.9720528956488
"X7106.37",5932,-0.911549659285838,282,0.943346311467343,5331,-0.730287112755924
"X5754.76",5933,-0.91180747464701,2629,0.181376012975535,175,0.9720528956488
"X7840.64",5934,-0.91191652532999,2548,0.206938440239251,577,0.915146015400498
"X20562.78",5935,-0.912846144645814,3295,0.089880143731059,1797,0.58165451007294
"X9544.24",5936,-0.912864569224617,5359,-0.424088635566062,580,0.913817705970159
"X14090.23",5937,-0.912955042646806,2007,0.405523911626669,4776,-0.545902296923188
"X11715.1",5938,-0.913192664041614,6223,-0.780952454407676,4440,-0.420962301000178
"X21811.20",5939,-0.914104171275471,2847,0.153168613507437,509,0.930230875960887
"X19229.92",5940,-0.914514580677651,2605,0.191123687182723,3032,0.109385026338959
"X11219.95",5941,-0.914669517980483,2758,0.159936712367561,1612,0.642513792717971
"X8404.102",5942,-0.916276189892644,4618,-0.161833947492154,3895,-0.219368031620096
"X25085.37",5943,-0.916472047187093,1466,0.62637239741004,1618,0.640725178039494
"X12484.67",5944,-0.916660521593786,3004,0.144672957745393,892,0.842610807364094
"X9055.81",5945,-0.916856040338166,5923,-0.6710873899479,2516,0.304176283758458
"X18899.82",5946,-0.916856302031695,6702,-0.925955550017786,2253,0.406203406203406
"X7958.15",5947,-0.91710740176982,4181,-0.127229976185452,2027,0.490042056708723
"X11651.24",5948,-0.91720855864079,448,0.918911414567177,911,0.838380138380138
"X22974.25",5949,-0.917711329056363,3763,-0.0283677003112117,5487,-0.773542969494914
"X8268.98",5950,-0.918288965907136,2229,0.316341032293114,397,0.955863302492882
"X13556.28",5951,-0.918467173020672,802,0.835825994686431,2845,0.185819817253098
"X4673.13",5952,-0.918619264578852,6003,-0.70113154578923,6960,-0.987759496506326
"X18880.81",5953,-0.918675286578495,5412,-0.452508006369665,3193,0.0496274815384717
"X13076.4",5954,-0.918714664625161,6879,-0.964721194684203,482,0.938107545262758
"X5100.53",5955,-0.918845250760118,1086,0.754478275056075,3695,-0.142469019834532
"X25282.6",5956,-0.919149276110415,6971,-0.981406719642228,879,0.845955560816187
"X25416.5",5957,-0.919407369171398,4313,-0.142803850353452,3008,0.12001472976794
"X22972.26",5958,-0.919604011503576,1201,0.710309675904968,62,0.975359847390023
"X5484.63",5959,-0.919610156576457,4913,-0.243675115592885,3579,-0.09699946736107
"X5748.20",5960,-0.9202922596662,5478,-0.482478433066342,3677,-0.13224979310532
"X12385.4",5961,-0.920622532958386,5642,-0.563925663976183,226,0.971170217817484
"X20550.38",5962,-0.92097999162777,2125,0.361318336961699,1006,0.821861868970823
"X21128.2",5963,-0.921098630099863,811,0.832864474986649,6226,-0.928380037580469
"X7197.2",5964,-0.921152569869479,4278,-0.138977050545874,6256,-0.934120200786868
"X11568.2",5965,-0.921662610918565,3549,0.0246203994220859,99,0.972884846404668
"X14036.116",5966,-0.921681046137207,629,0.880913247761465,3073,0.0947110926989012
"X9486.13",5967,-0.921959580767329,6059,-0.723565201473133,1274,0.752321645400463
"X8878.48",5968,-0.922364383173599,6464,-0.861588548842995,1479,0.69293907758264
"X12671.35",5969,-0.922446217521993,1662,0.550998506811792,2650,0.255581106656627
"X14597.5",5970,-0.922455325320158,6489,-0.867559552502998,435,0.948366902737501
"X21765.10",5971,-0.922471153301397,1773,0.504826288327825,27,0.986784079295524
"X17819.30",5972,-0.92249941951962,5777,-0.614213328366931,94,0.973116083333976
"X11634.32",5973,-0.922504485903203,3399,0.0625902990744714,5233,-0.703076811794336
"X4963.19",5974,-0.922691477240537,399,0.926067794808605,3272,0.0177217520532902
"X25235.2",5975,-0.923022100106743,4160,-0.123164985020688,5247,-0.705378338035023
"X7768.10",5976,-0.923137428409901,2293,0.29235390981416,2940,0.145634004721417
"X21857.26",5977,-0.923174298847184,2663,0.175518125791041,2352,0.373156313086478
"X15433.4",5978,-0.923623132754616,6115,-0.743938698618251,6145,-0.906268699900706
"X5822.22",5979,-0.924107845420724,5507,-0.499570011067877,4553,-0.458404845041526
"X10365.132",5980,-0.924465790817124,5499,-0.494384351291507,6236,-0.930024856928146
"X5116.62",5981,-0.924489344443625,1996,0.412523571257042,1139,0.781959979746569
"X5315.22",5982,-0.924698343552957,5407,-0.450451540718583,4644,-0.499594403682268
"X6296.36",5983,-0.924838061904732,5178,-0.349339976630198,3713,-0.146502777834307
"X9402.18",5984,-0.924944079836787,4968,-0.264787917320332,825,0.856069124696692
"X9751.72",5985,-0.92509868166456,4613,-0.161078096016721,6993,-0.995331189626035
"X4815.25",5986,-0.925198288357215,6992,-0.98597980287176,4627,-0.490255476631051
"X14143.8",5987,-0.925202172897771,3456,0.0496396191416418,5449,-0.763771346655882
"X22134.1",5988,-0.925698511390315,3945,-0.0764397658424436,2875,0.174925551327187
"X20939.113",5989,-0.925921146424797,4572,-0.155690367180149,1877,0.546836058997981
"X9215.117",5990,-0.926191480388022,3644,0.00165396217390518,978,0.828338466130323
"X9175.48",5991,-0.926676990389106,1371,0.655440383911313,1927,0.529804764816897
"X22082.25",5992,-0.92705183983482,363,0.93087201081882,2082,0.470400293046256
"X25054.15",5993,-0.927632264382905,813,0.832587651508989,5388,-0.748331393475502
"X4491.4",5994,-0.927892134889436,4599,-0.158438405607785,3208,0.0447028178377132
"X22468.54",5995,-0.927906004965219,2968,0.148309545754293,3911,-0.223675471648485
"X12014.19",5996,-0.927916302083006,3257,0.0988473211496709,1852,0.554463974538544
"X22977.18",5997,-0.928071921932994,6887,-0.966869642010111,6149,-0.906605072684968
"X15402.2",5998,-0.928194823390605,2533,0.213972519272374,1415,0.71400577354297
"X11607.15",5999,-0.928231693827889,1084,0.755014287973036,6873,-0.973847973847974
"X22831.11",6000,-0.928231693827889,5348,-0.421003513183114,4324,-0.376865058228614
"X12676.1",6001,-0.928369765355743,2429,0.246721093367372,6282,-0.939423540025913
"X12329.21",6002,-0.928483641815992,5859,-0.645546433020065,114,0.9720528956488
"X22973.8",6003,-0.928672090915834,3248,0.10066754335561,2046,0.482251482251482
"X23312.16",6004,-0.92883393635509,6873,-0.964253977834784,3659,-0.124955375580117
"X20454.24",6005,-0.928858491261706,3324,0.0808417756421875,556,0.921406166775167
"X9357.4",6006,-0.929307490384434,3184,0.116432518732477,3304,0.0029393777988203
"X5076.53",6007,-0.929995329744611,269,0.946632136048447,1288,0.74944927764955
"X18314.88",6008,-0.929999937050303,344,0.934177767978131,2852,0.182101713126007
"X5651.50",6009,-0.930107171521647,5460,-0.47538265158556,3406,-0.0358183240943494
"X24473.11",6010,-0.931052282280068,5197,-0.357480194696881,2784,0.203743498925529
"X7812.11",6011,-0.931343091457858,4205,-0.131195258766798,1161,0.777588299901728
"X25102.23",6012,-0.931488582454588,2860,0.153168613507437,796,0.86203994134396
"X3364.76",6013,-0.931536447247914,6959,-0.980445866400854,1665,0.626018845019943
"X3374.49",6014,-0.931574613474916,6209,-0.776013855997767,1796,0.582001582001582
"X4918.21",6015,-0.93171281360456,5315,-0.408797997755573,731,0.875553875553875
"X22403.13",6016,-0.931795836098616,3595,0.0119779876517977,5253,-0.707351074812754
"X12334.25",6017,-0.931869576973183,974,0.793017382729075,5146,-0.671289446515818
"X8312.139",6018,-0.931993957179323,5917,-0.667435376327085,799,0.861134833191001
"X22805.18",6019,-0.932139960179928,2554,0.204986280445797,2906,0.159403707429984
"X7130.4",6020,-0.9322452586193,3464,0.0475066972405158,4859,-0.576941601036515
"X14144.3",6021,-0.932336602512106,2942,0.150241603646615,5038,-0.638318439170661
"X12548.75",6022,-0.932342747584986,3553,0.0232996675412818,5269,-0.713164072517804
"X22503.24",6023,-0.932465649042598,6637,-0.912675610950642,3048,0.103285921892775
"X17387.27",6024,-0.932557825135806,5639,-0.562053022669767,874,0.847836236544291
"X21321.2",6025,-0.932890018317381,2888,0.152954329828319,222,0.971170413382355
"X13693.5",6026,-0.932908094289998,6006,-0.702509361418231,82,0.974183974183974
"X19222.124",6027,-0.933368974756041,2944,0.150110327478727,1101,0.795085255107744
"X15395.15",6028,-0.93411867364747,4832,-0.214739943465132,4293,-0.368750534282877
"X3055.54",6029,-0.93422533530696,6274,-0.798375755797504,4019,-0.259000611548401
"X24920.6",6030,-0.934659440060959,5971,-0.687608220308589,574,0.916684750087129
"X19331.18",6031,-0.934670804560076,1568,0.583490925314464,4576,-0.468990620187596
"X22969.12",6032,-0.934856082393137,1742,0.514815937515993,4137,-0.302903269569936
"X12845.18",6033,-0.93510188530836,3982,-0.0840850105472621,719,0.877834987144332
"X8061.102",6034,-0.935199040272439,587,0.890708102213632,2708,0.233802187107508
"X22402.12",6035,-0.935267802276135,2990,0.146346636638142,5030,-0.636792856062549
"X15565.102",6036,-0.935366123442224,5619,-0.551114693280989,1565,0.659960113418986
"X5671.1",6037,-0.935394726074394,1252,0.695625682101277,4457,-0.426032401769611
"X8314.71",6038,-0.935421429098149,2405,0.256015024546005,3047,0.104133173243249
"X6228.58",6039,-0.935520625468188,2242,0.307563997958175,2201,0.424394862993431
"X18403.25",6040,-0.935589870134775,3346,0.0755837088067782,340,0.962831027132483
"X5347.59",6041,-0.935790133470983,1347,0.663039076931383,1303,0.74564670289044
"X9263.57",6042,-0.936055697891815,852,0.822848416368117,1092,0.798609878150625
"X8690.25",6043,-0.936214143499742,4263,-0.138147923905456,2517,0.304124270790938
"X11351.233",6044,-0.93630017452007,1151,0.733676810291968,2485,0.317853925417398
"X8334.65",6045,-0.93631505793498,2220,0.321207967198716,2592,0.276202876250222
"X22531.44",6046,-0.936447656269203,4167,-0.124311150017932,33,0.983336950017426
"X13403.5",6047,-0.936597065285131,2034,0.395944074775972,1534,0.672262663326166
"X14013.11",6048,-0.936963842391171,5326,-0.41423552595552,125,0.9720528956488
"X7184.13",6049,-0.937075482981549,710,0.862576903660594,5657,-0.816295674086518
"X12825.18",6050,-0.937452492845009,966,0.794593862482505,3770,-0.169122723954943
"X23619.235",6051,-0.937702359299821,4623,-0.162454831880112,3252,0.0249025139242338
"X5096.51",6052,-0.938026939999508,1938,0.439232730063361,2561,0.286447286447286
"X12711.19",6053,-0.938120791517247,5567,-0.521016309932012,3177,0.0544102783261089
"X23637.55",6054,-0.938492431944152,921,0.80646177224359,2051,0.480823480823481
"X8038.41",6055,-0.938772219498981,755,0.850590804491707,6945,-0.98198233743005
"X17205.21",6056,-0.938782783963818,5426,-0.458426047688279,520,0.928113471819455
"X5615.62",6057,-0.939434161689158,6462,-0.861136064470101,85,0.973694526109478
"X21480.2",6058,-0.939448686554574,4870,-0.228905493233439,2816,0.194425194425194
"X21730.56",6059,-0.939593933584052,746,0.853904029555472,3130,0.0757511006193316
"X4209.60",6060,-0.940171570434825,4221,-0.132950021403034,4822,-0.559521629120115
"X13973.62",6061,-0.940521839589018,4977,-0.267706492085175,5430,-0.758670980958777
"X9065.28",6062,-0.940663176265271,3134,0.128433644802147,1608,0.643066946145967
"X20383.31",6063,-0.940751511946859,199,0.956998856373503,3297,0.00812109973499569
"X25086.83",6064,-0.941094432657162,2432,0.246274855619899,3545,-0.0868630868630869
"X21724.22",6065,-0.941216232824521,3297,0.0891672604589457,2419,0.349010014927042
"X12426.19",6066,-0.941609517488878,3074,0.135654573620218,3899,-0.220861033845587
"X13597.20",6067,-0.941707838654966,2668,0.174995026095415,123,0.9720528956488
"X12717.65",6068,-0.941897429763876,4764,-0.196083554062147,3230,0.0346985374877161
"X18897.31",6069,-0.941910019703255,3657,-0.00239552727725817,4414,-0.412727161724903
"X21403.39",6070,-0.942042396487418,4701,-0.178726578785236,355,0.960742538123138
"X11544.39",6071,-0.942494407983679,6876,-0.964419634157624,778,0.865814444378687
"X3887.90",6072,-0.943471172186306,910,0.808831316075924,3001,0.123026441248611
"X9004.24",6073,-0.94348376471745,4773,-0.199000852306838,369,0.958933101792183
"X23693.4",6074,-0.943754147924194,6025,-0.708853144318169,648,0.896988196988197
"X16746.12",6075,-0.944055256495342,1788,0.500345148066592,211,0.97153998408659
"X19278.19",6076,-0.944294914337684,2546,0.208133538587684,670,0.890541796400686
"X13986.6",6077,-0.944805705760527,3761,-0.0276731632616149,949,0.833040710711303
"X9089.77",6078,-0.944925310184632,898,0.811807500693853,6119,-0.898903815930507
"X23275.9",6079,-0.94519620236836,3827,-0.0436891893455299,1469,0.696185384650793
"X12535.2",6080,-0.945401027456186,4594,-0.158196416374527,3345,-0.0126452427452605
"X8288.27",6081,-0.945486969953981,497,0.908931292000142,2371,0.368009768009768
"X8978.30",6082,-0.94562405182019,2116,0.364135612436914,4804,-0.552228206190448
"X17337.1",6083,-0.945746727730956,2620,0.185285966643421,3396,-0.0314256968692667
"X5677.15",6084,-0.945873604029811,3453,0.0505656128637313,5120,-0.66310916467749
"X17170.15",6085,-0.946134113907118,3946,-0.0769545214396724,3440,-0.0467856488736034
"X24276.171",6086,-0.946146703806871,421,0.922667551068416,4043,-0.270271514338508
"X8520.8",6087,-0.946236757367942,899,0.811487453192909,1593,0.651288521676604
"X24935.62",6088,-0.946666912469582,2977,0.147310737382814,3089,0.0900554339034543
"X9869.28",6089,-0.947162678518197,4261,-0.137987149573465,2783,0.204163402350308
"X4184.43",6090,-0.947447336725414,5887,-0.6539533915136,4430,-0.417832225312843
"X17432.25",6091,-0.947544182679445,5615,-0.548515477673355,23,0.988834309838038
"X7732.45",6092,-0.947616773201359,5862,-0.646483538943885,1030,0.812463962772272
"X22499.15",6093,-0.947975812993142,6695,-0.925162341816378,339,0.963002910112131
"X5721.1",6094,-0.94797886169138,3963,-0.0802363203745338,2648,0.255936293753658
"X22961.7",6095,-0.948028893819933,3230,0.104535515543232,5131,-0.666510646668973
"X7006.4",6096,-0.948516579406632,40,0.983074554757493,4858,-0.576782743002962
"X10531.18",6097,-0.948897573925227,5586,-0.531359982363455,973,0.828785011226656
"X21926.24",6098,-0.948973015846787,2157,0.345221326460275,3054,0.0993667514943481
"X17364.8",6099,-0.949094216257405,5082,-0.310559988276535,1055,0.806040520013415
"X12585.39",6100,-0.949317055921107,2204,0.325387670903916,4015,-0.258063859663404
"X10011.65",6101,-0.949352309318389,1701,0.53406553571222,2987,0.127800464250722
"X8315.5",6102,-0.949627652542853,900,0.810936495176849,5928,-0.861063861063861
"X13388.57",6103,-0.950439987218248,1636,0.55987322972791,1754,0.596708656396481
"X5666.64",6104,-0.950446484718903,5546,-0.513744185909183,2200,0.424421166150467
"X3891.56",6105,-0.95045842243689,5336,-0.41799166245676,824,0.856476823630756
"X20546.71",6106,-0.950544453457218,1396,0.646164717646295,2778,0.205723566971126
"X9889.42",6107,-0.950565758620147,2619,0.185515960739234,4997,-0.625784984842806
"X24722.13",6108,-0.950627078032436,2091,0.373924577216411,3639,-0.1183970856102
"X3831.21",6109,-0.950768814014086,1190,0.716022197455545,1700,0.614080079961597
"X13673.21",6110,-0.95118082132022,2225,0.318846706341063,2258,0.40455985401955
"X21961.14",6111,-0.951543256656917,4783,-0.201813280680578,2777,0.20598659854149
"X20127.102",6112,-0.952202445588027,6361,-0.82616988375553,1717,0.607491762529626
"X4163.5",6113,-0.952252783718015,642,0.87847270064602,2779,0.205421080665207
"X2835.1",6114,-0.95261776314547,1901,0.449848671808744,5608,-0.803909964293464
"X11548.84",6115,-0.952693451678391,4695,-0.178163497126666,4949,-0.607114511894829
"X12708.91",6116,-0.952879581151832,5241,-0.370910944761462,1940,0.524964983922195
"X10088.37",6117,-0.952893751799597,2122,0.362320951591727,3589,-0.0998867159147181
"X14095.1",6118,-0.953192937613736,6739,-0.938788572896486,3645,-0.121165770054394
"X2731.29",6119,-0.953303578339052,3372,0.0692635717774339,158,0.9720528956488
"X23164.8",6120,-0.953415358787002,681,0.869941519546959,2381,0.363858147074103
"X8903.1",6121,-0.953580119460217,2553,0.205322607391182,1028,0.813379100826577
"X9898.161",6122,-0.953977911159932,6326,-0.813793582174163,345,0.961860422297186
"X21781.9",6123,-0.954029446271296,2901,0.152241779093525,2002,0.499537396287232
"X8780.2",6124,-0.9544560376438,2728,0.165073922363311,185,0.9720528956488
"X9075.121",6125,-0.954649362141435,2875,0.153168613507437,1348,0.733649733649734
"X12442.4",6126,-0.954716957943121,1890,0.455795980856816,3332,-0.00951516705792613
"X14011.17",6127,-0.954852149546494,3296,0.0898443804942189,5201,-0.692923793178276
"X4304.18",6128,-0.954907455202419,5695,-0.585152932978763,2743,0.218375385505645
"X5888.29",6129,-0.955158103109969,4229,-0.134039024390244,4282,-0.361152659455319
"X23568.41",6130,-0.955491237126072,918,0.807399666035502,2521,0.301519664897779
"X22015.2",6131,-0.955548102474136,4176,-0.126678207508813,1870,0.548006549486102
"X25105.70",6132,-0.955988988029398,2541,0.210636730695811,4002,-0.253753131719635
"X5618.50",6133,-0.956032003539562,1450,0.631108060267866,3012,0.119304544527957
"X7624.19",6134,-0.956193645756743,6055,-0.722974442743455,1906,0.534628792227247
"X11468.15",6135,-0.956199600898922,5486,-0.486360530187831,291,0.96816002840741
"X20387.277",6136,-0.956520781203279,1603,0.570705220412712,145,0.9720528956488
"X4267.81",6137,-0.956767250692543,5077,-0.309678701974084,3044,0.106100359695672
"X5728.60",6138,-0.956941671960811,4752,-0.192564262557747,1585,0.652530799523104
"X25096.58",6139,-0.957162874932251,4423,-0.15125198122703,5567,-0.792829243024542
"X13704.5",6140,-0.95725743254356,4991,-0.273457329756127,5382,-0.746230082012251
"X6382.17",6141,-0.957543691468181,3194,0.113931575311053,191,0.972052259561248
"X14655.1",6142,-0.95758449423066,4413,-0.15084320251129,3945,-0.237392568042979
"X2705.5",6143,-0.957941242864975,5444,-0.466882137809674,2980,0.13028321830069
"X6572.10",6144,-0.95796770149694,2708,0.168447718947391,599,0.908532200952394
"X19371.18",6145,-0.958035297298626,5671,-0.574752153204309,328,0.964170397503731
"X7221.56",6146,-0.958231346484396,6486,-0.867081358533641,36,0.982179611107823
"X7790.21",6147,-0.95851461298331,3450,0.0517799227948124,1233,0.760891150960394
"X9989.12",6148,-0.9585477550635,1411,0.639480822149699,829,0.855891789956382
"X9319.59",6149,-0.958579099441636,5848,-0.641348250911353,2697,0.237211447797744
"X6240.70",6150,-0.958686675023966,2025,0.398433260851216,3670,-0.129327011131688
"X23981.172",6151,-0.95870538875792,6846,-0.959931349930466,747,0.870667376851907
"X25255.4",6152,-0.958926332866308,4170,-0.124651351388591,2077,0.472384973006385
"X17348.5",6153,-0.958963203303591,2270,0.299214450713242,822,0.85674942341609
"X23317.10",6154,-0.959120907285192,2521,0.217401981720338,3050,0.101751150556136
"X7012.35",6155,-0.959372265622541,5888,-0.654113701051504,1967,0.511888045476438
"X5722.78",6156,-0.959785738933016,3521,0.0316297317802098,327,0.964203909100762
"X4261.55",6157,-0.960285036227551,6741,-0.938811181928769,2372,0.367395921695502
"X18213.30",6158,-0.960382715139002,6798,-0.950541631798356,630,0.901363161113413
"X8872.1",6159,-0.960499471523732,3468,0.0465236455348638,1933,0.526967526967527
"X5688.65",6160,-0.960530196888135,751,0.851995110081023,2714,0.231106113511274
"X16851.50",6161,-0.961156994321953,6184,-0.769235463050629,3868,-0.209932072096953
"X4909.68",6162,-0.961367771014183,1516,0.607464453605544,5675,-0.819060582746444
"X2848.2",6163,-0.961703905808323,3079,0.135524660799594,884,0.844942889270285
"X18191.23",6164,-0.961765356537129,5830,-0.634653654388593,743,0.872679568365193
"X21976.4",6165,-0.961802123922773,3140,0.127130180595351,1020,0.818107816601884
"X22391.34",6166,-0.961808372047293,3590,0.0125724483315782,2317,0.385242613744715
"X24273.43",6167,-0.961959185779521,6145,-0.755889339501682,2251,0.406508716208663
"X5225.50",6168,-0.962172028585434,3060,0.137821258438175,4551,-0.458115510314125
"X13547.5",6169,-0.962324760563939,5185,-0.351465138205614,1605,0.643931188276521
"X3486.58",6170,-0.962398499015748,4725,-0.187324914943358,5071,-0.649016212494051
"X25082.3",6171,-0.96266197820792,1598,0.572494591394822,3893,-0.218516181987152
"X24489.34",6172,-0.962932920384436,2064,0.384612053523977,3983,-0.248624016097532
"X5088.175",6173,-0.963017053072889,1208,0.707412872126263,3622,-0.111730668783112
"X24646.47",6174,-0.96305880253413,5790,-0.617410680014881,5529,-0.784153229717731
"X12709.63",6175,-0.963369091762342,1698,0.53557371464689,4934,-0.602556384661692
"X2986.49",6176,-0.963768650296193,3929,-0.0713048910758979,1716,0.608416939701663
"X12862.14",6177,-0.963804038210346,3447,0.053098383743545,860,0.84989016706168
"X7240.2",6178,-0.963810219253794,2775,0.157550789023548,777,0.866568984581154
"X8059.1",6179,-0.963866971462282,5372,-0.432230758873216,1249,0.757300853982921
"X14073.31",6180,-0.964074721055034,1363,0.656456197046767,6934,-0.978944083789522
"X17813.21",6181,-0.964217240616474,4304,-0.142216428514543,5537,-0.786389721743613
"X8785.1",6182,-0.964287838829291,1676,0.545548856012927,1587,0.65237747660663
"X3000.66",6183,-0.964401946404628,6037,-0.71408050104864,6189,-0.918381190771756
"X8529.1",6184,-0.964624933076877,5849,-0.641349561562819,2868,0.176974216330315
"X8253.2",6185,-0.964668208159593,625,0.882515505882492,3415,-0.0396322818646308
"X23691.2",6186,-0.964684266155397,3798,-0.0362825918318951,1441,0.704523485431339
"X9086.95",6187,-0.964694646547084,5246,-0.375325273505317,2626,0.265096528239428
"X6372.7",6188,-0.964729284828494,5393,-0.445386421748194,3804,-0.185751982471492
"X9937.7",6189,-0.965027692620382,4063,-0.101892217357617,2281,0.396288641332329
"X3299.29",6190,-0.965065260673992,2162,0.343312418774512,2612,0.268798537544469
"X11177.16",6191,-0.965190863327217,6734,-0.936377722355419,703,0.881583187022022
"X21715.40",6192,-0.965339095101422,5445,-0.467845137882774,4149,-0.308568910983541
"X3854.24",6193,-0.965364670674131,2812,0.15434087560384,3505,-0.0718302502425093
"X22146.20",6194,-0.96552255952662,288,0.942043915452493,2790,0.201607122894925
"X17785.11",6195,-0.965544576358676,5164,-0.343123455028557,135,0.9720528956488
"X24959.20",6196,-0.966171373792493,4560,-0.154690680938036,310,0.966029472687459
"X19187.21",6197,-0.96626140467084,6626,-0.908716209018576,1990,0.504276907883209
"X23335.31",6198,-0.966318855541627,4391,-0.149713276438535,4570,-0.466927067921327
"X5649.83",6199,-0.967529434899098,3765,-0.0290040068026949,3614,-0.108625462771169
"X12798.46",6200,-0.967627756065187,5467,-0.477303140268946,2341,0.376325843509367
"X7113.1",6201,-0.967744744250844,4645,-0.16774196036389,3721,-0.147475225713966
"X13618.15",6202,-0.967826409915836,5787,-0.616989768962898,200,0.9719082282851
"X12795.2",6203,-0.967847836743118,1984,0.416007590043186,1098,0.796187796187796
"X14331.262",6204,-0.968346729592213,6288,-0.802856573997422,465,0.941865592163726
"X15372.43",6205,-0.968740014256569,3760,-0.0270256720746291,6,0.994121244402359
"X12530.14",6206,-0.969054221209441,5837,-0.637181894959296,3656,-0.123642456433112
"X6917.49",6207,-0.969473477140581,2763,0.159417435534664,3327,-0.0069520447643858
"X18878.15",6208,-0.969563821550199,2696,0.170178900870991,440,0.947314776456044
"X11223.1",6209,-0.969652237683221,5706,-0.588566097084245,5218,-0.699084908796136
"X15615.8",6210,-0.969654771770053,1688,0.540348357078883,3211,0.0426206268037061
"X19328.51",6211,-0.969717080844579,3573,0.0176992039679015,720,0.877782380830259
"X5587.3",6212,-0.969919868249638,1431,0.636110252680436,2976,0.131732786227667
"X25048.30",6213,-0.96995059361404,3106,0.131942971512751,2130,0.452697059964622
"X25059.18",6214,-0.970153381019099,6173,-0.766089877327821,759,0.868549972710475
"X12843.6",6215,-0.970190251456382,3565,0.0200687211010802,3429,-0.0440380606682317
"X20991.2",6216,-0.970294717695352,3643,0.00186011538620523,701,0.882157417394195
"X2857.70",6217,-0.97071258265123,6123,-0.747017744752195,5507,-0.777679777679778
"X11592.1",6218,-0.970903079910528,2767,0.158977548746737,1124,0.787141701682744
"X5354.11",6219,-0.971112012388467,3870,-0.0565691598774095,6569,-0.970627539564636
"X7180.114",6220,-0.97113756397263,2151,0.348372019482548,1457,0.699078731924799
"X4534.10",6221,-0.971167318044392,2722,0.165555379874975,417,0.952106287362276
"X22521.13",6222,-0.971238283487665,4616,-0.161539654529222,41,0.981198112811323
"X17854.33",6223,-0.971456136469779,5630,-0.558052362239645,1340,0.736416063338002
"X21190.4",6224,-0.971489416255947,315,0.938508014961858,4677,-0.512135554030131
"X23378.29",6225,-0.971660563604522,1135,0.738379199776393,6351,-0.951786313152236
"X13450.49",6226,-0.971781825332449,3019,0.142999278852643,614,0.90469051047852
"X12699.28",6227,-0.971787970405329,3291,0.0903779872567333,2348,0.374155833053862
"X13524.25",6228,-0.97191087186294,5844,-0.639458516547561,4267,-0.355875138913548
"X2942.50",6229,-0.972132169183605,780,0.844511790737026,2901,0.163814214100138
"X24956.1",6230,-0.972220298759262,4157,-0.122598907095396,4123,-0.299047168136356
"X17675.17",6231,-0.972427057984908,2213,0.32399666950769,821,0.856835856835857
"X13490.1",6232,-0.972537669296758,3276,0.0938802741131237,2316,0.38542673584397
"X18409.61",6233,-0.972553932152817,538,0.901944155275184,2146,0.448875448875449
"X5475.10",6234,-0.972930953961114,1725,0.525164703867662,2956,0.138334878643809
"X3852.19",6235,-0.97332423862547,1301,0.680736983416266,1643,0.633873205631506
"X6550.4",6236,-0.973373399208515,55,0.979472366944456,3244,0.0276906485700946
"X21716.29",6237,-0.973416414718679,442,0.91957471587951,4372,-0.397749241946316
"X5664.57",6238,-0.973588476759334,6292,-0.803813211265324,1610,0.642979242979243
"X7245.2",6239,-0.973704323597419,2873,0.153168613507437,2284,0.396105817600758
"X3379.29",6240,-0.973742103581349,3894,-0.0631254603581056,2049,0.481677481677482
"X25886.11",6241,-0.973786224879292,2587,0.196774868766135,3063,0.0971178315677339
"X8011.96",6242,-0.973889585330482,2716,0.167762724075011,1386,0.723505430174267
"X17696.1",6243,-0.973963326205049,4868,-0.227406286545418,3398,-0.0317263273570891
"X10453.7",6244,-0.974012486788093,4617,-0.16168392549885,2753,0.214995429826465
"X16922.53",6245,-0.974147678391466,254,0.9486519943388,2261,0.40386793924717
"X19612.3",6246,-0.974234689059972,5195,-0.354482878080755,3707,-0.145611087778244
"X18162.167",6247,-0.974394056565737,3770,-0.0301879225171513,4341,-0.384616428227409
"X3873.51",6248,-0.974571688420225,2682,0.17293653517618,169,0.9720528956488
"X11217.16",6249,-0.974606332050221,5970,-0.687315133682209,969,0.829555542403977
"X3347.9",6250,-0.975160049604361,3427,0.0578761615879284,2423,0.344867267693805
"X17691.1",6251,-0.975330013785984,2736,0.163184281336055,2702,0.235176404349566
"X12622.96",6252,-0.975386745983035,2236,0.311270505517347,5752,-0.833058602467829
"X14052.26",6253,-0.975671656465846,1561,0.588270840673736,3351,-0.0145179128925226
"X12801.33",6254,-0.97582851930678,2706,0.168767763556221,4173,-0.319481470929404
"X12818.159",6255,-0.975890266088369,5940,-0.676533460358952,1186,0.772306721114202
"X5236.2",6256,-0.97604650591156,2228,0.317211052803553,4024,-0.261762443037226
"X10390.21",6257,-0.976110007481747,5967,-0.686559278698387,6015,-0.877742926094705
"X6168.11",6258,-0.976155386644565,6487,-0.86715456052154,598,0.908635984033984
"X21237.24",6259,-0.97636399743706,4183,-0.12796941363667,5265,-0.712063756320138
"X9952.57",6260,-0.976528909232117,3047,0.139589986193536,2149,0.445884542292189
"X17514.48",6261,-0.976550401887766,2729,0.164963693303388,1914,0.533303084702741
"X12518.289",6262,-0.976992847135167,4998,-0.277171251287074,1787,0.585081774829226
"X24494.67",6263,-0.977011282353809,6153,-0.759001808652997,601,0.908425558777692
"X8458.111",6264,-0.977324681070717,1496,0.613427037759776,2319,0.384878373061634
"X13460.4",6265,-0.977382173904833,3119,0.130230669983963,305,0.966486986430048
"X21366.7",6266,-0.977406705106872,1892,0.452948683166029,309,0.966218278760252
"X11586.2",6267,-0.977533253177386,2614,0.186759153914895,2375,0.365961863285781
"X6706.18",6268,-0.977573392115325,1451,0.630406194925745,4958,-0.610695786084278
"X4499.21",6269,-0.977945333431655,3912,-0.0674909085299777,6936,-0.979207354362707
"X8811.24",6270,-0.977945333431655,3811,-0.0396981304400887,2465,0.326086813569799
"X2695.25",6271,-0.978080525035027,4788,-0.203008765603971,1060,0.804080934814201
"X24681.2",6272,-0.978105105326549,2988,0.146445211236278,784,0.864946440196485
"X8081.55",6273,-0.978209571565519,6550,-0.884830542837684,2890,0.169241088161607
"X11837.7",6274,-0.978350908241772,2770,0.158712130904882,2368,0.36894780796065
"X24050.26",6275,-0.9784369392621,5872,-0.649125845907951,152,0.9720528956488
"X9786.310",6276,-0.97855369564683,6177,-0.766969137206961,187,0.9720528956488
"X2860.19",6277,-0.978666347721536,6561,-0.887423884246208,645,0.897246717037212
"X13631.1",6278,-0.978854804217978,5681,-0.578822948682846,514,0.929704812820159
"X13609.11",6279,-0.979162057862006,3072,0.135894715500765,385,0.957019882374489
"X23401.3",6280,-0.979459201515632,4174,-0.126037865946505,4827,-0.564235722493322
"X8328.9",6281,-0.979711312690029,5603,-0.541833814272273,3106,0.0831993596396616
"X9541.15",6282,-0.979727404567018,3525,0.0305648948848164,2328,0.381713099574676
"X24286.48",6283,-0.979831033244582,798,0.836108836669068,5317,-0.726311548190209
"X4910.21",6284,-0.979893321534793,3838,-0.0457882740131566,5272,-0.713419713419713
"X2973.15",6285,-0.98007767372121,2793,0.155693195657504,105,0.972336976061105
"X8845.2",6286,-0.980189792738775,4847,-0.22137681299145,2549,0.291603374695048
"X3739.72",6287,-0.980196087688652,3208,0.110446509970764,3199,0.047985047985048
"X6456.17",6288,-0.980205682884591,5573,-0.523476775176465,404,0.954682271906369
"X24707.6",6289,-0.980378782292358,912,0.808444751242726,6501,-0.967683729259656
"X23687.27",6290,-0.980415652729641,5403,-0.449328194569655,89,0.973486417707285
"X3022.4",6291,-0.980566806841929,380,0.928555822161159,5053,-0.642829430602408
"X11952.1",6292,-0.980592669530869,3342,0.0767269936639299,1944,0.520760834910492
"X8303.102",6293,-0.980739644867667,6300,-0.80579429521313,270,0.97024997024997
"X9185.15",6294,-0.98079906091477,4768,-0.197967085204089,5621,-0.806928644593229
"X11638.42",6295,-0.981030311843166,2158,0.345046483200894,1255,0.755762035338292
"X14012.17",6296,-0.981091610746504,3653,-0.00141078871529801,3336,-0.0106467125387615
"X12424.107",6297,-0.98149563512411,334,0.934979796455577,4593,-0.47502662515178
"X3534.14",6298,-0.981552491212546,236,0.951400794830257,2701,0.235249235249235
"X4880.21",6299,-0.981773713836246,2296,0.290726507757155,774,0.866932328552734
"X2829.19",6300,-0.981776062748258,5734,-0.59975936045413,1892,0.540134448537143
"X5456.59",6301,-0.98181031035497,376,0.929408440332407,2560,0.28739486956922
"X10605.22",6302,-0.981988791387066,89,0.973556644775152,5132,-0.667251911910727
"X13405.61",6303,-0.9820800355621,5371,-0.430767812083463,4097,-0.289836203275935
"X15404.3",6304,-0.982285955293125,6411,-0.84320180066118,32,0.983407612419192
"X4906.35",6305,-0.982323780746896,2864,0.153168613507437,687,0.88725859297096
"X12448.246",6306,-0.982369785905661,2686,0.171957804872657,609,0.906672907466574
"X3445.53",6307,-0.98263217862606,6348,-0.820685229728719,253,0.970724586218461
"X18321.38",6308,-0.982824521298823,4031,-0.0944703037688626,3569,-0.0942770906078002
"X18938.3",6309,-0.983045743922523,2878,0.153157044298501,2060,0.477777120198852
"X10700.10",6310,-0.983233025522058,5474,-0.480793570496405,694,0.884975259352889
"X7736.28",6311,-0.983255433328612,702,0.86431270096463,78,0.974575974575975
"X6398.12",6312,-0.983269319453447,1589,0.57722639784967,6269,-0.937655806290781
"X12366.16",6313,-0.983414448295357,4081,-0.106386588973001,1495,0.686150730241397
"X5026.66",6314,-0.983457463805521,4654,-0.169369362420896,1953,0.517560645216442
"X10948.14",6315,-0.983617712219961,2262,0.302989869229375,72,0.974762120823552
"X20141.42",6316,-0.983623380773296,3858,-0.0527941567782067,2820,0.19392660104029
"X5992.50",6317,-0.983715556866504,2368,0.267013485841216,2120,0.458247026099308
"X8601.167",6318,-0.983826168178355,2211,0.3245703002981,184,0.9720528956488
"X7007.24",6319,-0.983828222867107,2518,0.217692551468113,6137,-0.902915047378562
"X5751.14",6320,-0.984078116166458,2476,0.23268769317958,2841,0.187125947599415
"X7879.12",6321,-0.984140088361444,6881,-0.965463281362258,277,0.969488337837749
"X18395.5",6322,-0.984170292259666,5406,-0.449941961135171,140,0.9720528956488
"X9127.4",6323,-0.984237888061352,3056,0.138533489752695,4283,-0.362372018701545
"X23662.10",6324,-0.984287048644397,4730,-0.188940607537725,1179,0.774200548420824
"X8447.11",6325,-0.984335032023953,1532,0.602843428777814,981,0.827591119070392
"X8892.14",6326,-0.98445547270852,465,0.916442435826019,2133,0.452123452123452
"X4566.24",6327,-0.984625027652828,305,0.939952837802194,5733,-0.829792270817305
"X14081.5",6328,-0.984764611596742,1713,0.529888126485394,4825,-0.562381224806507
"X24449.11",6329,-0.984833960130767,369,0.930002052123948,6406,-0.958901317130589
"X12990.39",6330,-0.98510610171412,6820,-0.955470114805117,2029,0.488955961939332
"X10827.67",6331,-0.985128923629034,2725,0.165414304461679,285,0.968383605242219
"X17202.37",6332,-0.985147358847676,3795,-0.0355921060401469,5063,-0.646866965207499
"X7085.81",6333,-0.985294997088585,646,0.877820070177695,2981,0.130115142069927
"X18228.30",6334,-0.985319420888332,5259,-0.38098530126971,5046,-0.64028364028364
"X25055.56",6335,-0.98533901559264,6345,-0.820401784132558,863,0.849545941751659
"X9925.56",6336,-0.985362436398496,4600,-0.158755435178423,6414,-0.959650957106127
"X9096.80",6337,-0.985408306186362,2654,0.177024322333587,6988,-0.994502640179388
"X10539.30",6338,-0.985473047710346,5466,-0.476770956657887,806,0.860330236136592
"X2809.25",6339,-0.985836324410089,3943,-0.0762063792618073,5606,-0.803593803593804
"X5727.35",6340,-0.986038394415358,3272,0.0951336050811966,684,0.887685519454472
"X22845.3",6341,-0.986046988138948,2233,0.312935919790758,1960,0.513607727845443
"X6450.8",6342,-0.986483226311771,2560,0.202583401835868,4274,-0.358179444133557
"X5807.77",6343,-0.986542290391564,2606,0.190872300388161,1258,0.755484404889498
"X3065.65",6344,-0.986671336922056,1131,0.740113146863395,800,0.861093027690649
"X12931.16",6345,-0.986812080008813,1446,0.632330970625924,3498,-0.0698940640350358
"X24963.1",6346,-0.987126359681513,775,0.845372249440489,2943,0.144279392134041
"X2839.2",6347,-0.987126401197064,2532,0.214292744186413,5602,-0.803081414846817
"X25947.116",6348,-0.987464051323649,6947,-0.977787810383747,1780,0.587303466098518
"X21727.15",6349,-0.987617833593,3571,0.0185934717862354,5380,-0.745823073322615
"X9994.217",6350,-0.987787758801941,5302,-0.399582792397014,2885,0.170448455741197
"X5089.11",6351,-0.988269055871003,1120,0.744091930855022,2833,0.189245189245189
"X4309.59",6352,-0.988275200943883,2594,0.195303672452557,1257,0.755656822710146
"X9783.75",6353,-0.988410392547256,2494,0.226713172740407,4619,-0.48750822496727
"X6213.10",6354,-0.988514858786225,1414,0.638055720680112,1221,0.764043764043764
"X8837.8",6355,-0.988521003859106,4731,-0.189032995888062,1294,0.747989452434028
"X20564.53",6356,-0.988525948834374,2440,0.24358010747718,1714,0.609371814852078
"X11229.16",6357,-0.988545405273211,5277,-0.390675501798698,6593,-0.971170217817484
"X7243.8",6358,-0.988988327362618,2201,0.325766238672972,4054,-0.273035273035273
"X23006.19",6359,-0.98904049226508,6652,-0.915421369871466,3226,0.0368572987972881
"X23256.21",6360,-0.989172381584446,6081,-0.731247276415396,2713,0.233026243974933
"X2952.75",6361,-0.989239977386132,6596,-0.898790039229735,6259,-0.934978595805962
"X10710.23",6362,-0.98925452056088,3030,0.141669930890316,3635,-0.116358590939878
"X12788.6",6363,-0.989270702750535,209,0.955990729207239,6513,-0.968674110352874
"X10370.21",6364,-0.989289137969176,5198,-0.358067016570964,2425,0.343959808776048
"X22432.83",6365,-0.989355239758903,4744,-0.190847838624656,1036,0.810525208288125
"X14031.18",6366,-0.989371757163158,5951,-0.680998239535688,2115,0.45984880302394
"X21913.5",6367,-0.989430745890958,4295,-0.140856081174775,1521,0.675734680054974
"X24259.24",6368,-0.989510360592877,4086,-0.106858989752654,1668,0.624808368041894
"X25036.10",6369,-0.989707724557306,3352,0.0748671838246728,5102,-0.659686467639417
"X10663.42",6370,-0.989807889962225,1121,0.743873053897029,1833,0.565117565117565
"X3583.54",6371,-0.989808540304737,903,0.810283977615627,4777,-0.546231086386143
"X24718.8",6372,-0.990202812740858,2396,0.259586611601805,5011,-0.629793414406798
"X5440.26",6373,-0.990492232828,5645,-0.565674779837038,2059,0.477941176470588
"X3654.27",6374,-0.99053044269105,2995,0.1461191088624,237,0.971170217817484
"X3622.33",6375,-0.990553981219092,6303,-0.806426854969947,236,0.971170217817484
"X11593.21",6376,-0.990557549606726,3572,0.0180479659402489,3666,-0.126629973762601
"X3903.49",6377,-0.990579603274095,1094,0.750673676709978,2624,0.265959828242333
"X25053.1",6378,-0.990610328638498,3371,0.0692648539001731,3021,0.113855113855114
"X3321.2",6379,-0.990720939950348,5835,-0.636321981374373,3564,-0.0927640638460964
"X10045.47",6380,-0.990727085023228,6186,-0.769919285485656,1822,0.569759260355224
"X12790.10",6381,-0.990759013581354,410,0.923857755805424,4663,-0.506691901205424
"X20541.73",6382,-0.990862276626601,3548,0.0246462714367801,3683,-0.135164835164835
"X5707.55",6383,-0.990916387328266,5267,-0.385362363694096,1962,0.513299533776542
"X24655.23",6384,-0.991028193594376,6896,-0.968128054673614,2439,0.337267337267337
"X5870.23",6385,-0.991095789396062,2188,0.329029159465705,4026,-0.262108262108262
"X13526.5",6386,-0.99117567534351,5949,-0.67954999457389,2863,0.178723376273237
"X2763.66",6387,-0.991196132748129,4028,-0.0929161733684523,3700,-0.143510290466564
"X11231.12",6388,-0.991231107222219,5498,-0.494338758103996,4935,-0.60259941119809
"X4389.2",6389,-0.991325010032148,2743,0.16221602033156,2798,0.200158071527366
"X11096.57",6390,-0.991434717129598,5099,-0.317424855285384,426,0.950710688304421
"X6973.111",6391,-0.991482928987538,6327,-0.813886472165249,3510,-0.0726165476690466
"X21533.51",6392,-0.991531280063956,6163,-0.762684707489474,5736,-0.83045983045983
"X13955.33",6393,-0.991562814934985,6843,-0.959550189156566,611,0.90653173147107
"X17821.20",6394,-0.991602510433912,2689,0.171597120659485,4295,-0.369584240623537
"X2633.52",6395,-0.991694242948872,5204,-0.359223300970874,5907,-0.857349610938006
"X11318.20",6396,-0.991765602340044,1991,0.414262520776371,1466,0.697053388832995
"X6651.74",6397,-0.991765602340044,6448,-0.85669992171502,1815,0.572898648052803
"X3845.51",6398,-0.991892079039639,3099,0.133111431737702,1409,0.716001679966401
"X20191.13",6399,-0.991894648870536,1209,0.707389086929393,6045,-0.882301882301882
"X7234.12",6400,-0.992103581348475,637,0.879400532322045,2358,0.370696967903573
"X8326.63",6401,-0.992124992918159,4116,-0.113590822661475,2865,0.178594138389502
"X12726.3",6402,-0.992143877827228,239,0.95100054375282,1343,0.733992687410543
"X17755.5",6403,-0.992175352675677,5609,-0.545128065997448,2444,0.335395109543904
"X7769.29",6404,-0.992226482806086,5696,-0.585236989921523,2889,0.169376666191823
"X5669.26",6405,-0.992238772951847,5553,-0.517228905493233,1935,0.526781464370713
"X16872.248",6406,-0.992383110649481,259,0.948306053509272,704,0.881100001356686
"X22091.14",6407,-0.992439741402645,4739,-0.190509277940606,3363,-0.0203300840472944
"X22834.21",6408,-0.992486076667817,6708,-0.928579416834741,3389,-0.0291410291410291
"X3070.1",6409,-0.992492502176787,5774,-0.613074112629975,4176,-0.320431634806968
"X21971.47",6410,-0.992552171668756,4734,-0.190051251595587,3506,-0.0719457102838768
"X11817.1",6411,-0.99259518717892,509,0.90728050318346,3036,0.108927949077088
"X8399.6",6412,-0.992676300617196,3937,-0.0737312857013507,3612,-0.107709107709108
"X3143.3",6413,-0.992681218199248,2600,0.192863455720396,958,0.831357308660972
"X19212.4",6414,-0.992821875433761,3850,-0.0508702049460393,1420,0.713177224096322
"X15534.26",6415,-0.992828699948382,967,0.794442487003797,2065,0.47594905078482
"X22445.2",6416,-0.992834845021262,3740,-0.0224572025832968,5445,-0.763403102457372
"X2573.20",6417,-0.992860091328913,3918,-0.0690296286871688,1837,0.562696862690945
"X23657.102",6418,-0.99291813936689,4721,-0.186400961426384,3633,-0.115507115507115
"X8390.25",6419,-0.992918181388981,512,0.907087683034526,4907,-0.594931381639081
"X20927.43",6420,-0.992939311260232,2821,0.153612099849986,1473,0.69473871101379
"X7267.2",6421,-0.992968540987992,4309,-0.1427620985997,2213,0.420922846264623
"X5106.52",6422,-0.992988471843276,1409,0.640602586912758,2295,0.392455392455392
"X11692.21",6423,-0.993068357790723,6197,-0.771793497333297,113,0.9720528956488
"X5752.63",6424,-0.993098755518577,3185,0.116266693404394,3673,-0.130233506276591
"X11708.2",6425,-0.993157274291676,6385,-0.836666682224888,1918,0.532211346045571
"X25957.5",6426,-0.993165624545587,5330,-0.414802417193387,3862,-0.207683207683208
"X3191.50",6427,-0.993215839539857,6786,-0.947545206683918,470,0.94094941245323
"X23544.10",6428,-0.993218272048237,985,0.789799042840781,2293,0.393206303787041
"X20538.71",6429,-0.993234274758499,4921,-0.245169264160613,4589,-0.473292431924142
"X12683.156",6430,-0.993240419831379,2670,0.174848877927221,4294,-0.368753368753369
"X3420.21",6431,-0.99324656490426,4581,-0.15703272929208,1037,0.810012296725915
"X4278.14",6432,-0.99325997781275,1951,0.432057696925796,5919,-0.858930788172327
"X19115.13",6433,-0.993277290268663,3410,0.0606805008696189,6037,-0.881201791244994
"X3728.52",6434,-0.993390308870866,167,0.960439655613601,1248,0.757327073181959
"X6448.36",6435,-0.99357225376693,3013,0.143277451094668,2195,0.426475426475426
"X11370.20",6436,-0.993627656486826,5523,-0.505026821282717,632,0.900311034831956
"X22405.61",6437,-0.99365343498157,4874,-0.229478710512407,3920,-0.22539832843437
"X19516.10",6438,-0.993719735516063,4637,-0.164976919428173,144,0.9720528956488
"X17765.3",6439,-0.993723915219348,5946,-0.678696073024847,86,0.973626373626374
"X12882.7",6440,-0.993780628672687,2571,0.200266863086125,5,0.995173370683816
"X19294.26",6441,-0.993781186244869,3950,-0.0779070529754077,887,0.843680337732536
"X21762.32",6442,-0.993800191678509,2193,0.328073345083231,2638,0.261157470425388
"X16081.38",6443,-0.99386242387045,2970,0.148139331579444,2100,0.464388813267312
"X25300.39",6444,-0.993911405794484,1805,0.492950261105086,3306,0.0016030016030016
"X18232.42",6445,-0.993943171501741,1147,0.73450796461472,4127,-0.300937300937301
"X5626.20",6446,-0.993959393358405,660,0.873728675105751,1715,0.609081720561401
"X25058.23",6447,-0.993982008976627,2601,0.192002591502802,4495,-0.437959372243767
"X6896.3",6448,-0.993983973649928,1988,0.41497107471365,3784,-0.175210457409932
"X10087.10",6449,-0.994031448910392,2504,0.223054348287179,95,0.973091870351739
"X25217.35",6450,-0.994071107057167,6268,-0.796900459267225,2597,0.275309222106294
"X9918.23",6451,-0.994104155512813,4141,-0.1191753989746,3296,0.00883128497497912
"X9857.38",6452,-0.994126629860214,507,0.907399542409338,5295,-0.720388658808538
"X5095.21",6453,-0.994175865638575,1858,0.464061061829524,3349,-0.0134787711050964
"X19586.89",6454,-0.994183466314149,5067,-0.303845805595688,216,0.971342710408817
"X23700.42",6455,-0.994211341346508,2558,0.202642407320995,909,0.83872219263117
"X19365.11",6456,-0.994227530963285,2880,0.153114623865735,1939,0.525293773385151
"X11154.3",6457,-0.994311292278321,5514,-0.501887709258067,2470,0.325179354652042
"X21513.1",6458,-0.994315642370182,213,0.955522265544839,1689,0.618171581296594
"X6584.1",6459,-0.994324246753372,221,0.954503045071787,3879,-0.21304899620577
"X2447.7",6460,-0.994382257996898,2099,0.369015703565557,2937,0.145797296105605
"X3835.11",6461,-0.994428951824597,5750,-0.604424490649003,2413,0.350866244284958
"X21441.20",6462,-0.994764397905759,5494,-0.490918897000785,3530,-0.0799213132546466
"X25265.8",6463,-0.994764397905759,2985,0.146689856503245,4426,-0.416964221130641
"X23329.52",6464,-0.994844283853207,1763,0.508052749832193,280,0.96918585153183
"X5798.3",6465,-0.994875894672567,713,0.861792442616917,1302,0.745782372453652
"X9183.7",6466,-0.99496404009883,1115,0.744613569139521,1917,0.532234432234432
"X13544.9",6467,-0.995009683197504,3075,0.135524660799594,3877,-0.212365114122823
"X13488.3",6468,-0.995047071258265,6117,-0.743992688259952,242,0.971156650861162
"X21726.73",6469,-0.995053216331146,228,0.953075288555353,1002,0.822611508946361
"X19240.265",6470,-0.995065506476907,5102,-0.31811468171178,143,0.9720528956488
"X16856.79",6471,-0.995065916772013,335,0.934838878576785,4601,-0.48166078964102
"X8347.222",6472,-0.995083941695549,3332,0.0780420270796617,4359,-0.392281758548878
"X22041.26",6473,-0.99512205036483,2751,0.161220789777735,650,0.896605552812246
"X13515.8",6474,-0.995139247351474,3216,0.108573169461916,6001,-0.873455511497768
"X24486.1",6475,-0.995169113283971,4677,-0.173792288492225,2895,0.166452953515746
"X9202.309",6476,-0.995176117788757,2699,0.169947621512776,2340,0.376680936129359
"X2746.56",6477,-0.995194553007399,6880,-0.965060989013108,1588,0.652193354507375
"X13733.5",6478,-0.995194958899162,3188,0.115271812516485,6217,-0.925693581372104
"X9050.170",6479,-0.99531130939213,422,0.922567238687039,1755,0.596667390003485
"X24256.7",6480,-0.995322881684015,4790,-0.203254668581982,6104,-0.896253485011905
"X19578.19",6481,-0.995378905193816,3121,0.130130462112769,1910,0.534144785727907
"X6940.18",6482,-0.995398391640306,2989,0.146369192000033,1351,0.732591495357491
"X5604.30",6483,-0.995403485485338,5550,-0.515574775654338,2066,0.475799941662088
"X13441.30",6484,-0.995406264665252,187,0.958214930244336,5398,-0.750850593923476
"X10040.63",6485,-0.995415775631099,1871,0.46102243998119,4319,-0.375445375445375
"X7175.4",6486,-0.995423557035573,5358,-0.423988369088616,248,0.971040224102898
"X7060.2",6487,-0.995471081287024,2608,0.189476647551763,5033,-0.637332070781796
"X16831.7",6488,-0.995526386942949,5891,-0.655279994138267,332,0.963491218033445
"X5202.4",6489,-0.995574636308126,2436,0.245503253719239,5319,-0.727209665298572
"X10351.51",6490,-0.995591309395354,2593,0.195492710924971,986,0.827350427350427
"X5011.11",6491,-0.9956166054098,2394,0.259831698195604,1856,0.552876041814343
"X2603.61",6492,-0.995618701095954,5939,-0.676262682745296,391,0.956192091955837
"X12844.10",6493,-0.995624708109038,4923,-0.246794365023968,2667,0.249058018188633
"X3472.40",6494,-0.995749648491415,5043,-0.293835348023995,1117,0.788548920584193
"X17760.128",6495,-0.99575662036624,4150,-0.122089563265189,2409,0.352734080872627
"X7957.2",6496,-0.995768983943423,1191,0.713875742320562,1773,0.590512451256962
"X24706.73",6497,-0.995807563382276,6065,-0.724990305747855,655,0.895076706581708
"X2778.10",6498,-0.99586436595138,2956,0.149068176270973,233,0.971170217817484
"X11381.56",6499,-0.995882801170022,651,0.877098296737123,4833,-0.567917916109686
"X4135.84",6500,-0.995954223930634,4900,-0.238720266424289,5747,-0.832056314637277
"X13059.33",6501,-0.995956542044589,3254,0.0994522009397028,1181,0.773648182123059
"X8888.33",6502,-0.995962687117469,652,0.87704735715987,1729,0.603532513989992
"X8893.29",6503,-0.995999263753399,3475,0.0448612590127019,4994,-0.624338624338624
"X2558.51",6504,-0.99600761069367,618,0.884021680369298,1931,0.527611527611528
"X12787.47",6505,-0.996046771477582,4126,-0.116008314404822,4751,-0.536498918282667
"X16847.39",6506,-0.996052746147074,4698,-0.178452623249625,5127,-0.665239720397441
"X25279.44",6507,-0.996134749158125,4692,-0.177487090691029,2684,0.241114464763633
"X11356.19",6508,-0.996149492565038,6426,-0.849054280619165,532,0.925532492199159
"X23018.4",6509,-0.99616006848927,3505,0.0350784299445115,1480,0.692328564548186
"X23181.2",6510,-0.996171619595408,3697,-0.011704183040311,149,0.9720528956488
"X19236.24",6511,-0.996185701461696,2974,0.147433449760246,6231,-0.929243929243929
"X7174.15",6512,-0.996204169119059,2505,0.222918151147364,4750,-0.536118629466072
"X13719.19",6513,-0.996206074906887,6237,-0.786474500672201,91,0.973455973455973
"X4318.12",6514,-0.996245360469975,6874,-0.964339841656094,5344,-0.735021996015072
"X7253.6",6515,-0.996267094723258,2318,0.283896818081902,6468,-0.964661708521565
"X3469.74",6516,-0.996276085834378,856,0.821672213459618,1818,0.571271691884818
"X5900.11",6517,-0.996368261927586,2574,0.199437831794391,177,0.9720528956488
"X8480.29",6518,-0.996368261927586,6307,-0.807577060572522,3994,-0.252451125446332
"X21750.25",6519,-0.996374097458721,5773,-0.61284413576081,5144,-0.671102971102971
"X2876.74",6520,-0.996460438020795,3005,0.144646115508245,861,0.849782670164987
"X12597.68",6521,-0.99651574367672,1572,0.582524004298925,2456,0.329887326427753
"X8935.22",6522,-0.99651574367672,6077,-0.729959237820515,4400,-0.407250132276927
"X3437.80",6523,-0.996518881761584,6382,-0.835158054676081,424,0.95102352159818
"X5006.71",6524,-0.996528033822481,3008,0.144187050970078,1785,0.585809252475919
"X7994.41",6525,-0.996571049332645,300,0.940417886691894,5717,-0.827609108783282
"X4126.22",6526,-0.996595629624167,186,0.958223586531898,1517,0.677479310812644
"X15422.12",6527,-0.996672975741896,1436,0.635189488098248,4402,-0.407845552926682
"X25050.82",6528,-0.996729960527334,1165,0.729358240594622,5611,-0.804843304843305
"X19108.50",6529,-0.996749351805271,4277,-0.138816591480012,1936,0.526520117829352
"X8345.27",6530,-0.996794479022219,215,0.955350566312777,4189,-0.327743747329005
"X19251.56",6531,-0.996798417029226,4175,-0.126478448491954,83,0.973806523869523
"X19360.22",6532,-0.996804562102107,2840,0.153168613507437,196,0.971947683020655
"X12637.7",6533,-0.996870410383779,4128,-0.116172064644521,3709,-0.145764937623112
"X6207.10",6534,-0.996871896082453,3407,0.0610274115511954,2199,0.424501424501424
"X3357.67",6535,-0.996926493624953,5303,-0.399672855897156,2823,0.191953864262558
"X17199.43",6536,-0.996964698119433,388,0.927538894210372,3439,-0.0465007427908586
"X24417.22",6537,-0.996995059361404,2858,0.153168613507437,1213,0.765349536078068
"X25464.1",6538,-0.997050365017329,4122,-0.11553557439069,642,0.897719048223066
"X11192.168",6539,-0.997060276913102,3498,0.0366668372589236,3029,0.111731765364693
"X21895.36",6540,-0.997066553357569,3437,0.0548337503391312,448,0.945772875584227
"X18414.26",6541,-0.997078286444023,878,0.817489760728626,2864,0.178670769959164
"X2524.56",6542,-0.997093380527493,5281,-0.393900713048911,154,0.9720528956488
"X5230.99",6543,-0.997105670673254,5047,-0.295974867774338,3000,0.12373742512736
"X23690.228",6544,-0.997111815746135,6684,-0.923684695862115,3835,-0.199595361104086
"X12576.21",6545,-0.997118174667698,2135,0.356894670065443,5931,-0.861888384650346
"X8941.4",6546,-0.99716712140206,2052,0.389485131638316,652,0.896115681284646
"X17671.58",6547,-0.997179577577642,60,0.978585418084346,1763,0.592739517172111
"X21766.50",6548,-0.997184262273411,4816,-0.20951612870127,660,0.893599893599894
"X3484.60",6549,-0.997216281985104,5580,-0.528385054124616,1981,0.506921018195209
"X3813.3",6550,-0.997216281985104,1157,0.732147848372353,4332,-0.38005698005698
"X21676.17",6551,-0.99722662057267,1199,0.710384955308021,3128,0.0759832448889678
"X10366.11",6552,-0.997249098245592,2659,0.17622219051402,1097,0.796242594017347
"X12333.87",6553,-0.99725642049697,562,0.89597713204197,5522,-0.781904362779809
"X2969.11",6554,-0.997265442568149,5957,-0.684221922154816,308,0.966226746365233
"X22987.69",6555,-0.997349826102009,2932,0.150789212869588,937,0.835079205381626
"X19568.17",6556,-0.997351473588477,5811,-0.626824188932237,2844,0.186036888554237
"X8921.139",6557,-0.997362407700007,3246,0.101435059111794,1641,0.63560921399591
"X13933.276",6558,-0.997381292609076,6198,-0.771869150232367,1738,0.601877666754852
"X3056.11",6559,-0.997387587578766,3915,-0.0680999068958119,494,0.93447883582227
"X20578.10",6560,-0.997400634171521,1486,0.617667451109642,2917,0.155326718089339
"X24955.116",6561,-0.997431359535924,2999,0.145868442668785,411,0.953338199417385
"X24457.12",6562,-0.997439469576771,916,0.807457389579024,1907,0.534624565136741
"X3832.51",6563,-0.997465235675034,4614,-0.161280544215545,2515,0.304476417238175
"X18933.4",6564,-0.997474375046088,6022,-0.708132822488133,5845,-0.847903947903948
"X5639.49",6565,-0.997474375046088,1319,0.672171039184911,1156,0.778593175645907
"X5114.65",6566,-0.997511245483371,1322,0.671561727514278,3077,0.0933081338373233
"X9303.9",6567,-0.997548115920655,2510,0.221797160916127,3509,-0.0723534092179414
"X13411.21",6568,-0.997566551139297,2232,0.314817457165004,1871,0.54750678950241
"X12649.80",6569,-0.997621856795222,845,0.824727921217716,2053,0.480670467472858
"X3427.63",6570,-0.997633091396665,6694,-0.92515107458669,1336,0.737481341197977
"X15417.3",6571,-0.99767162869895,2310,0.286557736137195,3650,-0.123181179918191
"X24263.6",6572,-0.997677162451147,4642,-0.16739266937384,1202,0.767598456004682
"X6238.55",6573,-0.997677162451147,294,0.941417986185497,5360,-0.739840045584973
"X12830.4",6574,-0.997683307524027,5207,-0.36060067332796,2085,0.469662596253115
"X5430.66",6575,-0.997708538545285,795,0.836333616621884,3561,-0.0907255210938016
"X22779.75",6576,-0.997721228144721,2294,0.291524783173742,3807,-0.186232927607136
"X12483.62",6577,-0.997738613179952,5547,-0.513800138059227,1886,0.542390825458826
"X3373.5",6578,-0.997752734723553,4300,-0.141572409750529,464,0.942159357676905
"X22129.55",6579,-0.997757048398594,423,0.922410552070437,2747,0.217717806579735
"X8565.160",6580,-0.997757048398594,2332,0.279378939204856,1116,0.788618227635448
"X9841.197",6581,-0.997769338544355,3625,0.00634378289993791,1806,0.577919487046669
"X11203.97",6582,-0.997774322273638,1327,0.670027675394406,87,0.97355638614921
"X11330.15",6583,-0.997790465638908,3680,-0.00866533749310668,2960,0.136901356585324
"X13993.20",6584,-0.997793131024195,2172,0.336385688450619,2656,0.253576273276606
"X7916.10",6585,-0.997793147993649,1990,0.4143709741541,2403,0.355135723985614
"X9187.2",6586,-0.997793918835878,5717,-0.591583786139316,3024,0.112689300533296
"X5653.23",6587,-0.997806208981639,701,0.864441876807215,5805,-0.840371191924947
"X3132.1",6588,-0.997849268976267,1566,0.584685641951013,573,0.916902392532747
"X25211.14",6589,-0.997858672376874,6660,-0.918146818485708,18,0.99029799029799
"X22377.27",6590,-0.997886094929086,5700,-0.586207960387029,148,0.9720528956488
"X4122.12",6591,-0.997903495027192,3889,-0.0607459511637053,287,0.968378797827255
"X18950.13",6592,-0.997941400585011,3203,0.111671879582626,141,0.9720528956488
"X15588.17",6593,-0.997944386058839,2209,0.324595371630149,1778,0.58814986090538
"X4553.65",6594,-0.997947839881151,598,0.88805449353296,5308,-0.724048108427115
"X12471.47",6595,-0.997953690730772,2809,0.154472248849976,1056,0.805606517922314
"X4156.74",6596,-0.997955905971675,6723,-0.933617622071094,245,0.971129712789483
"X19357.11",6597,-0.997978271022294,3040,0.140141684245437,295,0.967801607029308
"X16863.47",6598,-0.997990561168056,3177,0.118981601101389,131,0.9720528956488
"X5204.13",6599,-0.997997276825254,5144,-0.334064764431624,6214,-0.925197925197925
"X9585.80",6600,-0.998004500889162,1607,0.567346293418277,257,0.970619373590315
"X20526.3",6601,-0.99804586682398,1969,0.424194884977944,1726,0.604124335023311
"X3067.67",6602,-0.99804586682398,5901,-0.66020076433907,39,0.982008640587086
"X20448.7",6603,-0.998052011896861,5747,-0.603904463087116,4727,-0.530122034772109
"X9600.55",6604,-0.998052011896861,3228,0.105118428559116,6177,-0.914307713845723
"X12697.30",6605,-0.998055581902684,1267,0.69160563023017,6018,-0.878087330497839
"X23541.61",6606,-0.998055588489355,4705,-0.180621148968838,3081,0.0927252043426512
"X24244.81",6607,-0.998055588489355,4282,-0.139423109150752,3817,-0.190415129575927
"X9979.13",6608,-0.998055588489355,3003,0.144989275117845,1465,0.697305649137059
"X8953.47",6609,-0.998055595075981,5683,-0.579350723024393,5283,-0.717523988598887
"X25081.6",6610,-0.998055601662562,3084,0.134958674324564,5918,-0.858659985664779
"X20393.10",6611,-0.998077989757878,730,0.857459763062255,1616,0.641829007457078
"X24968.10",6612,-0.998088882334145,3085,0.134742950274982,2084,0.470346025220972
"X24970.117",6613,-0.998088882334145,2198,0.326155336060185,4056,-0.274466867885818
"X5488.74",6614,-0.998088882334145,5166,-0.345248333069812,918,0.837249215837131
"X8830.29",6615,-0.998088882334145,868,0.820405720876949,5489,-0.773990123164533
"X13509.5",6616,-0.998092624184015,1228,0.70322852407516,2629,0.264155423051615
"X5704.74",6617,-0.998092624184015,3485,0.0410514097081089,2103,0.463467578366131
"X12554.10",6618,-0.998103012376688,1678,0.544147912798179,1438,0.705316714142229
"X16857.2",6619,-0.998103012376688,6330,-0.814695980471175,801,0.861047233358432
"X18215.5",6620,-0.998103012376688,3622,0.00677106189859462,319,0.965319287447476
"X18315.38",6621,-0.998103012376688,2180,0.332607044105681,6207,-0.923681389858818
"X12374.8",6622,-0.998103018645938,2612,0.187758959989437,422,0.951224292654244
"X13948.50",6623,-0.998103018645938,626,0.882144468568387,3085,0.0916014538307574
"X15607.56",6624,-0.998103018645938,647,0.877584516399915,5008,-0.62821112897427
"X23299.52",6625,-0.998103031184317,345,0.934157820456545,2635,0.263030421817469
"X11179.7",6626,-0.998103043722529,4651,-0.168756194347285,555,0.921488023769307
"X11310.8",6627,-0.998107317552786,2811,0.154456652102318,970,0.829476632932868
"X7895.108",6628,-0.998110213874771,709,0.86258766654922,4676,-0.511155826478073
"X21939.6",6629,-0.998119607698547,3862,-0.0542581395592535,230,0.971170217817484
"X12785.49",6630,-0.998125752771428,2351,0.273112764849988,2307,0.38741262420022
"X25444.29",6631,-0.998125752771428,2616,0.186541031783368,155,0.9720528956488
"X3810.50",6632,-0.998129569252698,6632,-0.911229459833635,505,0.931230395928271
"X6453.70",6633,-0.998130399886691,6407,-0.842160170382297,804,0.86053186053186
"X12493.42",6634,-0.998131897844309,4672,-0.172964801568399,192,0.972013440913246
"X9115.78",6635,-0.998138042917189,1838,0.473735967513661,210,0.971553135665108
"X13657.2",6636,-0.99814418799007,5724,-0.595397768685237,1770,0.591511971224346
"X20937.43",6637,-0.998148912566755,2636,0.180749707636656,2997,0.124683540141906
"X3808.76",6638,-0.998148912566755,4270,-0.13854898981524,168,0.9720528956488
"X5226.36",6639,-0.998148912566755,3167,0.120859669352009,1862,0.551688991471201
"X6913.189",6640,-0.998148912566755,5796,-0.619723958674786,2112,0.460417036554812
"X8219.14",6641,-0.998148912566755,4250,-0.136340068409185,279,0.969288624255719
"X9015.1",6642,-0.998148912566755,1915,0.445645992053843,1686,0.619148402151719
"X9867.23",6643,-0.998148912566755,2969,0.148305034702402,241,0.971170217817484
"X11112.18",6644,-0.998148918536291,6109,-0.74267322892404,2628,0.264983007387208
"X18294.26",6645,-0.998148918536291,1054,0.768770926298095,2298,0.389964030432753
"X25104.10",6646,-0.998148918536291,3150,0.124342001241762,79,0.974507689072495
"X2670.67",6647,-0.998148918536291,3336,0.077601105437825,1054,0.806181074748922
"X3714.49",6648,-0.998148918536291,3097,0.133682209256138,336,0.963206414456949
"X5743.82",6649,-0.998148918536291,3345,0.075885958665865,383,0.957244218237294
"X8360.169",6650,-0.998148918536291,1439,0.633933228746952,2273,0.400615987680246
"X8393.121",6651,-0.998148918536291,3279,0.0935608190470718,1299,0.746674294582207
"X8470.213",6652,-0.998148918536291,3592,0.0122569330307319,4522,-0.447627030464189
"X9561.21",6653,-0.998148918536291,638,0.878935941290121,6264,-0.936579936579937
"X12734.112",6654,-0.998148924505789,3925,-0.0707217838211297,227,0.971170217817484
"X12688.115",6655,-0.998148930475247,871,0.819232571048394,4257,-0.350601355927745
"X25949.3",6656,-0.998148936444668,4580,-0.157031137741052,3091,0.0886830886830887
"X3285.23",6657,-0.998161027556232,3175,0.119247033894435,6937,-0.979340718853784
"X12425.104",6658,-0.998174464535826,1277,0.688943819773109,856,0.850872894762631
"X7121.2",6659,-0.998174464535826,3102,0.132506006347639,3298,0.00780391930169374
"X12715.30",6660,-0.998181058427353,6822,-0.955786339849369,4636,-0.496715393265077
"X17693.2",6661,-0.998187065847909,5320,-0.411107983139806,844,0.853254686893794
"X7097.8",6662,-0.998187203500234,1656,0.553627421840707,2540,0.29437835776239
"X11239.49",6663,-0.99819334369905,3132,0.128611724041548,90,0.973460114550249
"X11242.33",6664,-0.99819334369905,1484,0.618610505764941,3188,0.0514850514850515
"X11369.23",6665,-0.99819334369905,3311,0.0849273867497057,1102,0.794467130917388
"X12793.4",6666,-0.99819334369905,3725,-0.0189118002074745,4719,-0.528489606965076
"X13487.24",6667,-0.99819334369905,3088,0.134605993251513,45,0.978681291221979
"X13946.8",6668,-0.99819334369905,3180,0.117138240477577,2533,0.298629059063744
"X18207.6",6669,-0.99819334369905,3426,0.0579038907249652,883,0.845219072419167
"X18291.8",6670,-0.99819334369905,1613,0.566345064980381,1861,0.551867159951442
"X18868.7",6671,-0.99819334369905,2700,0.169772911031853,1326,0.740295779000875
"X18874.66",6672,-0.99819334369905,1643,0.558187336343899,51,0.976603341816101
"X18945.11",6673,-0.99819334369905,3362,0.0715760590355351,1216,0.765165413978813
"X19163.26",6674,-0.99819334369905,7002,-0.992908074922197,2912,0.156891755933006
"X19219.71",6675,-0.99819334369905,2839,0.153168613507437,80,0.974358974358974
"X19347.37",6676,-0.99819334369905,2297,0.290672518115453,2754,0.214744568129863
"X20441.35",6677,-0.99819334369905,2922,0.1512165548301,3166,0.0600829864604499
"X20922.4",6678,-0.99819334369905,6159,-0.761508088041352,6896,-0.974911974911975
"X20936.8",6679,-0.99819334369905,2746,0.161896826992928,2239,0.411009533942796
"X21476.43",6680,-0.99819334369905,2177,0.332916068130515,5367,-0.741887120001578
"X23282.19",6681,-0.99819334369905,249,0.949646946307301,1568,0.658427202725007
"X25093.96",6682,-0.99819334369905,1707,0.532264595521174,2233,0.413847413847414
"X2732.58",6683,-0.99819334369905,4590,-0.157888688464372,4049,-0.272137730806279
"X2987.37",6684,-0.99819334369905,5223,-0.365871304459669,2503,0.307750749569252
"X3081.70",6685,-0.99819334369905,6339,-0.818182168763907,1114,0.789666804758241
"X3082.9",6686,-0.99819334369905,2089,0.375438209722597,278,0.969448883102194
"X3217.74",6687,-0.99819334369905,3672,-0.00668761042101976,107,0.972252749175772
"X3320.49",6688,-0.99819334369905,3559,0.0209218692486512,633,0.899559145420353
"X3498.53",6689,-0.99819334369905,5999,-0.699515698748204,590,0.911232006946235
"X3520.58",6690,-0.99819334369905,2261,0.303019089273553,508,0.930664878051988
"X4560.34",6691,-0.99819334369905,4480,-0.152971936955524,936,0.835118660117181
"X4988.49",6692,-0.99819334369905,3878,-0.0580139479128324,1456,0.699118186660354
"X6374.7",6693,-0.99819334369905,2326,0.280133441855324,2405,0.354767354767355
"X6625.31",6694,-0.99819334369905,1696,0.537144240630038,209,0.971724106185845
"X7246.4",6695,-0.99819334369905,1982,0.416761469906559,4976,-0.61671039566524
"X7773.20",6696,-0.99819334369905,3325,0.080799355209422,1807,0.57684796117654
"X7903.18",6697,-0.99819334369905,1891,0.454504412066489,47,0.977628089026367
"X8784.7",6698,-0.99819334369905,4830,-0.213981741379514,5855,-0.849176146577396
"X9929.16",6699,-0.99819334369905,1295,0.684566132228282,2835,0.188489188489188
"X24211.25",6700,-0.998193348573114,3081,0.135522404856981,3626,-0.113189060516989
"X11334.7",6701,-0.998193349385455,6781,-0.946469270252864,111,0.9720528956488
"X11395.5",6702,-0.998193349385455,5770,-0.61240450582124,439,0.947485746976781
"X11601.26",6703,-0.998193349385455,5110,-0.320200995723249,3,0.995712585403063
"X12376.85",6704,-0.998193349385455,4085,-0.106788128353614,254,0.970711434639943
"X12571.14",6705,-0.998193349385455,2825,0.153168613507437,116,0.9720528956488
"X12832.10",6706,-0.998193349385455,390,0.927104153926345,2025,0.490707490707491
"X16883.57",6707,-0.998193349385455,1811,0.489539506920315,77,0.974576041242708
"X17857.6",6708,-0.998193349385455,240,0.950996687349841,4497,-0.438473438473438
"X18193.165",6709,-0.998193349385455,3619,0.00765110350971235,1779,0.587868983974802
"X18932.84",6710,-0.998193349385455,3699,-0.0119162852041387,64,0.975349007583877
"X19388.2",6711,-0.998193349385455,1981,0.416811603145282,996,0.823558422599672
"X20447.11",6712,-0.998193349385455,706,0.863421632106869,1809,0.575304493910122
"X20968.22",6713,-0.998193349385455,4897,-0.238073627222849,4044,-0.270314821221433
"X21239.31",6714,-0.998193349385455,6510,-0.872156257567238,1603,0.646854522514211
"X21330.13",6715,-0.998193349385455,578,0.892814049481038,5862,-0.849782670164987
"X23039.56",6716,-0.998193349385455,6263,-0.794997569055554,3153,0.0668165946617743
"X24656.6",6717,-0.998193349385455,22,0.988399939840113,4890,-0.587119343999264
"X24952.28",6718,-0.998193349385455,6989,-0.985580909262694,4066,-0.279477619301257
"X25264.102",6719,-0.998193349385455,5071,-0.305891546415292,4241,-0.34607721291748
"X3361.26",6720,-0.998193349385455,6045,-0.718351464854671,2227,0.416977372709159
"X3399.31",6721,-0.998193349385455,2192,0.32826859075466,163,0.9720528956488
"X3400.49",6722,-0.998193349385455,5492,-0.490033126501587,557,0.921179921179921
"X3432.21",6723,-0.998193349385455,1324,0.671091246350879,1477,0.693883858410106
"X3538.26",6724,-0.998193349385455,5056,-0.298805392563082,2563,0.285453285453285
"X3898.5",6725,-0.998193349385455,6815,-0.954947808508503,578,0.914330617532369
"X5508.62",6726,-0.998193349385455,5654,-0.568028061169255,268,0.97024997024997
"X5593.11",6727,-0.998193349385455,5788,-0.617278999186299,1823,0.569456774049305
"X7951.146",6728,-0.998193349385455,6086,-0.734202305755729,3741,-0.157090005202613
"X9177.6",6729,-0.998193349385455,2352,0.272670829010948,3017,0.115990346741368
"X9850.38",6730,-0.998193349385455,2255,0.304849675415425,6561,-0.97037597037597
"X12583.77",6731,-0.998193360758159,3020,0.142992679609395,2531,0.299352563732008
"X5363.51",6732,-0.998193360758159,3055,0.138892209680343,3872,-0.210497589973237
"X23298.148",6733,-0.998199493645995,3152,0.124145324689849,2964,0.135784882340571
"X24294.13",6734,-0.998199493645995,1169,0.727864670474811,1278,0.750897114986738
"X6387.61",6735,-0.998199493645995,3775,-0.0309090698741656,1214,0.765270626606959
"X8424.269",6736,-0.998199493645995,5379,-0.438827807750599,341,0.962781032793461
"X3222.11",6737,-0.998211783791756,4872,-0.229097331754779,162,0.9720528956488
"X12875.28",6738,-0.998217928864636,1123,0.742776551916903,518,0.928692077575856
"X14287.6",6739,-0.998217928864636,2934,0.150767765086126,654,0.895326586573553
"X23915.18",6740,-0.998217928864636,2610,0.189113327060787,151,0.9720528956488
"X4436.1",6741,-0.998217928864636,3435,0.0558638535492405,171,0.9720528956488
"X15347.12",6742,-0.998231130219661,1846,0.470994994419654,128,0.9720528956488
"X10056.5",6743,-0.998236364083278,2552,0.205951201076708,476,0.939634254601408
"X10073.22",6744,-0.998236364083278,1851,0.46763799273277,354,0.960742538123138
"X10496.11",6745,-0.998236364083278,5863,-0.64666043670053,646,0.897154655987585
"X10589.7",6746,-0.998236364083278,2464,0.235707206460246,486,0.93712230310443
"X10754.113",6747,-0.998236364083278,2387,0.261600601534543,306,0.966450323200042
"X11204.80",6748,-0.998236364083278,45,0.982250589838302,1858,0.552754269331177
"X11232.46",6749,-0.998236364083278,4916,-0.243919194225572,2279,0.397144792303696
"X11275.94",6750,-0.998236364083278,3289,0.0915201554901681,814,0.857936648846278
"X11292.13",6751,-0.998236364083278,2528,0.215360824344701,2509,0.306497893730031
"X11320.29",6752,-0.998236364083278,3022,0.142316695525416,104,0.972336976061105
"X11540.37",6753,-0.998236364083278,2959,0.148726037275991,367,0.959204992538326
"X11643.73",6754,-0.998236364083278,6547,-0.88266508297051,112,0.9720528956488
"X11671.19",6755,-0.998236364083278,5272,-0.38835152423768,842,0.853395469993284
"X12343.14",6756,-0.998236364083278,6200,-0.772348819362228,1959,0.514233295851335
"X12408.333",6757,-0.998236364083278,2127,0.361010013129068,115,0.9720528956488
"X12434.25",6758,-0.998236364083278,3138,0.12742712362471,350,0.961479026520158
"X12438.127",6759,-0.998236364083278,2787,0.156465838054213,547,0.923306516164919
"X12510.3",6760,-0.998236364083278,5543,-0.512342417733283,1876,0.546890792785093
"X12558.3",6761,-0.998236364083278,6008,-0.702601915089719,857,0.850703280661261
"X12573.80",6762,-0.998236364083278,3759,-0.026728618110347,1701,0.613514562085314
"X12594.5",6763,-0.998236364083278,902,0.810370959423976,3313,-0.000827578721730047
"X12641.3",6764,-0.998236364083278,2885,0.153006644582332,5363,-0.740545658992721
"X12695.62",6765,-0.998236364083278,1272,0.691238238403196,4734,-0.532089243438681
"X12772.8",6766,-0.998236364083278,4663,-0.171012190089816,244,0.971132285152525
"X12804.5",6767,-0.998236364083278,2313,0.285558927765716,194,0.971960834599173
"X12848.9",6768,-0.998236364083278,3867,-0.0557751562807307,120,0.9720528956488
"X12876.39",6769,-0.998236364083278,6712,-0.929359938745119,3867,-0.209682192105107
"X12940.35",6770,-0.998236364083278,4857,-0.224404089329719,429,0.949287513233776
"X13130.150",6771,-0.998236364083278,2673,0.174347978666379,1930,0.527910937510275
"X13476.16",6772,-0.998236364083278,4218,-0.132675688078701,2751,0.215981798215331
"X13503.19",6773,-0.998236364083278,1153,0.733360365644819,920,0.837051942159358
"X13535.2",6774,-0.998236364083278,4683,-0.175585884022537,368,0.959177500279471
"X13623.4",6775,-0.998236364083278,2488,0.229606376947966,124,0.9720528956488
"X13711.10",6776,-0.998236364083278,1906,0.448877593913054,771,0.867432088536427
"X13976.9",6777,-0.998236364083278,5190,-0.352675908848441,73,0.974629791679386
"X14034.22",6778,-0.998236364083278,6809,-0.953359472500618,492,0.935057505277071
"X14129.1",6779,-0.998236364083278,6528,-0.877077233182676,2789,0.201706723105205
"X15310.61",6780,-0.998236364083278,2124,0.361692035370928,878,0.846534230270988
"X15315.64",6781,-0.998236364083278,3707,-0.0141998370187822,1023,0.81691392444562
"X15384.15",6782,-0.998236364083278,2830,0.153168613507437,1794,0.58214804731938
"X15403.53",6783,-0.998236364083278,4763,-0.195797292033828,21,0.989373524557285
"X15405.23",6784,-0.998236364083278,5465,-0.476728536225121,1840,0.560868793276913
"X15426.5",6785,-0.998236364083278,2831,0.153168613507437,129,0.9720528956488
"X15511.37",6786,-0.998236364083278,2113,0.364533406294473,1581,0.654619654619655
"X15579.26",6787,-0.998236364083278,2832,0.153168613507437,2757,0.212509781486523
"X15591.28",6788,-0.998236364083278,621,0.883742326788181,61,0.975387975387975
"X16070.7",6789,-0.998236364083278,2939,0.15036184190694,976,0.828556022436593
"X17333.20",6790,-0.998236364083278,6601,-0.900612755470609,5106,-0.660446217193404
"X17370.186",6791,-0.998236364083278,2774,0.157692174201435,1624,0.639607293865446
"X17383.4",6792,-0.998236364083278,2370,0.266614570313346,372,0.958607216264067
"X17396.23",6793,-0.998236364083278,4762,-0.19538080051213,195,0.971947683020655
"X17513.11",6794,-0.998236364083278,3806,-0.0391926234723824,371,0.958769801345406
"X17683.2",6795,-0.998236364083278,5953,-0.682170692108643,545,0.923431509866972
"X17778.19",6796,-0.998236364083278,5168,-0.345498999263427,343,0.961952483346814
"X18156.7",6797,-0.998236364083278,5153,-0.339228488020084,136,0.9720528956488
"X18222.34",6798,-0.998236364083278,5173,-0.347857892177156,218,0.971276952516226
"X18227.3",6799,-0.998236364083278,2660,0.176199052096148,3632,-0.114977675195465
"X18876.77",6800,-0.998236364083278,3913,-0.0679228256635905,263,0.970250178498929
"X19126.4",6801,-0.998236364083278,4665,-0.171478814850237,325,0.964264879458411
"X19131.184",6802,-0.998236364083278,1316,0.672807345676394,1154,0.778829904059235
"X19169.88",6803,-0.998236364083278,5662,-0.570585671920373,2333,0.378377489758208
"X19202.10",6804,-0.998236364083278,6913,-0.970567932466671,142,0.9720528956488
"X19258.24",6805,-0.998236364083278,2648,0.178050125525917,4380,-0.401432206900633
"X19276.124",6806,-0.998236364083278,3376,0.0689187513409562,843,0.853346747943422
"X19281.86",6807,-0.998236364083278,5172,-0.347554462051066,475,0.940423349312501
"X19295.32",6808,-0.998236364083278,2687,0.171957804872657,1133,0.784285394493172
"X19364.163",6809,-0.998236364083278,5361,-0.425223508662806,2294,0.392970691947511
"X19574.5",6810,-0.998236364083278,6926,-0.973708080065997,568,0.918433910030051
"X20167.6",6811,-0.998236364083278,2842,0.153168613507437,447,0.94631525648866
"X20401.19",6812,-0.998236364083278,3973,-0.082222367908557,330,0.964030432752691
"X20433.19",6813,-0.998236364083278,4260,-0.137866406488012,399,0.955232026724008
"X20921.1",6814,-0.998236364083278,3265,0.096834260766525,449,0.945762890190895
"X21135.16",6815,-0.998236364083278,2966,0.148386673813867,333,0.96345176329789
"X21210.33",6816,-0.998236364083278,6276,-0.799185527690902,581,0.913673038606459
"X21227.18",6817,-0.998236364083278,6027,-0.709304343466675,1328,0.739107429943629
"X21289.36",6818,-0.998236364083278,3603,0.0105896825794708,2045,0.483064054763173
"X21720.13",6819,-0.998236364083278,3781,-0.032214379352563,858,0.850440249090897
"X22010.36",6820,-0.998236364083278,3375,0.0690103313035799,781,0.86549880649425
"X22421.79",6821,-0.998236364083278,1753,0.513027715422042,214,0.971408468301408
"X22583.47",6822,-0.998236364083278,1886,0.456497846198936,1625,0.639594142286928
"X22847.18",6823,-0.998236364083278,2248,0.306387360253597,550,0.921958533072932
"X23203.3",6824,-0.998236364083278,2586,0.197138500750056,626,0.90255995475857
"X23281.29",6825,-0.998236364083278,2400,0.25743803724514,49,0.977058276860878
"X2333.72",6826,-0.998236364083278,2466,0.23540255062493,1126,0.786821786821787
"X23555.11",6827,-0.998236364083278,1106,0.747062385030986,3156,0.0638706410736949
"X23579.3",6828,-0.998236364083278,937,0.802282219282786,802,0.860737935070657
"X23683.79",6829,-0.998236364083278,212,0.955573752098781,2523,0.301206780764769
"X2421.7",6830,-0.998236364083278,3656,-0.00237554423487037,852,0.851821164835309
"X24309.14",6831,-0.998236364083278,189,0.958085399964176,2318,0.385019036909905
"X2431.17",6832,-0.998236364083278,5159,-0.341465201747722,1215,0.765191717135849
"X24419.3",6833,-0.998236364083278,736,0.856359724663555,2532,0.299007713400801
"X2443.10",6834,-0.998236364083278,5155,-0.340242722003478,197,0.971934531442136
"X24440.11",6835,-0.998236364083278,3473,0.0452047557161533,899,0.840155714689656
"X24453.75",6836,-0.998236364083278,3109,0.131630602871478,5674,-0.818882361719736
"X24456.3",6837,-0.998236364083278,663,0.873344156971027,2022,0.492807492807493
"X24686.19",6838,-0.998236364083278,1240,0.700156955601232,300,0.967476146324463
"X24723.58",6839,-0.998236364083278,4950,-0.256354388008129,252,0.970750889375497
"X24942.22",6840,-0.998236364083278,5192,-0.353566887255577,729,0.876068376068376
"X24973.11",6841,-0.998236364083278,4955,-0.258976742033636,377,0.958020161369868
"X2500.2",6842,-0.998236364083278,5604,-0.542248822832991,153,0.9720528956488
"X2505.49",6843,-0.998236364083278,3274,0.0947363955743919,204,0.971855621971027
"X25094.9",6844,-0.998236364083278,3262,0.0974165956445785,1566,0.659900179519047
"X25100.11",6845,-0.998236364083278,3395,0.063341418924912,106,0.972263320905092
"X2523.31",6846,-0.998236364083278,2309,0.287110705189023,831,0.8557140320767
"X25907.47",6847,-0.998236364083278,3486,0.0407043334400271,348,0.961531632834231
"X2609.59",6848,-0.998236364083278,4171,-0.125776583149833,2495,0.312040927712349
"X2622.18",6849,-0.998236364083278,5039,-0.291964413113313,589,0.911476724993917
"X2632.5",6850,-0.998236364083278,3935,-0.0722612790146119,31,0.983613133166308
"X2634.2",6851,-0.998236364083278,4772,-0.198743583909544,1184,0.772740723205303
"X2645.54",6852,-0.998236364083278,4631,-0.163951116235842,299,0.967555055795572
"X2649.77",6853,-0.998236364083278,2468,0.234712254491745,92,0.9734223325668
"X2751.16",6854,-0.998236364083278,5011,-0.281922339756815,1164,0.776686196760766
"X2891.1",6855,-0.998236364083278,4882,-0.232359848674747,234,0.971170217817484
"X2949.6",6856,-0.998236364083278,5123,-0.323324682135984,159,0.9720528956488
"X2982.82",6857,-0.998236364083278,6408,-0.842522533385585,71,0.974814727137625
"X3010.53",6858,-0.998236364083278,5740,-0.601541018630283,579,0.914212253325705
"X3037.62",6859,-0.998236364083278,2753,0.160452095483466,1024,0.81668328618816
"X3189.61",6860,-0.998236364083278,4193,-0.129347612308096,160,0.9720528956488
"X3202.28",6861,-0.998236364083278,2422,0.249948902660532,1740,0.601743899311515
"X3208.2",6862,-0.998236364083278,5349,-0.421362158660131,161,0.9720528956488
"X3210.1",6863,-0.998236364083278,3227,0.105291370527055,454,0.944645006016847
"X3302.58",6864,-0.998236364083278,5024,-0.286773694704002,206,0.971816167235472
"X3412.7",6865,-0.998236364083278,4818,-0.209622496712416,288,0.968265241035555
"X3423.59",6866,-0.998236364083278,4777,-0.199769387101875,164,0.9720528956488
"X3441.64",6867,-0.998236364083278,3637,0.00294015390087883,165,0.9720528956488
"X3453.87",6868,-0.998236364083278,6726,-0.934283036840218,775,0.866800812767552
"X3477.63",6869,-0.998236364083278,6356,-0.82416102890954,166,0.9720528956488
"X3485.28",6870,-0.998236364083278,5842,-0.639121665657575,1254,0.756156582693838
"X3806.55",6871,-0.998236364083278,2019,0.400367900844167,2165,0.436744195222032
"X3809.1",6872,-0.998236364083278,3671,-0.00603912706462174,52,0.976498129187956
"X3817.18",6873,-0.998236364083278,1905,0.448927727151776,1358,0.731379008765527
"X3839.60",6874,-0.998236364083278,1283,0.688337080471561,450,0.945499858620531
"X3864.5",6875,-0.998236364083278,4052,-0.0985310961054186,732,0.87549400616809
"X3868.8",6876,-0.998236364083278,3067,0.136572953006362,42,0.980417299586383
"X4132.27",6877,-0.998236364083278,4922,-0.24543691117547,170,0.9720528956488
"X4144.13",6878,-0.998236364083278,4690,-0.177097593990182,1890,0.541930520210688
"X4217.49",6879,-0.998236364083278,4732,-0.18922749264813,826,0.856029669961137
"X4284.18",6880,-0.998236364083278,6589,-0.896204913828675,1735,0.602679602679603
"X4393.3",6881,-0.998236364083278,3694,-0.0112684095037195,275,0.970132765185141
"X4428.1",6882,-0.998236364083278,6524,-0.875307066087178,1295,0.747910542962919
"X4429.51",6883,-0.998236364083278,5270,-0.387707329865142,2415,0.350548749613672
"X4437.56",6884,-0.998236364083278,2863,0.153168613507437,1711,0.61044961044961
"X4460.8",6885,-0.998236364083278,2559,0.202623021981776,172,0.9720528956488
"X4493.92",6886,-0.998236364083278,5913,-0.666413429537733,205,0.971855621971027
"X4545.53",6887,-0.998236364083278,1376,0.652707599703169,537,0.925154366652858
"X4718.5",6888,-0.998236364083278,3830,-0.0441211064791426,1155,0.778698388274053
"X4997.19",6889,-0.998236364083278,5571,-0.522041271224678,3189,0.0513305792412001
"X5085.18",6890,-0.998236364083278,3484,0.0421736229749064,407,0.95417082154704
"X5312.49",6891,-0.998236364083278,599,0.887834278808111,3866,-0.208455830883382
"X5355.69",6892,-0.998236364083278,6259,-0.793601456177765,1702,0.612396677911266
"X5691.2",6893,-0.998236364083278,2279,0.296360669484069,845,0.853083716373058
"X5703.26",6894,-0.998236364083278,2305,0.287490985658037,1367,0.729143240417431
"X5756.66",6895,-0.998236364083278,3794,-0.0352668052400804,176,0.9720528956488
"X6035.2",6896,-0.998236364083278,2805,0.154742025922741,501,0.932374583259356
"X6209.2",6897,-0.998236364083278,4910,-0.243385304790809,20,0.989716456383123
"X6262.14",6898,-0.998236364083278,5042,-0.293345005379682,1645,0.631466466762673
"X6326.20",6899,-0.998236364083278,3712,-0.0149898383781512,386,0.956862822460266
"X6361.49",6900,-0.998236364083278,2035,0.395531971508895,727,0.876581398346188
"X6424.2",6901,-0.998236364083278,2933,0.150769436691245,772,0.867326875908281
"X6447.73",6902,-0.998236364083278,5559,-0.518358406380033,178,0.9720528956488
"X6472.40",6903,-0.998236364083278,835,0.826727957764675,483,0.937924549394041
"X6538.90",6904,-0.998236364083278,1118,0.74420479042378,179,0.9720528956488
"X6543.182",6905,-0.998236364083278,932,0.80441095372702,811,0.859107139334399
"X6617.12",6906,-0.998236364083278,3954,-0.07919123516731,43,0.979970145916764
"X6715.63",6907,-0.998236364083278,3220,0.107339120508737,2507,0.306660697205885
"X6895.1",6908,-0.998236364083278,3385,0.0678182956258833,546,0.923378903552899
"X6923.1",6909,-0.998236364083278,3092,0.13413380340942,269,0.97024997024997
"X7131.8",6910,-0.998236364083278,6884,-0.966108500825734,745,0.872021989439282
"X7852.9",6911,-0.998236364083278,3828,-0.0437805343736837,3638,-0.118027118027118
"X8094.20",6912,-0.998236364083278,4660,-0.1702370530911,373,0.958485113657177
"X8100.15",6913,-0.998236364083278,5744,-0.602875334060908,2806,0.196556916743932
"X8351.17",6914,-0.998236364083278,4969,-0.264799910531451,905,0.839327165243008
"X8357.43",6915,-0.998236364083278,2325,0.280333501729597,838,0.854214752125624
"X8359.149",6916,-0.998236364083278,1730,0.521328794025845,6124,-0.9002359002359
"X8386.11",6917,-0.998236364083278,1256,0.693442958015341,1573,0.655994160699138
"X8750.46",6918,-0.998236364083278,1310,0.674828850037596,35,0.982534703727815
"X8768.4",6919,-0.998236364083278,5870,-0.648689401447694,239,0.971170217817484
"X8863.3",6920,-0.998236364083278,3574,0.0176314744185508,1880,0.545415078212973
"X8894.80",6921,-0.998236364083278,4946,-0.25353535743071,828,0.855898154175955
"X8913.22",6922,-0.998236364083278,1373,0.654589698005083,186,0.9720528956488
"X8942.2",6923,-0.998236364083278,1866,0.462405001249919,6069,-0.887285726883602
"X8997.4",6924,-0.998236364083278,2153,0.348056729263673,1865,0.55051555051555
"X9090.9",6925,-0.998236364083278,3051,0.139019655323847,2493,0.313484876235441
"X9110.2",6926,-0.998236364083278,3547,0.0246578406457161,292,0.96816002840741
"X9125.23",6927,-0.998236364083278,4983,-0.27049581773097,522,0.927876743406127
"X9400.40",6928,-0.998236364083278,1045,0.772202276049038,3448,-0.0501140899436455
"X9450.18",6929,-0.998236364083278,5503,-0.496388478610461,3277,0.0169852636562703
"X9609.25",6930,-0.998236364083278,4697,-0.178431322374728,30,0.983638250676652
"X9750.7",6931,-0.998236364083278,3223,0.106492453290712,1974,0.50999848756847
"X9848.22",6932,-0.998236364083278,3583,0.0144897245545565,2391,0.360128797424052
"X9875.107",6933,-0.998236364083278,5382,-0.43944097582421,188,0.9720528956488
"X9894.13",6934,-0.998236364083278,5111,-0.320325017616931,189,0.9720528956488
"X9993.11",6935,-0.998236364083278,3007,0.144230504257589,585,0.91337055230054
"X21915.2",6936,-0.998306653153465,1202,0.710133003171054,930,0.835802542200128
"X17362.5",6937,-0.99836185836485,895,0.812213971497602,902,0.83974183974184
"X12784.10",6938,-0.998380620321563,6457,-0.860479196634131,362,0.959637805527608
"X5792.8",6939,-0.998426861342576,812,0.832659105545893,3122,0.0775614343111532
"X10010.10",6940,-0.998451437456329,6239,-0.786734191460927,5372,-0.742675539456101
"X2915.6",6941,-0.998497205640961,4831,-0.21473759630261,5711,-0.826846317229225
"X3796.79",6942,-0.998514387153226,53,0.980390190853383,167,0.9720528956488
"X12771.19",6943,-0.998516550140605,4387,-0.149469546396352,487,0.936569936806665
"X13436.54",6944,-0.998516550140605,2951,0.149438817087045,1043,0.808751698025954
"X18875.125",6945,-0.998516550140605,696,0.865322656772652,2097,0.465733260071769
"X21653.205",6946,-0.998527501684343,665,0.872761596284896,3890,-0.216617021615508
"X22369.12",6947,-0.998527511911873,5101,-0.317795869314882,1768,0.592138444307959
"X24307.22",6948,-0.998552156971364,1444,0.633234694170713,2670,0.247479828766448
"X20128.1",6949,-0.998561698614587,6331,-0.815000206679487,4389,-0.403533578798527
"X3394.81",6950,-0.998561698614587,5147,-0.335115366294382,3261,0.0203979188289003
"X3875.62",6951,-0.998561712529548,2251,0.306229247731471,1827,0.568286283561184
"X17805.35",6952,-0.998596221759192,3730,-0.0202211273677104,1817,0.571955573967766
"X3874.8",6953,-0.998596221759192,4093,-0.108921843813603,696,0.883202073030926
"X9795.9",6954,-0.998596221759192,341,0.934512128149156,3591,-0.1000407000407
"X18398.1",6955,-0.998623503674754,5218,-0.36345293552575,2189,0.42770906078002
"X13485.20",6956,-0.99863265062611,4114,-0.113470975310659,357,0.960359266725918
"X21752.10",6957,-0.998633991577331,1960,0.429999437294512,147,0.9720528956488
"X8388.24",6958,-0.998633991577331,3147,0.125168787915769,5126,-0.665178008931946
"X17726.3",6959,-0.99865199556255,2319,0.283584449440629,4614,-0.485549703103115
"X10049.112",6960,-0.998665466425779,5392,-0.445365991884934,4094,-0.289213591376843
"X9901.28",6961,-0.998665466425779,5947,-0.67880405230825,190,0.9720528956488
"X10966.1",6962,-0.998678809330679,2088,0.375914449556321,4648,-0.500555654192394
"X20120.101",6963,-0.998684351334848,2755,0.160019132615401,102,0.972701325914954
"X7200.4",6964,-0.998684351334848,2640,0.179614664997297,1031,0.812302274219543
"X6612.90",6965,-0.998715826183297,284,0.942940661527367,4441,-0.421247210294606
"X5659.11",6966,-0.998752550205246,783,0.843771918013316,1570,0.658124716419088
"X2879.9",6967,-0.998785082321689,4356,-0.147183476084517,256,0.970619373590315
"X12647.52",6968,-0.998841736513942,3083,0.135390595775696,1489,0.689057229093922
"X12761.12",6969,-0.998845492745631,5944,-0.677969738186299,3459,-0.0546776876894649
"X6521.35",6970,-0.998857016444215,1415,0.638035324476953,2551,0.290733090484815
"X16892.23",6971,-0.998898383771619,3286,0.0919133205913789,2151,0.444780045089312
"X22387.26",6972,-0.999158125015363,5376,-0.437551338364654,1946,0.519987518400185
"X5117.14",6973,-0.99923801096281,451,0.918653035567605,4484,-0.434166485832462
"X11590.5",6974,-0.999317896910257,4210,-0.131796556522903,9,0.99381875809644
"X23665.35",6975,-0.999330187056019,4103,-0.110820622161662,1,0.998461265313369
"X9211.19",6976,-0.999446047897972,5430,-0.461173858442545,1259,0.755472700610891
"X2616.23",6977,-0.99945308851363,5596,-0.536865284274746,2023,0.492283311304439
"X16807.35",6978,-0.999477522449224,2997,0.145942274223564,1082,0.799588921223468
"X12394.53",6979,-0.999542066954971,5649,-0.566526643696606,2902,0.163737822172894
"X13566.2",6980,-0.999545264606838,2953,0.149225645426702,2657,0.253482479105125
"X5763.67",6981,-0.999551409679719,2613,0.186995358578363,5255,-0.707659225191124
"X17850.42",6982,-0.99955305715203,776,0.845076318802868,3479,-0.0627550627550627
"X3033.57",6983,-0.999575989971241,602,0.887161681021303,4442,-0.421369312901497
"X3059.50",6984,-0.999575989971241,291,0.941633340917592,6638,-0.971170413382355
"X19253.82",6985,-0.99978597103055,5341,-0.419152439753344,952,0.832317373892801
"X13688.2",6986,-0.999797212594941,5345,-0.420282398903524,2301,0.389621087314662
"X3171.57",6987,-0.999806509036028,556,0.898515657343135,1009,0.821055487722155
"X5526.53",6988,-0.999812957528459,6049,-0.720672523440434,198,0.971934531442136
"X10053.5",6989,-0.999821792886464,464,0.91669915634031,1401,0.719213798636181
"X3173.49",6990,-0.999837401678828,6201,-0.772685709003141,3335,-0.01055593666438
"X16854.17",6991,-0.999870953469508,4089,-0.107393110150438,1562,0.661846613139742
"X22508.2",6992,-0.999918165651606,2138,0.355380457568701,4185,-0.32578432726388
"X8079.39",6993,-0.999918165651606,3497,0.0367823716107038,3022,0.113155199196836
"X7181.17",6994,-0.999924460601482,5792,-0.617529665379914,2331,0.379679496031511
"X25248.28",6995,-0.999937050303103,4789,-0.203177746327502,3856,-0.205881385913344
"X22774.20",6996,-0.999938549271194,5452,-0.471410556517514,55,0.976103581832409
"X20969.114",6997,-0.999945800926804,3516,0.0327741813947116,4129,-0.301126072312186
"X9283.8",6998,-0.999950839416956,5838,-0.637195636620873,2181,0.430339376483662
"X12415.122",6999,-0.999968525151551,1881,0.458931236478487,641,0.898009508591269
"X21365.5",7000,-0.999975419708478,4172,-0.125841549536369,361,0.95974995974996
"X10030.8",7001,-0.9999796754164,59,0.97893865279726,5365,-0.741308450546777
"X13132.14",7002,-1,3477,0.0445183159859473,122,0.9720528956488
"X13988.67",NA,NA,2040,0.393296282515901,3525,-0.0781934336615405
"X23660.112",NA,NA,2346,0.276329877194797,540,0.92440974420295
"X17140.57",NA,NA,5820,-0.631422056247728,3114,0.0810296291795775
"X18173.11",NA,NA,6559,-0.887196972535502,NA,NA
