"Rank","Gene","PTAU_rho","Mean_Rho","Degree","Functional_Category","MAPT_Interactor","N_Proteins","Priority_Score"
1,"MAPK8",0.348693065018846,0.348693065018846,102,"Tau Kinases",TRUE,1,3.1513908200531
2,"MAPK1",0.305705961811234,0.305705961811234,102,"Tau Kinases",TRUE,1,2.76288535200824
3,"PRKCB",0.315719702957729,0.315719702957729,80,"Tau Kinases",TRUE,1,2.70545765446325
4,"PRKCG",0.465450432255264,0.465450432255264,17,"Tau Kinases",TRUE,1,2.6233833289778
5,"PIN1",0.488544599654496,0.488544599654496,10,"Tau Folding/Stability",TRUE,1,2.28438363282224
6,"RAF1",0.442839610616696,0.442839610616696,32,"Growth Factor Signaling",FALSE,1,2.01290966114959
7,"STMN1",0.531079502205179,0.531079502205179,15,"Synaptic Proteins",FALSE,1,1.91420454995483
8,"AKT1",0.310587388993217,0.310587388993217,86,"Growth Factor Signaling",FALSE,1,1.8031711646735
9,"DLG4",0.469203212382189,0.469203212382189,18,"Synaptic Proteins",FALSE,1,1.7960022959947
10,"PPP3R1",0.551516008028066,0.551516008028066,4,"Tau Phosphatases",TRUE,1,1.73088000663763
11,"RPS6KA3",-0.193957849367555,-0.193957849367555,94,"Tau Kinases",TRUE,1,1.72235732794992
12,"YWHAB",0.550058402729659,0.550058402729659,10,"Synaptic Proteins",FALSE,2,1.71467717676901
13,"GRB2",0.344473992710551,0.344473992710551,30,"Growth Factor Signaling",FALSE,1,1.53779506821972
14,"MAPK3",0.173202509976179,0.173202509976179,92,"Tau Kinases",TRUE,1,1.53086233741526
15,"AKT3",0.372341832030813,0.372341832030813,20,"Growth Factor Signaling",FALSE,1,1.47368398075711
16,"PRKG1",0.226042750904068,0.226042750904068,27,"Tau Kinases",TRUE,1,1.46878031440714
17,"NOTCH1",0.286690317411832,0.286690317411832,40,"Astrocyte Activation",FALSE,1,1.38403870089572
18,"IGF1R",0.26469728386832,0.26469728386832,54,"Growth Factor Signaling",FALSE,1,1.37894927259234
19,"GSK3B",-0.137600705063026,-0.137600705063026,165,"Tau Kinases",TRUE,2,1.37165559170531
20,"YWHAZ",0.591482677882234,0.591482677882234,9,"Others",FALSE,1,1.36193919685583
21,"PDPK1",-0.204982020581694,-0.204982020581694,29,"Tau Kinases",TRUE,1,1.35950940779603
22,"NRXN1",0.352234532929824,0.305389749801058,46,"Others",FALSE,3,1.35615494219923
23,"STMN2",0.529563145165625,0.529563145165625,6,"Synaptic Proteins",FALSE,1,1.33962698836647
24,"SYK",-0.182169239030304,-0.182169239030304,41,"Microglia / Immune",TRUE,1,1.32773243871327
25,"HSP90AA1",0.329056186376906,0.329056186376906,20,"Tau Folding/Stability",FALSE,1,1.30236462550505
26,"MAPK14",0.138969766421931,0.138969766421931,120,"Tau Kinases",TRUE,1,1.29961628926366
27,"CRK",0.452917550196321,0.452917550196321,16,"Others",FALSE,1,1.28321204697347
28,"YWHAH",0.499176054173837,0.499176054173837,6,"Synaptic Proteins",FALSE,2,1.26275727497693
29,"GAP43",0.540813278862078,0.540813278862078,5,"Synaptic Proteins",FALSE,1,1.25970950753102
30,"EGFR",0.209755104594806,0.209755104594806,93,"Growth Factor Signaling",FALSE,1,1.23887305393811
31,"INSR",0.221338736720684,0.221338736720684,71,"Growth Factor Signaling",FALSE,1,1.23056943900691
32,"CSNK2A1",-0.202332293215371,-0.202332293215371,104,"Tau Kinases",FALSE,1,1.22414041123502
33,"MAP2K1",0.315850806802691,0.315850806802691,18,"Growth Factor Signaling",FALSE,1,1.20900445529632
34,"IKBKB",0.327177735848049,0.327177735848049,39,"Others",FALSE,1,1.20691922761339
35,"MAPK10",0.253724393892258,0.253724393892258,34,"Tau Kinases",FALSE,1,1.17270209157064
36,"PRKCZ",-0.168264736432556,-0.168264736432556,30,"Tau Kinases",TRUE,1,1.12674695615715
37,"EPHA3",0.345373524735927,0.345373524735927,24,"Others",FALSE,1,1.111714489322
38,"HSP90AB1",0.35093016358403,0.35093016358403,10,"Tau Folding/Stability",FALSE,1,1.09394191444266
39,"SLIT2",0.524393627020544,0.524393627020544,7,"Others",FALSE,1,1.09044589221868
40,"ALK",0.309903979647461,0.309903979647461,9,"Others",TRUE,1,1.07037042569366
41,"DNM1",0.395051043757419,0.395051043757419,7,"Cytoskeleton / Axonal Transport",FALSE,1,1.0679312169151
42,"ERBB2",-0.210025435404574,-0.210025435404574,48,"Growth Factor Signaling",FALSE,1,1.06259562841516
43,"FGFR1",0.21921525768188,0.21921525768188,39,"Growth Factor Signaling",FALSE,1,1.05125625811827
44,"FLT1",0.278844038201627,0.278844038201627,17,"Growth Factor Signaling",FALSE,2,1.04775181273841
45,"DYRK1A",0.202008164622452,0.202008164622452,13,"Tau Kinases",TRUE,1,1.03956669860357
46,"NTRK2",0.296507079648355,0.296507079648355,13,"Synaptic Proteins",FALSE,1,1.01724893637745
47,"PTPRD",0.319264431529645,0.319264431529645,23,"Others",FALSE,1,1.01463954951665
48,"AMPH",0.487430923338457,0.487430923338457,7,"Others",FALSE,1,1.01358411068935
49,"YWHAE",0.559850361178882,0.559850361178882,3,"Synaptic Proteins",FALSE,1,1.00895261840518
50,"CAMK2A",0.149140214960566,0.149140214960566,31,"Tau Kinases",TRUE,1,1.0079171652032
51,"GLO1",0.405391745009042,0.405391745009042,11,"Others",FALSE,1,1.00736064294213
52,"PTPN11",0.251323158276221,0.251323158276221,51,"Others",FALSE,2,0.993039050472964
53,"MAP1LC3B",0.451602375295693,0.451602375295693,8,"Others",FALSE,1,0.992271838183112
54,"CAPN2",0.263864078900862,0.263864078900862,11,"Others",TRUE,1,0.983516406451406
55,"PEBP1",0.502812359896117,0.502812359896117,6,"Others",FALSE,1,0.978427674192306
56,"EFNB3",0.347872078969661,0.347872078969661,15,"Others",FALSE,1,0.96450620293339
57,"PIK3R1",-0.221815756555052,-0.221815756555052,27,"Growth Factor Signaling",FALSE,1,0.960876103746872
58,"CRKL",0.460089622141023,0.460089622141023,7,"Others",FALSE,1,0.956729473175822
59,"ERBB3",0.227177446400357,0.227177446400357,24,"Growth Factor Signaling",FALSE,1,0.950632787225421
60,"MET",0.255978882170976,0.255978882170976,37,"Others",FALSE,2,0.931145238967374
61,"LYN",-0.173774985687043,-0.173774985687043,60,"Microglia / Immune",FALSE,2,0.928677160980343
62,"PTPRS",0.263267394940849,0.263267394940849,33,"Others",FALSE,1,0.928375748937941
63,"PLCB1",0.472531538233235,0.472531538233235,6,"Others",FALSE,1,0.91950391599677
64,"EPHB2",0.269868618504668,0.269868618504668,29,"Others",FALSE,2,0.91787643865086
65,"CAMK2B",0.274692614328858,0.274692614328858,12,"Tau Kinases",FALSE,1,0.915944438008905
66,"EFNB2",0.300328364738904,0.300328364738904,20,"Others",FALSE,1,0.914356445132377
67,"UNC5A",0.32253459992826,0.32253459992826,16,"Others",FALSE,1,0.91380933243658
68,"STX1A",0.436287311182228,0.436287311182228,4,"Synaptic Proteins",FALSE,2,0.912830541129796
69,"SHANK3",0.503662458136427,0.503662458136427,3,"Synaptic Proteins",FALSE,1,0.907691753309005
70,"LRRTM2",0.313675585643254,0.313675585643254,17,"Others",FALSE,1,0.906639053884802
71,"L1CAM",0.28892067655843,0.28892067655843,22,"Others",FALSE,1,0.905909110211294
72,"NTRK1",-0.219161273281164,-0.219161273281164,23,"Growth Factor Signaling",FALSE,1,0.905458221219679
73,"PPP1R1A",0.462572460178352,0.462572460178352,6,"Others",FALSE,1,0.900124444934539
74,"GABBR1",0.431086764591637,0.431086764591637,7,"Others",FALSE,1,0.896419726360205
75,"PTPRJ",0.278348056427021,0.278348056427021,24,"Others",FALSE,1,0.895967829731987
76,"NTRK3",0.299073475908229,0.299073475908229,9,"Growth Factor Signaling",FALSE,1,0.895234765537061
77,"ITGB2",0.201640701919593,0.201640701919593,27,"Microglia / Immune",FALSE,1,0.873480473282771
78,"EIF4B",0.44790783813437,0.44790783813437,6,"Others",FALSE,1,0.871588408067095
79,"CBL",0.225033418773166,0.225033418773166,45,"Others",FALSE,1,0.86157226270841
80,"FYN",0.130041629108278,0.130041629108278,80,"Others",TRUE,1,0.857191990660647
81,"PEA15",0.370152000326948,0.370152000326948,9,"Others",FALSE,1,0.852306478094758
82,"EPHB6",0.313689214741376,0.313689214741376,14,"Others",FALSE,2,0.849486141063977
83,"SPP1",0.407517718774398,0.407517718774398,7,"Others",FALSE,1,0.847409273390084
84,"ITSN1",0.434778123584073,0.434778123584073,6,"Others",FALSE,1,0.846039163269473
85,"BTK",-0.216515171802286,-0.216515171802286,19,"Microglia / Immune",FALSE,2,0.843207934246853
86,"DCLK1",0.523354359113002,0.523354359113002,4,"Others",FALSE,1,0.842306347194117
87,"BMPR2",0.288424194844675,0.288424194844675,17,"Others",FALSE,1,0.83365314707299
88,"VEGFA",0.242173822140485,0.242173822140485,13,"Growth Factor Signaling",FALSE,1,0.830843780469027
89,"NEO1",0.314556760200268,0.314556760200268,13,"Others",FALSE,1,0.830133323586545
90,"PTEN",-0.127240998554876,-0.127240998554876,27,"Tau Phosphatases",TRUE,1,0.82678640706432
91,"SMURF1",0.459462371983288,0.459462371983288,5,"Others",FALSE,1,0.82324605575504
92,"MAP1LC3A",0.508004740016733,0.508004740016733,4,"Others",FALSE,1,0.817602088279158
93,"NRP1",0.268311671193453,0.268311671193453,20,"Others",FALSE,2,0.816880903251536
94,"UBE2N",0.417767267033116,0.417767267033116,6,"Others",FALSE,1,0.812937564862841
95,"FN1",0.269036431239821,0.262474326430342,19,"Others",FALSE,3,0.805961119826921
96,"CSF1R",0.258391778828502,0.258391778828502,10,"Microglia / Immune",FALSE,2,0.805475352477676
97,"SYT1",0.443613464803291,0.443613464803291,3,"Synaptic Proteins",FALSE,1,0.799472498205757
98,"GABARAP",0.44139330852036,0.44139330852036,5,"Others",FALSE,2,0.790870640195256
99,"LRP6",0.237173688896227,0.237173688896227,27,"Others",FALSE,1,0.790311235834897
100,"EIF4G2",0.440944955303512,0.440944955303512,5,"Others",FALSE,1,0.790067299073409
101,"APOE",0.157829158580479,0.157829158580479,12,"Metabolism",TRUE,1,0.789406407834904
102,"EPHA6",0.305159191163834,0.305159191163834,12,"Others",FALSE,1,0.782717871299159
103,"DLG2",0.545986108214673,0.545986108214673,2,"Synaptic Proteins",FALSE,1,0.779775162304731
104,"EFNA5",0.247263327283544,0.247263327283544,22,"Others",FALSE,1,0.77529273250895
105,"FOXO3",-0.230291795713371,-0.230291795713371,27,"Others",FALSE,1,0.76737936033244
106,"EPHA7",0.290383327164235,0.290383327164235,13,"Others",FALSE,2,0.76633824795084
107,"EFNB1",0.247068186703317,0.247068186703317,21,"Others",FALSE,2,0.763698253974211
108,"UNC5D",0.29492848248922,0.293687285482907,12,"Others",FALSE,3,0.756476621657832
109,"FGR",-0.194161614199227,-0.194161614199227,19,"Microglia / Immune",FALSE,1,0.756153078124554
110,"NRGN",0.529147052869192,0.529147052869192,2,"Synaptic Proteins",FALSE,1,0.755725691232991
111,"GABARAPL2",0.387065140000938,0.387065140000938,6,"Others",FALSE,1,0.753193984273341
112,"NOTCH2",0.21385396394102,0.21385396394102,14,"Astrocyte Activation",FALSE,1,0.752865451074079
113,"IL6ST",0.254280559264027,0.254280559264027,18,"Others",FALSE,1,0.748713590341242
114,"IFNGR1",0.311128448152562,0.311128448152562,10,"Others",FALSE,1,0.74605343505812
115,"UNC5B",0.293744356798585,0.301291114754677,11,"Others",FALSE,3,0.729927305546503
116,"NCAM1",0.243452347721224,0.243452347721224,19,"Others",FALSE,2,0.72931805514096
117,"EFNA3",0.235373832209933,0.235373832209933,21,"Others",FALSE,2,0.727550507770538
118,"DAG1",0.266687697580618,0.266687697580618,14,"Others",FALSE,1,0.722203673064678
119,"GFAP",0.266829979270623,0.266829979270623,7,"Astrocyte Activation",FALSE,2,0.721314546499173
120,"PLAUR",0.36985563655976,0.36985563655976,6,"Others",FALSE,1,0.71970583686695
121,"STX3",0.369205030549554,0.369205030549554,6,"Others",FALSE,1,0.718439816028655
122,"STAT3",0.142365148790642,0.142365148790642,47,"Astrocyte Activation",FALSE,2,0.716461340291303
123,"EFNA2",0.243103792966892,0.243103792966892,18,"Others",FALSE,2,0.715804283994925
124,"RPS6KA1",-0.168859511537982,-0.168859511537982,25,"Growth Factor Signaling",FALSE,1,0.715208766940068
125,"ISLR2",0.297907295855706,0.297907295855706,10,"Others",FALSE,2,0.714350496464542
126,"ACVR2A",0.267923865543924,0.267923865543924,13,"Others",FALSE,1,0.707066441142547
127,"TREM2",0.226504682144561,0.221990743959534,10,"Microglia / Immune",FALSE,3,0.706074858555481
128,"CD5",0.306443905029205,0.306443905029205,9,"Others",FALSE,1,0.705613167559132
129,"ROR2",0.294117827073799,0.294117827073799,10,"Others",FALSE,1,0.70526374718599
130,"HJV",0.305833973776743,0.305833973776743,9,"Others",FALSE,1,0.704208748949459
131,"ICAM5",0.293464515015983,0.282137914049087,10,"Others",FALSE,3,0.703697173290892
132,"PPP1CC",0.129804843169471,0.129804843169471,15,"Tau Phosphatases",TRUE,1,0.70179611631437
133,"IKBKG",-0.242200044694971,-0.242200044694971,17,"Others",FALSE,1,0.700048168947533
134,"FLRT3",0.291115885368674,0.291115885368674,10,"Others",FALSE,1,0.698065405362056
135,"FLRT1",0.302531297230466,0.302531297230466,9,"Others",FALSE,1,0.696604055167021
136,"NFIA",0.238992543695564,0.238992543695564,8,"Astrocyte Activation",FALSE,1,0.682656378050391
137,"DCC",0.22658270900484,0.22658270900484,19,"Others",FALSE,1,0.678781133995091
138,"SIGLEC7",0.272679831233813,0.272679831233813,11,"Others",FALSE,1,0.677583925895971
139,"LCK",-0.161641838574396,-0.161641838574396,65,"Others",FALSE,1,0.677223495493089
140,"CYCS",0.324939968110294,0.324939968110294,7,"Others",FALSE,1,0.675693668240667
141,"SMAD4",0.23770411514627,0.23770411514627,16,"Others",FALSE,1,0.673466470969488
142,"MAPK13",-0.213828651101323,-0.213828651101323,4,"Tau Kinases",TRUE,1,0.671080678801871
143,"EGF",0.290923849967631,0.290923849967631,9,"Others",FALSE,1,0.669876920131905
144,"IRF3",0.236043627621294,0.236043627621294,16,"Others",FALSE,1,0.668761955556085
145,"EPHB1",0.253285491647973,0.253285491647973,13,"Others",FALSE,1,0.668434933218789
146,"NRP2",0.26051610848868,0.26051610848868,12,"Others",FALSE,2,0.668210625076421
147,"FOXM1",-0.246457296419633,-0.246457296419633,14,"Others",FALSE,1,0.667418731132295
148,"CADM3",0.30238365243286,0.30238365243286,8,"Others",FALSE,1,0.664404792910172
149,"MAGI2",0.478527656604904,0.478527656604904,3,"Others",FALSE,1,0.663380191991293
150,"NTN1",0.301320064711855,0.301320064711855,8,"Others",FALSE,2,0.662067851829429
151,"PPM1B",0.367192235883224,0.367192235883224,5,"Others",FALSE,1,0.657920165670787
152,"EPHA4",0.209190778838911,0.209190778838911,22,"Others",FALSE,2,0.655916477075118
153,"CAMK2D",0.185293437680427,0.185293437680427,14,"Tau Kinases",FALSE,1,0.65231911052542
154,"NRXN3",0.173011280170303,0.173011280170303,42,"Others",FALSE,2,0.650730046992836
155,"PRKCI",-0.151715115347349,-0.151715115347349,8,"Tau Kinases",TRUE,1,0.650036751379458
156,"CD320",0.36244197850609,0.36244197850609,5,"Others",FALSE,1,0.649408847034038
157,"EZR",0.259539222666318,0.259539222666318,11,"Others",FALSE,1,0.644930740284343
158,"EPHA10",0.243514801158648,0.243514801158648,13,"Others",FALSE,2,0.642649520867532
159,"NOTCH3",0.257025733569728,0.257025733569728,11,"Others",FALSE,1,0.638684954514055
160,"EFNA4",0.19306349856884,0.19306349856884,26,"Others",FALSE,2,0.636305796062955
161,"FLNA",0.234437667692735,0.234437667692735,14,"Others",FALSE,1,0.634868973141244
162,"KIT",0.194561630834378,0.194561630834378,25,"Others",FALSE,1,0.6339005758533
163,"UBE2I",0.28684201891064,0.28684201891064,8,"Others",FALSE,1,0.630256333763199
164,"WWC1",0.45309143987525,0.45309143987525,3,"Others",FALSE,1,0.628118108170751
165,"TNFRSF1B",0.389643875852707,0.389643875852707,4,"Others",FALSE,2,0.627107626145113
166,"HTRA2",0.30120888317929,0.30120888317929,7,"Others",FALSE,1,0.626346264406005
167,"RGMA",0.271932141932142,0.271932141932142,9,"Others",FALSE,1,0.626146896318891
168,"EPN1",0.389017281121046,0.389017281121046,4,"Others",FALSE,1,0.626099160828246
169,"RANBP3",0.451139319603429,0.451139319603429,3,"Others",FALSE,1,0.625411894845698
170,"GABARAPL1",0.451050263828698,0.451050263828698,3,"Others",FALSE,1,0.625288437327363
171,"EPHA2",0.199312639705203,0.199312639705203,22,"Others",FALSE,1,0.624943628957235
172,"CADM1",0.283640298162243,0.283640298162243,8,"Others",FALSE,1,0.623221434245055
173,"EPHA5",0.235506355844686,0.235506355844686,13,"Others",FALSE,1,0.621514774562898
174,"BRAF",-0.15691852847768,-0.15691852847768,20,"Growth Factor Signaling",FALSE,1,0.62106457509829
175,"DSCAM",0.297360863314011,0.297360863314011,7,"Others",FALSE,1,0.618344532044934
176,"SRC",-0.0905981345530169,-0.0905981345530169,183,"Microglia / Immune",FALSE,1,0.614202486889157
177,"FAM20C",0.266668897189283,0.266668897189283,9,"Others",FALSE,2,0.614027827433205
178,"DLL1",0.278146083354334,0.278146083354334,8,"Others",FALSE,2,0.611149410435951
179,"NLGN2",0.237670183778469,0.237670183778469,12,"Others",FALSE,2,0.609611985170349
180,"TYRO3",0.291861206233898,0.291861206233898,7,"Others",FALSE,2,0.606908316647554
181,"LIFR",0.252652092423381,0.252652092423381,10,"Others",FALSE,1,0.605833258084643
182,"IL6R",0.207259517485843,0.203451756078778,17,"Others",FALSE,3,0.599057055896267
183,"SPI1",-0.188205773329055,-0.188205773329055,23,"Others",FALSE,1,0.598128078822
184,"SLIT1",0.333380904533858,0.333380904533858,5,"Others",FALSE,1,0.597338392558355
185,"FZD5",0.287197550002349,0.287197550002349,7,"Others",FALSE,1,0.597210516143557
186,"GPHN",0.332057594779385,0.332057594779385,5,"Others",FALSE,1,0.594967339775055
187,"NFKB1",-0.219977480252748,-0.219977480252748,7,"Microglia / Immune",FALSE,1,0.594659403873107
188,"CD33",0.16868948991788,0.16868948991788,14,"Microglia / Immune",FALSE,1,0.593865489224728
189,"DAPK1",-0.185803682423975,-0.185803682423975,23,"Others",FALSE,1,0.590494104620268
190,"TNFRSF11B",0.217915306803013,0.217915306803013,14,"Others",FALSE,1,0.59012559041115
191,"VWF",0.283044246928869,0.283044246928869,7,"Others",FALSE,1,0.588573965197375
192,"EPHB3",0.267685156318941,0.267685156318941,8,"Others",FALSE,1,0.588164404452066
193,"AKT2",0.127699163938724,0.127699163938724,33,"Growth Factor Signaling",FALSE,1,0.585407277962005
194,"MAP2K2",-0.180934889375411,-0.180934889375411,11,"Growth Factor Signaling",FALSE,1,0.5844882027239
195,"JAG1",0.243537322719752,0.243537322719752,10,"Others",FALSE,1,0.583976994899665
196,"YWHAQ",0.325868712806667,0.325868712806667,5,"Others",FALSE,1,0.583878351896502
197,"RET",0.171531507933221,0.171531507933221,29,"Others",FALSE,1,0.583412515655033
198,"PLXNA1",0.26497059509953,0.26497059509953,8,"Others",FALSE,1,0.58219990382409
199,"PTPN6",-0.153803441963065,-0.153803441963065,43,"Others",FALSE,1,0.582021390737579
200,"NCAN",0.298785332683638,0.298785332683638,6,"Others",FALSE,1,0.581409411257959
201,"TNFRSF1A",0.298199779066889,0.298199779066889,6,"Others",FALSE,1,0.580269976532312
202,"UNC5C",0.250960928026515,0.250960928026515,9,"Others",FALSE,1,0.577858891797805
203,"LRRTM1",0.262833297418817,0.262833297418817,8,"Others",FALSE,1,0.577503780830945
204,"PLCG1",0.152869945552072,0.152869945552072,42,"Others",FALSE,1,0.574974456896521
205,"LRP2",0.19862703469799,0.19862703469799,17,"Others",FALSE,1,0.574105971445732
206,"TLR2",-0.18367737718252,-0.18367737718252,10,"Microglia / Immune",FALSE,1,0.572570848805758
207,"THBS1",0.223134208414262,0.223134208414262,12,"Others",FALSE,1,0.572327944499849
208,"NEFL",0.318652219748768,0.318652219748768,5,"Others",FALSE,1,0.570948132125394
209,"FGFR4",-0.174847714447957,-0.174847714447957,25,"Others",FALSE,1,0.569670733123858
210,"BID",0.193161108731173,0.193161108731173,18,"Others",FALSE,1,0.568751097807074
211,"CLTC",-0.271440573083272,-0.271440573083272,4,"Cytoskeleton / Axonal Transport",FALSE,1,0.567926774080974
212,"DNM2",0.315079663156776,0.315079663156776,3,"Cytoskeleton / Axonal Transport",FALSE,1,0.567831108439131
213,"EPHB4",0.236801579092107,0.236801579092107,10,"Others",FALSE,1,0.567825387096152
214,"LRRC4C",0.236266430564187,0.236266430564187,10,"Others",FALSE,1,0.566542156970808
215,"FUBP1",0.35200049410962,0.35200049410962,4,"Others",FALSE,1,0.566522940415558
216,"LRFN4",0.316048121086395,0.316048121086395,5,"Others",FALSE,1,0.566282213688282
217,"CNTN5",0.315936772439147,0.315936772439147,5,"Others",FALSE,1,0.566082703695191
218,"CFTR",0.235929754796298,0.235929754796298,10,"Others",FALSE,1,0.565734843738522
219,"LRRTM4",0.195327437526039,0.195327437526039,17,"Others",FALSE,1,0.564568908967492
220,"LRRN1",0.404801272248397,0.404801272248397,3,"Others",FALSE,1,0.56117372109211
221,"YAP1",0.201944227079532,0.201944227079532,15,"Others",FALSE,1,0.55990828652214
222,"FLRT2",0.224243401431612,0.224243401431612,11,"Others",FALSE,1,0.557223919388493
223,"PDGFRA",0.171594473031523,0.171594473031523,11,"Growth Factor Signaling",FALSE,1,0.55431512123377
224,"FZD2",0.251458163307245,0.251458163307245,8,"Others",FALSE,1,0.552510056590504
225,"CAMK4",0.208064489969036,0.208064489969036,13,"Others",FALSE,1,0.549094117285445
226,"STAT1",-0.170263371752418,-0.170263371752418,24,"Others",FALSE,1,0.548056651194407
227,"NTM",0.2621356147118,0.2621356147118,7,"Others",FALSE,2,0.545095686785496
228,"PRKCQ",-0.184884929375762,-0.184884929375762,18,"Others",FALSE,1,0.544382392714427
229,"SDC3",0.212056367043143,0.212056367043143,12,"Others",FALSE,1,0.543913842392937
230,"LRP8",0.279033625533849,0.279033625533849,6,"Others",FALSE,1,0.542974363854017
231,"ALCAM",0.260668816156665,0.260668816156665,7,"Others",FALSE,1,0.542045564936672
232,"CD46",0.301973632500003,0.301973632500003,5,"Others",FALSE,1,0.541064115489073
233,"NLGN1",0.260106443237633,0.263795441217979,7,"Others",FALSE,3,0.540876143326922
234,"SUMO3",0.492044874344877,0.492044874344877,2,"Others",FALSE,2,0.540566545531438
235,"NEFH",0.389412384125714,0.389412384125714,3,"Others",FALSE,1,0.53984019226373
236,"UBE2V1",0.388949594142512,0.388949594142512,3,"Others",FALSE,1,0.539198629119635
237,"ADGRB3",0.276810465798479,0.276810465798479,6,"Others",FALSE,1,0.538648294761988
238,"ROBO2",0.276598094996977,0.276598094996977,6,"Others",FALSE,2,0.538235040263984
239,"STK4",0.189505095564032,0.189505095564032,16,"Others",FALSE,1,0.536908365518664
240,"PLXNA4",0.25771043838739,0.25771043838739,7,"Others",FALSE,1,0.53589379130726
241,"BSG",0.298314974495756,0.298314974495756,5,"Others",FALSE,1,0.534508680365296
242,"RB1",-0.222739221051494,-0.222739221051494,10,"Others",FALSE,1,0.534105325226168
243,"YWHAG",0.590051156415408,0.590051156415408,1,"Synaptic Proteins",FALSE,2,0.531689984092118
244,"NRG3",0.329266589060667,0.329266589060667,4,"Others",FALSE,2,0.529934131732097
245,"FZD1",0.295252630881979,0.295252630881979,5,"Others",FALSE,1,0.529021697197282
246,"MPZL1",0.327669174753151,0.327669174753151,4,"Others",FALSE,1,0.527363192583715
247,"SKP2",-0.239219328112588,-0.239219328112588,8,"Others",FALSE,1,0.525618587102836
248,"BAG6",0.476460627782258,0.476460627782258,2,"Others",FALSE,1,0.523445500748111
249,"MAPK11",0.14933847485363,0.14933847485363,5,"Tau Kinases",TRUE,1,0.52177832155618
250,"CDC25B",0.203112305410805,0.203112305410805,12,"Others",FALSE,1,0.520972777255976
251,"FZD8",0.250225774159776,0.250225774159776,7,"Others",FALSE,1,0.520329869586835
252,"BAD",-0.151328713073791,-0.151328713073791,30,"Others",FALSE,1,0.519660864366603
253,"DUSP6",-0.181179823009113,-0.181179823009113,8,"Tau Phosphatases",FALSE,1,0.517520588042964
254,"PLXND1",0.288598627898028,0.288598627898028,5,"Others",FALSE,1,0.517099324342515
255,"VIM",0.154472351722806,0.154472351722806,12,"Astrocyte Activation",FALSE,1,0.51507788708608
256,"ROBO1",0.263863988161463,0.263863988161463,6,"Others",FALSE,1,0.513455612533602
257,"SLITRK4",0.318798869615572,0.318798869615572,4,"Others",FALSE,1,0.513086987200437
258,"PARK7",0.368455604458416,0.368455604458416,3,"Others",FALSE,1,0.510787926783722
259,"ADGRB1",0.262483991801411,0.262483991801411,6,"Others",FALSE,1,0.510770263610916
260,"PTK2B",-0.152903343982523,-0.152903343982523,27,"Others",FALSE,1,0.509505212439435
261,"BCL2",-0.162310500316634,-0.162310500316634,22,"Others",FALSE,1,0.508923634927371
262,"KDR",0.121384126637192,0.121384126637192,24,"Growth Factor Signaling",FALSE,1,0.507936559981758
263,"VPS4A",0.462248188098686,0.462248188098686,2,"Others",FALSE,1,0.507831539859784
264,"PLXNB2",0.244187135530271,0.244187135530271,7,"Others",FALSE,1,0.507772873565449
265,"BCL2L1",0.197104723995159,0.197104723995159,12,"Others",FALSE,1,0.505563635164017
266,"SLITRK1",0.259648129401326,0.259648129401326,6,"Others",FALSE,2,0.505251930185267
267,"ARHGEF2",-0.203015563831152,-0.203015563831152,11,"Others",FALSE,1,0.50447472457449
268,"LPL",0.241039368267507,0.241039368267507,4,"Metabolism",FALSE,1,0.504319266982557
269,"TIE1",0.210020648032079,0.210020648032079,10,"Others",FALSE,1,0.503607519106173
270,"BCL10",-0.241480597554908,-0.241480597554908,7,"Others",FALSE,1,0.502144786065346
271,"STX7",0.456581604085544,0.456581604085544,2,"Others",FALSE,1,0.501606161028176
272,"CADM2",0.310882828910902,0.310882828910902,4,"Others",FALSE,1,0.500346611173969
273,"MOG",0.195048133327651,0.195048133327651,12,"Others",FALSE,1,0.50028858425283
274,"DOK1",-0.194014890816255,-0.194014890816255,12,"Others",FALSE,1,0.497638369537122
275,"NCK2",0.358964287503944,0.358964287503944,3,"Others",FALSE,1,0.497630167610137
276,"ENG",0.172114969063656,0.172114969063656,17,"Others",FALSE,1,0.497476245692763
277,"GPC1",0.20652978310586,0.20652978310586,10,"Others",FALSE,1,0.495236790601615
278,"FAS",0.198670831432892,0.185268044552039,11,"Others",FALSE,4,0.493678470146503
279,"ITGB7",0.214233972963774,0.214233972963774,9,"Others",FALSE,1,0.493291952559275
280,"ADAM10",-0.16158610197306,-0.16158610197306,20,"Others",FALSE,1,0.491952513081246
281,"PTPA",0.446706317007907,0.446706317007907,2,"Others",FALSE,1,0.490757049290558
282,"ADAM9",0.303735986477121,0.303735986477121,4,"Others",FALSE,1,0.48884421200685
283,"SPAST",0.352179044890869,0.352179044890869,3,"Others",FALSE,1,0.4882238240368
284,"FLT3",-0.174885610495924,-0.174885610495924,15,"Others",FALSE,1,0.484885871343019
285,"MAPRE1",0.300183564901229,0.300183564901229,4,"Others",FALSE,1,0.48312681004166
286,"GTF2I",-0.201471081602573,-0.201471081602573,10,"Others",FALSE,1,0.483106554180385
287,"CHL1",0.219343101528984,0.219343101528984,8,"Others",FALSE,2,0.481946053548638
288,"MPZ",0.247532503345451,0.247532503345451,6,"Others",FALSE,1,0.481676010480982
289,"TBK1",-0.158135976317667,-0.158135976317667,20,"Others",FALSE,1,0.481448528110438
290,"ADGRL3",0.246936483831672,0.246936483831672,6,"Others",FALSE,1,0.480516210060083
291,"EFNA1",0.157490146371324,0.157490146371324,20,"Others",FALSE,1,0.479482284347843
292,"ARF1",0.345543285984992,0.345543285984992,3,"Others",FALSE,1,0.479024708883833
293,"LAT",-0.16265855224065,-0.16265855224065,18,"Others",FALSE,1,0.47893818151215
294,"ERBB4",0.120911262074363,0.120911262074363,20,"Growth Factor Signaling",FALSE,1,0.478552165466511
295,"TIMP3",0.245325813302367,0.245325813302367,6,"Others",FALSE,1,0.477381989930325
296,"PAK6",0.229029714329419,0.229029714329419,7,"Others",FALSE,1,0.476253902255659
297,"NCKIPSD",0.433074604015591,0.433074604015591,2,"Others",FALSE,1,0.475781081881603
298,"CD14",0.20412965964011,0.20412965964011,5,"Microglia / Immune",FALSE,2,0.475476625793606
299,"VASN",0.342973397978188,0.342973397978188,3,"Others",FALSE,1,0.47546208763129
300,"CSNK1G2",-0.228339250588101,-0.228339250588101,7,"Others",FALSE,1,0.474818123268939
301,"TNFAIP3",-0.243421354584666,-0.243421354584666,6,"Others",FALSE,1,0.473676084383094
302,"PGAM1",0.330816785840761,0.330816785840761,2,"Metabolism",FALSE,1,0.47247120208905
303,"LILRA1",0.263497939303041,0.263497939303041,5,"Others",FALSE,1,0.472124927868304
304,"OLR1",0.429705250064066,0.429705250064066,2,"Others",FALSE,2,0.472079468225586
305,"JAK2",-0.120509240639444,-0.120509240639444,49,"Others",FALSE,1,0.471434921748183
306,"SQSTM1",-0.162370373161705,-0.162370373161705,17,"Others",FALSE,1,0.469310740905654
307,"CFC1",0.338127338162949,0.338127338162949,3,"Others",FALSE,1,0.468744022235775
308,"TGFBR3",0.213281366671588,0.213281366671588,8,"Others",FALSE,1,0.468627060738672
309,"BMP10",-0.212701990665491,-0.212701990665491,8,"Others",FALSE,1,0.467354041538556
310,"PRKN",0.150879406047011,0.150879406047011,21,"Others",FALSE,1,0.466374649428798
311,"IGF2R",0.289199868228513,0.289199868228513,4,"Others",FALSE,2,0.465449232197915
312,"ADAM17",0.15514682144447,0.15514682144447,19,"Others",FALSE,1,0.464778340140516
313,"PTPN1",0.126224287852503,0.126224287852503,38,"Others",FALSE,1,0.462430459786459
314,"APLP1",0.257454813802562,0.257454813802562,5,"Others",FALSE,1,0.461297100529086
315,"LRP4",0.221495901612829,0.221495901612829,7,"Others",FALSE,1,0.460587779125547
316,"NDEL1",-0.220919280018646,-0.220919280018646,7,"Others",FALSE,1,0.459388728228772
317,"DSC2",0.285424873303053,0.285424873303053,4,"Others",FALSE,1,0.459373612245633
318,"JAM3",0.235846955070579,0.235846955070579,6,"Others",FALSE,1,0.458936983495631
319,"CD226",-0.235629434520588,-0.235629434520588,6,"Others",FALSE,1,0.458513708049777
320,"SEMA4D",0.255136702875368,0.255136702875368,5,"Others",FALSE,1,0.457143603324565
321,"STAT5B",-0.173006406910551,-0.173006406910551,13,"Others",FALSE,1,0.45657382622769
322,"FOXO1",-0.134136627782672,-0.134136627782672,29,"Others",FALSE,1,0.456225147199414
323,"ATG3",-0.234418855334374,-0.234418855334374,6,"Others",FALSE,1,0.456158029725087
324,"PPM1A",0.183305212894778,0.183305212894778,11,"Others",FALSE,1,0.455496342463039
325,"INHBA",0.218772128884329,0.213795134758509,7,"Others",FALSE,3,0.45492385296381
326,"HSPA1A",0.179741973856893,0.185835423039945,6,"Tau Folding/Stability",FALSE,5,0.454690250481171
327,"TYK2",0.154365407994855,0.154365407994855,18,"Others",FALSE,1,0.454519524334981
328,"MAP4K1",0.162891560570868,0.162891560570868,15,"Others",FALSE,1,0.451631303786826
329,"EFS",-0.280594894492064,-0.280594894492064,4,"Others",FALSE,1,0.451600061230974
330,"DDR2",0.217028502706796,0.217028502706796,7,"Others",FALSE,1,0.451298084257087
331,"PRKAR1A",0.410349810607372,0.410349810607372,2,"Others",FALSE,1,0.450815344585891
332,"NPTN",0.324192372973123,0.324192372973123,3,"Others",FALSE,1,0.449426058570717
333,"SEMA4A",0.230896587972098,0.230896587972098,6,"Others",FALSE,1,0.449304013917149
334,"CCDC50",0.408879051292411,0.408879051292411,2,"Others",FALSE,1,0.449199550328801
335,"SEPTIN5",0.323267526976215,0.323267526976215,3,"Others",FALSE,1,0.448143949780299
336,"SHANK1",0.323120452487598,0.323120452487598,3,"Others",FALSE,2,0.447940061246065
337,"GRIA4",0.213729004815878,0.213729004815878,4,"Synaptic Proteins",FALSE,1,0.447178632338729
338,"FLII",0.322532349181789,0.322532349181789,3,"Others",FALSE,1,0.447124776949466
339,"NRCAM",0.179849731526723,0.179849731526723,11,"Others",FALSE,1,0.44690979383334
340,"HMGB1",-0.21461049793133,-0.21461049793133,7,"Others",FALSE,1,0.446269984679002
341,"ISG15",0.277162624412192,0.277162624412192,4,"Others",FALSE,2,0.446076035638714
342,"TSC2",-0.168971458421888,-0.168971458421888,13,"Others",FALSE,1,0.445925365844065
343,"FHIT",0.405524434039729,0.405524434039729,2,"Others",FALSE,1,0.445514126591227
344,"STAT5A",-0.148476334226081,-0.148476334226081,19,"Others",FALSE,1,0.444795346300059
345,"IL18BP",0.320847661855082,0.320847661855082,3,"Others",FALSE,1,0.444789304408201
346,"NFASC",0.274142395140065,0.274142395140065,4,"Others",FALSE,1,0.44121516414391
347,"CTNNB1",-0.112675641510543,-0.0547744421332752,49,"Others",FALSE,3,0.440789701740617
348,"CAST",0.245326512485764,0.245326512485764,5,"Others",FALSE,1,0.439566101799062
349,"PDIA3",0.272800619316719,0.272800619316719,4,"Others",FALSE,2,0.439055659263829
350,"TNFRSF14",0.272645367935054,0.272645367935054,4,"Others",FALSE,2,0.43880579180422
351,"AGRN",0.211020647649728,0.211020647649728,7,"Others",FALSE,1,0.438805100875028
352,"IGDCC4",0.225200062135688,0.225200062135688,6,"Others",FALSE,1,0.438219086477722
353,"NTN4",0.224410269795878,0.224410269795878,6,"Others",FALSE,1,0.436682221548041
354,"TNFRSF10B",0.224407537489602,0.224407537489602,6,"Others",FALSE,1,0.436676904725528
355,"CD74",-0.31491800013469,-0.31491800013469,3,"Others",FALSE,1,0.436569047801874
356,"FGFR2",-0.110261961510156,-0.110261961510156,20,"Growth Factor Signaling",FALSE,1,0.436403520598586
357,"SNCG",0.396269422830347,0.396269422830347,2,"Others",FALSE,1,0.435346457544838
358,"CSF1",0.268782682178205,0.268782682178205,4,"Others",FALSE,2,0.432589038903329
359,"FOXL2",0.180169914397007,0.180169914397007,10,"Others",FALSE,1,0.432028586033071
360,"SFN",0.240504238135078,0.240504238135078,5,"Others",FALSE,1,0.430925746068004
361,"KIRREL3",0.309690371436728,0.309690371436728,3,"Others",FALSE,1,0.42932201561586
362,"GMFB",0.309268659385671,0.309268659385671,3,"Others",FALSE,1,0.428737398577464
363,"KRT18",0.220263526685332,0.220263526685332,6,"Others",FALSE,1,0.428613032043704
364,"OPCML",0.309105640846709,0.309105640846709,3,"Others",FALSE,1,0.428511406896143
365,"FGF2",-0.17135487851074,-0.17135487851074,11,"Others",FALSE,1,0.425800877084954
366,"VAV1",-0.126449595630135,-0.126449595630135,28,"Others",FALSE,1,0.425793196068829
367,"RGMB",0.184796467333005,0.184796467333005,9,"Others",FALSE,1,0.425509590918938
368,"ELAVL1",-0.184710565799776,-0.184710565799776,9,"Others",FALSE,1,0.42531179532906
369,"IL2RG",-0.218454900653219,-0.218454900653219,6,"Others",FALSE,1,0.425093608291969
370,"LRRC4",0.263602115164386,0.263602115164386,4,"Others",FALSE,1,0.424251237943383
371,"CEBPA",-0.170540798156123,-0.170540798156123,11,"Others",FALSE,1,0.423777963398304
372,"TAX1BP1",0.385154653032797,0.385154653032797,2,"Others",FALSE,1,0.423135634859533
373,"SEMA3G",0.262700323464405,0.262700323464405,4,"Others",FALSE,1,0.422799860192315
374,"ACAN",0.235511702684248,0.235511702684248,5,"Others",FALSE,1,0.421980323398524
375,"HSPA8",0.201580654128342,0.201580654128342,4,"Tau Folding/Stability",FALSE,1,0.421761011317645
376,"PIGR",0.26175107209269,0.26175107209269,4,"Others",FALSE,1,0.421272099046246
377,"SEMA6D",0.216157939384458,0.216157939384458,6,"Others",FALSE,1,0.420623928047099
378,"CLU",0.166106862097306,0.166106862097306,6,"Metabolism",FALSE,1,0.420197737417743
379,"CLEC2L",0.302779534118371,0.302779534118371,3,"Others",FALSE,1,0.419741560810805
380,"SMOC2",0.380964315988435,0.380964315988435,2,"Others",FALSE,1,0.418532079088936
381,"ENAH",0.380529701759281,0.380529701759281,2,"Others",FALSE,1,0.418054606555957
382,"HSPG2",0.233284001877408,0.233284001877408,5,"Others",FALSE,1,0.417988819383262
383,"FADD",0.154313140525994,0.154313140525994,14,"Others",FALSE,1,0.417887731234131
384,"BMP7",0.174211303975806,0.174211303975806,10,"Others",FALSE,1,0.417740462271626
385,"TP53",-0.0948321873116789,-0.0948321873116789,80,"Others",FALSE,1,0.416735225367546
386,"SMOC1",0.598845114545336,0.598845114545336,1,"Others",FALSE,2,0.415087802739197
387,"PLK1",-0.107564684095743,-0.107564684095743,46,"Others",FALSE,1,0.414139910499926
388,"CNTN4",0.298097051096493,0.298097051096493,3,"Others",FALSE,1,0.413250261001536
389,"EIF2S2",-0.256464922851164,-0.256464922851164,4,"Others",FALSE,1,0.412764370046149
390,"COL18A1",0.198261955613907,0.198261955613907,7,"Others",FALSE,1,0.412274146638242
391,"GFRA2",0.29708036129294,0.29708036129294,3,"Others",FALSE,1,0.411840829659863
392,"JAM2",0.296168467709492,0.296168467709492,3,"Others",FALSE,1,0.410576676727187
393,"CD274",0.196984571365808,0.196984571365808,7,"Others",FALSE,1,0.409617900768058
394,"NEGR1",0.196784718366923,0.196784718366923,7,"Others",FALSE,2,0.409202318139947
395,"DLL4",0.196746331079543,0.196746331079543,7,"Others",FALSE,1,0.409122494019896
396,"APLP2",0.210163313088239,0.210163313088239,6,"Others",FALSE,2,0.408958923897494
397,"TRIM9",0.294914452694244,0.294914452694244,3,"Others",FALSE,1,0.408838242782789
398,"PDLIM4",0.371878312597335,0.371878312597335,2,"Others",FALSE,1,0.408550084108593
399,"EDA2R",0.294252672589487,0.294252672589487,3,"Others",FALSE,1,0.407920820755263
400,"CTNNA1",0.293855530297955,0.293855530297955,3,"Others",FALSE,1,0.40737026463595
401,"VAV3",-0.169567868280265,-0.169567868280265,10,"Others",FALSE,1,0.406605989767743
402,"BAMBI",0.20808844530813,0.20808844530813,6,"Others",FALSE,2,0.404921417626232
403,"ACVR2B",-0.153414319872832,-0.153414319872832,13,"Others",FALSE,1,0.404869185328337
404,"ALDOA",0.448195426670003,0.448195426670003,1,"Metabolism",FALSE,1,0.403865015237027
405,"LRFN5",0.207236766732131,0.207236766732131,6,"Others",FALSE,1,0.403264127641463
406,"LRIG1",0.168050719145831,0.168050719145831,10,"Others",FALSE,1,0.402968025030156
407,"GRN",0.224226628614448,0.224226628614448,5,"Others",FALSE,1,0.40176018507302
408,"DUSP26",0.224128883487197,0.224128883487197,5,"Others",FALSE,1,0.401585049315697
409,"HOMER1",0.4450508710239,0.4450508710239,1,"Synaptic Proteins",FALSE,1,0.401031483392754
410,"NUDC",0.36427263111523,0.36427263111523,2,"Others",FALSE,1,0.400194388968657
411,"NECTIN1",0.288642263312647,0.288642263312647,3,"Others",FALSE,1,0.400143142011205
412,"MAP3K3",-0.192324557660403,-0.192324557660403,7,"Others",FALSE,1,0.399927674684242
413,"CTF1",0.36400101235221,0.36400101235221,2,"Others",FALSE,1,0.39989598525777
414,"SOD2",0.288229611024289,0.288229611024289,3,"Others",FALSE,1,0.399571084470752
415,"C1QL2",0.288181458454694,0.288181458454694,3,"Others",FALSE,1,0.399504330835048
416,"NOG",0.221058469752046,0.221058469752046,5,"Others",FALSE,2,0.396083606431291
417,"MMP9",0.159207641639262,0.159207641639262,11,"Others",FALSE,1,0.395616127406468
418,"IGFBPL1",0.190080076035199,0.190080076035199,7,"Others",FALSE,1,0.395260406353254
419,"NRG1",0.19004930066995,0.19004930066995,7,"Others",FALSE,1,0.395196410780294
420,"IGFBP7",-0.158879996548117,-0.158879996548117,11,"Others",FALSE,1,0.394801959940711
421,"CD248",0.284274328872134,0.284274328872134,3,"Others",FALSE,1,0.394087899126581
422,"LILRB2",0.158225285079973,0.158225285079973,11,"Others",FALSE,2,0.393175063059827
423,"FNBP1",-0.244228614505211,-0.244228614505211,4,"Others",FALSE,1,0.393070791485939
424,"STAP1",-0.201642008196163,-0.201642008196163,6,"Others",FALSE,1,0.392377230224808
425,"PRTG",0.178553629778821,0.178553629778821,8,"Others",FALSE,1,0.392322423722619
426,"AGAP2",0.282997258619716,0.282997258619716,3,"Others",FALSE,1,0.392317503836899
427,"ITGAM",0.104346556208958,0.104346556208958,17,"Microglia / Immune",FALSE,1,0.392080440830124
428,"CD93",0.170210550539396,0.170210550539396,9,"Others",FALSE,1,0.391924276342322
429,"GSTP1",0.218181080630379,0.218181080630379,5,"Others",FALSE,2,0.390928017225892
430,"NLGN4X",0.200891516953262,0.200891516953262,6,"Others",FALSE,1,0.390916841698471
431,"LDHA",0.216839093701927,0.216839093701927,3,"Metabolism",FALSE,2,0.390783656730127
432,"LRP1",0.108039677664648,0.068113752313627,36,"Others",FALSE,3,0.390122407355586
433,"JUND",0.199318475886874,0.199318475886874,6,"Others",FALSE,1,0.387855845122506
434,"HSP90B1",0.199046383668284,0.199046383668284,6,"Others",FALSE,1,0.387326378112872
435,"BAG2",0.214631010558169,0.214631010558169,3,"Tau Folding/Stability",FALSE,1,0.386804287555729
436,"RPA2",-0.214878769604388,-0.214878769604388,5,"Others",FALSE,1,0.385011070174736
437,"PRKAR1B",0.349522366679685,0.349522366679685,2,"Others",FALSE,1,0.383989567198663
438,"KLHL2",0.349446639936263,0.349446639936263,2,"Others",FALSE,1,0.383906372867759
439,"MCL1",0.183170746802802,0.183170746802802,7,"Others",FALSE,1,0.380892860122265
440,"MUC1",0.148354498980863,0.148354498980863,12,"Others",FALSE,2,0.380521776837494
441,"PPM1F",0.236260786678547,0.236260786678547,4,"Others",FALSE,1,0.380247067301959
442,"RSPO3",0.274125874879226,0.274125874879226,3,"Others",FALSE,2,0.380019154582127
443,"MAD1L1",-0.235733909099481,-0.235733909099481,4,"Others",FALSE,1,0.379399090550999
444,"CALR",-0.194648958356886,-0.194648958356886,6,"Others",FALSE,1,0.37876938356971
445,"GRK5",-0.164479024389987,-0.164479024389987,9,"Others",FALSE,1,0.378726949670588
446,"CLSTN2",0.235156534766064,0.235156534766064,4,"Others",FALSE,1,0.37846984240913
447,"SUMO2",0.344241808960217,0.344241808960217,2,"Others",FALSE,1,0.378188281597034
448,"AHSA1",0.343179819602759,0.343179819602759,2,"Others",FALSE,1,0.377021567038496
449,"SLBP",-0.210300134555172,-0.210300134555172,5,"Others",FALSE,1,0.376807257469164
450,"CNTN2",0.15697730372416,0.15697730372416,10,"Others",FALSE,1,0.376415134536797
451,"FCGR3B",0.233482891815301,0.233482891815301,4,"Others",FALSE,1,0.375776217992295
452,"NECTIN2",0.233171897592907,0.233171897592907,4,"Others",FALSE,1,0.375275692100226
453,"TJP1",0.170638118581824,0.170638118581824,8,"Others",FALSE,1,0.374930267978395
454,"VASP",0.192540581520807,0.192540581520807,6,"Others",FALSE,1,0.37466667168635
455,"OTULIN",0.340425700436759,0.340425700436759,2,"Others",FALSE,1,0.373995857878272
456,"ATG7",-0.191829099704304,-0.191829099704304,6,"Others",FALSE,1,0.373282191998749
457,"SNCA",0.102761963254142,0.102761963254142,15,"Synaptic Proteins",FALSE,1,0.37039165851175
458,"LASP1",0.20647496216404,0.20647496216404,5,"Others",FALSE,1,0.369953468615922
459,"TNFSF12",0.333963053954506,0.333963053954506,2,"Others",FALSE,1,0.366895915035551
460,"GRK2",-0.126856763963779,-0.126856763963779,17,"Others",FALSE,1,0.366663207859007
461,"HDAC6",-0.159101757797888,-0.159101757797888,9,"Others",FALSE,1,0.366345335774566
462,"LRP5",-0.138606131700202,-0.138606131700202,13,"Others",FALSE,1,0.365789527793036
463,"SIGLEC5",0.203976471976916,0.20148332202559,5,"Others",FALSE,3,0.365476775164371
464,"YY1",-0.146973792011069,-0.146973792011069,11,"Others",FALSE,1,0.365216153112864
465,"ILK",-0.158558802534492,-0.158558802534492,9,"Others",FALSE,1,0.365095135078908
466,"WAS",0.226487767024648,0.226487767024648,4,"Others",FALSE,1,0.36451799895201
467,"CD68",0.201439313970511,0.201439313970511,3,"Microglia / Immune",FALSE,2,0.363030440584732
468,"S100A9",-0.157529672207708,-0.157529672207708,9,"Others",FALSE,2,0.362725474929707
469,"ATXN3",0.330161860007893,0.330161860007893,2,"Others",FALSE,1,0.362719876654191
470,"ACVRL1",-0.157521263746598,-0.157521263746598,9,"Others",FALSE,1,0.362706113732499
471,"ELAVL2",0.522618799628637,0.522618799628637,1,"Others",FALSE,1,0.362251747470213
472,"PPP2R5A",0.16884614536045,0.16884614536045,2,"Tau Phosphatases",TRUE,1,0.361718077865104
473,"ABL2",0.1153850597292,0.1153850597292,7,"Others",TRUE,1,0.359904729735161
474,"PPP1R14A",0.172087976998593,0.172087976998593,7,"Others",FALSE,1,0.357846888194519
475,"MBL2",-0.199710920295337,-0.199710920295337,5,"Others",FALSE,1,0.35783393254742
476,"AKT1S1",0.222017586025813,0.222017586025813,4,"Others",FALSE,1,0.357323520177043
477,"PECAM1",-0.155052901768316,-0.155052901768316,9,"Others",FALSE,1,0.357022500237194
478,"ELK1",-0.183282056308199,-0.183282056308199,6,"Others",FALSE,1,0.356650413509852
479,"ELK4",0.257004822081632,0.257004822081632,3,"Others",FALSE,1,0.356284335632387
480,"PRC1",-0.221214201227797,-0.221214201227797,4,"Others",FALSE,1,0.356030522224842
481,"FCGRT",0.198577082780256,0.198577082780256,5,"Others",FALSE,1,0.355802368443207
482,"PLXNB3",0.182820930850004,0.182820930850004,6,"Others",FALSE,1,0.355753104800763
483,"TKT",0.323330571285767,0.323330571285767,2,"Others",FALSE,1,0.355214938916624
484,"NR3C2",0.181970569535538,0.181970569535538,6,"Others",FALSE,1,0.354098378088579
485,"BDNF",-0.196071518552816,-0.196071518552816,3,"Synaptic Proteins",FALSE,1,0.353356692709778
486,"TCF4",-0.19715423894362,-0.19715423894362,5,"Others",FALSE,1,0.353252974525682
487,"TXNRD1",0.509339006963725,0.509339006963725,1,"Others",FALSE,1,0.353046896626109
488,"BIRC2",0.196719383349102,0.196719383349102,5,"Others",FALSE,1,0.352473817896458
489,"ITGA6",0.112346018341828,0.112346018341828,22,"Others",FALSE,1,0.352260290693472
490,"GDF9",-0.180746053604093,-0.180746053604093,6,"Others",FALSE,1,0.3517155801099
491,"PLXNC1",0.253684720775361,0.253684720775361,3,"Others",FALSE,1,0.351681697913157
492,"BMPR1A",0.121619150380607,0.121619150380607,17,"Others",FALSE,1,0.351524557479433
493,"LILRB1",0.195806409561298,0.195806409561298,5,"Others",FALSE,1,0.350837988467002
494,"PRKAR2B",0.31739408831585,0.31739408831585,2,"Others",FALSE,1,0.348693045774404
495,"PALM",0.316763219696184,0.316763219696184,2,"Others",FALSE,1,0.347999965756304
496,"NLGN3",0.135396591796693,0.135396591796693,12,"Others",FALSE,2,0.347285401131409
497,"NGF",0.128438813054457,0.128438813054457,7,"Synaptic Proteins",FALSE,1,0.347205304458335
498,"GPC5",0.315220500793363,0.315220500793363,2,"Others",FALSE,1,0.346305115811704
499,"VCP",-0.192172673076318,-0.192172673076318,5,"Others",FALSE,1,0.34432720671136
500,"PCSK7",0.17675293000072,0.17675293000072,6,"Others",FALSE,1,0.343945320363665
501,"UBE2D2",0.312616368856282,0.312616368856282,2,"Others",FALSE,1,0.343444184464314
502,"B2M",-0.156150597676021,-0.156150597676021,8,"Others",FALSE,1,0.343097930979494
503,"VSIR",0.191429979356937,0.191429979356937,5,"Others",FALSE,2,0.342996478206923
504,"RBP1",0.311863096973952,0.311863096973952,2,"Others",FALSE,2,0.342616630717678
505,"MIF",0.247057260698685,0.247057260698685,3,"Others",FALSE,2,0.342494087380313
506,"NETO2",0.246926705696892,0.246926705696892,3,"Others",FALSE,1,0.342313099717512
507,"BMPR1B",-0.11610536298149,-0.11610536298149,18,"Others",FALSE,1,0.341865156452967
508,"NR3C1",-0.113987028881081,-0.113987028881081,19,"Others",FALSE,1,0.341474621185584
509,"PDE1B",0.492570960187336,0.492570960187336,1,"Others",FALSE,1,0.341424172279557
510,"IGSF11",0.246281834099981,0.246281834099981,3,"Others",FALSE,1,0.341419117859068
511,"FLT4",0.12929455996645,0.12929455996645,13,"Others",FALSE,2,0.34121575615884
512,"VSIG4",0.309976640397591,0.309976640397591,2,"Others",FALSE,1,0.340544146340849
513,"GPR37",0.245624407752095,0.245624407752095,3,"Others",FALSE,1,0.340507731420142
514,"PGR",0.189935217935994,0.189935217935994,5,"Others",FALSE,1,0.340318225276712
515,"INHA",0.244928112887663,0.244928112887663,3,"Others",FALSE,1,0.339542461775904
516,"SEMA3A",-0.174435700594186,-0.174435700594186,6,"Others",FALSE,1,0.3394362001438
517,"PDIA6",0.308572713305832,0.308572713305832,2,"Others",FALSE,1,0.339001774785449
518,"FCRL1",-0.210593411351982,-0.210593411351982,4,"Others",FALSE,1,0.33893702033871
519,"DOK2",-0.244453573386361,-0.244453573386361,3,"Others",FALSE,1,0.33888461034112
520,"ALPI",0.307126063199728,0.307126063199728,2,"Others",FALSE,1,0.33741246720148
521,"CRP",-0.209232719128067,-0.209232719128067,4,"Others",FALSE,1,0.336747070686387
522,"NOS3",-0.110154578675497,-0.110154578675497,20,"Others",FALSE,1,0.335368086395521
523,"STMN3",0.482789496511071,0.482789496511071,1,"Others",FALSE,1,0.334644178310604
524,"IER3",-0.171763550275727,-0.171763550275727,6,"Others",FALSE,1,0.334236435719309
525,"IGFLR1",0.303985503527283,0.303985503527283,2,"Others",FALSE,1,0.333962209752036
526,"NELFA",0.240876896018302,0.240876896018302,3,"Others",FALSE,1,0.333926282674235
527,"RAMP1",0.18593994972727,0.18593994972727,5,"Others",FALSE,1,0.333159665631624
528,"PRDX1",0.240320964117197,0.240320964117197,3,"Others",FALSE,1,0.333155597414566
529,"GPC6",0.206981035524769,0.206981035524769,4,"Others",FALSE,1,0.333123125728432
530,"HGF",0.206871381608947,0.206871381608947,4,"Others",FALSE,1,0.332946644559061
531,"SIGLEC15",-0.151288802182223,-0.151288802182223,8,"Others",FALSE,1,0.332415474430538
532,"DOC2B",0.479473717570643,0.479473717570643,1,"Others",FALSE,1,0.332345855486686
533,"IDH1",0.183974456338136,0.183974456338136,3,"Metabolism",FALSE,1,0.331555576835152
534,"ROBO4",0.239071277744559,0.239071277744559,3,"Others",FALSE,2,0.33142316424301
535,"TNFRSF8",0.205599089407653,0.205599089407653,4,"Others",FALSE,1,0.330898969254605
536,"MAP3K11",-0.143493452951665,-0.143493452951665,9,"Others",FALSE,1,0.330405885708745
537,"IL6",-0.157896758620896,-0.157896758620896,4,"Microglia / Immune",FALSE,2,0.330362538447404
538,"PPP1R9B",-0.205235425046205,-0.205235425046205,4,"Others",FALSE,1,0.33031367404389
539,"SIGLEC14",0.18411848752604,0.18411848752604,5,"Others",FALSE,2,0.329896043484731
540,"AP2B1",0.365522606253933,0.365522606253933,1,"Cytoskeleton / Axonal Transport",FALSE,1,0.329369253142587
541,"MAPKAPK2",0.103281906651869,0.103281906651869,23,"Others",FALSE,1,0.328235459040612
542,"DTD1",0.473533228582967,0.473533228582967,1,"Others",FALSE,1,0.328228222293731
543,"DDR1",0.121150620602404,0.121150620602404,14,"Others",FALSE,1,0.328081962485998
544,"CD9",0.149085004334437,0.149085004334437,8,"Others",FALSE,1,0.327573235635902
545,"GAS6",0.29795808137692,0.29795808137692,2,"Others",FALSE,1,0.327340409708656
546,"MAP2K5",-0.203287559827046,-0.203287559827046,4,"Others",FALSE,1,0.327178705911863
547,"PPARG",-0.110628299146459,-0.110628299146459,18,"Others",FALSE,1,0.325738276205718
548,"VTN",-0.135820576139705,-0.135820576139705,10,"Others",FALSE,1,0.32568351747415
549,"MFNG",0.181584751409812,0.181584751409812,5,"Others",FALSE,1,0.325356197805953
550,"PCSK9",0.156394464567375,0.156394464567375,7,"Others",FALSE,2,0.325213146510175
551,"ZYX",0.181200996290297,0.181200996290297,5,"Others",FALSE,1,0.324668600936697
552,"ADAM12",0.234102401624777,0.234102401624777,3,"Others",FALSE,1,0.324534839297052
553,"SH2B3",0.201600313563658,0.201600313563658,4,"Others",FALSE,1,0.324463187807954
554,"GAB1",-0.112192978590272,-0.112192978590272,17,"Others",FALSE,1,0.324279416751571
555,"USP8",-0.201444322032063,-0.201444322032063,4,"Others",FALSE,1,0.324212129122987
556,"GPI",0.46753438980804,0.46753438980804,1,"Others",FALSE,1,0.324070144110257
557,"HK2",-0.22586986600732,-0.22586986600732,2,"Metabolism",FALSE,1,0.322586433566099
558,"LAMTOR3",0.199892805518145,0.199892805518145,4,"Others",FALSE,1,0.321715059623719
559,"PRDX3",0.464108501362148,0.464108501362148,1,"Others",FALSE,1,0.321695499193075
560,"RTN4RL1",0.19976131249572,0.19976131249572,4,"Others",FALSE,1,0.321503429768207
561,"MMP14",0.133727223224114,0.133727223224114,10,"Others",FALSE,1,0.320663876413554
562,"ALPL",0.194313109155144,0.194313109155144,2,"Others",TRUE,1,0.320212154350723
563,"MERTK",0.198322215832267,0.198322215832267,4,"Others",FALSE,2,0.319187293038389
564,"FSTL5",0.153384875119693,0.153384875119693,7,"Others",FALSE,1,0.318954881189263
565,"CFL2",0.197958235662052,0.197958235662052,4,"Others",FALSE,1,0.318601489553071
566,"IL16",0.177780591975688,0.177780591975688,5,"Others",FALSE,1,0.318540059117408
567,"SLITRK5",0.289946677273968,0.289946677273968,2,"Others",FALSE,1,0.318538982711668
568,"DVL2",0.114874815934973,0.114874815934973,15,"Others",FALSE,1,0.318500619130677
569,"CD163",0.28968746115548,0.28968746115548,2,"Others",FALSE,1,0.318254204698476
570,"KREMEN2",-0.197688862099256,-0.197688862099256,4,"Others",FALSE,1,0.318167949528499
571,"PDCD5",0.458298875325868,0.458298875325868,1,"Others",FALSE,1,0.317668573285919
572,"EVL",0.28857633298045,0.28857633298045,2,"Others",FALSE,1,0.317033505631103
573,"KREMEN1",0.162889539689343,0.162889539689343,6,"Others",FALSE,2,0.316968408456441
574,"CD79A",0.144240631225195,0.144240631225195,8,"Others",FALSE,1,0.31692905997849
575,"CSK",-0.0921711208716147,-0.0921711208716147,30,"Others",FALSE,1,0.316514449696179
576,"NXPH2",0.287858841798399,0.287858841798399,2,"Others",FALSE,1,0.31624526100149
577,"VEGFD",0.196272637936016,0.196272637936016,4,"Others",FALSE,2,0.315888624667675
578,"ME1",0.455310202293454,0.455310202293454,1,"Others",FALSE,1,0.315596982999886
579,"TPT1",0.454320328491222,0.454320328491222,1,"Others",FALSE,1,0.314910854764759
580,"CD36",-0.113271156952133,-0.113271156952133,15,"Others",FALSE,1,0.314054332320537
581,"VLDLR",-0.142829229863332,-0.142829229863332,8,"Others",FALSE,1,0.313827894217716
582,"IFNGR2",0.285434950466487,0.285434950466487,2,"Others",FALSE,2,0.313582344197855
583,"SMAD5",0.194792826073323,0.194792826073323,4,"Others",FALSE,1,0.313506959352587
584,"FCGR1A",0.194665849062675,0.194665849062675,4,"Others",FALSE,1,0.313302597737643
585,"ICAM3",-0.174535615799482,-0.174535615799482,5,"Others",FALSE,1,0.312725842326272
586,"GIPC1",0.283759403015628,0.283759403015628,2,"Others",FALSE,1,0.311741567178096
587,"DUSP10",0.193452765909587,0.193452765909587,4,"Others",FALSE,1,0.311350215720128
588,"PARVA",0.281454610657106,0.281454610657106,2,"Others",FALSE,1,0.309209493970195
589,"BMP5",0.172427030728016,0.172427030728016,5,"Others",FALSE,1,0.308947765057799
590,"LILRA2",0.281216187308496,0.281216187308496,2,"Others",FALSE,1,0.308947559149507
591,"PCDH1",0.280885942340963,0.280885942340963,2,"Others",FALSE,1,0.308584747969905
592,"NBR1",0.148316620545005,0.148316620545005,7,"Others",FALSE,1,0.308415742082848
593,"PTPRR",0.172097982822112,0.172097982822112,5,"Others",FALSE,1,0.308358190356567
594,"NUDT3",0.443899438390932,0.443899438390932,1,"Others",FALSE,1,0.307687644172818
595,"FST",-0.190673087524618,-0.190673087524618,4,"Others",FALSE,1,0.306876495942986
596,"CD209",0.147273731932779,0.185934687715673,7,"Others",FALSE,3,0.30624711617924
597,"AGR2",0.278613077111585,0.278613077111585,2,"Others",FALSE,1,0.306087750298423
598,"ARHGAP5",0.220772757078116,0.220772757078116,3,"Others",FALSE,1,0.306056028226284
599,"UBQLN2",0.440206613697704,0.440206613697704,1,"Others",FALSE,1,0.305127973148405
600,"SVEP1",0.27740405550076,0.27740405550076,2,"Others",FALSE,2,0.304759504299505
601,"CASK",0.169874763230914,0.169874763230914,5,"Others",FALSE,1,0.304374715601865
602,"DEAF1",0.219384368417452,0.219384368417452,3,"Others",FALSE,1,0.304131312854962
603,"BTC",0.169734982242914,0.169734982242914,5,"Others",FALSE,1,0.304124261692997
604,"GPC4",0.122274095264565,0.122274095264565,11,"Others",FALSE,1,0.30383971241973
605,"SEMA4C",0.276474022593681,0.276474022593681,2,"Others",FALSE,1,0.303737758718923
606,"TMPRSS6",-0.219032843010037,-0.219032843010037,3,"Others",FALSE,1,0.303643995164873
607,"EPS15L1",0.188543503325378,0.188543503325378,4,"Others",FALSE,1,0.303449062395008
608,"PPIA",0.336526619331219,0.336526619331219,1,"Tau Folding/Stability",FALSE,1,0.303241220584646
609,"ETS2",0.16879414638829,0.16879414638829,5,"Others",FALSE,1,0.302438510141486
610,"SPARC",0.187705784893265,0.187705784893265,4,"Others",FALSE,1,0.30210080659042
611,"TAFA4",0.274484470432157,0.274484470432157,2,"Others",FALSE,1,0.301552012265327
612,"LIF",-0.186905935166913,-0.186905935166913,4,"Others",FALSE,1,0.30081349811658
613,"MAP2K6",0.125411453042161,0.125411453042161,10,"Others",FALSE,1,0.300723530404572
614,"RAPGEF1",-0.144233190195673,-0.144233190195673,7,"Others",FALSE,1,0.299924487381891
615,"TRIM28",0.144217294906198,0.144217294906198,7,"Others",FALSE,1,0.299891434056639
616,"TMEM132A",0.272775880469954,0.272775880469954,2,"Others",FALSE,1,0.299674934336555
617,"MADCAM1",0.272587892202496,0.272587892202496,2,"Others",FALSE,1,0.2994684081158
618,"SYAP1",0.272409631998658,0.272409631998658,2,"Others",FALSE,1,0.299272569265284
619,"CAND1",0.272279981223567,0.272279981223567,2,"Others",FALSE,1,0.299130133330532
620,"TNC",0.185167690067905,0.186988967024966,4,"Others",FALSE,8,0.298015900553134
621,"RTN4R",0.166311504129296,0.166311504129296,5,"Others",FALSE,1,0.297990212365227
622,"GFRA1",0.166135514472631,0.166135514472631,5,"Others",FALSE,1,0.297674881231412
623,"FRS2",0.115790729522616,0.115790729522616,12,"Others",FALSE,1,0.296997357289037
624,"COPS5",0.165725676634706,0.165725676634706,5,"Others",FALSE,1,0.296940550404461
625,"ADM",0.214186626952594,0.214186626952594,3,"Others",FALSE,1,0.29692571317167
626,"SYT4",0.327322487044572,0.327322487044572,1,"Synaptic Proteins",FALSE,1,0.294947456737458
627,"WTAP",0.212756830390802,0.212756830390802,3,"Others",FALSE,1,0.29494359426051
628,"PVR",-0.133257041997144,-0.133257041997144,8,"Others",FALSE,1,0.292795647779251
629,"SPART",0.422034875928715,0.422034875928715,1,"Others",FALSE,1,0.292532284347955
630,"CDON",0.181735966184045,0.181735966184045,4,"Others",FALSE,1,0.292492754029444
631,"EIF4H",0.265832965114541,0.265832965114541,2,"Others",FALSE,1,0.292047362207916
632,"PSMA5",0.210603603106576,0.210603603106576,3,"Others",FALSE,1,0.291958587418178
633,"SIRT2",0.162045427028341,0.162045427028341,5,"Others",FALSE,1,0.290346428323134
634,"WFIKKN2",0.149090269857382,0.149090269857382,6,"Others",FALSE,2,0.290116269240874
635,"CNTNAP2",0.263949748050596,0.263949748050596,2,"Others",FALSE,1,0.289978436799236
636,"NLGN4Y",0.160357796525383,0.160357796525383,5,"Others",FALSE,1,0.2873226003889
637,"CASP8",-0.101382238679142,-0.101382238679142,16,"Others",FALSE,1,0.287237511476036
638,"MMP16",0.413571338728755,0.413571338728755,1,"Others",FALSE,1,0.286665807400239
639,"WBP2",0.260352086851732,0.260352086851732,2,"Others",FALSE,1,0.2860260019957
640,"PTGFRN",0.206245116883425,0.206245116883425,3,"Others",FALSE,1,0.285916442544005
641,"TBCB",0.411897644961694,0.411897644961694,1,"Others",FALSE,1,0.285505691284479
642,"LILRB3",-0.146496785944781,-0.146496785944781,6,"Others",FALSE,2,0.285069582573934
643,"UBC",0.205617628746403,0.205617628746403,3,"Others",FALSE,2,0.285046559277981
644,"ANGPT2",0.259237677093398,0.259237677093398,2,"Others",FALSE,2,0.284801697740583
645,"PTPRU",0.204509789881639,0.204509789881639,3,"Others",FALSE,1,0.28351076850673
646,"ITGB6",-0.110435995628348,-0.110435995628348,12,"Others",FALSE,1,0.283262736027556
647,"ZAP70",-0.0929768893168601,-0.0929768893168601,20,"Others",FALSE,1,0.283070225714908
648,"EWSR1",0.257583281863804,0.257583281863804,2,"Others",FALSE,1,0.282984158811037
649,"TREM1",0.257527766405796,0.257527766405796,2,"Others",FALSE,1,0.282923168846658
650,"SUGT1",0.407844679292089,0.407844679292089,1,"Others",FALSE,1,0.282696389557687
651,"PTP4A3",0.157771513993977,0.157771513993977,5,"Others",FALSE,1,0.282688604173155
652,"CD22",-0.203176360665092,-0.203176360665092,3,"Others",FALSE,1,0.281662243102878
653,"SELPLG",0.144653065574609,0.144653065574609,6,"Others",FALSE,1,0.281481868393596
654,"SCN2B",0.405677065663289,0.405677065663289,1,"Others",FALSE,1,0.28119391428234
655,"PUF60",0.255702706852365,0.255702706852365,2,"Others",FALSE,1,0.280918135993707
656,"BMI1",0.144340685356669,0.144340685356669,6,"Others",FALSE,1,0.280874004557142
657,"ST13",0.405199516083657,0.405199516083657,1,"Others",FALSE,1,0.280862902137641
658,"NDRG1",0.255268641097533,0.255268641097533,2,"Others",FALSE,1,0.280441266021359
659,"PTPN4",0.254980549018905,0.254980549018905,2,"Others",FALSE,1,0.28012476452351
660,"CRMP1",0.201976618705039,0.201976618705039,3,"Others",FALSE,1,0.279999047588858
661,"IL1RAPL1",0.143825433184987,0.143825433184987,6,"Others",FALSE,1,0.279871370126944
662,"UBE2J1",-0.254366068428206,-0.254366068428206,2,"Others",FALSE,1,0.279449688595421
663,"STAT6",-0.121226745373603,-0.121226745373603,9,"Others",FALSE,1,0.279134896769444
664,"FZD7",0.253649611114437,0.253649611114437,2,"Others",FALSE,1,0.278662579786207
665,"IGF1",0.15547898371165,0.15547898371165,5,"Others",FALSE,1,0.278580941331303
666,"CBLN4",0.253558433248541,0.253558433248541,2,"Others",FALSE,1,0.27856241066228
667,"PIK3C3",-0.200785018883703,-0.200785018883703,3,"Others",FALSE,1,0.278347139475828
668,"CTNNBIP1",0.400973820111044,0.400973820111044,1,"Others",FALSE,1,0.277933872888321
669,"PTK7",0.142809921151834,0.142809921151834,6,"Others",FALSE,1,0.277895274955144
670,"PTGES3",0.252573185660384,0.252573185660384,2,"Others",FALSE,1,0.27748000555455
671,"IGDCC3",0.172251417896892,0.172251417896892,4,"Others",FALSE,1,0.277227962433787
672,"MPG",-0.199938789832937,-0.199938789832937,3,"Others",FALSE,1,0.277174016914535
673,"UBE2D3",0.251955303878408,0.251955303878408,2,"Others",FALSE,2,0.276801193035927
674,"DNAJB2",0.398628122177516,0.398628122177516,1,"Others",FALSE,1,0.27630795897925
675,"BMP6",0.119994677971463,0.119994677971463,9,"Others",FALSE,2,0.276297956735711
676,"IL10",-0.118506993487144,-0.118506993487144,5,"Microglia / Immune",FALSE,1,0.276036836075439
677,"FGF5",-0.171467779423574,-0.171467779423574,4,"Others",FALSE,1,0.275966744965188
678,"ANGPTL1",0.251155566824771,0.251155566824771,2,"Others",FALSE,1,0.275922592081098
679,"ANK2",0.125486119193113,0.125486119193113,8,"Others",FALSE,1,0.27572118520565
680,"NTNG1",0.198408520217655,0.198408520217655,3,"Others",FALSE,1,0.275052612775876
681,"CHEK1",-0.0910322599027707,-0.0910322599027707,19,"Others",FALSE,1,0.272708278925285
682,"FCGR2B",-0.139616305993857,-0.139616305993857,6,"Others",FALSE,1,0.271680786807058
683,"NRAS",-0.107340852092754,-0.107340852092754,6,"Growth Factor Signaling",FALSE,1,0.271538349544196
684,"RCSD1",-0.19578797287142,-0.19578797287142,3,"Others",FALSE,1,0.271419762766744
685,"SNTA1",0.168344599955187,0.168344599955187,4,"Others",FALSE,2,0.27094018152143
686,"CASP10",0.19534061736245,0.19534061736245,3,"Others",FALSE,1,0.270799596347242
687,"PPP1R2",0.246160695517797,0.246160695517797,2,"Others",FALSE,1,0.270435165082941
688,"STK3",0.108769891905256,0.108769891905256,11,"Others",FALSE,1,0.270283027692093
689,"APOA2",0.194752010250775,0.194752010250775,3,"Others",FALSE,1,0.269983613627412
690,"LSAMP",0.245203147005468,0.245203147005468,2,"Others",FALSE,1,0.2693831905203
691,"SPON1",0.388345922004974,0.388345922004974,1,"Others",FALSE,1,0.2691808809197
692,"DLK1",0.122225860152042,0.122225860152042,8,"Others",FALSE,2,0.268557663912126
693,"IFI16",0.149735545285943,0.149735545285943,5,"Others",FALSE,1,0.268290081146115
694,"C1QL3",0.386485768298752,0.386485768298752,1,"Others",FALSE,1,0.267891520622824
695,"CCNE1",-0.149454424216995,-0.149454424216995,5,"Others",FALSE,1,0.267786379808828
696,"JUP",0.193127781282366,0.193127781282366,3,"Others",FALSE,1,0.267731954167339
697,"PSMB4",0.242976589500493,0.242976589500493,2,"Others",FALSE,1,0.266937067083909
698,"FGF8",-0.165750669084845,-0.165750669084845,4,"Others",FALSE,1,0.266765410836469
699,"GDF10",0.165730238895512,0.165730238895512,4,"Others",FALSE,1,0.266732529715198
700,"RAP1GAP",0.16535694672362,0.16535694672362,4,"Others",FALSE,1,0.26613173914134
701,"SV2A",0.383772229280665,0.383772229280665,1,"Others",FALSE,1,0.266010638703098
702,"ID2",-0.165117553775344,-0.165117553775344,4,"Others",FALSE,1,0.265746451054415
703,"SMAP1",0.382467432373195,0.382467432373195,1,"Others",FALSE,1,0.265106222405482
704,"PTN",0.110058930791013,0.110058930791013,10,"Others",FALSE,1,0.263909789873012
705,"DKK4",0.163913192107488,0.163913192107488,4,"Others",FALSE,2,0.263808105725885
706,"ELK3",-0.135454055022465,-0.135454055022465,6,"Others",FALSE,1,0.263581420398912
707,"GHR",-0.11991346379148,-0.11991346379148,8,"Others",FALSE,1,0.263476809796157
708,"RAD23B",0.379606123670835,0.379606123670835,1,"Others",FALSE,1,0.263122914345729
709,"MDGA1",0.189335551841967,0.189335551841967,3,"Others",FALSE,1,0.262474807878041
710,"CDH6",-0.238493631557804,-0.238493631557804,2,"Others",FALSE,1,0.262012034398488
711,"GDF15",0.188937280024664,0.188937280024664,3,"Others",FALSE,1,0.261922685903522
712,"SCARF1",0.238198832074406,0.238198832074406,2,"Others",FALSE,1,0.261688164063334
713,"ATF6",0.237909873237699,0.237909873237699,2,"Others",FALSE,1,0.261370710334409
714,"IL1B",-0.182744997789001,-0.182744997789001,2,"Microglia / Immune",FALSE,1,0.260995670342709
715,"STAR",0.376140632242718,0.376140632242718,1,"Others",FALSE,1,0.260720818733076
716,"MST1R",-0.118620101545298,-0.118620101545298,8,"Others",FALSE,1,0.260635002481447
717,"RELN",0.161888596848028,0.161888596848028,4,"Others",FALSE,1,0.260549645357975
718,"PELI1",-0.145353722184257,-0.145353722184257,5,"Others",FALSE,1,0.260438908111186
719,"MMP3",0.187757129698077,0.187757129698077,3,"Others",FALSE,1,0.2602866501605
720,"ZNF264",-0.236833002599393,-0.236833002599393,2,"Others",FALSE,1,0.260187647017859
721,"WNT10B",-0.133564534811628,-0.133564534811628,6,"Others",FALSE,1,0.259904583843799
722,"UCHL1",0.37363028168085,0.37363028168085,1,"Others",FALSE,1,0.258980776318899
723,"HSPH1",0.235640714333986,0.235640714333986,2,"Others",FALSE,1,0.258877784477848
724,"PDXP",0.373036419046128,0.373036419046128,1,"Others",FALSE,1,0.258569142108002
725,"C3",-0.0905047964585227,-0.0905047964585227,8,"Microglia / Immune",FALSE,1,0.258517172089122
726,"GGA1",0.372464843765617,0.372464843765617,1,"Others",FALSE,1,0.258172956313838
727,"BGLAP",0.186051055510716,0.186051055510716,3,"Others",FALSE,1,0.25792152913491
728,"PML",-0.123935287042694,-0.123935287042694,7,"Others",FALSE,1,0.257716184356592
729,"KIR2DL5A",0.1600516166124,0.1600516166124,4,"Others",FALSE,1,0.257593139722364
730,"NCL",-0.143714698700265,-0.143714698700265,5,"Others",FALSE,1,0.257502172263457
731,"HHEX",-0.123807665234934,-0.123807665234934,7,"Others",FALSE,1,0.257450802267911
732,"ATG5",-0.185603259289964,-0.185603259289964,3,"Others",FALSE,1,0.257300751759151
733,"BNIP3L",0.185302064415313,0.185302064415313,3,"Others",FALSE,1,0.256883207002823
734,"CD55",0.233000049446281,0.233000049446281,2,"Others",FALSE,1,0.255976717581962
735,"BOC",0.184588672327683,0.184588672327683,3,"Others",FALSE,1,0.255894235574474
736,"WNT16",0.184321187633213,0.184321187633213,3,"Others",FALSE,1,0.255523423050845
737,"FKBP5",-0.141572910496805,-0.141572910496805,3,"Tau Folding/Stability",FALSE,1,0.255140245761767
738,"ICAM1",0.091987374652049,0.091987374652049,15,"Others",FALSE,1,0.255043157548717
739,"TGFB2",-0.178472174119207,-0.178472174119207,2,"Microglia / Immune",FALSE,1,0.254893240774477
740,"PPP4C",0.130636950461416,0.130636950461416,6,"Others",FALSE,1,0.254207767744506
741,"SIRT6",-0.157930965983946,-0.157930965983946,4,"Others",FALSE,1,0.254180084201902
742,"HNRNPH1",-0.183179648230756,-0.183179648230756,3,"Others",FALSE,1,0.253940913414223
743,"KIR3DL3",0.231078326581091,0.231078326581091,2,"Others",FALSE,2,0.25386548922685
744,"APAF1",0.115360247574378,0.115360247574378,8,"Others",FALSE,1,0.253472371218015
745,"CARD9",-0.157474342164175,-0.157474342164175,4,"Others",FALSE,1,0.253445176514643
746,"ARHGAP1",0.230591624546924,0.230591624546924,2,"Others",FALSE,2,0.253330792391194
747,"FKBP1A",0.365302143364777,0.365302143364777,1,"Others",FALSE,1,0.2532081507258
748,"CTSG",-0.182474808476746,-0.182474808476746,3,"Others",FALSE,1,0.252963798037744
749,"STAB2",-0.182451921780394,-0.182451921780394,3,"Others",FALSE,1,0.252932070339647
750,"ICAM4",-0.182426466318319,-0.182426466318319,3,"Others",FALSE,1,0.252896781576113
751,"TAX1BP3",0.229916232342066,0.229916232342066,2,"Others",FALSE,1,0.252588798215266
752,"TFPI",0.181659895943757,0.181659895943757,3,"Others",FALSE,1,0.251834089388457
753,"IFNLR1",0.140396287066645,0.140396287066645,5,"Others",FALSE,1,0.251556376796122
754,"MAX",-0.155938971135455,-0.155938971135455,4,"Others",FALSE,1,0.250974092171367
755,"TIMP1",0.13953323018682,0.13953323018682,5,"Others",FALSE,2,0.250009986459212
756,"GFRA3",-0.180262940929526,-0.180262940929526,3,"Others",FALSE,1,0.249897498529489
757,"YES1",-0.0973141624773335,-0.0973141624773335,12,"Others",FALSE,1,0.249605898518144
758,"MOB1A",-0.226987143648156,-0.226987143648156,2,"Others",FALSE,1,0.249370865381538
759,"RAB5A",-0.226716992677546,-0.226716992677546,2,"Others",FALSE,1,0.24907407420543
760,"SGK3",-0.103856387973612,-0.103856387973612,10,"Others",FALSE,1,0.249036741771838
761,"CD63",0.179071668918853,0.179071668918853,3,"Others",FALSE,1,0.248246044858534
762,"RNF43",-0.1273499017698,-0.1273499017698,6,"Others",FALSE,1,0.24781146633505
763,"BCL2L2",0.22538934797231,0.22538934797231,2,"Others",FALSE,1,0.247615507417273
764,"GSN",0.178498510020903,0.178498510020903,3,"Others",FALSE,1,0.24745147791028
765,"NMT1",-0.138077314366057,-0.138077314366057,5,"Others",FALSE,1,0.247401335500962
766,"SEMA4G",0.17828120584238,0.17828120584238,3,"Others",FALSE,1,0.247150230352946
767,"RIPK2",0.102809858111879,0.102809858111879,10,"Others",FALSE,1,0.246527272763546
768,"AHCYL1",-0.224372305771112,-0.224372305771112,2,"Others",FALSE,1,0.246498172356942
769,"RUNX3",-0.22417204916635,-0.22417204916635,2,"Others",FALSE,1,0.246278167990063
770,"AXIN2",-0.137439747608099,-0.137439747608099,5,"Others",FALSE,1,0.246258969225125
771,"ENO1",0.273266661642359,0.273266661642359,1,"Metabolism",FALSE,1,0.246238220875959
772,"S100A8",-0.117965585082583,-0.117965585082583,7,"Others",FALSE,2,0.24530253810929
773,"CDCP1",0.152018334845737,0.152018334845737,4,"Others",FALSE,2,0.244664071485831
774,"BLVRA",0.125724065096255,0.125724065096255,6,"Others",FALSE,1,0.244647734251293
775,"CUL3",-0.124811968724136,-0.124811968724136,6,"Others",FALSE,1,0.24287287666387
776,"BRD2",-0.221054927761547,-0.221054927761547,2,"Others",FALSE,1,0.242853660109477
777,"MASP1",-0.220705957795434,-0.220705957795434,2,"Others",FALSE,1,0.242470277416329
778,"TNFSF8",0.349535524916445,0.349535524916445,1,"Others",FALSE,1,0.242279563601374
779,"BMP15",-0.135176667332371,-0.135176667332371,5,"Others",FALSE,1,0.242204073711467
780,"KIR3DL1",0.150069743158824,0.150069743158824,4,"Others",FALSE,1,0.241527934149059
781,"CLSTN1",0.149803949973442,0.149803949973442,4,"Others",FALSE,1,0.241100156519638
782,"CNN1",0.21938902905872,0.21938902905872,2,"Others",FALSE,1,0.241023483322874
783,"STIM1",0.173757243047713,0.173757243047713,3,"Others",FALSE,1,0.240878686240783
784,"IL20RB",0.219223097418916,0.219223097418916,2,"Others",FALSE,1,0.240841188784307
785,"CTNNA2",0.173670124545186,0.173670124545186,3,"Others",FALSE,1,0.24075791435198
786,"CLEC2D",-0.218901046641655,-0.218901046641655,2,"Others",FALSE,1,0.240487379842833
787,"PGK1",0.266632011269707,0.266632011269707,1,"Metabolism",FALSE,1,0.240259794916212
788,"KMT2D",-0.218515877701759,-0.218515877701759,2,"Others",FALSE,1,0.24006422851225
789,"HDAC2",-0.148801389684603,-0.148801389684603,4,"Others",FALSE,1,0.239486597981281
790,"FGF16",-0.148622881353369,-0.148622881353369,4,"Others",FALSE,2,0.239199299905307
791,"RBFOX2",0.344238762679863,0.344238762679863,1,"Others",FALSE,1,0.238608127790991
792,"HHIP",0.217122419216142,0.217122419216142,2,"Others",FALSE,1,0.238533357896203
793,"NACA",-0.148119492224323,-0.148119492224323,4,"Others",FALSE,1,0.238389126356314
794,"POSTN",0.171933282988951,0.171933282988951,3,"Others",FALSE,2,0.238350140696414
795,"PBK",0.103422415737947,0.103422415737947,9,"Others",FALSE,1,0.238138912759629
796,"RND1",0.3434771480348,0.3434771480348,1,"Others",FALSE,1,0.238080216747093
797,"AIP",-0.216394611424727,-0.216394611424727,2,"Others",FALSE,1,0.237733779312766
798,"CRLF2",-0.216205700810252,-0.216205700810252,2,"Others",FALSE,1,0.237526239790243
799,"ARRB1",0.0925607210451743,0.0925607210451743,12,"Others",FALSE,1,0.237413561970996
800,"TENM4",0.341343438689107,0.341343438689107,1,"Others",FALSE,1,0.236601242129991
801,"SLITRK2",0.146978929581852,0.146978929581852,4,"Others",FALSE,1,0.236553461598015
802,"CHFR",0.170592011373658,0.170592011373658,3,"Others",FALSE,1,0.236490743419402
803,"MAG",0.0981560034795197,0.0981560034795197,10,"Others",FALSE,1,0.235367816740321
804,"THBS2",0.12075647515766,0.12075647515766,6,"Others",FALSE,1,0.234981250573437
805,"FHOD1",-0.169488709174673,-0.169488709174673,3,"Others",FALSE,1,0.234961241802338
806,"CEP43",-0.145779110167281,-0.145779110167281,4,"Others",FALSE,1,0.23462242674413
807,"EIF2B1",-0.213505771354208,-0.213505771354208,2,"Others",FALSE,1,0.234560064111297
808,"COL1A1",0.101821664562794,0.101821664562794,9,"Others",FALSE,1,0.23445304696613
809,"CACNB4",0.213350063874221,0.213350063874221,2,"Others",FALSE,1,0.234389001960345
810,"IGBP1",0.337640604146678,0.337640604146678,1,"Others",FALSE,1,0.234034632806826
811,"SERPINB1",0.336928393741337,0.336928393741337,1,"Others",FALSE,1,0.233540966172399
812,"KLRB1",-0.144891669779686,-0.144891669779686,4,"Others",FALSE,1,0.233194146539309
813,"MPIG6B",0.106113081489932,0.106113081489932,8,"Others",FALSE,1,0.233154270626559
814,"HSPB6",0.212216339666829,0.212216339666829,2,"Others",FALSE,1,0.233143478614144
815,"DKK3",0.211971866752285,0.211971866752285,2,"Others",FALSE,2,0.232874897665979
816,"KLRK1",-0.119543855397751,-0.119543855397751,6,"Others",FALSE,1,0.232621601475684
817,"PCK1",-0.167700446399335,-0.167700446399335,3,"Others",FALSE,1,0.232482183200686
818,"HMGB2",-0.211585930247657,-0.211585930247657,2,"Others",FALSE,2,0.23245090307935
819,"FABP3",0.335307274125523,0.335307274125523,1,"Others",FALSE,2,0.232417291681347
820,"MAD2L1",0.21100483814843,0.21100483814843,2,"Others",FALSE,1,0.231812508158291
821,"TEC",-0.10539190318494,-0.10539190318494,8,"Others",FALSE,1,0.231569679930189
822,"RNF8",0.210377189481859,0.210377189481859,2,"Others",FALSE,1,0.23112296562023
823,"CAPN3",-0.140189331719202,-0.140189331719202,2,"Others",TRUE,1,0.231020583850327
824,"NELFE",-0.21027261609061,-0.21027261609061,2,"Others",FALSE,1,0.231008080007536
825,"RRM2B",0.210261024504932,0.210261024504932,2,"Others",FALSE,1,0.230995345349065
826,"G6PD",0.128826659900187,0.128826659900187,5,"Others",FALSE,1,0.230826387765181
827,"DRAXIN",0.209969868684949,0.209969868684949,2,"Others",FALSE,1,0.230675477987315
828,"IL1R1",0.118536762921244,0.118536762921244,6,"Others",FALSE,1,0.230661890004611
829,"SIRPA",-0.0959293381050212,-0.0959293381050212,10,"Others",FALSE,1,0.230028506364707
830,"DSG2",0.142868172614994,0.142868172614994,4,"Others",FALSE,2,0.229937453486751
831,"CNTN3",0.331591984543128,0.331591984543128,1,"Others",FALSE,1,0.229842049182346
832,"EPHA8",0.0922727755158558,0.0922727755158558,11,"Others",FALSE,1,0.229289233473746
833,"GLRX",0.208469649070105,0.208469649070105,2,"Others",FALSE,1,0.229027318282745
834,"SCARB1",-0.141724300080905,-0.141724300080905,4,"Others",FALSE,1,0.228096461663395
835,"KEAP1",0.109553562021497,0.109553562021497,7,"Others",FALSE,1,0.227810227906499
836,"NRG4",0.164114770319029,0.164114770319029,3,"Others",FALSE,1,0.227511380669756
837,"IL2RB",0.0986918846889378,0.0986918846889378,9,"Others",FALSE,1,0.227246462484235
838,"HSPA2",0.206845617580028,0.206845617580028,2,"Others",FALSE,1,0.227243137330563
839,"ITGAL",-0.0946979191891486,-0.0946979191891486,10,"Others",FALSE,1,0.227075692767502
840,"PGAM2",0.327452141062315,0.327452141062315,1,"Others",FALSE,1,0.226972528345661
841,"FASLG",0.126228690768301,0.126228690768301,5,"Others",FALSE,1,0.226171451972363
842,"ROR1",0.163017130705224,0.163017130705224,3,"Others",FALSE,2,0.225989729062596
843,"SLITRK3",0.14034171558722,0.14034171558722,4,"Others",FALSE,1,0.225871277762115
844,"ARTN",0.115831972199724,0.115831972199724,6,"Others",FALSE,1,0.225398610288536
845,"MBD4",-0.204900573034795,-0.204900573034795,2,"Others",FALSE,1,0.225106287491163
846,"FURIN",0.0977252759114894,0.0977252759114894,9,"Others",FALSE,1,0.225020763522526
847,"OSTF1",-0.16218343034498,-0.16218343034498,3,"Others",FALSE,1,0.224833974954326
848,"CD80",-0.204548496066427,-0.204548496066427,2,"Others",FALSE,1,0.224719491407158
849,"CAMK1",0.107831387579055,0.107831387579055,7,"Others",FALSE,1,0.224229066828866
850,"WNT5B",0.0966981579856896,0.0966981579856896,9,"Others",FALSE,1,0.222655737097832
851,"DNAJB11",0.320482139526286,0.320482139526286,1,"Others",FALSE,1,0.222141291432464
852,"RNASE2",0.201613546420378,0.201613546420378,2,"Others",FALSE,1,0.221495119659386
853,"FGF19",0.137561673695934,0.137561673695934,4,"Others",FALSE,2,0.221396972944124
854,"PKN2",0.159623180800207,0.159623180800207,3,"Others",FALSE,1,0.221284715447348
855,"ARFGAP2",0.318971397070284,0.318971397070284,1,"Others",FALSE,1,0.221094124558534
856,"GAD1",0.201202833514522,0.201202833514522,2,"Others",FALSE,1,0.221043905413898
857,"HGS",0.20117052039459,0.20117052039459,2,"Others",FALSE,1,0.221008405823255
858,"SLITRK6",0.159275001000918,0.159275001000918,3,"Others",FALSE,1,0.220802035754938
859,"TOPBP1",0.137133223369386,0.137133223369386,4,"Others",FALSE,1,0.220707408744983
860,"SEMA3E",0.137114499274525,0.137114499274525,4,"Others",FALSE,1,0.220677273476838
861,"SAP30",-0.159129153310228,-0.159129153310228,3,"Others",FALSE,1,0.220599847923752
862,"LRP12",0.317856472583226,0.317856472583226,1,"Others",FALSE,2,0.220321317793793
863,"SYT11",0.3177480002762,0.3177480002762,1,"Others",FALSE,1,0.220246130520009
864,"NRG2",0.105163907139411,0.105163907139411,7,"Others",FALSE,1,0.218682197191052
865,"VWC2L",0.315484990740009,0.315484990740009,1,"Others",FALSE,1,0.218677531840417
866,"ZBP1",-0.198857026621657,-0.198857026621657,2,"Others",FALSE,1,0.218466773134553
867,"ADGRB2",0.314805023042908,0.314805023042908,1,"Others",FALSE,1,0.2182062141483
868,"KHSRP",0.121552183397835,0.121552183397835,5,"Others",FALSE,1,0.217792275608415
869,"PRKCSH",0.313728350632392,0.313728350632392,1,"Others",FALSE,1,0.217459921702565
870,"IL22RA1",-0.197657785224285,-0.197657785224285,2,"Others",FALSE,1,0.217149271798322
871,"CRLF1",0.197108129872469,0.197108129872469,2,"Others",FALSE,1,0.216545413674285
872,"BCAN",0.197094657831146,0.197094657831146,2,"Others",FALSE,1,0.216530613124134
873,"CFL1",0.104048007108313,0.104048007108313,7,"Others",FALSE,1,0.216361748310026
874,"LTK",-0.120255857781074,-0.120255857781074,5,"Others",FALSE,1,0.215469571909382
875,"IL9",0.154911972542316,0.154911972542316,3,"Others",FALSE,1,0.214753594005372
876,"ZHX2",-0.193292000201703,-0.193292000201703,2,"Others",FALSE,1,0.212352966722829
877,"TMEM59L",0.305411349860782,0.305411349860782,1,"Others",FALSE,1,0.211695016067008
878,"PPP2R5D",0.147284553718164,0.147284553718164,2,"Tau Phosphatases",FALSE,1,0.210351206839506
879,"PEAR1",0.151499974674529,0.151499974674529,3,"Others",FALSE,2,0.210023560601105
880,"TNFRSF21",0.302894239365467,0.302894239365467,1,"Others",FALSE,2,0.209950288024023
881,"GXYLT1",0.190943831008738,0.190943831008738,2,"Others",FALSE,1,0.209773239191566
882,"SOX6",0.12956610862187,0.12956610862187,4,"Others",FALSE,1,0.208528607382592
883,"DKK2",0.129510393996342,0.129510393996342,4,"Others",FALSE,2,0.20843893815199
884,"NXPH1",0.12916017543449,0.12916017543449,4,"Others",FALSE,2,0.207875283120908
885,"NPM1",-0.0999315632601765,-0.0999315632601765,7,"Others",FALSE,1,0.207801843968217
886,"ESAM",0.299639200364506,0.297503323832996,1,"Others",FALSE,3,0.207694066917894
887,"RYK",0.149786610452648,0.149786610452648,3,"Others",FALSE,1,0.207648333441767
888,"EHD1",0.299529960550966,0.299529960550966,1,"Others",FALSE,1,0.207618347649134
889,"CD59",0.188817160453694,0.188817160453694,2,"Others",FALSE,2,0.207436852785846
890,"TOM1L1",0.188644805605603,0.188644805605603,2,"Others",FALSE,1,0.207247501631722
891,"LEFTY2",0.188578937166449,0.188578937166449,2,"Others",FALSE,1,0.207175137755032
892,"DYNC1LI1",0.144954659039904,0.144954659039904,2,"Cytoskeleton / Axonal Transport",FALSE,1,0.207023660637214
893,"CDH2",-0.115381961145323,-0.115381961145323,5,"Others",FALSE,1,0.206736721460235
894,"CD300LF",-0.106202132795257,-0.106202132795257,6,"Others",FALSE,1,0.20665980805761
895,"IL36G",0.188101219815687,0.188101219815687,2,"Others",FALSE,1,0.206650311602975
896,"AGT",-0.128368430063345,-0.128368430063345,4,"Others",FALSE,1,0.206601018103593
897,"ACE",0.188030744581059,0.188030744581059,2,"Others",FALSE,1,0.206572886644166
898,"IHH",-0.12829970894828,-0.12829970894828,4,"Others",FALSE,1,0.206490415735623
899,"PRTN3",-0.148406007792432,-0.148406007792432,3,"Others",FALSE,1,0.205734411758964
900,"CSF2RA",0.093444371898564,0.093444371898564,8,"Others",FALSE,1,0.205318270549271
901,"CTSD",-0.186801359378319,-0.186801359378319,2,"Others",FALSE,1,0.205222268952929
902,"HMGN1",-0.148004383676299,-0.148004383676299,3,"Others",FALSE,1,0.205177642511477
903,"FCER2",0.127033739428278,0.127033739428278,4,"Others",FALSE,1,0.204452916394144
904,"CCN1",-0.127014554585308,-0.127014554585308,4,"Others",FALSE,1,0.204422039580524
905,"ANP32A",-0.147193375896358,-0.147193375896358,3,"Others",FALSE,1,0.204053346999321
906,"STARD10",0.294065527014922,0.294065527014922,1,"Others",FALSE,1,0.203830690950268
907,"OSCAR",0.126607809211242,0.126607809211242,4,"Others",FALSE,1,0.203767408154797
908,"ADGRE5",0.185299134318582,0.185299134318582,2,"Others",FALSE,2,0.203571906041957
909,"TNFRSF11A",0.293225273251591,0.293225273251591,1,"Others",FALSE,1,0.20324827142326
910,"XPO5",-0.146527240298895,-0.146527240298895,3,"Others",FALSE,1,0.203129886976818
911,"AMIGO2",0.292858278154235,0.292858278154235,1,"Others",FALSE,2,0.202993889806248
912,"MYL9",0.184718927918787,0.184718927918787,2,"Others",FALSE,1,0.202934484161179
913,"CREM",-0.104059004399822,-0.104059004399822,6,"Others",FALSE,1,0.202489472762204
914,"PSMA7",0.291648527462285,0.291648527462285,1,"Others",FALSE,1,0.202155354524943
915,"PFN1",0.290910962974178,0.290910962974178,1,"Others",FALSE,1,0.20164411377953
916,"ARHGEF1",-0.183530720992155,-0.183530720992155,2,"Others",FALSE,1,0.2016291054301
917,"OMG",0.0967293232287836,0.0967293232287836,7,"Others",FALSE,1,0.201142973020509
918,"LDHB",0.223123256094406,0.223123256094406,1,"Metabolism",FALSE,1,0.20105443264295
919,"SEMA7A",0.144418020022707,0.144418020022707,3,"Others",FALSE,1,0.200205886801579
920,"TF",-0.182183260762703,-0.182183260762703,2,"Others",FALSE,1,0.200148769063532
921,"AIFM1",-0.143893889845881,-0.143893889845881,3,"Others",FALSE,1,0.199479288092951
922,"PLXDC2",0.287745020447801,0.287745020447801,1,"Others",FALSE,1,0.199449649643557
923,"KRAS",-0.0947954100364149,-0.0947954100364149,4,"Growth Factor Signaling",FALSE,1,0.198337524888545
924,"HMOX1",0.180426164049623,0.180426164049623,2,"Others",FALSE,1,0.198218401022164
925,"FKBP4",0.219974759334041,0.219974759334041,1,"Tau Folding/Stability",FALSE,1,0.198217349494766
926,"KIF22",-0.142929995696442,-0.142929995696442,3,"Others",FALSE,1,0.198143047068867
927,"RHOB",0.285727206483032,0.285727206483032,1,"Others",FALSE,1,0.198051007582983
928,"LRFN2",0.142141930830459,0.142141930830459,3,"Others",FALSE,1,0.197050557188958
929,"PPIF",0.109259835004086,0.109259835004086,3,"Tau Folding/Stability",FALSE,1,0.19690618111197
930,"CDK16",-0.094550138394339,-0.094550138394339,7,"Others",FALSE,1,0.196611485548766
931,"MAFG",-0.178482736292288,-0.178482736292288,2,"Others",FALSE,1,0.196083327405817
932,"EPB41L1",-0.141413993137668,-0.141413993137668,3,"Others",FALSE,1,0.196041421270195
933,"CALCR",-0.140980943691833,-0.140980943691833,3,"Others",FALSE,1,0.195441087265349
934,"KNG1",-0.121400986906321,-0.121400986906321,4,"Others",FALSE,2,0.195387350933948
935,"CD1B",-0.177768918042827,-0.177768918042827,2,"Others",FALSE,1,0.195299117905084
936,"TOR1AIP1",0.281182180647562,0.281182180647562,1,"Others",FALSE,1,0.194900635739555
937,"CHRD",0.281025351058994,0.281025351058994,1,"Others",FALSE,1,0.194791929752411
938,"CRIP2",0.280616864543198,0.280616864543198,1,"Others",FALSE,1,0.19450878847569
939,"ACO1",0.214747947192468,0.214747947192468,1,"Metabolism",FALSE,1,0.193507514365744
940,"SELE",-0.120067384868808,-0.120067384868808,4,"Others",FALSE,1,0.193241001254676
941,"ICOSLG",0.17571592059627,0.17571592059627,2,"Others",FALSE,2,0.193043669681692
942,"SKP1",-0.17560701019339,-0.17560701019339,2,"Others",FALSE,1,0.192924019374724
943,"POFUT1",0.175597720245068,0.175597720245068,2,"Others",FALSE,1,0.192913813323337
944,"IL3",-0.175014095515737,-0.175014095515737,2,"Others",FALSE,1,0.192272636023722
945,"ATP1B1",0.276939501151267,0.276939501151267,1,"Others",FALSE,1,0.191959834408678
946,"SORT1",-0.106996692697528,-0.106996692697528,5,"Others",FALSE,1,0.19171233731688
947,"XXYLT1",0.276488757730106,0.276488757730106,1,"Others",FALSE,1,0.191647402877145
948,"LIMD1",0.276293349601117,0.276293349601117,1,"Others",FALSE,1,0.191511956283477
949,"NDUFV2",0.276274489376908,0.276274489376908,1,"Others",FALSE,1,0.191498883372243
950,"CDH7",0.27603928668114,0.27603928668114,1,"Others",FALSE,1,0.191335853286811
951,"ST6GAL1",-0.174098697930695,-0.174098697930695,2,"Others",FALSE,1,0.191266968987779
952,"BPI",-0.173639980166084,-0.173639980166084,2,"Others",FALSE,1,0.190763016014547
953,"SNPH",-0.118329708540344,-0.118329708540344,4,"Others",FALSE,1,0.190444319092107
954,"DNER",0.274061156387265,0.274061156387265,1,"Others",FALSE,1,0.189964717850831
955,"HERC1",0.273804839696793,0.273804839696793,1,"Others",FALSE,1,0.1897870526595
956,"ARID1A",-0.136871331517016,-0.136871331517016,3,"Others",FALSE,1,0.189743955081011
957,"COL6A1",0.172635499849436,0.172635499849436,2,"Others",FALSE,1,0.189659481594952
958,"EDA",0.172317202999513,0.172317202999513,2,"Others",FALSE,1,0.189309796764182
959,"RSPO2",0.272975245005703,0.272975245005703,1,"Others",FALSE,1,0.189212021438363
960,"BCAM",0.272696052280721,0.272696052280721,1,"Others",FALSE,1,0.189018499788209
961,"CNTFR",0.272415856201665,0.272415856201665,1,"Others",FALSE,2,0.188824282666008
962,"DLK2",0.271631128392173,0.271631128392173,1,"Others",FALSE,1,0.188280350797351
963,"GDNF",-0.0967255642011381,-0.0967255642011381,6,"Others",FALSE,1,0.188219257052096
964,"EGLN1",-0.271504383134895,-0.271504383134895,1,"Others",FALSE,1,0.18819249767962
965,"ASAP2",0.11673891361524,0.11673891361524,4,"Others",FALSE,1,0.187884033428737
966,"SAA1",-0.135410189775139,-0.135410189775139,3,"Others",FALSE,2,0.187718382523449
967,"TPD52L2",0.170864848354648,0.170864848354648,2,"Others",FALSE,1,0.187714222103829
968,"BIRC5",-0.0962205916475464,-0.0962205916475464,6,"Others",FALSE,1,0.187236625835067
969,"MAPK6",-0.104422883296668,-0.104422883296668,5,"Others",FALSE,1,0.187100689950901
970,"IL3RA",0.169300567473763,0.169300567473763,2,"Others",FALSE,1,0.18599568390516
971,"JAG2",-0.103752736455771,-0.103752736455771,5,"Others",FALSE,1,0.18589994800295
972,"KIF3A",0.102908992325623,0.102908992325623,3,"Cytoskeleton / Axonal Transport",FALSE,1,0.185460802500403
973,"STAB1",0.115149457064771,0.115149457064771,4,"Others",FALSE,1,0.185325901796245
974,"SFRP1",0.266954841791565,0.266954841791565,1,"Others",FALSE,2,0.18503899592465
975,"NUP98",-0.167617036803059,-0.167617036803059,2,"Others",FALSE,1,0.184146136421975
976,"CAMP",-0.167603616678931,-0.167603616678931,2,"Others",FALSE,1,0.184131392908693
977,"HSPA1B",0.265252099383537,0.265252099383537,1,"Others",FALSE,1,0.183858744825305
978,"NDRG2",0.265243762525115,0.265243762525115,1,"Others",FALSE,1,0.183852966155395
979,"CTHRC1",0.167181733949739,0.167181733949739,2,"Others",FALSE,1,0.183667907358025
980,"SERPINF1",-0.132465912238306,-0.132465912238306,3,"Others",FALSE,1,0.183636747176566
981,"COL5A1",0.11371055898574,0.11371055898574,4,"Others",FALSE,1,0.183010084675724
982,"FCER1A",-0.166568116064796,-0.166568116064796,2,"Others",FALSE,1,0.182993779209081
983,"MFAP5",0.166335589516863,0.166335589516863,2,"Others",FALSE,1,0.18273832268608
984,"HAVCR2",0.262536387257889,0.234479448767738,1,"Others",FALSE,3,0.1819763566222
985,"ERP44",0.262525772486392,0.262525772486392,1,"Others",FALSE,1,0.181968999023265
986,"VEGFB",-0.112909502268593,-0.112909502268593,4,"Others",FALSE,1,0.181720833625137
987,"DLGAP4",-0.0930758945942347,-0.0930758945942347,6,"Others",FALSE,1,0.181117327923324
988,"CCL7",-0.164822032125424,-0.164822032125424,2,"Others",FALSE,1,0.181075509936241
989,"TTN",-0.101028078755747,-0.101028078755747,5,"Others",FALSE,1,0.181018016768527
990,"DUT",0.261040968488868,0.261040968488868,1,"Others",FALSE,1,0.180939811318697
991,"SSB",-0.164502359461514,-0.164502359461514,2,"Others",FALSE,1,0.180724313619318
992,"QDPR",0.130185723068569,0.130185723068569,3,"Others",FALSE,1,0.180475733788273
993,"TGFB3",-0.112125865353493,-0.112125865353493,4,"Others",FALSE,1,0.180459618664392
994,"DNAJB12",0.259790949407498,0.259790949407498,1,"Others",FALSE,1,0.180073364116799
995,"SEMA4B",0.259135774085008,0.259135774085008,1,"Others",FALSE,1,0.179619231189243
996,"PDGFC",0.163327767322716,0.163327767322716,2,"Others",FALSE,1,0.179433892261461
997,"TCAP",-0.0997663082385789,-0.0997663082385789,5,"Others",FALSE,1,0.178757227496399
998,"LRTM2",0.257871691083584,0.257871691083584,1,"Others",FALSE,1,0.178743035620812
999,"HIPK3",0.256602645707482,0.256602645707482,1,"Others",FALSE,1,0.177863400396364
1000,"IGFBP4",0.161835433869332,0.161835433869332,2,"Others",FALSE,1,0.177794396390784
1001,"NPLOC4",0.256455608281528,0.256455608281528,1,"Others",FALSE,1,0.177761481819127
1002,"SET",0.16177738949344,0.16177738949344,2,"Others",FALSE,1,0.17773062812614
1003,"DSC1",0.110407914721927,0.110407914721927,4,"Others",FALSE,1,0.17769468378626
1004,"CAPNS1",0.256107371431103,0.256107371431103,1,"Others",FALSE,1,0.177520102428088
1005,"TGFB1",0.056946353850481,0.056946353850481,10,"Microglia / Immune",FALSE,2,0.177516810511523
1006,"RNF146",0.161274144154187,0.161274144154187,2,"Others",FALSE,1,0.177177756612221
1007,"CTSB",0.127559536947448,0.127559536947448,3,"Others",FALSE,1,0.176835066777312
1008,"HK1",0.123718534364911,0.123718534364911,2,"Metabolism",FALSE,1,0.176694312846088
1009,"NXPH3",-0.109777139863171,-0.109777139863171,4,"Others",FALSE,1,0.176679490814369
1010,"MCAM",0.090740059179832,0.090740059179832,6,"Others",FALSE,1,0.176572002083915
1011,"SERPINC1",-0.127363963436734,-0.127363963436734,3,"Others",FALSE,1,0.176563944322224
1012,"XRCC6",-0.160264890198614,-0.160264890198614,2,"Others",FALSE,1,0.176068977814242
1013,"PSMD4",-0.160072424930308,-0.160072424930308,2,"Others",FALSE,1,0.17585753310534
1014,"ASPH",0.252614903337213,0.252614903337213,1,"Others",FALSE,1,0.175099308015613
1015,"ANGPTL7",-0.158492089620885,-0.158492089620885,2,"Others",FALSE,1,0.174121357314191
1016,"VIP",0.158098838074966,0.158098838074966,2,"Others",FALSE,1,0.173689326333307
1017,"DMTN",0.107880863756834,0.107880863756834,4,"Others",FALSE,1,0.173627552156387
1018,"PYCARD",0.249481506619681,0.249481506619681,1,"Others",FALSE,1,0.17292740291528
1019,"MYL4",0.249460263915221,0.249460263915221,1,"Others",FALSE,1,0.172912678594575
1020,"IL1A",0.157380287115492,0.157380287115492,2,"Others",FALSE,1,0.172899917419195
1021,"DCAF12",0.15731650964301,0.15731650964301,2,"Others",FALSE,1,0.172829850704186
1022,"GRIK2",0.15704090157898,0.15704090157898,2,"Others",FALSE,1,0.172527064298186
1023,"DSCAML1",0.248810946096464,0.248810946096464,1,"Others",FALSE,1,0.172462605779216
1024,"POMC",0.15691385792732,0.15691385792732,2,"Others",FALSE,1,0.172387492581276
1025,"TNFRSF10A",-0.0960885518122403,-0.0960885518122403,5,"Others",FALSE,1,0.172167572593992
1026,"ARAF",-0.0884056941304925,-0.0884056941304925,6,"Others",FALSE,1,0.172029537442805
1027,"AFAP1L2",0.248184133276268,0.248184133276268,1,"Others",FALSE,1,0.172028132240159
1028,"TXLNA",-0.123845928900261,-0.123845928900261,3,"Others",FALSE,1,0.171686912882087
1029,"C1QL1",0.247120859670549,0.247120859670549,1,"Others",FALSE,1,0.171291127138191
1030,"CCDC80",0.24691791067305,0.24691791067305,1,"Others",FALSE,1,0.171150453612777
1031,"MATK",-0.0878513572005079,-0.0878513572005079,6,"Others",FALSE,1,0.170950847584752
1032,"CD3E",0.155561611645776,0.155561611645776,2,"Others",FALSE,1,0.170901898199066
1033,"ELMO1",-0.106120213862465,-0.106120213862465,4,"Others",FALSE,1,0.170793895465866
1034,"NR1H4",0.155457058538096,0.155457058538096,2,"Others",FALSE,1,0.17078703487015
1035,"RANGAP1",-0.105806931660822,-0.105806931660822,4,"Others",FALSE,1,0.170289687213251
1036,"RGS19",-0.105413719087941,-0.105413719087941,4,"Others",FALSE,1,0.169656835990811
1037,"GPNMB",0.153889707398362,0.177705697912768,2,"Others",FALSE,3,0.169065123647381
1038,"PPME1",0.24318981803871,0.24318981803871,1,"Others",FALSE,1,0.168566336714418
1039,"LILRA5",-0.153047060890492,-0.153047060890492,2,"Others",FALSE,1,0.16813938183883
1040,"OSMR",0.121003328992907,0.121003328992907,3,"Others",FALSE,1,0.167746232659603
1041,"ANGPT1",0.241745411942845,0.241745411942845,1,"Others",FALSE,1,0.167565150701486
1042,"SOD1",0.12059135189784,0.12059135189784,3,"Others",FALSE,1,0.1671751111358
1043,"WARS1",0.241039157186556,0.241039157186556,1,"Others",FALSE,1,0.167075612208407
1044,"TOP1",-0.241032811978795,-0.241032811978795,1,"Others",FALSE,1,0.167071214045537
1045,"P4HA2",0.24087023677945,0.24087023677945,1,"Others",FALSE,1,0.166958525504482
1046,"MAP4K3",-0.120270157814124,-0.120270157814124,3,"Others",FALSE,1,0.166729841588719
1047,"CNTN6",0.240388850304963,0.240388850304963,1,"Others",FALSE,1,0.166624853826932
1048,"CYGB",0.240377427140467,0.240377427140467,1,"Others",FALSE,1,0.166616935892668
1049,"MFAP3L",-0.240005528291801,-0.240005528291801,1,"Others",FALSE,1,0.166359155254262
1050,"EPS8L2",0.23988290965077,0.23988290965077,1,"Others",FALSE,1,0.166274162488947
1051,"SNX5",-0.151159616753911,-0.151159616753911,2,"Others",FALSE,1,0.166065812516208
1052,"TSC22D3",-0.151053867531758,-0.151053867531758,2,"Others",FALSE,1,0.165949635121234
1053,"SND1",-0.150921201212681,-0.150921201212681,2,"Others",FALSE,1,0.165803886272804
1054,"DYNLT1",-0.239127694937018,-0.239127694937018,1,"Others",FALSE,1,0.165750687539393
1055,"MRC2",0.238575278786835,0.238575278786835,1,"Others",FALSE,1,0.165367781842398
1056,"PTHLH",0.1502912540507,0.1502912540507,2,"Others",FALSE,1,0.165111818579439
1057,"CRYAA",-0.102557912718096,-0.102557912718096,4,"Others",FALSE,1,0.165060592948612
1058,"GABBR2",0.237846445513829,0.237846445513829,1,"Others",FALSE,1,0.164862593114115
1059,"CISD2",-0.237706225645484,-0.237706225645484,1,"Others",FALSE,1,0.164765400107714
1060,"THOC1",-0.237284445158963,-0.237284445158963,1,"Others",FALSE,1,0.164473044152666
1061,"UBASH3B",-0.236652309188929,-0.236652309188929,1,"Others",FALSE,1,0.164034880887306
1062,"ILF3",-0.118136625307587,-0.118136625307587,3,"Others",FALSE,1,0.163772137505641
1063,"OCLN",-0.0913825433611696,-0.0913825433611696,5,"Others",FALSE,1,0.163735537389519
1064,"CDH12",0.235341889332774,0.235341889332774,1,"Others",FALSE,1,0.163126567058663
1065,"NTF4",-0.148287779608451,-0.148287779608451,2,"Others",FALSE,1,0.162910776937153
1066,"KL",-0.0907223372193506,-0.0907223372193506,5,"Others",FALSE,1,0.162552606783272
1067,"OTUD7B",0.117060497788441,0.117060497788441,3,"Others",FALSE,1,0.162280307994003
1068,"ELP1",-0.233601924015998,-0.233601924015998,1,"Others",FALSE,1,0.161920515005067
1069,"TCN1",-0.233472984735048,-0.233472984735048,1,"Others",FALSE,1,0.161831141106014
1070,"THBS4",0.233034165711494,0.233034165711494,1,"Others",FALSE,1,0.161526974937061
1071,"UBB",0.232810222387912,0.232810222387912,1,"Others",FALSE,2,0.161371749253715
1072,"MSR1",0.232652790606118,0.232652790606118,1,"Others",FALSE,2,0.161262625858034
1073,"KIAA0319L",0.232051381755566,0.232051381755566,1,"Others",FALSE,1,0.16084576100891
1074,"GRM4",0.146066826480559,0.146066826480559,2,"Others",FALSE,1,0.160470810538295
1075,"FMR1",0.115714186872386,0.115714186872386,3,"Others",FALSE,1,0.160413924762763
1076,"FGF12",0.0996624306681408,0.0996624306681408,4,"Others",FALSE,1,0.160400494362641
1077,"EIF3G",0.231262887204551,0.231262887204551,1,"Others",FALSE,1,0.160299218233987
1078,"ACAP2",-0.230977920073222,-0.230977920073222,1,"Others",FALSE,1,0.160101694070354
1079,"CUL1",0.115429817589242,0.115429817589242,3,"Others",FALSE,1,0.160019705229064
1080,"IL17RA",0.145606952102312,0.145606952102312,2,"Others",FALSE,1,0.159965586895109
1081,"CDC34",0.145571668570481,0.145571668570481,2,"Others",FALSE,1,0.159926823973451
1082,"G3BP2",0.23004632687047,0.23004632687047,1,"Others",FALSE,1,0.159455962868438
1083,"WWP1",0.145068015084346,0.145068015084346,2,"Others",FALSE,1,0.159373504064353
1084,"PNKP",-0.229582684364672,-0.229582684364672,1,"Others",FALSE,1,0.159134590372757
1085,"IL13RA1",-0.0987867842995109,-0.0987867842995109,4,"Others",FALSE,1,0.158991195899083
1086,"TMIGD2",0.144177978231009,0.144177978231009,2,"Others",FALSE,1,0.15839569863991
1087,"JAML",0.0877053836610209,0.0877053836610209,5,"Others",FALSE,1,0.157146951676914
1088,"PHF3",-0.226328161076373,-0.226328161076373,1,"Others",FALSE,1,0.156878726731405
1089,"CTDSPL",-0.226278466918379,-0.226278466918379,1,"Others",FALSE,1,0.156844281365901
1090,"TAGLN2",0.225827510179274,0.225827510179274,1,"Others",FALSE,2,0.156531701973636
1091,"BGN",0.14234573731793,0.14234573731793,2,"Others",FALSE,2,0.156382776257001
1092,"ALB",-0.142252299385005,-0.142252299385005,2,"Others",FALSE,1,0.156280124195662
1093,"MED28",-0.141312230875774,-0.141312230875774,2,"Others",FALSE,1,0.155247353379231
1094,"ID1",0.0963234719928681,0.0963234719928681,4,"Others",FALSE,1,0.155026647682606
1095,"THEM4",-0.223155475285498,-0.223155475285498,1,"Others",FALSE,1,0.154679588520657
1096,"PHGDH",0.139526340042566,0.139526340042566,2,"Others",FALSE,1,0.153285351763648
1097,"RPS6KA6",-0.220478285643612,-0.220478285643612,1,"Others",FALSE,1,0.15282390206856
1098,"MAST4",0.21910645729358,0.21910645729358,1,"Others",FALSE,1,0.151873023115523
1099,"EIF4G1",0.109389361280381,0.109389361280381,3,"Others",FALSE,1,0.151645854709499
1100,"UCK1",-0.217300188740333,-0.217300188740333,1,"Others",FALSE,1,0.150621013160506
1101,"SYNCRIP",-0.217075823550058,-0.217075823550058,1,"Others",FALSE,1,0.150465495061451
1102,"PIP4K2B",-0.216687140946943,-0.216687140946943,1,"Others",FALSE,2,0.150196080810969
1103,"KLK3",-0.136467261245149,-0.136467261245149,2,"Others",FALSE,1,0.149924610204802
1104,"LEP",-0.136092912431872,-0.136092912431872,2,"Others",FALSE,2,0.149513345998288
1105,"A2M",0.107707296016817,0.107707296016817,3,"Others",FALSE,1,0.149314017119584
1106,"DES",-0.107703690496421,-0.107703690496421,3,"Others",FALSE,1,0.14930901880699
1107,"STXBP6",0.215347370009521,0.215347370009521,1,"Others",FALSE,1,0.149267422363098
1108,"PAM",0.214765366659878,0.214765366659878,1,"Others",FALSE,1,0.148864008382217
1109,"RABEP1",-0.214470790416767,-0.214470790416767,1,"Others",FALSE,1,0.148659823689845
1110,"CYLD",0.0923371685614696,0.0923371685614696,4,"Others",FALSE,1,0.148610939809647
1111,"ALKAL2",0.135229319025413,0.135229319025413,2,"Others",FALSE,1,0.148564591669539
1112,"TNKS",-0.0920964647798603,-0.0920964647798603,4,"Others",FALSE,1,0.148223542017859
1113,"ULBP2",0.134761264069615,0.134761264069615,2,"Others",FALSE,1,0.148050380743328
1114,"HDLBP",0.134612534268044,0.134612534268044,2,"Others",FALSE,1,0.14788698435563
1115,"CD177",-0.0916899980924036,-0.0916899980924036,4,"Others",FALSE,1,0.147569359120925
1116,"PTH",0.212762060397539,0.212762060397539,1,"Others",FALSE,1,0.147475422294679
1117,"INPP5D",-0.0916024964783703,-0.0916024964783703,4,"Others",FALSE,1,0.1474285307059
1118,"NPTXR",0.133799715180128,0.133799715180128,2,"Others",FALSE,2,0.146994011317181
1119,"SORCS1",0.21161108983963,0.21161108983963,1,"Others",FALSE,1,0.146677630297557
1120,"NPTX1",0.105773910707181,0.105773910707181,3,"Others",FALSE,1,0.146633775966964
1121,"ADAM7",-0.211476625452519,-0.211476625452519,1,"Others",FALSE,1,0.146584426686745
1122,"CPM",0.211464052109953,0.211464052109953,1,"Others",FALSE,2,0.146575711509795
1123,"HIF1AN",0.211317073860236,0.211317073860236,1,"Others",FALSE,1,0.146473833950401
1124,"KIF1C",-0.0908599432763452,-0.0908599432763452,4,"Others",FALSE,1,0.146233437430562
1125,"SYT6",0.210680743740169,0.210680743740169,1,"Others",FALSE,1,0.146032763521771
1126,"ASGR1",-0.210188355121602,-0.210188355121602,1,"Others",FALSE,1,0.145691465739071
1127,"ATF1",-0.0898335118175917,-0.0898335118175917,4,"Others",FALSE,1,0.144581459726329
1128,"ITPKA",-0.131565411754697,-0.131565411754697,2,"Others",FALSE,1,0.14453937811739
1129,"TSLP",-0.20832219712131,-0.20832219712131,1,"Others",FALSE,1,0.144397943582689
1130,"TNIP1",0.104133237927768,0.104133237927768,3,"Others",FALSE,1,0.144359320544421
1131,"IL7",0.131082129029421,0.131082129029421,2,"Others",FALSE,1,0.144008437776501
1132,"MMP19",0.207600558556929,0.207600558556929,1,"Others",FALSE,1,0.143897741846405
1133,"WWOX",-0.0893409490560353,-0.0893409490560353,4,"Others",FALSE,1,0.143788710543627
1134,"SPOP",-0.0893124486584949,-0.0893124486584949,4,"Others",FALSE,1,0.143742840923306
1135,"RANBP1",-0.207364093409112,-0.207364093409112,1,"Others",FALSE,1,0.143733836695895
1136,"STX4",0.13075298832991,0.13075298832991,2,"Others",FALSE,1,0.143646839759317
1137,"CDH11",0.207230325080846,0.207230325080846,1,"Others",FALSE,1,0.14364111555631
1138,"PHKA1",-0.130567852695425,-0.130567852695425,2,"Others",FALSE,1,0.143443447476201
1139,"FCRL6",-0.206775419645147,-0.206775419645147,1,"Others",FALSE,1,0.143325799136133
1140,"FCRL4",0.0888234559903132,0.0888234559903132,4,"Others",FALSE,1,0.142955837584232
1141,"NFE2L1",-0.206186628978718,-0.206186628978718,1,"Others",FALSE,1,0.142917680545758
1142,"BTLA",0.0885214166402309,0.0885214166402309,4,"Others",FALSE,1,0.142469724003162
1143,"IFNL4",-0.205537336147036,-0.205537336147036,1,"Others",FALSE,1,0.14246762505012
1144,"EBAG9",0.205536383454385,0.205536383454385,1,"Others",FALSE,1,0.142466964693895
1145,"IGSF3",0.204975513107972,0.204975513107972,1,"Others",FALSE,1,0.142078198994619
1146,"PAK4",-0.0881177388315901,-0.0881177388315901,4,"Others",FALSE,1,0.141820029633528
1147,"FXN",0.204008633861983,0.204008633861983,1,"Others",FALSE,1,0.141408009371319
1148,"HMOX2",-0.203986589745219,-0.203986589745219,1,"Others",FALSE,1,0.141392729553937
1149,"TP53I3",0.203617348994502,0.203617348994502,1,"Others",FALSE,1,0.141136791368629
1150,"ARHGDIB",0.203581473247059,0.203581473247059,1,"Others",FALSE,1,0.141111924195439
1151,"PDP1",-0.101693543443518,-0.101693543443518,3,"Others",FALSE,1,0.14097718583805
1152,"KAT2A",0.203028889097454,0.203028889097454,1,"Others",FALSE,2,0.140728902050118
1153,"CDC42BPB",-0.202866241684883,-0.202866241684883,1,"Others",FALSE,1,0.140616163454669
1154,"SHC4",-0.202294268667394,-0.202294268667394,1,"Others",FALSE,1,0.14021970197024
1155,"H2BC12",-0.127583978809583,-0.127583978809583,2,"Others",FALSE,1,0.14016532695738
1156,"MOB1B",0.126903285375858,0.126903285375858,2,"Others",FALSE,1,0.139417508786274
1157,"MTCP1",0.100336808914035,0.100336808914035,3,"Others",FALSE,1,0.139096352410291
1158,"EIF4A1",0.126608298648319,0.126608298648319,2,"Others",FALSE,1,0.139093432742405
1159,"NSF",0.126230466856156,0.126230466856156,2,"Others",FALSE,1,0.138678342092486
1160,"ANP32B",0.199883462133208,0.199883462133208,1,"Others",FALSE,1,0.138548658218194
1161,"TYRP1",-0.125738578941592,-0.125738578941592,2,"Others",FALSE,1,0.138137947984898
1162,"HSPD1",0.199117640429062,0.199117640429062,1,"Others",FALSE,1,0.138017831063153
1163,"PDGFA",-0.125473665843701,-0.125473665843701,2,"Others",FALSE,1,0.137846911200125
1164,"CLDN1",-0.0991226848236908,-0.0991226848236908,3,"Others",FALSE,1,0.137413219030147
1165,"GRAP2",-0.125064557377756,-0.125064557377756,2,"Others",FALSE,1,0.137397459612041
1166,"CCNH",-0.197591727242746,-0.197591727242746,1,"Others",FALSE,1,0.136960148640279
1167,"SPN",0.124505150473197,0.124505150473197,2,"Others",FALSE,1,0.136782888312326
1168,"COL6A3",0.197105177675645,0.197105177675645,1,"Others",FALSE,1,0.136622898179641
1169,"FBLIM1",0.124301669270374,0.124301669270374,2,"Others",FALSE,1,0.136559341362392
1170,"HSD17B10",-0.196694044510112,-0.196694044510112,1,"Others",FALSE,1,0.136337922385116
1171,"FABP4",-0.0980285813258178,-0.0980285813258178,3,"Others",FALSE,1,0.135896469520564
1172,"TNFSF14",-0.195750587550009,-0.195750587550009,1,"Others",FALSE,1,0.135683967853242
1173,"SCN3B",0.195693506732126,0.195693506732126,1,"Others",FALSE,1,0.135644402445262
1174,"PFKFB3",-0.123135238719327,-0.123135238719327,2,"Others",FALSE,1,0.135277886425134
1175,"MAGEA3",-0.122786868223019,-0.122786868223019,2,"Others",FALSE,1,0.13489516231688
1176,"MKNK1",-0.0972204908891039,-0.0972204908891039,3,"Others",FALSE,1,0.134776218304872
1177,"SIGLEC11",-0.194309168821561,-0.194309168821561,1,"Others",FALSE,1,0.134684852525611
1178,"SORCS3",0.194059559153205,0.194059559153205,1,"Others",FALSE,2,0.13451183628775
1179,"RBM17",-0.193805409940919,-0.193805409940919,1,"Others",FALSE,1,0.134335673477812
1180,"CRTAM",0.0968687154528357,0.0968687154528357,3,"Others",FALSE,1,0.134288554001193
1181,"P4HB",0.193329951684786,0.193329951684786,1,"Others",FALSE,1,0.1340061109281
1182,"GRID2",0.121894880224535,0.121894880224535,2,"Others",FALSE,1,0.133915213340402
1183,"F5",-0.121736493307592,-0.121736493307592,2,"Others",FALSE,1,0.133741207527084
1184,"THBS3",0.192078678086437,0.192078678086437,1,"Others",FALSE,1,0.133138794161295
1185,"PBRM1",-0.192073434386034,-0.192073434386034,1,"Others",FALSE,1,0.133135159505145
1186,"STX17",0.191996393873548,0.191996393873548,1,"Others",FALSE,1,0.133081759091127
1187,"IGFBP1",0.191976683145928,0.191976683145928,1,"Others",FALSE,2,0.13306809665585
1188,"FTO",0.191675290210872,0.191675290210872,1,"Others",FALSE,1,0.132859186992675
1189,"PRDX6",0.191664339192653,0.191664339192653,1,"Others",FALSE,1,0.132851596325273
1190,"USP15",0.191548261535589,0.191548261535589,1,"Others",FALSE,1,0.132771137424552
1191,"DAPK2",-0.0957366759047404,-0.0957366759047404,3,"Others",FALSE,1,0.132719213959104
1192,"IL12RB1",-0.191399486076847,-0.191399486076847,1,"Others",FALSE,1,0.132668014134789
1193,"FXR1",-0.191212295896354,-0.191212295896354,1,"Others",FALSE,1,0.132538263788952
1194,"POLR2E",-0.191164469627805,-0.191164469627805,1,"Others",FALSE,1,0.13250511314575
1195,"IST1",-0.19112450190451,-0.19112450190451,1,"Others",FALSE,1,0.132477409631035
1196,"CELF2",-0.190668542388435,-0.190668542388435,1,"Others",FALSE,1,0.132161362578018
1197,"ST8SIA4",0.190639611404094,0.190639611404094,1,"Others",FALSE,1,0.132141309147791
1198,"CSMD1",0.190531835180389,0.190531835180389,1,"Others",FALSE,1,0.132066604362199
1199,"UBE2L3",-0.190508320232644,-0.190508320232644,1,"Others",FALSE,1,0.132050305042468
1200,"SEMA5B",0.190403605948819,0.190403605948819,1,"Others",FALSE,1,0.131977722631871
1201,"MAGEA6",0.19035127883596,0.19035127883596,1,"Others",FALSE,1,0.131941452241126
1202,"RAB6B",0.190271376419648,0.190271376419648,1,"Others",FALSE,1,0.131886068106539
1203,"PPIG",-0.120017128899222,-0.120017128899222,2,"Others",FALSE,1,0.13185229265935
1204,"GSTA2",-0.190216863996617,-0.190216863996617,1,"Others",FALSE,1,0.131848282974209
1205,"DHX9",-0.119807280848063,-0.119807280848063,2,"Others",FALSE,1,0.131621751011594
1206,"FCN3",-0.189442355695191,-0.189442355695191,1,"Others",FALSE,1,0.131311434728756
1207,"PDIA4",0.188731233842562,0.187024843082875,1,"Others",FALSE,3,0.130818522621572
1208,"ARHGDIA",-0.094143774822657,-0.094143774822657,3,"Others",FALSE,1,0.13051098417119
1209,"IFNA4",-0.188051123513013,-0.188051123513013,1,"Others",FALSE,1,0.130347106064175
1210,"MILR1",0.187987136641813,0.187987136641813,1,"Others",FALSE,1,0.13030275374481
1211,"OLFM2",0.187941823855789,0.187941823855789,1,"Others",FALSE,2,0.130271345314934
1212,"PRRX1",0.118381474126775,0.118381474126775,2,"Others",FALSE,1,0.13005534222632
1213,"RBM39",-0.187258979861193,-0.187258979861193,1,"Others",FALSE,1,0.129798033925318
1214,"UNG",-0.0932725633673372,-0.0932725633673372,3,"Others",FALSE,1,0.129303228643337
1215,"IL27RA",0.186393641409546,0.186393641409546,1,"Others",FALSE,1,0.129198227017328
1216,"SH3PXD2B",0.186348927037732,0.186348927037732,1,"Others",FALSE,1,0.129167233376575
1217,"LGALS8",0.117192411652793,0.117192411652793,2,"Others",FALSE,1,0.12874902358041
1218,"CDH15",-0.11717017399042,-0.11717017399042,2,"Others",FALSE,2,0.128724593011256
1219,"TNFSF11",-0.116761904574134,-0.116761904574134,2,"Others",FALSE,1,0.128276063213437
1220,"GTF2F2",-0.184778426476751,-0.184778426476751,1,"Others",FALSE,1,0.128078645340663
1221,"FLI1",-0.184667514275317,-0.184667514275317,1,"Others",FALSE,1,0.12800176686095
1222,"MXRA8",0.183071630606842,0.183071630606842,1,"Others",FALSE,1,0.126895584595644
1223,"AGRP",0.115335868771798,0.115335868771798,2,"Others",FALSE,1,0.12670940275691
1224,"CKS1B",-0.182651898341771,-0.182651898341771,1,"Others",FALSE,1,0.12660464835952
1225,"LTB4R",0.182077649823292,0.182077649823292,1,"Others",FALSE,1,0.126206609617996
1226,"CD86",0.182052847746274,0.182052847746274,1,"Others",FALSE,2,0.126189418128239
1227,"SEMA4F",0.114707894683188,0.114707894683188,2,"Others",FALSE,1,0.126019502706198
1228,"PRL",-0.114395505129721,-0.114395505129721,2,"Others",FALSE,2,0.125676307703907
1229,"SERPING1",0.114394452228857,0.114394452228857,2,"Others",FALSE,1,0.12567515097408
1230,"SRRT",-0.0906251035895211,-0.0906251035895211,3,"Others",FALSE,1,0.125633070082059
1231,"PADI4",-0.114119599509626,-0.114119599509626,2,"Others",FALSE,1,0.125373194399159
1232,"CHMP2A",0.180301560153482,0.180301560153482,1,"Others",FALSE,1,0.124975518070946
1233,"BTN1A1",0.113514507509715,0.113514507509715,2,"Others",FALSE,1,0.124708432892281
1234,"PFKM",0.138130184207398,0.138130184207398,1,"Metabolism",FALSE,1,0.124467912053659
1235,"STXBP4",0.0897116072662491,0.0897116072662491,3,"Others",FALSE,1,0.124366695280203
1236,"ANXA4",-0.179272514596134,-0.179272514596134,1,"Others",FALSE,1,0.124262238044202
1237,"APCDD1",0.179096275127625,0.179096275127625,1,"Others",FALSE,1,0.124140078153501
1238,"RSPO4",0.17881692989325,0.17881692989325,1,"Others",FALSE,1,0.123946450791892
1239,"TACC3",-0.112763258798907,-0.112763258798907,2,"Others",FALSE,1,0.123883101826741
1240,"APOA5",-0.178435605586711,-0.178435605586711,1,"Others",FALSE,1,0.123682136923935
1241,"DIAPH1",0.178226966940601,0.178226966940601,1,"Others",FALSE,1,0.123537519634628
1242,"XRCC4",-0.0888969042136376,-0.0888969042136376,3,"Others",FALSE,1,0.123237277032381
1243,"ANKRD2",-0.177669381866392,-0.177669381866392,1,"Others",FALSE,1,0.123151031112518
1244,"SOSTDC1",0.0888128648876886,0.0888128648876886,3,"Others",FALSE,1,0.123120773788705
1245,"GREM2",0.177544021697786,0.177544021697786,1,"Others",FALSE,1,0.123064138065094
1246,"H2BC21",-0.111812269719854,-0.111812269719854,2,"Others",FALSE,2,0.122838333538104
1247,"CD300E",-0.110922146289111,-0.110922146289111,2,"Others",FALSE,1,0.121860432998659
1248,"UTS2B",-0.175482850446017,-0.175482850446017,1,"Others",FALSE,1,0.121635443023279
1249,"TANK",-0.175423327618763,-0.175423327618763,1,"Others",FALSE,1,0.121594184943389
1250,"SULT4A1",-0.175234946947042,-0.175234946947042,1,"Others",FALSE,1,0.121463609411914
1251,"DCLK3",0.110387256440294,0.110387256440294,2,"Others",FALSE,1,0.121272796437665
1252,"GNG12",-0.174876981187155,-0.174876981187155,1,"Others",FALSE,1,0.121215486454711
1253,"CER1",0.174438750592072,0.174438750592072,1,"Others",FALSE,1,0.120911728153294
1254,"APOC2",0.109815285560525,0.109815285560525,2,"Others",FALSE,1,0.120644422200391
1255,"SHC1",0.0319610080907062,0.0319610080907062,42,"Others",FALSE,2,0.120211747328447
1256,"LSP1",-0.109097319084426,-0.109097319084426,2,"Others",FALSE,1,0.119855655406897
1257,"IGFL3",-0.172459877894921,-0.172459877894921,1,"Others",FALSE,1,0.119540078122577
1258,"ERO1A",0.108800274206959,0.108800274206959,2,"Others",FALSE,1,0.119529318254225
1259,"AHSG",-0.108595407668552,-0.108595407668552,2,"Others",FALSE,1,0.119304249357595
1260,"RGS10",0.172020586978686,0.172020586978686,1,"Others",FALSE,1,0.119235584862543
1261,"SCP2",0.108492583062141,0.108492583062141,2,"Others",FALSE,1,0.119191284981413
1262,"CCL5",-0.171558470369501,-0.171558470369501,1,"Others",FALSE,1,0.118915270037797
1263,"CBS",0.170590234550487,0.170590234550487,1,"Others",FALSE,1,0.11824414010973
1264,"S100A10",-0.17055375968388,-0.17055375968388,1,"Others",FALSE,1,0.11821885765878
1265,"PSTPIP1",-0.107233059681845,-0.107233059681845,2,"Others",FALSE,1,0.117807557117955
1266,"CXCL2",-0.168723640692988,-0.168723640692988,1,"Others",FALSE,1,0.116950315840154
1267,"ANGPT4",-0.168718388528133,-0.168718388528133,1,"Others",FALSE,1,0.116946675316893
1268,"NME1",0.168194151525096,0.168194151525096,1,"Others",FALSE,1,0.116583301916292
1269,"PCSK2",0.167699878883345,0.167699878883345,1,"Others",FALSE,2,0.116240698228235
1270,"LPIN1",0.16751082958152,0.16751082958152,1,"Others",FALSE,1,0.116109659237688
1271,"CTNNA3",-0.105680577639924,-0.105680577639924,2,"Others",FALSE,1,0.116101981268765
1272,"MMP7",0.10566404479312,0.10566404479312,2,"Others",FALSE,1,0.116083818080099
1273,"PSMC5",0.166771040848455,0.166771040848455,1,"Others",FALSE,1,0.115596876763154
1274,"BTN2A2",0.166610663980944,0.166610663980944,1,"Others",FALSE,1,0.115485711989612
1275,"HPD",0.166350605248667,0.166350605248667,1,"Others",FALSE,1,0.115305453012554
1276,"MACROD1",-0.166214613364843,-0.166214613364843,1,"Others",FALSE,1,0.115211190621702
1277,"KCNIP3",0.104278906036212,0.104278906036212,2,"Others",FALSE,1,0.11456208762025
1278,"TNFRSF13B",-0.164039047611576,-0.164039047611576,1,"Others",FALSE,1,0.113703203353703
1279,"FLT3LG",0.163790453262751,0.163790453262751,1,"Others",FALSE,1,0.113530890881711
1280,"OXT",0.16321852636401,0.16321852636401,1,"Others",FALSE,1,0.113134461364362
1281,"DPYSL5",0.163135107553077,0.163135107553077,1,"Others",FALSE,1,0.113076639850759
1282,"POLR2F",-0.163019268760438,-0.163019268760438,1,"Others",FALSE,1,0.112996346518241
1283,"CEP76",-0.162746746581371,-0.162746746581371,1,"Others",FALSE,1,0.112807448538181
1284,"PLXDC1",0.162529330621783,0.162529330621783,1,"Others",FALSE,1,0.112656747278784
1285,"LIMA1",0.102232516234873,0.102232516234873,2,"Others",FALSE,1,0.112313898637093
1286,"USP25",-0.161642504465695,-0.161642504465695,1,"Others",FALSE,1,0.112042046229045
1287,"FH",0.123689264140337,0.123689264140337,1,"Metabolism",FALSE,1,0.111455324115732
1288,"GRIPAP1",-0.16046343937339,-0.16046343937339,1,"Others",FALSE,1,0.111224780584617
1289,"DAZAP1",-0.159814073602871,-0.159814073602871,1,"Others",FALSE,1,0.11077467453163
1290,"IL5",-0.159552143110222,-0.159552143110222,1,"Others",FALSE,1,0.110593118149148
1291,"MMRN2",-0.100305700884108,-0.100305700884108,2,"Others",FALSE,1,0.110197075614749
1292,"MICB",0.100114309749484,0.100114309749484,2,"Others",FALSE,1,0.109986810962309
1293,"TIAL1",-0.158455087202262,-0.158455087202262,1,"Others",FALSE,1,0.109832696939628
1294,"SRI",0.157727667832179,0.157727667832179,1,"Others",FALSE,1,0.109328488254171
1295,"TRIO",0.0993821357641632,0.0993821357641632,2,"Others",FALSE,1,0.109182435624592
1296,"WIF1",0.156801985419308,0.156801985419308,1,"Others",FALSE,2,0.108686854099595
1297,"GHRL",0.15550686583694,0.15550686583694,1,"Others",FALSE,1,0.107789145612589
1298,"CEACAM8",-0.0980423761975809,-0.0980423761975809,2,"Others",FALSE,1,0.107710559300884
1299,"NAP1L1",-0.15512850119209,-0.15512850119209,1,"Others",FALSE,1,0.107526883225787
1300,"NPTX2",0.155010992437942,0.155010992437942,1,"Others",FALSE,1,0.107445432364159
1301,"DDX19B",-0.154871932130639,-0.154871932130639,1,"Others",FALSE,1,0.107349043104223
1302,"VRK1",-0.0976463106531151,-0.0976463106531151,2,"Others",FALSE,1,0.107275436826616
1303,"RACGAP1",0.0975993883800722,0.0975993883800722,2,"Others",FALSE,1,0.107223887440839
1304,"IFNL1",-0.0975635977198188,-0.0975635977198188,2,"Others",FALSE,1,0.107184567381665
1305,"TEAD3",0.154313053090581,0.154313053090581,1,"Others",FALSE,1,0.106961657673333
1306,"AP1B1",0.154065009958449,0.154065009958449,1,"Others",FALSE,1,0.106789727275639
1307,"USP19",-0.0967047080782877,-0.0967047080782877,2,"Others",FALSE,1,0.106240980666869
1308,"TFAM",-0.153096439739776,-0.153096439739776,1,"Others",FALSE,1,0.106118365559391
1309,"CD70",-0.0965897903412373,-0.0965897903412373,2,"Others",FALSE,1,0.10611473062876
1310,"EBI3",0.0962371275847112,0.0962371275847112,2,"Others",FALSE,1,0.105727290990684
1311,"LGMN",-0.0960740332555621,-0.0960740332555621,2,"Others",FALSE,1,0.105548113556469
1312,"LYPD3",0.0960557081010217,0.0960557081010217,2,"Others",FALSE,1,0.105527981316499
1313,"HEXIM1",-0.0959462273211364,-0.0959462273211364,2,"Others",FALSE,1,0.105407704386344
1314,"FBP1",0.0958131572858618,0.0958131572858618,2,"Others",FALSE,1,0.105261512010338
1315,"DBNL",0.151652933199103,0.151652933199103,1,"Others",FALSE,1,0.105117803070604
1316,"SRSF6",-0.15123514627953,-0.15123514627953,1,"Others",FALSE,1,0.104828215245227
1317,"SNX27",0.150749962241309,0.150749962241309,1,"Others",FALSE,1,0.104491911297082
1318,"CALCB",0.0951040484497509,0.0951040484497509,2,"Others",FALSE,1,0.104482476328984
1319,"ATP5PO",-0.150667618953987,-0.150667618953987,1,"Others",FALSE,1,0.104434835279636
1320,"IFNL3",0.150573855663506,0.150573855663506,1,"Others",FALSE,1,0.1043698435192
1321,"TBC1D25",0.150497781709843,0.150497781709843,1,"Others",FALSE,1,0.104317113072704
1322,"C1QBP",0.0948566009959535,0.0948566009959535,2,"Others",FALSE,1,0.104210627515442
1323,"UBE2E1",0.149978132745004,0.149978132745004,1,"Others",FALSE,1,0.103956919857845
1324,"CSF3",0.0944058421296267,0.0944058421296267,2,"Others",FALSE,1,0.103715418285669
1325,"KIRREL1",0.149534280798268,0.149534280798268,1,"Others",FALSE,1,0.103649265132379
1326,"SHARPIN",0.149441216955147,0.149441216955147,1,"Others",FALSE,1,0.103584758191907
1327,"PTGR1",0.148134174298447,0.148134174298447,1,"Others",FALSE,2,0.102678785259544
1328,"MAGED1",-0.0932419754603955,-0.0932419754603955,2,"Others",FALSE,1,0.102436780060481
1329,"NAPG",-0.093117509272889,-0.093117509272889,2,"Others",FALSE,1,0.102300039977362
1330,"CPE",0.147551633506225,0.147551633506225,1,"Others",FALSE,2,0.102274998751854
1331,"ARID3A",-0.0928979711870316,-0.0928979711870316,2,"Others",FALSE,1,0.102058852738409
1332,"COL9A3",0.147002100076105,0.147002100076105,1,"Others",FALSE,1,0.101894091204143
1333,"IGHG1",-0.146907792102668,-0.146907792102668,1,"Others",FALSE,1,0.101828721898251
1334,"IL17C",0.146698225794246,0.146698225794246,1,"Others",FALSE,1,0.101683461602428
1335,"SRPK1",-0.112640871255419,-0.112640871255419,1,"Tau Kinases",FALSE,1,0.101499713024462
1336,"RUFY1",0.146200455233038,0.146200455233038,1,"Others",FALSE,1,0.101338433341361
1337,"FOXC2",-0.146186233876988,-0.146186233876988,1,"Others",FALSE,1,0.101328575848511
1338,"HOMER3",-0.112178725161713,-0.112178725161713,1,"Synaptic Proteins",FALSE,1,0.101083277184045
1339,"MAD2L1BP",0.145267546975397,0.145267546975397,1,"Others",FALSE,1,0.100691790612856
1340,"RELB",0.111272052604934,0.111272052604934,1,"Microglia / Immune",FALSE,1,0.100266282399696
1341,"FUT11",0.0912374940482813,0.0912374940482813,2,"Others",FALSE,1,0.100234632148725
1342,"NCF2",-0.144107061435971,-0.144107061435971,1,"Others",FALSE,1,0.0998874033331218
1343,"RAP2A",0.143851457132377,0.143851457132377,1,"Others",FALSE,1,0.0997102319307472
1344,"IFNAR1",0.0387398467235473,0.0387398467235473,12,"Others",FALSE,2,0.0993657449617211
1345,"SEMA6B",0.143353647332468,0.143353647332468,1,"Others",FALSE,1,0.0993651764714851
1346,"MYL12A",0.142824068933239,0.142824068933239,1,"Others",FALSE,1,0.098998100697174
1347,"ITLN1",-0.142800616521091,-0.142800616521091,1,"Others",FALSE,1,0.098981844723816
1348,"PDHA2",0.142711608231012,0.142711608231012,1,"Others",FALSE,1,0.0989201488785016
1349,"IFNA14",0.142449268393225,0.142449268393225,1,"Others",FALSE,1,0.0987383087595909
1350,"CEBPE",-0.0897869471946086,-0.0897869471946086,2,"Others",FALSE,1,0.0986410435499917
1351,"RAB2A",-0.14230459481703,-0.14230459481703,1,"Others",FALSE,2,0.0986380286781494
1352,"LECT2",-0.142184259238408,-0.142184259238408,1,"Others",FALSE,2,0.0985546184111071
1353,"NT5E",0.0893570941453987,0.0893570941453987,2,"Others",FALSE,1,0.0981688017078082
1354,"PHB2",-0.0893109291385518,-0.0893109291385518,2,"Others",FALSE,1,0.0981180842639798
1355,"GC",-0.141493456150121,-0.141493456150121,1,"Others",FALSE,1,0.0980757901981383
1356,"TECTB",0.141470447273076,0.141470447273076,1,"Others",FALSE,1,0.0980598416598868
1357,"LINGO1",0.141300547081455,0.141300547081455,1,"Others",FALSE,1,0.0979420758210886
1358,"SH3BP5",-0.141021967164894,-0.141021967164894,1,"Others",FALSE,1,0.0977489789373632
1359,"UBD",0.141011019748761,0.141011019748761,1,"Others",FALSE,1,0.0977413907667367
1360,"TCL1B",-0.0887462817757506,-0.0887462817757506,2,"Others",FALSE,1,0.0974977557324423
1361,"IL22",0.0886720033884055,0.0886720033884055,2,"Others",FALSE,1,0.0974161525833226
1362,"LRRC52",0.140492644645247,0.140492644645247,1,"Others",FALSE,1,0.0973820805252631
1363,"ITM2B",0.13890780430879,0.13890780430879,1,"Others",FALSE,1,0.0962835529144107
1364,"NHEJ1",-0.137913811320176,-0.137913811320176,1,"Others",FALSE,1,0.0955945694768561
1365,"IRF2",-0.137725193493382,-0.137725193493382,1,"Others",FALSE,1,0.0954638295620105
1366,"SYNJ2BP",-0.137083911089604,-0.137083911089604,1,"Others",FALSE,1,0.095019326471889
1367,"SUB1",-0.136847944344076,-0.136847944344076,1,"Others",FALSE,1,0.0948557667875209
1368,"TLK1",-0.134447350519941,-0.134447350519941,1,"Others",FALSE,1,0.0931918019466516
1369,"SSBP1",-0.134281666758064,-0.134281666758064,1,"Others",FALSE,1,0.0930769587142422
1370,"ACP3",0.134280253758909,0.134280253758909,1,"Others",FALSE,1,0.0930759792978621
1371,"KIR2DL4",-0.1340061269878,-0.1340061269878,1,"Others",FALSE,1,0.0928859690993515
1372,"IL36RN",-0.13367798073834,-0.13367798073834,1,"Others",FALSE,1,0.0926585154517271
1373,"KPNA6",0.133479655052732,0.133479655052732,1,"Others",FALSE,1,0.0925210465619151
1374,"SEMA6A",0.132189435620018,0.132189435620018,1,"Others",FALSE,2,0.0916267345998257
1375,"MFAP2",0.132121536161531,0.132121536161531,1,"Others",FALSE,2,0.0915796702816139
1376,"NAMPT",-0.13194267493284,-0.13194267493284,1,"Others",FALSE,1,0.0914556931252354
1377,"DPYSL3",0.131346303625597,0.131346303625597,1,"Others",FALSE,1,0.0910423200350531
1378,"RAB6A",0.131148779833427,0.131148779833427,1,"Others",FALSE,1,0.090905406975417
1379,"FGFR3",0.0222064193421671,0.0222064193421671,22,"Growth Factor Signaling",FALSE,2,0.0905165292250208
1380,"PTS",-0.130382979295654,-0.130382979295654,1,"Others",FALSE,1,0.0903745944917885
1381,"DIDO1",-0.129330705133943,-0.129330705133943,1,"Others",FALSE,1,0.0896452136234224
1382,"ODC1",-0.129172758193979,-0.129172758193979,1,"Others",FALSE,1,0.0895357331473081
1383,"EDC4",0.129125692260563,0.129125692260563,1,"Others",FALSE,1,0.0895031095282603
1384,"FXYD6",0.128907371962446,0.128907371962446,1,"Others",FALSE,1,0.0893517814291618
1385,"CCK",0.12885853897188,0.12885853897188,1,"Others",FALSE,1,0.0893179329794327
1386,"LAMA3",0.128631808570625,0.128631808570625,1,"Others",FALSE,1,0.0891607754410556
1387,"HGFAC",-0.127492709607507,-0.127492709607507,1,"Others",FALSE,1,0.0883712122063917
1388,"MZF1",-0.12742315934968,-0.12742315934968,1,"Others",FALSE,1,0.0883230036412713
1389,"IL17RD",0.12724107461797,0.12724107461797,1,"Others",FALSE,1,0.0881967921228632
1390,"TENM3",-0.126649691876765,-0.126649691876765,1,"Others",FALSE,1,0.0877868768431655
1391,"ADGRD1",0.126571534606107,0.126571534606107,1,"Others",FALSE,1,0.0877327023513688
1392,"MMP20",-0.126092904333296,-0.126092904333296,1,"Others",FALSE,1,0.0874009411272388
1393,"C1QL4",0.126031392114245,0.126031392114245,1,"Others",FALSE,1,0.0873583041060342
1394,"KLRG2",-0.12501927647597,-0.12501927647597,1,"Others",FALSE,1,0.0866567590049627
1395,"CLEC4G",0.124437892087708,0.124437892087708,1,"Others",FALSE,1,0.0862537740554178
1396,"COL2A1",-0.0440885652842747,-0.0440885652842747,6,"Others",FALSE,2,0.0857923866439579
1397,"RFNG",0.123495094396455,0.123495094396455,1,"Others",FALSE,1,0.0856002764938869
1398,"NKD2",0.122123278646577,0.122123278646577,1,"Others",FALSE,1,0.0846494062746117
1399,"MRTO4",-0.122016282346383,-0.122016282346383,1,"Others",FALSE,1,0.0845752420908016
1400,"TNFAIP6",-0.121947508319467,-0.121947508319467,1,"Others",FALSE,1,0.0845275715679489
1401,"KITLG",0.120957399848344,0.120957399848344,1,"Others",FALSE,1,0.0838412806727415
1402,"RUVBL1",-0.120798574662338,-0.120798574662338,1,"Others",FALSE,1,0.0837311914428596
1403,"RAB14",0.120590476937545,0.120590476937545,1,"Others",FALSE,1,0.0835869490916386
1404,"LAMC2",0.120544213565366,0.120544213565366,1,"Others",FALSE,1,0.0835548817656493
1405,"TRIM5",-0.120145460093049,-0.120145460093049,1,"Others",FALSE,1,0.0832784869205744
1406,"UBE2E3",0.119926362913867,0.119926362913867,1,"Others",FALSE,1,0.0831266203285558
1407,"CXCL5",-0.119380855949696,-0.119380855949696,1,"Others",FALSE,1,0.0827485037143646
1408,"CXCL3",-0.119365968714462,-0.119365968714462,1,"Others",FALSE,1,0.0827381846692363
1409,"ATXN10",-0.119325531355928,-0.119325531355928,1,"Others",FALSE,1,0.0827101556281792
1410,"TIGAR",0.119216160003645,0.119216160003645,1,"Others",FALSE,1,0.0826343451837096
1411,"PCBP1",0.118978170264961,0.118978170264961,1,"Others",FALSE,1,0.0824693832673391
1412,"SECTM1",0.118748937865001,0.118748937865001,1,"Others",FALSE,1,0.0823104914756134
1413,"SMTN",0.118649009064711,0.118649009064711,1,"Others",FALSE,1,0.082241226109436
1414,"NUDT1",0.118143038017454,0.118143038017454,1,"Others",FALSE,1,0.0818905137045848
1415,"YBX2",-0.117614807955401,-0.117614807955401,1,"Others",FALSE,1,0.0815243725263858
1416,"CFD",0.117054978047096,0.117054978047096,1,"Others",FALSE,1,0.0811363280038508
1417,"CFB",-0.116567156903739,-0.116567156903739,1,"Others",FALSE,1,0.0807981961537151
1418,"TFF1",-0.116549805263554,-0.116549805263554,1,"Others",FALSE,1,0.0807861689132432
1419,"FERMT3",0.116404678600462,0.116404678600462,1,"Others",FALSE,1,0.0806855747758971
1420,"YTHDC1",-0.116269335440522,-0.116269335440522,1,"Others",FALSE,1,0.0805917620461765
1421,"SHBG",0.114983334349526,0.114983334349526,1,"Others",FALSE,2,0.0797003740157551
1422,"CEACAM4",-0.11496228774669,-0.11496228774669,1,"Others",FALSE,1,0.0796857856223395
1423,"BLK",0.11438132438197,0.11438132438197,1,"Others",FALSE,1,0.079283092504075
1424,"IFNA10",0.114070676506396,0.114070676506396,1,"Others",FALSE,1,0.0790677678049743
1425,"IGHE",-0.114028692599638,-0.114028692599638,1,"Others",FALSE,1,0.0790386667783761
1426,"SDF2L1",0.113695338873298,0.113695338873298,1,"Others",FALSE,1,0.0788076035828342
1427,"PHYHIP",0.113599087774259,0.113599087774259,1,"Others",FALSE,1,0.0787408874049097
1428,"TEAD4",0.112649075549331,0.112649075549331,1,"Others",FALSE,1,0.0780823891097034
1429,"FEN1",0.112461250821688,0.112461250821688,1,"Others",FALSE,1,0.0779521989292976
1430,"ULBP3",0.111492367343003,0.111492367343003,1,"Others",FALSE,1,0.0772806200777562
1431,"SNIP1",-0.111118455724512,-0.111118455724512,1,"Others",FALSE,1,0.0770214442936206
1432,"ANOS1",0.111065435122533,0.111065435122533,1,"Others",FALSE,1,0.0769846932128476
1433,"WNK3",0.110558027444949,0.110558027444949,1,"Others",FALSE,1,0.0766329850117356
1434,"CASQ2",0.10982478314964,0.10982478314964,1,"Others",FALSE,1,0.0761247387957807
1435,"IL21R",-0.109264725636892,-0.109264725636892,1,"Others",FALSE,1,0.0757365365098677
1436,"HRC",0.10871389693403,0.10871389693403,1,"Others",FALSE,1,0.0753547311475077
1437,"MARS1",-0.108485801199727,-0.108485801199727,1,"Others",FALSE,1,0.0751966272323777
1438,"ASAP3",0.107855557881706,0.107855557881706,1,"Others",FALSE,1,0.0747597758534243
1439,"FAM107A",0.107270755925927,0.107270755925927,1,"Others",FALSE,1,0.0743544220265903
1440,"HDGF",-0.1067625847048,-0.1067625847048,1,"Others",FALSE,2,0.0740021845774242
1441,"UTS2R",-0.106727888078465,-0.106727888078465,1,"Others",FALSE,1,0.0739781347087054
1442,"THSD7A",-0.106624916089344,-0.106624916089344,1,"Others",FALSE,1,0.0739067599647698
1443,"MPZL2",-0.106093688971327,-0.106093688971327,1,"Others",FALSE,1,0.0735385413856791
1444,"RHOT1",0.105865136132103,0.105865136132103,1,"Others",FALSE,1,0.0733801206295621
1445,"IL19",-0.105566569541547,-0.105566569541547,1,"Others",FALSE,1,0.0731731700391089
1446,"MUTYH",0.105334644745895,0.105334644745895,1,"Others",FALSE,1,0.0730124120209004
1447,"CHIA",0.104491581068718,0.104491581068718,1,"Others",FALSE,1,0.0724280448100331
1448,"FGL2",0.103286335823158,0.103286335823158,1,"Others",FALSE,1,0.0715926324661897
1449,"VCPIP1",0.102994733325322,0.102994733325322,1,"Others",FALSE,1,0.0713905090169702
1450,"CHRNB3",0.102768490010184,0.102768490010184,1,"Others",FALSE,1,0.0712336891009616
1451,"MPO",-0.102442086024219,-0.102442086024219,1,"Others",FALSE,1,0.0710074430983666
1452,"ATG4A",-0.102113281323231,-0.102113281323231,1,"Others",FALSE,1,0.0707795330469223
1453,"H2AC1",-0.102101995846263,-0.102101995846263,1,"Others",FALSE,1,0.0707717105503804
1454,"PKLR",-0.101839471517135,-0.101839471517135,1,"Others",FALSE,2,0.0705897425518169
1455,"STAMBP",-0.101614623706258,-0.101614623706258,1,"Others",FALSE,1,0.0704338899256528
1456,"CHMP3",0.101025468073625,0.101025468073625,1,"Others",FALSE,1,0.0700255183599816
1457,"DCP1A",0.100845767464953,0.100845767464953,1,"Others",FALSE,1,0.0699009593897359
1458,"SH2D3C",-0.100700654121761,-0.100700654121761,1,"Others",FALSE,1,0.0698003744850412
1459,"IRF4",-0.100634398977447,-0.100634398977447,1,"Others",FALSE,1,0.0697544499185618
1460,"IL17B",0.100247640154556,0.100247640154556,1,"Others",FALSE,2,0.0694863691309181
1461,"NAALAD2",0.0998254345978147,0.0998254345978147,1,"Others",FALSE,1,0.0691937185396465
1462,"RRM1",-0.0997479402594904,-0.0997479402594904,1,"Others",FALSE,1,0.0691400035575276
1463,"CBX5",-0.0991852467108019,-0.0991852467108019,1,"Others",FALSE,1,0.0687499741107349
1464,"PFKFB1",-0.099125338898626,-0.099125338898626,1,"Others",FALSE,1,0.0687084491796317
1465,"BDP1",-0.097734463773065,-0.097734463773065,1,"Others",FALSE,1,0.0677443680078381
1466,"IFNA21",-0.0975725731714947,-0.0975725731714947,1,"Others",FALSE,1,0.0676321539938005
1467,"ZC3H8",0.0972753096541168,0.0972753096541168,1,"Others",FALSE,1,0.0674261066248467
1468,"ADAMTS4",0.0969432435718349,0.0969432435718349,1,"Others",FALSE,1,0.0671959359561534
1469,"APOC1",-0.0967688697016397,-0.0967688697016397,1,"Others",FALSE,1,0.0670750691996642
1470,"CGB3",0.0967121101545735,0.0967121101545735,1,"Others",FALSE,1,0.0670357264796455
1471,"CEACAM19",0.095895396856457,0.095895396856457,1,"Others",FALSE,1,0.0664696239597302
1472,"CEACAM21",-0.0955988123947683,-0.0955988123947683,1,"Others",FALSE,1,0.0662640472763128
1473,"PRPF19",-0.095273280183496,-0.095273280183496,1,"Others",FALSE,1,0.066038405541888
1474,"TWF1",0.0952358224932387,0.0952358224932387,1,"Others",FALSE,1,0.0660124418494958
1475,"STK17B",-0.0951743740276514,-0.0951743740276514,1,"Others",FALSE,1,0.0659698490188242
1476,"COLGALT2",-0.0949655250362504,-0.0949655250362504,1,"Others",FALSE,1,0.0658250859292719
1477,"RAD1",0.0947210676985638,0.0947210676985638,1,"Others",FALSE,1,0.0656556410148872
1478,"IL15RA",0.0465382931884988,0.0465382931884988,3,"Others",FALSE,2,0.0645157734233602
1479,"TBP",0.0929949245365894,0.0929949245365894,1,"Others",FALSE,1,0.0644591697489218
1480,"EEF1D",0.0926881526721863,0.0926881526721863,1,"Others",FALSE,1,0.0642465316960357
1481,"GH1",-0.0924162187673269,-0.0924162187673269,1,"Others",FALSE,1,0.0640580414765837
1482,"VAMP2",0.0710708344195118,0.0710708344195118,1,"Synaptic Proteins",FALSE,2,0.0640413130473055
1483,"NCR1",0.092086287401878,0.092086287401878,1,"Others",FALSE,1,0.0638293504808445
1484,"CST3",-0.0905972321827981,-0.0905972321827981,1,"Others",FALSE,1,0.0627972160540412
1485,"TDO2",-0.090574203773275,-0.090574203773275,1,"Others",FALSE,1,0.0627812539769075
1486,"ARMC10",0.0905711183282036,0.0905711183282036,1,"Others",FALSE,1,0.0627791153093555
1487,"VSIG10",0.0901611165508092,0.0901611165508092,1,"Others",FALSE,1,0.06249492373333
1488,"CLEC1B",-0.0898103258388266,-0.0898103258388266,1,"Others",FALSE,1,0.0622517741403527
1489,"CD1A",0.0893770800183367,0.0893770800183367,1,"Others",FALSE,1,0.0619514710213907
1490,"C5",-0.0891041018820607,-0.0891041018820607,1,"Others",FALSE,1,0.0617622569958765
1491,"MRAP",-0.0889410114726725,-0.0889410114726725,1,"Others",FALSE,1,0.0616492113384327
1492,"EFEMP1",-0.0887375884592779,-0.0887375884592779,1,"Others",FALSE,1,0.0615082092502372
1493,"CD300LG",0.0886057942472036,0.0886057942472036,1,"Others",FALSE,1,0.0614168564637238
1494,"IRF9",-0.0885298525807325,-0.0885298525807325,1,"Others",FALSE,1,0.0613642177117223
1495,"BICD1",0.0883353911953998,0.0883353911953998,1,"Others",FALSE,1,0.0612294273507512
1496,"DOCK2",0.088264764178421,0.088264764178421,1,"Others",FALSE,1,0.061180472433061
1497,"CD300C",0.0851243616172916,0.0851243616172916,1,"Others",FALSE,2,0.0590037112519909
1498,"PKD2",0.0393631851335768,0.0393631851335768,3,"Others",FALSE,2,0.0545689615863958
1499,"SERPINE2",0.0785150166166706,0.0785150166166706,1,"Others",FALSE,2,0.0544224623994625
1500,"DSG3",0.0263793836739307,0.0263793836739307,5,"Others",FALSE,2,0.0472655104901653
1501,"BMP4",-0.0172132698670159,-0.0172132698670159,14,"Others",FALSE,2,0.0466143989249991
1502,"RSPO1",0.0262293366931163,0.0262293366931163,4,"Others",FALSE,2,0.0422144888919002
1503,"ULBP1",-0.0593313671840869,-0.0593313671840869,1,"Others",FALSE,2,0.0411253698824167
1504,"CLMP",0.052744792969906,0.052744792969906,1,"Others",FALSE,2,0.0365599045363084
1505,"SCGB2A1",-0.0474487123487715,-0.0474487123487715,1,"Others",FALSE,2,0.0328889411857509
1506,"PGLYRP1",-0.0269774976691357,-0.0269774976691357,2,"Others",FALSE,2,0.0296378104568278
1507,"CERT1",-0.0422758874807368,-0.0422758874807368,1,"Others",FALSE,2,0.0293034122129422
1508,"IL13",0.0132768720366932,0.0132768720366932,3,"Others",FALSE,2,0.0184056528377782
1509,"TNFSF15",0.018902798860826,0.018902798860826,1,"Others",FALSE,2,0.0131024217350733
1510,"IL17RB",-0.0139753401601302,-0.0139753401601302,1,"Others",FALSE,2,0.0096869676293604
1511,"SCARA3",0.0122312491644143,0.0122312491644143,1,"Others",FALSE,2,0.00847805587303999
1512,"TNFRSF18",0.0109566904897226,0.0109566904897226,1,"Others",FALSE,2,0.00759459912121922
1513,"MAPK9",0.00137394682073437,0.00137394682073437,46,"Tau Kinases",FALSE,2,0.00687686747374587
1514,"PROC",-0.0025190471817295,-0.0025190471817295,4,"Others",FALSE,2,0.00405425003748573
1515,"TFRC",-0.00283515676818992,-0.00283515676818992,3,"Others",FALSE,2,0.00393036184063258
1516,"INHBB",0.00193565906897372,0.00193565906897372,5,"Others",FALSE,2,0.00346823546603083
1517,"S100A4",0.000470496571117106,0.000470496571117106,4,"Others",FALSE,2,0.000757235019226117
1518,"A1CF",0.146340406330727,0.146340406330727,0,"Others",FALSE,1,0
1519,"A2ML1",-0.0992351583420251,-0.0992351583420251,0,"Others",FALSE,1,0
1520,"A4GNT",0.117803409941346,0.117803409941346,0,"Others",FALSE,1,0
1521,"AACS",0.132614736902777,0.132614736902777,0,"Others",FALSE,1,0
1522,"AAGAB",0.402217914189363,0.402217914189363,0,"Others",FALSE,1,0
1523,"AAMDC",0.0992672320671638,0.0992672320671638,0,"Others",FALSE,1,0
1524,"AARS1",0.148421656114551,0.148421656114551,0,"Others",FALSE,1,0
1525,"AASDHPPT",0.236808251443305,0.236808251443305,0,"Others",FALSE,1,0
1526,"ABCF3",-0.121357471870929,-0.121357471870929,0,"Others",FALSE,1,0
1527,"ABHD10",-0.150441247837081,-0.150441247837081,0,"Others",FALSE,1,0
1528,"ABHD12",-0.102184622643877,-0.102184622643877,0,"Others",FALSE,1,0
1529,"ABO",-0.0938019750193311,-0.0938019750193311,0,"Others",FALSE,1,0
1530,"ABR",0.26083706133014,0.26083706133014,0,"Others",FALSE,1,0
1531,"ACAA1",0.122502618682023,0.122502618682023,0,"Others",FALSE,1,0
1532,"ACAD8",0.118085806811035,0.118085806811035,0,"Others",FALSE,1,0
1533,"ACADS",0.267234429710073,0.267234429710073,0,"Others",FALSE,1,0
1534,"ACADSB",0.111834992263981,0.111834992263981,0,"Others",FALSE,1,0
1535,"ACADVL",-0.157599515386517,-0.157599515386517,0,"Others",FALSE,1,0
1536,"ACBD4",-0.206616300399927,-0.206616300399927,0,"Others",FALSE,1,0
1537,"ACBD7",0.282635463134605,0.282635463134605,0,"Others",FALSE,1,0
1538,"ACHE",0.25477156053535,0.25477156053535,0,"Others",FALSE,1,0
1539,"ACOT8",0.104473347330348,0.104473347330348,0,"Others",FALSE,1,0
1540,"ACOX1",0.107132500894136,0.107132500894136,0,"Others",FALSE,1,0
1541,"ACP5",0.240958791911951,0.240958791911951,0,"Others",FALSE,1,0
1542,"ACP6",0.225367176108041,0.225367176108041,0,"Others",FALSE,1,0
1543,"ACSS2",-0.250938582573693,-0.250938582573693,0,"Others",FALSE,1,0
1544,"ACY1",0.0994618277306275,0.0994618277306275,0,"Others",FALSE,1,0
1545,"ACYP1",0.347659417552135,0.347659417552135,0,"Others",FALSE,1,0
1546,"ACYP2",0.333532890727085,0.333532890727085,0,"Others",FALSE,1,0
1547,"ADAM11",0.165853141985219,0.165853141985219,0,"Others",FALSE,1,0
1548,"ADAM22",0.223914344819243,0.223914344819243,0,"Others",FALSE,1,0
1549,"ADAM23",0.29668408538598,0.29668408538598,0,"Others",FALSE,1,0
1550,"ADAM28",0.175502214785998,0.175502214785998,0,"Others",FALSE,1,0
1551,"ADAMDEC1",-0.210334466284538,-0.210334466284538,0,"Others",FALSE,1,0
1552,"ADAMTS15",0.0991376662804917,0.0991376662804917,0,"Others",FALSE,1,0
1553,"ADAMTS3",-0.109223643727472,-0.109223643727472,0,"Others",FALSE,1,0
1554,"ADAMTS6",-0.110116951981573,-0.110116951981573,0,"Others",FALSE,1,0
1555,"ADAMTSL1",0.15276395244917,0.15276395244917,0,"Others",FALSE,2,0
1556,"ADAMTSL2",0.28530933048884,0.28530933048884,0,"Others",FALSE,1,0
1557,"ADCYAP1",0.119978133860825,0.0633051487568001,0,"Others",FALSE,3,0
1558,"ADGRF1",0.231783539287044,0.231783539287044,0,"Others",FALSE,1,0
1559,"ADGRF5",0.151944597165253,0.151944597165253,0,"Others",FALSE,1,0
1560,"ADGRG1",0.29079727602406,0.29079727602406,0,"Others",FALSE,1,0
1561,"ADGRG2",0.12524505168558,0.12524505168558,0,"Others",FALSE,1,0
1562,"ADGRG5",-0.175200582246172,-0.175200582246172,0,"Others",FALSE,1,0
1563,"ADH1A",-0.177505113642096,-0.177505113642096,0,"Others",FALSE,1,0
1564,"ADH1B",0.257723104135422,0.257723104135422,0,"Others",FALSE,1,0
1565,"ADH5",-0.20035007468403,-0.20035007468403,0,"Others",FALSE,1,0
1566,"ADH7",-0.124557387801251,-0.124557387801251,0,"Others",FALSE,1,0
1567,"ADI1",0.13881042381728,0.13881042381728,0,"Others",FALSE,1,0
1568,"ADPGK",0.205281458453291,0.205281458453291,0,"Others",FALSE,1,0
1569,"ADPRH",-0.101752887637856,-0.101752887637856,0,"Others",FALSE,1,0
1570,"ADPRS",0.342301269161454,0.342301269161454,0,"Others",FALSE,1,0
1571,"ADSL",0.137119546649325,0.137119546649325,0,"Others",FALSE,1,0
1572,"AFM",-0.193229707019133,-0.193229707019133,0,"Others",FALSE,2,0
1573,"AFP",-0.151992866152031,-0.151992866152031,0,"Others",FALSE,1,0
1574,"AGA",-0.112883910905337,-0.112883910905337,0,"Others",FALSE,1,0
1575,"AGAP3",0.406116244078997,0.406116244078997,0,"Others",FALSE,1,0
1576,"AGFG1",0.302472276263557,0.302472276263557,0,"Others",FALSE,1,0
1577,"AGO3",0.0934007683622859,0.0934007683622859,0,"Others",FALSE,1,0
1578,"AHSP",0.164438744464037,0.164438744464037,0,"Others",FALSE,1,0
1579,"AIF1",0.225234876503471,0.225234876503471,0,"Others",FALSE,1,0
1580,"AIF1L",0.265434019680671,0.265434019680671,0,"Others",FALSE,1,0
1581,"AIM2",0.195044796901204,0.195044796901204,0,"Others",FALSE,1,0
1582,"AK1",0.246799224726338,0.246799224726338,0,"Others",FALSE,1,0
1583,"AK2",0.188295923174641,0.188295923174641,0,"Others",FALSE,1,0
1584,"AK4",-0.232022676622031,-0.232022676622031,0,"Others",FALSE,1,0
1585,"AKIRIN2",0.223489314671454,0.223489314671454,0,"Others",FALSE,1,0
1586,"AKR1A1",0.262900599164109,0.262900599164109,0,"Others",FALSE,1,0
1587,"AKR1B1",0.349668981053405,0.349668981053405,0,"Others",FALSE,2,0
1588,"AKR1B10",-0.101426865375512,-0.101426865375512,0,"Others",FALSE,1,0
1589,"AKR1D1",-0.091661189931557,-0.091661189931557,0,"Others",FALSE,1,0
1590,"ALDH1A3",0.158432003711287,0.158432003711287,0,"Others",FALSE,1,0
1591,"ALDH3A1",-0.114939413621266,-0.114939413621266,0,"Others",FALSE,1,0
1592,"ALDH3B1",-0.231619218797534,-0.231619218797534,0,"Others",FALSE,1,0
1593,"ALDH5A1",0.163963028877777,0.163963028877777,0,"Others",FALSE,1,0
1594,"ALDH6A1",0.135682795591772,0.135682795591772,0,"Others",FALSE,1,0
1595,"ALDH7A1",0.102039659823433,0.102039659823433,0,"Others",FALSE,1,0
1596,"ALDOC",0.246955500408915,0.246955500408915,0,"Metabolism",FALSE,1,0
1597,"AMBP",-0.109059408204796,-0.109059408204796,0,"Others",FALSE,1,0
1598,"AMIGO1",-0.0335190145553953,-0.0335190145553953,0,"Others",FALSE,2,0
1599,"AMPD2",-0.17818888988183,-0.17818888988183,0,"Others",FALSE,1,0
1600,"AMY1A",-0.106210031860479,-0.106210031860479,0,"Others",FALSE,1,0
1601,"AMY2A",0.180189947399947,0.180189947399947,0,"Others",FALSE,1,0
1602,"AMY2B",0.159349320650549,0.159349320650549,0,"Others",FALSE,2,0
1603,"ANAPC10",0.139033355027293,0.139033355027293,0,"Others",FALSE,1,0
1604,"ANKRA2",0.239124390004425,0.239124390004425,0,"Others",FALSE,1,0
1605,"ANKRD1",-0.13553718157411,-0.13553718157411,0,"Others",FALSE,1,0
1606,"ANKRD54",-0.0915740647671476,-0.0915740647671476,0,"Others",FALSE,1,0
1607,"ANTXR1",0.121663056539128,0.121663056539128,0,"Others",FALSE,1,0
1608,"ANXA11",-0.128599011557825,-0.128599011557825,0,"Others",FALSE,1,0
1609,"ANXA7",0.111092166042869,0.111092166042869,0,"Others",FALSE,1,0
1610,"AOC1",-0.182685832003837,-0.182685832003837,0,"Others",FALSE,1,0
1611,"AOC2",-0.0905140550902098,-0.0905140550902098,0,"Others",FALSE,1,0
1612,"AP1AR",0.266315145913675,0.266315145913675,0,"Others",FALSE,1,0
1613,"AP1G2",0.0999644244736436,0.0999644244736436,0,"Others",FALSE,1,0
1614,"AP2A2",0.393181451946769,0.393181451946769,0,"Cytoskeleton / Axonal Transport",FALSE,1,0
1615,"APBB1IP",-0.182940961162651,-0.182940961162651,0,"Others",FALSE,1,0
1616,"APBB3",-0.0128014826624848,-0.0128014826624848,0,"Others",FALSE,2,0
1617,"APCS",-0.104547445430089,-0.104547445430089,0,"Others",FALSE,1,0
1618,"APOD",0.00528577763784372,0.00528577763784372,0,"Others",FALSE,2,0
1619,"APOL1",-0.0928580585500542,0.00027400151312824,0,"Others",FALSE,3,0
1620,"APOL3",-0.137607739378604,-0.137607739378604,0,"Others",FALSE,1,0
1621,"APPL1",-0.0887729362297042,-0.0887729362297042,0,"Others",FALSE,1,0
1622,"ARC",-0.16297952819418,-0.16297952819418,0,"Synaptic Proteins",FALSE,1,0
1623,"ARF3",0.109671542446536,0.109671542446536,0,"Others",FALSE,1,0
1624,"ARF4",-0.115449586122695,-0.115449586122695,0,"Others",FALSE,1,0
1625,"ARFIP1",-0.21992821163174,-0.21992821163174,0,"Others",FALSE,1,0
1626,"ARHGAP25",0.113756241424527,0.113756241424527,0,"Others",FALSE,1,0
1627,"ARHGAP26",-0.106762410897367,-0.106762410897367,0,"Others",FALSE,1,0
1628,"ARHGAP30",0.288618823927657,0.288618823927657,0,"Others",FALSE,1,0
1629,"ARHGAP45",-0.180428504796123,-0.180428504796123,0,"Others",FALSE,1,0
1630,"ARHGEF10",0.208435973074775,0.208435973074775,0,"Others",FALSE,1,0
1631,"ARHGEF25",0.116023183281789,0.116023183281789,0,"Others",FALSE,1,0
1632,"ARID3C",-0.184389394693277,-0.184389394693277,0,"Others",FALSE,1,0
1633,"ARL11",0.206995344731719,0.206995344731719,0,"Others",FALSE,1,0
1634,"ARL15",0.199411021043267,0.199411021043267,0,"Others",FALSE,1,0
1635,"ARL2BP",0.116768407954089,0.116768407954089,0,"Others",FALSE,1,0
1636,"ARL4D",0.167588709739319,0.167588709739319,0,"Others",FALSE,1,0
1637,"ARL5A",-0.143080636318717,-0.143080636318717,0,"Others",FALSE,1,0
1638,"ARL5B",-0.14612562678099,-0.14612562678099,0,"Others",FALSE,1,0
1639,"ARL6IP5",-0.235319064045904,-0.235319064045904,0,"Others",FALSE,1,0
1640,"ARMC5",0.132913915722044,0.132913915722044,0,"Others",FALSE,1,0
1641,"ARPC1B",0.136951091175765,0.136951091175765,0,"Others",FALSE,1,0
1642,"ART3",0.270032901945464,0.270032901945464,0,"Others",FALSE,2,0
1643,"ART4",0.168673422001323,0.168673422001323,0,"Others",FALSE,1,0
1644,"ASAH1",-0.209124485995962,-0.209124485995962,0,"Others",FALSE,1,0
1645,"ASAH2",0.144714140717315,0.144714140717315,0,"Others",FALSE,1,0
1646,"ASB13",0.109469467229449,0.109469467229449,0,"Others",FALSE,1,0
1647,"ASB9",0.364402204535905,0.364402204535905,0,"Others",FALSE,1,0
1648,"ASCC1",0.152178250303006,0.152178250303006,0,"Others",FALSE,1,0
1649,"ASGR2",0.232897893606092,0.232897893606092,0,"Others",FALSE,1,0
1650,"ASL",0.183364812847687,0.183364812847687,0,"Others",FALSE,1,0
1651,"ASPA",0.175557459705358,0.175557459705358,0,"Others",FALSE,1,0
1652,"ASPN",0.196923821632117,0.196923821632117,0,"Others",FALSE,1,0
1653,"ASRGL1",0.1573003493935,0.1573003493935,0,"Others",FALSE,1,0
1654,"ATAD1",-0.13664259387287,-0.13664259387287,0,"Others",FALSE,1,0
1655,"ATE1",-0.166644670854962,-0.166644670854962,0,"Others",FALSE,1,0
1656,"ATF5",0.0928489120060347,0.0928489120060347,0,"Others",FALSE,1,0
1657,"ATF6B",0.281622647969064,0.281622647969064,0,"Others",FALSE,1,0
1658,"ATOX1",0.399608736184677,0.399608736184677,0,"Others",FALSE,1,0
1659,"ATP13A1",0.158537020868371,0.158537020868371,0,"Others",FALSE,1,0
1660,"ATP1B2",0.214024646708407,0.214024646708407,0,"Others",FALSE,1,0
1661,"ATP23",0.119948614306279,0.119948614306279,0,"Others",FALSE,1,0
1662,"ATP5PF",0.222581676086265,0.222581676086265,0,"Others",FALSE,1,0
1663,"ATP6V1C1",-0.107649796165337,-0.107649796165337,0,"Others",FALSE,1,0
1664,"ATP6V1F",0.375255437059061,0.375255437059061,0,"Others",FALSE,1,0
1665,"AUH",0.126492603720592,0.126492603720592,0,"Others",FALSE,1,0
1666,"AZIN1",-0.192213658345523,-0.192213658345523,0,"Others",FALSE,1,0
1667,"AZU1",-0.18061641675472,-0.18061641675472,0,"Others",FALSE,1,0
1668,"B3GALT2",0.320012416173343,0.320012416173343,0,"Others",FALSE,1,0
1669,"B3GALT5",0.201231423910825,0.201231423910825,0,"Others",FALSE,1,0
1670,"B3GALT6",0.202083353761635,0.202083353761635,0,"Others",FALSE,1,0
1671,"B3GAT1",0.217772023351244,0.217772023351244,0,"Others",FALSE,1,0
1672,"B3GAT3",0.18986668019801,0.18986668019801,0,"Others",FALSE,1,0
1673,"B3GLCT",-0.147503534214788,-0.147503534214788,0,"Others",FALSE,1,0
1674,"B3GNT2",0.233209681973324,0.233209681973324,0,"Others",FALSE,1,0
1675,"B3GNT6",-0.089891326154178,-0.089891326154178,0,"Others",FALSE,1,0
1676,"B3GNT8",0.122582262393838,0.122582262393838,0,"Others",FALSE,1,0
1677,"B4GALNT1",0.267241611641743,0.267241611641743,0,"Others",FALSE,1,0
1678,"B4GALT1",0.217364946743604,0.217364946743604,0,"Others",FALSE,1,0
1679,"B4GALT2",0.239885275992841,0.239885275992841,0,"Others",FALSE,1,0
1680,"B4GALT6",0.286520880206342,0.286520880206342,0,"Others",FALSE,1,0
1681,"B4GALT7",0.135910840038732,0.135910840038732,0,"Others",FALSE,1,0
1682,"B9D2",0.139259124804772,0.139259124804772,0,"Others",FALSE,1,0
1683,"BACH2",0.095828564856119,0.095828564856119,0,"Others",FALSE,1,0
1684,"BAGE2",0.114394981401829,0.114394981401829,0,"Others",FALSE,1,0
1685,"BAGE3",0.140877882803577,0.140877882803577,0,"Others",FALSE,1,0
1686,"BASP1",0.477140856239245,0.477140856239245,0,"Others",FALSE,1,0
1687,"BCAR3",-0.112420235541733,-0.112420235541733,0,"Others",FALSE,1,0
1688,"BCCIP",0.214015123784868,0.214015123784868,0,"Others",FALSE,1,0
1689,"BCHE",0.130769306044957,0.130769306044957,0,"Others",FALSE,2,0
1690,"BCL2L10",-0.0965415874956006,-0.0965415874956006,0,"Others",FALSE,1,0
1691,"BCL7A",-0.172488775447167,-0.172488775447167,0,"Others",FALSE,1,0
1692,"BDH2",-0.163948428032338,-0.163948428032338,0,"Others",FALSE,1,0
1693,"BEGAIN",0.135613189535521,0.135613189535521,0,"Others",FALSE,1,0
1694,"BEX2",-0.111119042570921,-0.111119042570921,0,"Others",FALSE,1,0
1695,"BHMT2",-0.151350382583975,-0.151350382583975,0,"Others",FALSE,1,0
1696,"BIN2",-0.216501154711735,-0.216501154711735,0,"Others",FALSE,1,0
1697,"BIN3",0.113263545051304,0.113263545051304,0,"Others",FALSE,1,0
1698,"BLOC1S6",0.0947637029744805,0.0947637029744805,0,"Others",FALSE,1,0
1699,"BMPER",0.38847638437759,0.38847638437759,0,"Others",FALSE,1,0
1700,"BOLA1",0.293947152674159,0.293947152674159,0,"Others",FALSE,1,0
1701,"BOLA3",0.414422721904459,0.414422721904459,0,"Others",FALSE,1,0
1702,"BORCS5",0.156892259081119,0.156892259081119,0,"Others",FALSE,1,0
1703,"BPIFA1",-0.183303826408437,-0.183303826408437,0,"Others",FALSE,1,0
1704,"BPNT1",0.261516140490624,0.261516140490624,0,"Others",FALSE,1,0
1705,"BPNT2",0.266702072139345,0.266702072139345,0,"Others",FALSE,1,0
1706,"BRAT1",0.0885688396450594,0.0885688396450594,0,"Others",FALSE,1,0
1707,"BRD1",-0.0963831367284645,-0.0963831367284645,0,"Others",FALSE,1,0
1708,"BRK1",-0.160321513091312,-0.160321513091312,0,"Others",FALSE,1,0
1709,"BRPF1",-0.236386969827921,-0.236386969827921,0,"Others",FALSE,1,0
1710,"BRSK2",0.248242271103429,0.248242271103429,0,"Others",FALSE,1,0
1711,"BST1",0.149184691270193,0.149184691270193,0,"Others",FALSE,1,0
1712,"BTD",0.189672037641687,0.189672037641687,0,"Others",FALSE,2,0
1713,"BTG1",0.343751782342698,0.343751782342698,0,"Others",FALSE,1,0
1714,"BTG4",0.146635780294439,0.146635780294439,0,"Others",FALSE,1,0
1715,"BTN2A1",0.284278366867254,0.284278366867254,0,"Others",FALSE,1,0
1716,"BTN3A2",0.0981301557532333,0.0981301557532333,0,"Others",FALSE,1,0
1717,"BTN3A3",0.225217430693884,0.225217430693884,0,"Others",FALSE,2,0
1718,"BUD31",-0.254558774117534,-0.254558774117534,0,"Others",FALSE,1,0
1719,"C11orf49",-0.17511302344883,-0.17511302344883,0,"Others",FALSE,1,0
1720,"C11orf68",0.33235386431973,0.33235386431973,0,"Others",FALSE,1,0
1721,"C11orf87",0.28757556014901,0.28757556014901,0,"Others",FALSE,1,0
1722,"C16orf54",-0.123997607806058,-0.123997607806058,0,"Others",FALSE,1,0
1723,"C17orf67",0.166741668448174,0.166741668448174,0,"Others",FALSE,1,0
1724,"C17orf78",-0.0906940518909721,-0.0906940518909721,0,"Others",FALSE,1,0
1725,"C1GALT1.C1GALT1C1",0.254577612459092,0.254577612459092,0,"Others",FALSE,1,0
1726,"C1GALT1C1",0.255298413068169,0.255298413068169,0,"Others",FALSE,1,0
1727,"C1QTNF1",0.231554992729885,0.231554992729885,0,"Others",FALSE,1,0
1728,"C1QTNF3",0.0987165407513164,0.0987165407513164,0,"Others",FALSE,1,0
1729,"C1QTNF4",0.238671520413575,0.245550789795946,0,"Others",FALSE,3,0
1730,"C1QTNF5",0.18667326437786,0.18667326437786,0,"Others",FALSE,1,0
1731,"C1QTNF9",-0.0881558328485185,-0.0881558328485185,0,"Others",FALSE,1,0
1732,"C1S",0.192858142522648,0.192858142522648,0,"Others",FALSE,2,0
1733,"C1orf210",-0.102121687604865,-0.102121687604865,0,"Others",FALSE,1,0
1734,"C20orf202",0.209498292123286,0.209498292123286,0,"Others",FALSE,1,0
1735,"C2orf68",0.123693758495116,0.123693758495116,0,"Others",FALSE,1,0
1736,"C2orf73",0.185070596574508,0.185070596574508,0,"Others",FALSE,1,0
1737,"C4A.C4B",0.109051533468667,0.109051533468667,0,"Others",FALSE,1,0
1738,"C4BPB",-0.0988572198000721,-0.0988572198000721,0,"Others",FALSE,1,0
1739,"C5orf38",0.398789276290669,0.398789276290669,0,"Others",FALSE,1,0
1740,"C5orf46",0.101858403048055,0.101858403048055,0,"Others",FALSE,1,0
1741,"C7",0.134043229677506,0.134043229677506,0,"Others",FALSE,1,0
1742,"C7orf69",-0.127027685157023,-0.127027685157023,0,"Others",FALSE,1,0
1743,"CA10",0.21176720805669,0.21176720805669,0,"Others",FALSE,2,0
1744,"CA11",0.120212774464234,0.120212774464234,0,"Others",FALSE,1,0
1745,"CA12",-0.0972299292288664,-0.0972299292288664,0,"Others",FALSE,1,0
1746,"CA13",-0.122688212659637,-0.122688212659637,0,"Others",FALSE,1,0
1747,"CA4",0.24160353936647,0.24160353936647,0,"Others",FALSE,1,0
1748,"CA5A",0.150290504404084,0.150290504404084,0,"Others",FALSE,1,0
1749,"CA7",-0.103221350336076,-0.103221350336076,0,"Others",FALSE,1,0
1750,"CAB39",0.388347554040717,0.388347554040717,0,"Others",FALSE,1,0
1751,"CAB39L",0.345338659524643,0.345338659524643,0,"Others",FALSE,1,0
1752,"CABLES2",0.154447332501521,0.154447332501521,0,"Others",FALSE,1,0
1753,"CABP7",-0.157827176382245,-0.157827176382245,0,"Others",FALSE,1,0
1754,"CACNA2D3",0.300713061374334,0.300713061374334,0,"Others",FALSE,1,0
1755,"CACNB3",0.2097153495331,0.2097153495331,0,"Others",FALSE,1,0
1756,"CACYBP",0.392769601049287,0.392769601049287,0,"Others",FALSE,1,0
1757,"CALB1",-0.133542640945856,-0.133542640945856,0,"Others",FALSE,1,0
1758,"CALB2",0.388856014841636,0.388856014841636,0,"Others",FALSE,1,0
1759,"CALCOCO2",0.279009570733181,0.279009570733181,0,"Others",FALSE,1,0
1760,"CALY",0.224499934183425,0.224499934183425,0,"Others",FALSE,1,0
1761,"CAMK2N2",0.214691481694242,0.214691481694242,0,"Others",FALSE,1,0
1762,"CAMLG",0.428241098278695,0.428241098278695,0,"Others",FALSE,1,0
1763,"CANT1",0.178395066602496,0.178395066602496,0,"Others",FALSE,1,0
1764,"CAPG",0.187276238256321,0.187276238256321,0,"Others",FALSE,1,0
1765,"CAPN1.CAPNS1",0.258373343515126,0.258373343515126,0,"Others",FALSE,1,0
1766,"CAPN13",0.195029209657034,0.195029209657034,0,"Others",FALSE,1,0
1767,"CAPN9",0.166963834380086,0.166963834380086,0,"Others",FALSE,1,0
1768,"CAPNS2",0.0940904906190105,0.0940904906190105,0,"Others",FALSE,1,0
1769,"CAPS",0.120267347337961,0.120267347337961,0,"Others",FALSE,1,0
1770,"CARTPT",-0.155134022329385,-0.155134022329385,0,"Others",FALSE,1,0
1771,"CAV3",-0.0899977208469039,-0.0899977208469039,0,"Others",FALSE,1,0
1772,"CBFB",-0.129716291017177,-0.129716291017177,0,"Others",FALSE,1,0
1773,"CBR1",0.280331324958624,0.280331324958624,0,"Others",FALSE,1,0
1774,"CBR4",0.228534122681811,0.228534122681811,0,"Others",FALSE,1,0
1775,"CBX3",-0.245337368062927,-0.245337368062927,0,"Others",FALSE,1,0
1776,"CBX7",-0.110499488107797,-0.110499488107797,0,"Others",FALSE,1,0
1777,"CCDC115",-0.132612814716117,-0.132612814716117,0,"Others",FALSE,1,0
1778,"CCDC126",0.131311402199459,0.131311402199459,0,"Others",FALSE,1,0
1779,"CCDC134",0.213548216256749,0.213548216256749,0,"Others",FALSE,1,0
1780,"CCDC43",0.172380047677478,0.172380047677478,0,"Others",FALSE,1,0
1781,"CCDC51",-0.0979957021338605,-0.0979957021338605,0,"Others",FALSE,1,0
1782,"CCDC69",0.127462347813623,0.127462347813623,0,"Others",FALSE,1,0
1783,"CCL1",0.0964386142440561,0.0964386142440561,0,"Others",FALSE,1,0
1784,"CCL11",-0.105787852345999,-0.105787852345999,0,"Others",FALSE,1,0
1785,"CCL13",-0.201193998926801,-0.201193998926801,0,"Others",FALSE,1,0
1786,"CCL19",0.12003311634625,0.12003311634625,0,"Others",FALSE,1,0
1787,"CCL23",0.118795182761408,0.118795182761408,0,"Others",FALSE,1,0
1788,"CCL25",0.125376937360781,0.125376937360781,0,"Others",FALSE,2,0
1789,"CCL28",0.160931780510307,0.160931780510307,0,"Others",FALSE,1,0
1790,"CCL8",-0.0914139753357634,-0.0914139753357634,0,"Others",FALSE,1,0
1791,"CCM2",0.0974130003595803,0.0974130003595803,0,"Others",FALSE,1,0
1792,"CCN5",0.124783145292286,0.124783145292286,0,"Others",FALSE,1,0
1793,"CCNYL1",0.159628836018184,0.159628836018184,0,"Others",FALSE,1,0
1794,"CCPG1",0.315716648350738,0.315716648350738,0,"Others",FALSE,1,0
1795,"CD109",0.227318223051457,0.227318223051457,0,"Others",FALSE,1,0
1796,"CD200",0.226163875472238,0.226163875472238,0,"Others",FALSE,1,0
1797,"CD207",-0.114076861129613,-0.114076861129613,0,"Others",FALSE,1,0
1798,"CD300A",0.251447875361888,0.251447875361888,0,"Others",FALSE,1,0
1799,"CD58",0.225241350094217,0.225241350094217,0,"Others",FALSE,1,0
1800,"CD83",0.270358982231904,0.270358982231904,0,"Others",FALSE,1,0
1801,"CD84",0.359638965140543,0.359638965140543,0,"Others",FALSE,1,0
1802,"CD8A",0.115534009706167,0.115534009706167,0,"Others",FALSE,1,0
1803,"CD8B",-0.145162350864774,-0.145162350864774,0,"Others",FALSE,1,0
1804,"CD99L2",-0.232076951495592,-0.232076951495592,0,"Others",FALSE,1,0
1805,"CDC42EP4",0.160044375991817,0.160044375991817,0,"Others",FALSE,1,0
1806,"CDHR1",-0.122027949377413,-0.122027949377413,0,"Others",FALSE,1,0
1807,"CDK2.CCNA2",-0.0889722738849441,-0.0889722738849441,0,"Others",FALSE,1,0
1808,"CDK20",0.15839941793351,0.15839941793351,0,"Others",FALSE,1,0
1809,"CDK2AP1",-0.0996348610273283,-0.0996348610273283,0,"Others",FALSE,1,0
1810,"CDKN2C",-0.174027926863432,-0.174027926863432,0,"Others",FALSE,1,0
1811,"CDKN3",0.250263689232076,0.250263689232076,0,"Tau Phosphatases",FALSE,1,0
1812,"CDNF",0.249301661776664,0.249301661776664,0,"Others",FALSE,1,0
1813,"CDYL2",-0.126958433369552,-0.126958433369552,0,"Others",FALSE,1,0
1814,"CELA1",0.179414549932633,0.179414549932633,0,"Others",FALSE,1,0
1815,"CEMIP2",0.167845826558913,0.167845826558913,0,"Others",FALSE,1,0
1816,"CES3",0.427603116549488,0.427603116549488,0,"Others",FALSE,1,0
1817,"CETN3",-0.167560739483654,-0.167560739483654,0,"Others",FALSE,1,0
1818,"CETP",-0.169939771726227,-0.169939771726227,0,"Others",FALSE,1,0
1819,"CFAP45",0.198165290569408,0.198165290569408,0,"Others",FALSE,1,0
1820,"CFDP1",-0.174493617760036,-0.174493617760036,0,"Others",FALSE,1,0
1821,"CGGBP1",-0.104167491333344,-0.104167491333344,0,"Others",FALSE,1,0
1822,"CGREF1",0.110465233456083,0.110465233456083,0,"Others",FALSE,1,0
1823,"CHCHD10",0.2323274453218,0.2323274453218,0,"Others",FALSE,1,0
1824,"CHCHD7",0.308856153599505,0.308856153599505,0,"Others",FALSE,1,0
1825,"CHGA",0.272283258828099,0.272283258828099,0,"Others",FALSE,2,0
1826,"CHGB",0.110083884291301,0.110083884291301,0,"Others",FALSE,1,0
1827,"CHI3L2",-0.162532564765304,-0.162532564765304,0,"Others",FALSE,1,0
1828,"CHIT1",0.356757746009942,0.356757746009942,0,"Others",FALSE,1,0
1829,"CHKB",0.384346917018034,0.384346917018034,0,"Others",FALSE,1,0
1830,"CHMP1B",-0.218131297203669,-0.218131297203669,0,"Others",FALSE,1,0
1831,"CHMP4A",0.213281303324595,0.213281303324595,0,"Others",FALSE,1,0
1832,"CHN1",0.501430238252666,0.501430238252666,0,"Others",FALSE,1,0
1833,"CHP1",0.356473947704102,0.356473947704102,0,"Others",FALSE,1,0
1834,"CHRDL1",0.131511904480616,0.131511904480616,0,"Others",FALSE,1,0
1835,"CHRDL2",0.224245963778283,0.224245963778283,0,"Others",FALSE,1,0
1836,"CHST1",0.21175790342552,0.21175790342552,0,"Others",FALSE,1,0
1837,"CHST10",0.212335045751057,0.212335045751057,0,"Others",FALSE,1,0
1838,"CHST11",0.116176908413059,0.116176908413059,0,"Others",FALSE,1,0
1839,"CHST12",0.214014327989973,0.214014327989973,0,"Others",FALSE,1,0
1840,"CHST15",0.175465230519031,0.175465230519031,0,"Others",FALSE,2,0
1841,"CHST2",-0.195891607921455,-0.195891607921455,0,"Others",FALSE,1,0
1842,"CHST4",-0.195219223990319,-0.195219223990319,0,"Others",FALSE,1,0
1843,"CHST6",-0.140596583971304,-0.140596583971304,0,"Others",FALSE,1,0
1844,"CHST9",0.0976819407113132,0.0976819407113132,0,"Others",FALSE,1,0
1845,"CHTF8",-0.194834078182594,-0.194834078182594,0,"Others",FALSE,1,0
1846,"CIB1",0.195354020177228,0.195354020177228,0,"Others",FALSE,1,0
1847,"CILP",0.141288090769157,0.141288090769157,0,"Others",FALSE,1,0
1848,"CINP",0.234085525566941,0.234085525566941,0,"Others",FALSE,1,0
1849,"CISD1",0.387049268771615,0.387049268771615,0,"Others",FALSE,1,0
1850,"CKMT1A",0.383938781008674,0.383938781008674,0,"Others",FALSE,1,0
1851,"CLCA1",-0.209326120163619,-0.209326120163619,0,"Others",FALSE,1,0
1852,"CLCA2",0.150596718094214,0.150596718094214,0,"Others",FALSE,1,0
1853,"CLEC11A",0.182833520734122,0.182833520734122,0,"Others",FALSE,2,0
1854,"CLEC3B",0.1932366675181,0.1932366675181,0,"Others",FALSE,1,0
1855,"CLEC4D",0.25806115762613,0.25806115762613,0,"Others",FALSE,1,0
1856,"CLEC9A",0.140747206766613,0.140747206766613,0,"Others",FALSE,1,0
1857,"CLIC3",-0.0942535817057405,-0.0942535817057405,0,"Others",FALSE,1,0
1858,"CLIC4",0.260820496551391,0.260820496551391,0,"Others",FALSE,2,0
1859,"CLINT1",0.44109288438472,0.44109288438472,0,"Others",FALSE,1,0
1860,"CLN5",-0.0165558586337251,-0.0165558586337251,0,"Others",FALSE,2,0
1861,"CLNK",-0.104134656455166,-0.104134656455166,0,"Others",FALSE,1,0
1862,"CLUAP1",0.144978624332396,0.144978624332396,0,"Others",FALSE,1,0
1863,"CLYBL",-0.177499886428347,-0.177499886428347,0,"Others",FALSE,1,0
1864,"CMA1",-0.228318358069534,-0.228318358069534,0,"Others",FALSE,1,0
1865,"CMC4",0.346292260243703,0.346292260243703,0,"Others",FALSE,1,0
1866,"CMIP",-0.208140609347169,-0.208140609347169,0,"Others",FALSE,1,0
1867,"CMPK1",-0.156156984494613,-0.156156984494613,0,"Others",FALSE,2,0
1868,"CNDP1",0.216549540241467,0.216549540241467,0,"Others",FALSE,1,0
1869,"CNDP2",-0.160168271714324,-0.160168271714324,0,"Others",FALSE,1,0
1870,"CNGA2",-0.0892377734967024,-0.0892377734967024,0,"Others",FALSE,1,0
1871,"CNN2",0.158750235483048,0.158750235483048,0,"Others",FALSE,1,0
1872,"CNOT1",0.33458194751653,0.33458194751653,0,"Others",FALSE,1,0
1873,"CNOT9",0.314614344889969,0.314614344889969,0,"Others",FALSE,1,0
1874,"CNPY3",0.282234976934004,0.282234976934004,0,"Others",FALSE,1,0
1875,"CNPY4",0.32364181660491,0.32364181660491,0,"Others",FALSE,1,0
1876,"CNRIP1",0.386861741121661,0.386861741121661,0,"Others",FALSE,1,0
1877,"CNTNAP5",0.167031755547213,0.167031755547213,0,"Others",FALSE,1,0
1878,"COA4",0.32715461284207,0.32715461284207,0,"Others",FALSE,1,0
1879,"COCH",0.139990297134807,0.139990297134807,0,"Others",FALSE,1,0
1880,"COG8",0.149610773484168,0.149610773484168,0,"Others",FALSE,1,0
1881,"COL15A1",0.128652958624192,0.128652958624192,0,"Others",FALSE,1,0
1882,"COL20A1",0.12292108293171,0.12292108293171,0,"Others",FALSE,1,0
1883,"COL25A1",-0.0902989516223056,-0.0902989516223056,0,"Others",FALSE,1,0
1884,"COL28A1",0.170153298303123,0.170153298303123,0,"Others",FALSE,1,0
1885,"COLEC12",0.161196813532561,0.161196813532561,0,"Others",FALSE,1,0
1886,"COMMD10",0.0985294095016431,0.0985294095016431,0,"Others",FALSE,1,0
1887,"COMMD7",-0.099476573771223,-0.099476573771223,0,"Others",FALSE,1,0
1888,"COMMD9",-0.214295029307283,-0.214295029307283,0,"Others",FALSE,1,0
1889,"COMT",0.167461744635087,0.167461744635087,0,"Others",FALSE,1,0
1890,"COPS2",0.107418395663651,0.107418395663651,0,"Others",FALSE,1,0
1891,"COQ10A",-0.0969982201293089,-0.0969982201293089,0,"Others",FALSE,1,0
1892,"COQ6",0.158037924474495,0.158037924474495,0,"Others",FALSE,1,0
1893,"COQ7",-0.302462843273909,-0.302462843273909,0,"Others",FALSE,1,0
1894,"COQ9",-0.0920698697562067,-0.0920698697562067,0,"Others",FALSE,1,0
1895,"COTL1",0.118554907767786,0.118554907767786,0,"Others",FALSE,1,0
1896,"COX5A",0.373024136030108,0.373024136030108,0,"Others",FALSE,1,0
1897,"COX6C",-0.177278934415698,-0.177278934415698,0,"Others",FALSE,1,0
1898,"CP",-0.110173165809174,-0.110173165809174,0,"Others",FALSE,1,0
1899,"CPB1",0.268708916085939,0.268708916085939,0,"Others",FALSE,2,0
1900,"CPB2",-0.0911278802804227,-0.0911278802804227,0,"Others",FALSE,1,0
1901,"CPD",0.240337640702894,0.240337640702894,0,"Others",FALSE,1,0
1902,"CPLX1",0.41467767321737,0.41467767321737,0,"Others",FALSE,1,0
1903,"CPLX2",0.436510564137683,0.436510564137683,0,"Others",FALSE,1,0
1904,"CPLX3",0.253674267344789,0.253674267344789,0,"Others",FALSE,1,0
1905,"CPN1",-0.153644202208292,-0.153644202208292,0,"Others",FALSE,1,0
1906,"CPNE1",0.155201194688766,0.155201194688766,0,"Others",FALSE,1,0
1907,"CPPED1",0.198602685573762,0.198602685573762,0,"Others",FALSE,1,0
1908,"CPQ",0.0908914830218369,0.0908914830218369,0,"Others",FALSE,1,0
1909,"CPVL",0.216725812556031,0.216725812556031,0,"Others",FALSE,1,0
1910,"CRABP2",0.131181989283441,0.131181989283441,0,"Others",FALSE,1,0
1911,"CRADD",0.190611651330425,0.190611651330425,0,"Others",FALSE,1,0
1912,"CREB3L4",0.164471829056487,0.164471829056487,0,"Others",FALSE,1,0
1913,"CRELD1",0.211440206012277,0.211440206012277,0,"Others",FALSE,1,0
1914,"CRHBP",-0.120267539446621,-0.120267539446621,0,"Others",FALSE,1,0
1915,"CRIM1",0.356372507583163,0.356372507583163,0,"Others",FALSE,2,0
1916,"CRIP1",0.18907246991908,0.18907246991908,0,"Others",FALSE,1,0
1917,"CRIPT",-0.19115646415459,-0.19115646415459,0,"Others",FALSE,1,0
1918,"CRISPLD2",-0.132488374847605,-0.132488374847605,0,"Others",FALSE,1,0
1919,"CRLF3",0.272241977376565,0.272241977376565,0,"Others",FALSE,1,0
1920,"CRNN",0.203599688513685,0.203599688513685,0,"Others",FALSE,1,0
1921,"CRPPA",0.168869885574141,0.168869885574141,0,"Others",FALSE,1,0
1922,"CRTAC1",0.196571765560318,0.196571765560318,0,"Others",FALSE,1,0
1923,"CRYBB1",0.267604977319559,0.267604977319559,0,"Others",FALSE,1,0
1924,"CRYGD",0.156079566581773,0.156079566581773,0,"Others",FALSE,1,0
1925,"CRYGS",0.258016401894563,0.258016401894563,0,"Others",FALSE,1,0
1926,"CRYL1",0.117541157369842,0.117541157369842,0,"Others",FALSE,1,0
1927,"CS084",-0.0899139587226692,-0.0899139587226692,0,"Others",FALSE,1,0
1928,"CSAG1",-0.089238489007161,-0.089238489007161,0,"Others",FALSE,1,0
1929,"CSDE1",-0.0884180177662822,-0.0884180177662822,0,"Others",FALSE,1,0
1930,"CSH1.CSH2",0.126034438002677,0.126034438002677,0,"Others",FALSE,1,0
1931,"CSMD2",0.295447634442603,0.295447634442603,0,"Others",FALSE,1,0
1932,"CSNK2A1.CSNK2B",-0.148377335710071,-0.148377335710071,0,"Others",FALSE,1,0
1933,"CSNK2A2.CSNK2B",-0.20253682738543,-0.20253682738543,0,"Others",FALSE,1,0
1934,"CSRP2",0.114862535934263,0.114862535934263,0,"Others",FALSE,1,0
1935,"CSRP3",0.388258533905104,0.388258533905104,0,"Others",FALSE,1,0
1936,"CST4",0.141628197143473,0.141628197143473,0,"Others",FALSE,1,0
1937,"CST6",0.187168286863097,0.187168286863097,0,"Others",FALSE,2,0
1938,"CST7",-0.152798456952858,-0.152798456952858,0,"Others",FALSE,1,0
1939,"CST8",0.201516286259097,0.201516286259097,0,"Others",FALSE,1,0
1940,"CSTB",0.347238973296935,0.347238973296935,0,"Others",FALSE,1,0
1941,"CSTF1",-0.137601662354954,-0.137601662354954,0,"Others",FALSE,1,0
1942,"CT45A1",-0.100155892309013,-0.100155892309013,0,"Others",FALSE,1,0
1943,"CT83",-0.178324628295508,-0.178324628295508,0,"Others",FALSE,1,0
1944,"CTH",-0.0969270416981339,-0.0969270416981339,0,"Others",FALSE,1,0
1945,"CTRB2",-0.0944263525161844,-0.0944263525161844,0,"Others",FALSE,1,0
1946,"CTRL",-0.141690241448998,-0.141690241448998,0,"Others",FALSE,1,0
1947,"CTSO",0.148673102245536,0.148673102245536,0,"Others",FALSE,1,0
1948,"CTSZ",0.100616608320082,0.100616608320082,0,"Others",FALSE,1,0
1949,"CUL4B",0.248882418130664,0.248882418130664,0,"Others",FALSE,1,0
1950,"CUTA",0.196322115223897,0.196322115223897,0,"Others",FALSE,1,0
1951,"CUTC",-0.186046366028375,-0.186046366028375,0,"Others",FALSE,1,0
1952,"CUZD1",0.145985539886342,0.145985539886342,0,"Others",FALSE,1,0
1953,"CWF19L1",-0.111160392770315,-0.111160392770315,0,"Others",FALSE,1,0
1954,"CXCL14",-0.173314082577462,-0.173314082577462,0,"Others",FALSE,1,0
1955,"CXCL16",0.325243946609494,0.325243946609494,0,"Others",FALSE,1,0
1956,"CXCL6",-0.110353747398985,-0.110353747398985,0,"Others",FALSE,1,0
1957,"CYB561D1",-0.10649103549615,-0.10649103549615,0,"Others",FALSE,1,0
1958,"CYB5A",0.174817872020202,0.174817872020202,0,"Others",FALSE,1,0
1959,"CYB5D2",0.209915540853376,0.209915540853376,0,"Others",FALSE,1,0
1960,"CYB5R3",-0.168752003703438,-0.168752003703438,0,"Others",FALSE,1,0
1961,"CYBC1",0.209830057408454,0.209830057408454,0,"Others",FALSE,1,0
1962,"CYP3A4",0.186017232068108,0.186017232068108,0,"Others",FALSE,1,0
1963,"CYRIA",-0.102648253271496,-0.102648253271496,0,"Others",FALSE,1,0
1964,"CYRIB",0.356011152443331,0.356011152443331,0,"Others",FALSE,1,0
1965,"CYSRT1",0.111620765081449,0.111620765081449,0,"Others",FALSE,1,0
1966,"CYTH4",0.0976123874293973,0.0976123874293973,0,"Others",FALSE,1,0
1967,"DAP",-0.195366255585673,-0.195366255585673,0,"Others",FALSE,1,0
1968,"DARS2",-0.102113282103141,-0.102113282103141,0,"Others",FALSE,1,0
1969,"DBI",0.256066685566668,0.256066685566668,0,"Others",FALSE,1,0
1970,"DBNDD1",0.197721952177038,0.197721952177038,0,"Others",FALSE,1,0
1971,"DBNDD2",0.292056336085599,0.292056336085599,0,"Others",FALSE,1,0
1972,"DBT",-0.131955320478331,-0.131955320478331,0,"Others",FALSE,1,0
1973,"DCBLD1",-0.108653895503989,-0.108653895503989,0,"Others",FALSE,1,0
1974,"DCK",-0.161540862413846,-0.161540862413846,0,"Others",FALSE,1,0
1975,"DCPS",0.11837517872908,0.11837517872908,0,"Others",FALSE,1,0
1976,"DCTD",0.13347472869462,0.13347472869462,0,"Others",FALSE,1,0
1977,"DCTPP1",0.13786806508875,0.13786806508875,0,"Others",FALSE,1,0
1978,"DCUN1D1",0.148064969300312,0.148064969300312,0,"Others",FALSE,1,0
1979,"DCUN1D3",0.102764049332742,0.102764049332742,0,"Others",FALSE,1,0
1980,"DDAH1",0.496329345983801,0.496329345983801,0,"Others",FALSE,1,0
1981,"DDHD2",0.292734667828077,0.292734667828077,0,"Others",FALSE,1,0
1982,"DDOST",0.269022688806789,0.269022688806789,0,"Others",FALSE,1,0
1983,"DDRGK1",0.280485624523231,0.280485624523231,0,"Others",FALSE,1,0
1984,"DDX1",-0.113998063376583,-0.113998063376583,0,"Others",FALSE,1,0
1985,"DDX19A",-0.157702884583778,-0.157702884583778,0,"Others",FALSE,1,0
1986,"DEFA1",-0.189786163208259,-0.189786163208259,0,"Others",FALSE,1,0
1987,"DEFA3",-0.117039113172535,-0.117039113172535,0,"Others",FALSE,1,0
1988,"DEFA5",-0.20583740101545,-0.20583740101545,0,"Others",FALSE,1,0
1989,"DEFB110",-0.139875050487383,-0.139875050487383,0,"Others",FALSE,1,0
1990,"DEFB115",-0.115890613409132,-0.115890613409132,0,"Others",FALSE,1,0
1991,"DEFB125",-0.11238348513983,-0.11238348513983,0,"Others",FALSE,1,0
1992,"DEFB129",-0.139771367983773,-0.139771367983773,0,"Others",FALSE,1,0
1993,"DENND10",0.218457230141285,0.218457230141285,0,"Others",FALSE,1,0
1994,"DEPP1",-0.136472112308984,-0.136472112308984,0,"Others",FALSE,1,0
1995,"DFFA",0.178567618187816,0.178567618187816,0,"Others",FALSE,1,0
1996,"DGKB",0.115335193064071,0.115335193064071,0,"Others",FALSE,1,0
1997,"DHRS3",0.136101925727897,0.136101925727897,0,"Others",FALSE,1,0
1998,"DHRS9",0.162777661753449,0.162777661753449,0,"Others",FALSE,1,0
1999,"DHX8",-0.243906481856829,-0.243906481856829,0,"Others",FALSE,1,0
2000,"DIRAS3",0.0914618972498768,0.0914618972498768,0,"Others",FALSE,1,0
2001,"DKKL1",-0.134568083224555,-0.134568083224555,0,"Others",FALSE,1,0
2002,"DLAT",0.096276675084912,0.096276675084912,0,"Others",FALSE,1,0
2003,"DLD",0.300374629438688,0.300374629438688,0,"Others",FALSE,2,0
2004,"DMBT1",-0.124822800698119,-0.124822800698119,0,"Others",FALSE,1,0
2005,"DMKN",0.108654919247733,0.108654919247733,0,"Others",FALSE,1,0
2006,"DNAI1",-0.0956389785577646,-0.0956389785577646,0,"Others",FALSE,1,0
2007,"DNAJA2",0.118050260207992,0.118050260207992,0,"Tau Folding/Stability",FALSE,1,0
2008,"DNAJB14",0.362288573970881,0.362288573970881,0,"Others",FALSE,1,0
2009,"DNAJB8",0.428021121955859,0.428021121955859,0,"Others",FALSE,1,0
2010,"DNAJB9",0.452588849778836,0.452588849778836,0,"Others",FALSE,1,0
2011,"DNAJC10",0.169601767310947,0.169601767310947,0,"Others",FALSE,1,0
2012,"DNAJC15",-0.118707726974455,-0.118707726974455,0,"Others",FALSE,1,0
2013,"DNAJC17",-0.238253612711839,-0.238253612711839,0,"Others",FALSE,1,0
2014,"DNAJC18",0.211204995452422,0.211204995452422,0,"Others",FALSE,1,0
2015,"DNAJC19",-0.23050695621155,-0.23050695621155,0,"Others",FALSE,1,0
2016,"DNAJC27",0.172944231281166,0.172944231281166,0,"Others",FALSE,1,0
2017,"DNAJC5B",0.430138809557216,0.430138809557216,0,"Others",FALSE,1,0
2018,"DNASE1L2",0.194718921059013,0.194718921059013,0,"Others",FALSE,1,0
2019,"DNASE2B",0.0897280400301198,0.0897280400301198,0,"Others",FALSE,1,0
2020,"DNPEP",-0.0933029885706405,-0.0933029885706405,0,"Others",FALSE,1,0
2021,"DNPH1",-0.170020278714708,-0.170020278714708,0,"Others",FALSE,1,0
2022,"DOT1L",0.185456393001488,0.185456393001488,0,"Others",FALSE,1,0
2023,"DPEP2",0.207314133944123,0.207314133944123,0,"Others",FALSE,1,0
2024,"DPH7",0.112684270875661,0.112684270875661,0,"Others",FALSE,1,0
2025,"DPY30",0.283282784703966,0.283282784703966,0,"Others",FALSE,1,0
2026,"DRAP1",-0.227791931916587,-0.227791931916587,0,"Others",FALSE,1,0
2027,"DSTN",0.20818411717844,0.20818411717844,0,"Others",FALSE,2,0
2028,"DTD2",0.314942945007595,0.314942945007595,0,"Others",FALSE,1,0
2029,"DTNA",0.207488173490767,0.207488173490767,0,"Others",FALSE,2,0
2030,"DTX3L",-0.23521410829988,-0.23521410829988,0,"Others",FALSE,1,0
2031,"DUSP13",-0.125532250732628,-0.125532250732628,0,"Others",FALSE,1,0
2032,"DUSP21",0.186254223861434,0.186254223861434,0,"Others",FALSE,1,0
2033,"DYNLL2",0.352637746497365,0.352637746497365,0,"Cytoskeleton / Axonal Transport",FALSE,1,0
2034,"DYNLRB2",0.224621735579762,0.224621735579762,0,"Others",FALSE,1,0
2035,"ECH1",0.0939582162616418,0.0939582162616418,0,"Others",FALSE,1,0
2036,"ECI1",0.214945413484141,0.214945413484141,0,"Others",FALSE,1,0
2037,"ECM1",0.173434778164642,0.173434778164642,0,"Others",FALSE,1,0
2038,"ECRG4",-0.145773788920994,-0.145773788920994,0,"Others",FALSE,1,0
2039,"EDDM3A",0.09337971070829,0.09337971070829,0,"Others",FALSE,1,0
2040,"EDDM3B",-0.0972075216686793,-0.0972075216686793,0,"Others",FALSE,1,0
2041,"EDF1",-0.177911145764754,-0.177911145764754,0,"Others",FALSE,1,0
2042,"EED",-0.0968274541352876,-0.0968274541352876,0,"Others",FALSE,1,0
2043,"EEF1E1",-0.0993124115370277,-0.0993124115370277,0,"Others",FALSE,1,0
2044,"EEF1G",-0.148024775591274,-0.148024775591274,0,"Others",FALSE,1,0
2045,"EFCAB14",0.186854996788207,0.186854996788207,0,"Others",FALSE,1,0
2046,"EFHD1",0.261355707291134,0.261355707291134,0,"Others",FALSE,1,0
2047,"EFHD2",0.467187421257338,0.467187421257338,0,"Others",FALSE,1,0
2048,"EGFL6",0.151283379277449,0.151283379277449,0,"Others",FALSE,1,0
2049,"EGFLAM",0.157739672197451,0.157739672197451,0,"Others",FALSE,1,0
2050,"EHBP1",0.110379313272068,0.110379313272068,0,"Others",FALSE,1,0
2051,"EHD2",0.213775269398689,0.213775269398689,0,"Others",FALSE,1,0
2052,"EHD3",0.429453912624684,0.429453912624684,0,"Others",FALSE,1,0
2053,"EIF1AD",0.188093955798379,0.188093955798379,0,"Others",FALSE,1,0
2054,"EIF2A",-0.0937949600223965,-0.0937949600223965,0,"Others",FALSE,1,0
2055,"EIF3M",0.125164024199802,0.125164024199802,0,"Others",FALSE,1,0
2056,"EIF4A2",0.208244649154633,0.208244649154633,0,"Others",FALSE,2,0
2057,"EIF4A3",-0.134337353244177,-0.134337353244177,0,"Others",FALSE,1,0
2058,"EIF4EBP2",0.290896511678209,0.290896511678209,0,"Others",FALSE,1,0
2059,"EIF4EBP3",0.123968108736248,0.123968108736248,0,"Others",FALSE,1,0
2060,"ELAC1",-0.0989283141520813,-0.0989283141520813,0,"Others",FALSE,1,0
2061,"ELAPOR1",0.172698946586955,0.172698946586955,0,"Others",FALSE,1,0
2062,"ELFN2",0.242541835639371,0.242541835639371,0,"Others",FALSE,1,0
2063,"ELL2",-0.160254517827072,-0.160254517827072,0,"Others",FALSE,1,0
2064,"ELL3",0.104808117321543,0.104808117321543,0,"Others",FALSE,1,0
2065,"EMC10",0.32445280332481,0.32445280332481,0,"Others",FALSE,1,0
2066,"EMC4",0.223965069623357,0.223965069623357,0,"Others",FALSE,1,0
2067,"EMILIN3",0.0960834498134495,0.0960834498134495,0,"Others",FALSE,1,0
2068,"EML2",-0.190695806027805,-0.190695806027805,0,"Others",FALSE,1,0
2069,"ENDOU",0.121499343498839,0.121499343498839,0,"Others",FALSE,1,0
2070,"ENO2",0.327486381549059,0.327486381549059,0,"Metabolism",FALSE,2,0
2071,"ENO3",0.101196210720307,0.101196210720307,0,"Others",FALSE,1,0
2072,"ENPP2",-0.136926774534723,-0.136926774534723,0,"Others",FALSE,1,0
2073,"ENPP5",0.275451678488351,0.275451678488351,0,"Others",FALSE,1,0
2074,"ENPP6",0.105762692759955,0.105762692759955,0,"Others",FALSE,1,0
2075,"ENSA",-0.107057265548464,-0.107057265548464,0,"Others",FALSE,1,0
2076,"ENTPD1",0.27636506174389,0.27636506174389,0,"Others",FALSE,2,0
2077,"ENTPD5",-0.160327807023027,-0.160327807023027,0,"Others",FALSE,1,0
2078,"ENTPD6",0.217654413429095,0.217654413429095,0,"Others",FALSE,1,0
2079,"EOLA1",0.131783490153191,0.131783490153191,0,"Others",FALSE,1,0
2080,"ERAP2",0.134748338795436,0.134748338795436,0,"Others",FALSE,1,0
2081,"ERLEC1",0.298909593956735,0.298909593956735,0,"Others",FALSE,1,0
2082,"ESD",0.22727776660443,0.22727776660443,0,"Others",FALSE,1,0
2083,"ESPN",0.199782617692683,0.199782617692683,0,"Others",FALSE,1,0
2084,"ESS2",-0.130289816325015,-0.130289816325015,0,"Others",FALSE,1,0
2085,"ETFA",-0.0908280420073353,-0.0908280420073353,0,"Others",FALSE,1,0
2086,"ETNK2",0.0989093735600337,0.0989093735600337,0,"Others",FALSE,1,0
2087,"ETV2",-0.1633867533815,-0.1633867533815,0,"Others",FALSE,1,0
2088,"ETV4",-0.118240163085622,-0.118240163085622,0,"Others",FALSE,1,0
2089,"EVA1C",0.166319818829579,0.166319818829579,0,"Others",FALSE,2,0
2090,"EXOSC5",-0.191980048733539,-0.191980048733539,0,"Others",FALSE,1,0
2091,"EXOSC8",-0.0985532153068132,-0.0985532153068132,0,"Others",FALSE,1,0
2092,"EXTL2",0.141244797679261,0.141244797679261,0,"Others",FALSE,1,0
2093,"EYA2",0.32160379521199,0.32160379521199,0,"Others",FALSE,1,0
2094,"FAAH2",0.184518937135921,0.184518937135921,0,"Others",FALSE,1,0
2095,"FABP1",-0.17501984689904,-0.17501984689904,0,"Others",FALSE,1,0
2096,"FABP9",0.0961967959630093,0.0961967959630093,0,"Others",FALSE,1,0
2097,"FAF2",0.442034275591582,0.442034275591582,0,"Others",FALSE,1,0
2098,"FAH",0.109099676429322,0.109099676429322,0,"Others",FALSE,1,0
2099,"FAHD1",0.129172597322039,0.129172597322039,0,"Others",FALSE,1,0
2100,"FAHD2A",0.182204909143586,0.182204909143586,0,"Others",FALSE,1,0
2101,"FAM110A",-0.147063875188388,-0.147063875188388,0,"Others",FALSE,1,0
2102,"FAM151A",-0.0921539551133521,-0.0921539551133521,0,"Others",FALSE,1,0
2103,"FAM163B",0.242520824145971,0.242520824145971,0,"Others",FALSE,1,0
2104,"FAM171A1",0.128135871685562,0.128135871685562,0,"Others",FALSE,1,0
2105,"FAM171B",0.17602606589954,0.17602606589954,0,"Others",FALSE,2,0
2106,"FAM177A1",0.219776799925414,0.219776799925414,0,"Others",FALSE,1,0
2107,"FAM189A2",0.0975477052959292,0.0975477052959292,0,"Others",FALSE,2,0
2108,"FAM209B",0.173067782413858,0.173067782413858,0,"Others",FALSE,1,0
2109,"FAM20B",0.270516708738571,0.270516708738571,0,"Others",FALSE,1,0
2110,"FAM219B",0.197562102831747,0.197562102831747,0,"Others",FALSE,1,0
2111,"FAM221A",0.260750597558393,0.260750597558393,0,"Others",FALSE,1,0
2112,"FAM234B",0.235478038095186,0.235478038095186,0,"Others",FALSE,1,0
2113,"FAM241B",0.199423304628182,0.199423304628182,0,"Others",FALSE,1,0
2114,"FAM3A",-0.098934029915301,-0.098934029915301,0,"Others",FALSE,1,0
2115,"FAM86B1",0.227642185836176,0.227642185836176,0,"Others",FALSE,1,0
2116,"FAM9B",0.198040440609139,0.198040440609139,0,"Others",FALSE,1,0
2117,"FARS2",-0.272645696883664,-0.272645696883664,0,"Others",FALSE,1,0
2118,"FATE1",-0.097928100029487,-0.097928100029487,0,"Others",FALSE,1,0
2119,"FBL",-0.103427845190519,-0.103427845190519,0,"Others",FALSE,1,0
2120,"FBLN5",0.262790805071525,0.262790805071525,0,"Others",FALSE,2,0
2121,"FBLN7",0.303602528480812,0.303602528480812,0,"Others",FALSE,1,0
2122,"FBP2",-0.198032059735294,-0.198032059735294,0,"Others",FALSE,1,0
2123,"FBXL5",0.0917275968953179,0.0917275968953179,0,"Others",FALSE,1,0
2124,"FBXO28",-0.100577463488412,-0.100577463488412,0,"Others",FALSE,1,0
2125,"FBXO48",0.119667714999388,0.119667714999388,0,"Others",FALSE,1,0
2126,"FCMR",0.185181174035771,0.185181174035771,0,"Others",FALSE,1,0
2127,"FCN1",-0.121076610084659,-0.121076610084659,0,"Others",FALSE,1,0
2128,"FCRL5",-0.177964856297556,-0.177964856297556,0,"Others",FALSE,1,0
2129,"FCRLB",0.13690047876091,0.13690047876091,0,"Others",FALSE,1,0
2130,"FDCSP",-0.110391533508585,-0.110391533508585,0,"Others",FALSE,1,0
2131,"FETUB",-0.0994763493810781,-0.0994763493810781,0,"Others",FALSE,1,0
2132,"FGD2",-0.156390027626693,-0.156390027626693,0,"Others",FALSE,1,0
2133,"FIBP",-0.266370290069947,-0.266370290069947,0,"Others",FALSE,1,0
2134,"FIS1",0.383333918678694,0.383333918678694,0,"Others",FALSE,1,0
2135,"FKBP14",0.217583290231764,0.217583290231764,0,"Others",FALSE,1,0
2136,"FKBP2",0.158127435297695,0.158127435297695,0,"Others",FALSE,1,0
2137,"FKBP7",0.257257973418195,0.257257973418195,0,"Others",FALSE,1,0
2138,"FN3K",0.131653547804038,0.131653547804038,0,"Others",FALSE,1,0
2139,"FNDC4",-0.138019174055997,-0.138019174055997,0,"Others",FALSE,1,0
2140,"FOLH1",0.0921905307148969,0.0921905307148969,0,"Others",FALSE,1,0
2141,"FOLR2",0.294636502630507,0.294636502630507,0,"Others",FALSE,1,0
2142,"FOLR3",0.161809186678162,0.161809186678162,0,"Others",FALSE,2,0
2143,"FOXP4",-0.230276337346165,-0.230276337346165,0,"Others",FALSE,1,0
2144,"FREM1",0.164003054912389,0.164003054912389,0,"Others",FALSE,1,0
2145,"FREM2",0.100718697047962,0.100718697047962,0,"Others",FALSE,1,0
2146,"FRZB",0.166221404911708,0.166221404911708,0,"Others",FALSE,2,0
2147,"FSCN1",0.312513227316516,0.312513227316516,0,"Others",FALSE,1,0
2148,"FSD1",0.157647503357031,0.157647503357031,0,"Others",FALSE,1,0
2149,"FSTL4",0.201877219428123,0.201877219428123,0,"Others",FALSE,1,0
2150,"FTH1",0.286006048979884,0.286006048979884,0,"Others",FALSE,1,0
2151,"FTH1.FTL",0.281872952280308,0.281872952280308,0,"Others",FALSE,1,0
2152,"FTHL17",-0.114682508783895,-0.114682508783895,0,"Others",FALSE,1,0
2153,"FTL",0.275942093761535,0.275942093761535,0,"Others",FALSE,1,0
2154,"FTMT",0.185344378156046,0.185344378156046,0,"Others",FALSE,1,0
2155,"FUCA1",0.111857332955048,0.111857332955048,0,"Others",FALSE,1,0
2156,"FUT10",0.239809563568516,0.239809563568516,0,"Others",FALSE,1,0
2157,"FUT2",0.232163975249286,0.232163975249286,0,"Others",FALSE,1,0
2158,"FUT3",-0.0972984375440701,-0.0972984375440701,0,"Others",FALSE,1,0
2159,"FUT5",0.18198169712255,0.18198169712255,0,"Others",FALSE,1,0
2160,"FUT8",0.196707220853324,0.196707220853324,0,"Others",FALSE,1,0
2161,"FZD10",0.115638828630275,0.115638828630275,0,"Others",FALSE,2,0
2162,"FZD9",0.243140859049724,0.243140859049724,0,"Others",FALSE,1,0
2163,"GABPB1",-0.0924106337855189,-0.0924106337855189,0,"Others",FALSE,1,0
2164,"GAGE12F",0.149230829769109,0.149230829769109,0,"Others",FALSE,1,0
2165,"GAGE2A",0.298477152796161,0.298477152796161,0,"Others",FALSE,1,0
2166,"GAGE2B",0.243641045682752,0.243641045682752,0,"Others",FALSE,1,0
2167,"GAGE2D",0.326976005526301,0.326976005526301,0,"Others",FALSE,2,0
2168,"GAL3ST1",-0.14134316052423,-0.14134316052423,0,"Others",FALSE,1,0
2169,"GALK1",-0.105766977254287,-0.105766977254287,0,"Others",FALSE,1,0
2170,"GALNS",0.101757326880771,0.101757326880771,0,"Others",FALSE,1,0
2171,"GALNT1",0.262388946470584,0.262388946470584,0,"Others",FALSE,1,0
2172,"GALNT10",0.227092814356025,0.227092814356025,0,"Others",FALSE,1,0
2173,"GALNT13",0.206895404309786,0.206895404309786,0,"Others",FALSE,1,0
2174,"GALNT14",0.155080833453532,0.155080833453532,0,"Others",FALSE,1,0
2175,"GALNT16",0.239108532096115,0.239108532096115,0,"Others",FALSE,1,0
2176,"GALNT2",0.1868818003383,0.1868818003383,0,"Others",FALSE,1,0
2177,"GALNT4",0.209688128460529,0.209688128460529,0,"Others",FALSE,1,0
2178,"GALNT9",0.132968655702605,0.132968655702605,0,"Others",FALSE,1,0
2179,"GARS1",0.432484627970692,0.432484627970692,0,"Others",FALSE,1,0
2180,"GAS1",0.232986853745167,0.232986853745167,0,"Others",FALSE,1,0
2181,"GAS2",0.0992301005543423,0.0992301005543423,0,"Others",FALSE,1,0
2182,"GAS7",0.489439128911444,0.489439128911444,0,"Others",FALSE,1,0
2183,"GATAD1",0.129508159720587,0.129508159720587,0,"Others",FALSE,1,0
2184,"GBA",0.137533591127451,0.137533591127451,0,"Others",FALSE,1,0
2185,"GBP1",0.112673238719399,0.112673238719399,0,"Others",FALSE,1,0
2186,"GBP2",0.102838653791334,0.102838653791334,0,"Others",FALSE,1,0
2187,"GBP5",-0.160350022243904,-0.160350022243904,0,"Others",FALSE,1,0
2188,"GBP6",0.17506913856657,0.17506913856657,0,"Others",FALSE,1,0
2189,"GCA",-0.1554792494201,-0.1554792494201,0,"Others",FALSE,1,0
2190,"GCHFR",0.297522302829237,0.297522302829237,0,"Others",FALSE,1,0
2191,"GCLM",0.146831050666492,0.146831050666492,0,"Others",FALSE,1,0
2192,"GCSH",-0.132240315875785,-0.132240315875785,0,"Others",FALSE,1,0
2193,"GDA",0.3879185804025,0.3879185804025,0,"Others",FALSE,1,0
2194,"GDAP1L1",0.153014653463602,0.153014653463602,0,"Others",FALSE,1,0
2195,"GDF11.MSTN",0.278867663019773,0.278867663019773,0,"Others",FALSE,1,0
2196,"GDI1",0.30756986051519,0.30756986051519,0,"Others",FALSE,2,0
2197,"GDI2",0.326021478983945,0.326021478983945,0,"Others",FALSE,1,0
2198,"GEMIN7",-0.187584969423222,-0.187584969423222,0,"Others",FALSE,1,0
2199,"GET3",-0.221748979801292,-0.221748979801292,0,"Others",FALSE,1,0
2200,"GFER",0.350649282187399,0.350649282187399,0,"Others",FALSE,1,0
2201,"GGA3",0.322801888501045,0.322801888501045,0,"Others",FALSE,1,0
2202,"GGCT",0.499414550731006,0.499414550731006,0,"Others",FALSE,1,0
2203,"GGH",0.091467580013089,0.091467580013089,0,"Others",FALSE,1,0
2204,"GGPS1",-0.101177406615319,-0.101177406615319,0,"Others",FALSE,1,0
2205,"GGT2",0.259185809656198,0.259185809656198,0,"Others",FALSE,1,0
2206,"GGT5",0.196882394680612,0.196882394680612,0,"Others",FALSE,1,0
2207,"GHRH",0.124691092402941,0.124691092402941,0,"Others",FALSE,1,0
2208,"GID8",-0.10746881071221,-0.10746881071221,0,"Others",FALSE,1,0
2209,"GJD2",0.172004581121612,0.172004581121612,0,"Others",FALSE,1,0
2210,"GK5",-0.107596480062542,-0.107596480062542,0,"Others",FALSE,1,0
2211,"GLCE",0.133136498507825,0.133136498507825,0,"Others",FALSE,1,0
2212,"GLDN",0.180492667830883,0.180492667830883,0,"Others",FALSE,1,0
2213,"GLIPR1",0.311409586447908,0.311409586447908,0,"Others",FALSE,1,0
2214,"GLRX2",0.326104522589467,0.326104522589467,0,"Others",FALSE,1,0
2215,"GLRX3",0.119004895068913,0.119004895068913,0,"Others",FALSE,1,0
2216,"GLT8D1",0.151171835635491,0.151171835635491,0,"Others",FALSE,1,0
2217,"GLT8D2",0.124386673756572,0.124386673756572,0,"Others",FALSE,1,0
2218,"GLUL",0.404033140178452,0.404033140178452,0,"Others",FALSE,1,0
2219,"GM2A",0.250907485685211,0.250907485685211,0,"Others",FALSE,1,0
2220,"GMDS",0.107439231249506,0.107439231249506,0,"Others",FALSE,1,0
2221,"GMEB2",-0.212311044824484,-0.212311044824484,0,"Others",FALSE,1,0
2222,"GMFG",0.270676283147308,0.270676283147308,0,"Others",FALSE,1,0
2223,"GMPR",-0.10608431716114,-0.10608431716114,0,"Others",FALSE,1,0
2224,"GNAS.GNAS",-0.192466080393667,-0.192466080393667,0,"Others",FALSE,1,0
2225,"GNE",0.102772616257923,0.102772616257923,0,"Others",FALSE,1,0
2226,"GNLY",0.125126939287941,0.125126939287941,0,"Others",FALSE,2,0
2227,"GNPNAT1",0.252854057642833,0.252854057642833,0,"Others",FALSE,1,0
2228,"GNPTG",0.203464154112306,0.203464154112306,0,"Others",FALSE,1,0
2229,"GNRH2",0.125475248802006,0.125475248802006,0,"Others",FALSE,1,0
2230,"GOLM1",0.288909674946511,0.288909674946511,0,"Others",FALSE,2,0
2231,"GOLM2",0.301313861018424,0.301313861018424,0,"Others",FALSE,2,0
2232,"GOLPH3L",-0.14562372259177,-0.14562372259177,0,"Others",FALSE,1,0
2233,"GOT2",0.355964152625466,0.355964152625466,0,"Others",FALSE,2,0
2234,"GPC2",0.27327535630671,0.27327535630671,0,"Others",FALSE,1,0
2235,"GPCPD1",0.244905503340265,0.244905503340265,0,"Others",FALSE,1,0
2236,"GPT",0.240957151136513,0.240957151136513,0,"Others",FALSE,1,0
2237,"GRHPR",0.121338799054662,0.121338799054662,0,"Others",FALSE,1,0
2238,"GSC2",0.149734825488959,0.149734825488959,0,"Others",FALSE,1,0
2239,"GSPT2",-0.161633320128147,-0.161633320128147,0,"Others",FALSE,1,0
2240,"GSR",0.475068683150027,0.475068683150027,0,"Others",FALSE,1,0
2241,"GSS",0.439007402400601,0.439007402400601,0,"Others",FALSE,1,0
2242,"GSTK1",0.0967216216074934,0.0967216216074934,0,"Others",FALSE,1,0
2243,"GSTT2B",0.187361771730746,0.187361771730746,0,"Others",FALSE,1,0
2244,"GSTZ1",0.102648576820676,0.102648576820676,0,"Others",FALSE,1,0
2245,"GTF2E2",-0.155021851722602,-0.155021851722602,0,"Others",FALSE,1,0
2246,"GTPBP10",-0.144112207477217,-0.144112207477217,0,"Others",FALSE,1,0
2247,"GUK1",0.362094176507617,0.362094176507617,0,"Others",FALSE,1,0
2248,"GUSB",0.0928265596708553,0.0928265596708553,0,"Others",FALSE,1,0
2249,"H1.2",-0.218114229888021,-0.218114229888021,0,"Others",FALSE,1,0
2250,"H2AC11",-0.0987162144814337,-0.0987162144814337,0,"Others",FALSE,1,0
2251,"H2AW",-0.103537988884592,-0.103537988884592,0,"Others",FALSE,1,0
2252,"H2BU1",-0.095980655188954,-0.095980655188954,0,"Others",FALSE,1,0
2253,"H6PD",0.0919878236707269,0.0919878236707269,0,"Others",FALSE,1,0
2254,"HAAO",0.141917419122117,0.141917419122117,0,"Others",FALSE,1,0
2255,"HAGH",0.455036192373677,0.455036192373677,0,"Others",FALSE,1,0
2256,"HAGHL",0.500980071839468,0.500980071839468,0,"Others",FALSE,1,0
2257,"HAPLN4",0.253384383598829,0.253384383598829,0,"Others",FALSE,1,0
2258,"HARS1",0.195784804470257,0.195784804470257,0,"Others",FALSE,1,0
2259,"HAT1",-0.107238623701974,-0.107238623701974,0,"Others",FALSE,1,0
2260,"HAX1",0.420092840868366,0.420092840868366,0,"Others",FALSE,1,0
2261,"HBE1",0.232097190998359,0.232097190998359,0,"Others",FALSE,1,0
2262,"HBQ1",0.147684650688289,0.147684650688289,0,"Others",FALSE,1,0
2263,"HCAR2",-0.171160373879186,-0.171160373879186,0,"Others",FALSE,1,0
2264,"HCCS",-0.0948721773333131,-0.0948721773333131,0,"Others",FALSE,1,0
2265,"HDHD2",0.260322585655967,0.260322585655967,0,"Others",FALSE,1,0
2266,"HEBP1",0.249717133798904,0.249717133798904,0,"Others",FALSE,1,0
2267,"HENMT1",0.234458858380266,0.234458858380266,0,"Others",FALSE,1,0
2268,"HEPACAM2",0.132150197917848,0.132150197917848,0,"Others",FALSE,2,0
2269,"HERC4",0.0904595947166255,0.0904595947166255,0,"Others",FALSE,1,0
2270,"HERC5",0.222880358633824,0.222880358633824,0,"Others",FALSE,1,0
2271,"HERPUD2",0.105324867782429,0.105324867782429,0,"Others",FALSE,1,0
2272,"HEXA",0.0916634508673204,0.0916634508673204,0,"Others",FALSE,1,0
2273,"HEXB",0.138594536156706,0.138594536156706,0,"Others",FALSE,2,0
2274,"HIBCH",0.174871847701619,0.174871847701619,0,"Others",FALSE,1,0
2275,"HIKESHI",-0.0918262824800446,-0.0918262824800446,0,"Others",FALSE,1,0
2276,"HINT2",-0.0940553804214967,-0.0940553804214967,0,"Others",FALSE,1,0
2277,"HLA.C",0.0967384953341335,0.0967384953341335,0,"Others",FALSE,1,0
2278,"HLA.DQA2",0.117603132318548,0.117603132318548,0,"Others",FALSE,1,0
2279,"HLA.DRB3",0.132199472423957,0.132199472423957,0,"Others",FALSE,1,0
2280,"HLA.G",0.226691862855553,0.226691862855553,0,"Others",FALSE,1,0
2281,"HLF",0.177405561852185,0.177405561852185,0,"Others",FALSE,1,0
2282,"HMBS",0.167348677246074,0.167348677246074,0,"Others",FALSE,1,0
2283,"HMGA2",-0.220604177237767,-0.220604177237767,0,"Others",FALSE,1,0
2284,"HMGB3",-0.199982131925796,-0.199982131925796,0,"Others",FALSE,1,0
2285,"HMGCL",-0.13763645229079,-0.13763645229079,0,"Others",FALSE,1,0
2286,"HMGCR",-0.101102658983852,-0.101102658983852,0,"Others",FALSE,1,0
2287,"HMGCS1",0.238391300151596,0.238391300151596,0,"Others",FALSE,1,0
2288,"HMGCS2",-0.114073183311531,-0.114073183311531,0,"Others",FALSE,1,0
2289,"HMGN3",0.121153606695422,0.121153606695422,0,"Others",FALSE,1,0
2290,"HNMT",0.121301472922772,0.121301472922772,0,"Others",FALSE,1,0
2291,"HNRNPAB",-0.244230787574229,-0.244230787574229,0,"Others",FALSE,1,0
2292,"HNRNPM",0.167734750941721,0.167734750941721,0,"Others",FALSE,1,0
2293,"HNRNPR",0.189525257584329,0.189525257584329,0,"Others",FALSE,1,0
2294,"HOMER2",0.109334617953149,0.109334617953149,0,"Synaptic Proteins",FALSE,1,0
2295,"HOPX",0.494112269266508,0.494112269266508,0,"Others",FALSE,1,0
2296,"HORMAD2",0.100340989660381,0.100340989660381,0,"Others",FALSE,1,0
2297,"HOXA11",0.175141435281594,0.175141435281594,0,"Others",FALSE,1,0
2298,"HPCAL1",0.402429205018868,0.402429205018868,0,"Others",FALSE,2,0
2299,"HPGD",0.0894179744123926,0.0894179744123926,0,"Others",FALSE,1,0
2300,"HPRT1",0.51590747144234,0.51590747144234,0,"Others",FALSE,1,0
2301,"HS2ST1",0.374928947494825,0.374928947494825,0,"Others",FALSE,1,0
2302,"HS6ST1",0.24744114758524,0.24744114758524,0,"Others",FALSE,1,0
2303,"HS6ST3",0.256997916876802,0.256997916876802,0,"Others",FALSE,1,0
2304,"HSD17B8",0.11741638457674,0.11741638457674,0,"Others",FALSE,1,0
2305,"HSDL2",0.306201160777957,0.306201160777957,0,"Others",FALSE,1,0
2306,"HSF2BP",0.108006792561655,0.108006792561655,0,"Others",FALSE,1,0
2307,"HSH2D",-0.0960672040097348,-0.0960672040097348,0,"Others",FALSE,1,0
2308,"HSPA9",0.190981488486297,0.190981488486297,0,"Others",FALSE,1,0
2309,"HSPB3",0.148509222088557,0.148509222088557,0,"Others",FALSE,1,0
2310,"HSPBP1",0.219151132892793,0.219151132892793,0,"Others",FALSE,1,0
2311,"HTN1",0.203438616036653,0.203438616036653,0,"Others",FALSE,1,0
2312,"HTR7",-0.160138987191981,-0.160138987191981,0,"Others",FALSE,1,0
2313,"HTRA1",0.161141889285743,0.161141889285743,0,"Others",FALSE,1,0
2314,"HYAL4",-0.0954116945840339,-0.0954116945840339,0,"Others",FALSE,1,0
2315,"HYKK",-0.195413345776316,-0.195413345776316,0,"Others",FALSE,1,0
2316,"HYOU1",0.260038419754111,0.260038419754111,0,"Others",FALSE,1,0
2317,"HYPK",-0.13761187112707,-0.13761187112707,0,"Others",FALSE,1,0
2318,"IBSP",0.151545265881022,0.151545265881022,0,"Others",FALSE,1,0
2319,"IDE",-0.227589824093183,-0.227589824093183,0,"Others",FALSE,1,0
2320,"IDI1",0.447891250775376,0.447891250775376,0,"Others",FALSE,1,0
2321,"IDI2",-0.103357806866858,-0.103357806866858,0,"Others",FALSE,1,0
2322,"IDS",0.229558139162451,0.229558139162451,0,"Others",FALSE,1,0
2323,"IER2",-0.19897904713817,-0.19897904713817,0,"Others",FALSE,1,0
2324,"IFIT3",-0.164198928783577,-0.164198928783577,0,"Others",FALSE,1,0
2325,"IGFALS",-0.126139800066504,-0.126139800066504,0,"Others",FALSE,1,0
2326,"IGFBP2",0.122385669678697,0.134819106495224,0,"Others",FALSE,3,0
2327,"IGFBP5",0.152819248029409,0.152819248029409,0,"Others",FALSE,2,0
2328,"IGFBP6",-0.125193628136623,-0.125193628136623,0,"Others",FALSE,1,0
2329,"IGLON5",0.236648805107496,0.236648805107496,0,"Others",FALSE,1,0
2330,"IGSF8",0.255396838301855,0.255396838301855,0,"Others",FALSE,1,0
2331,"IL11RA",0.221355222835527,0.221355222835527,0,"Others",FALSE,2,0
2332,"IL12A.EBI3",0.114144459412443,0.114144459412443,0,"Others",FALSE,1,0
2333,"IL12RB2",0.1831109763811,0.1831109763811,0,"Others",FALSE,1,0
2334,"IL18RAP",0.0939123815794049,0.0939123815794049,0,"Others",FALSE,1,0
2335,"IL27.EBI3",-0.225016674684537,-0.225016674684537,0,"Others",FALSE,1,0
2336,"IMPA1",0.16508660440785,0.16508660440785,0,"Others",FALSE,1,0
2337,"IMPACT",0.126109271182081,0.126109271182081,0,"Others",FALSE,1,0
2338,"IMPDH1",-0.157570955250021,-0.157570955250021,0,"Others",FALSE,1,0
2339,"ING4",0.141776513717561,0.141776513717561,0,"Others",FALSE,1,0
2340,"INHBA.INHBB",0.204022301869996,0.204022301869996,0,"Others",FALSE,1,0
2341,"INHBA.INHBC",0.144484714070705,0.144484714070705,0,"Others",FALSE,1,0
2342,"INPP4A",0.161211895346448,0.161211895346448,0,"Others",FALSE,1,0
2343,"INPP5A",0.133652631268977,0.133652631268977,0,"Others",FALSE,1,0
2344,"INPP5E",-0.112008951552402,-0.112008951552402,0,"Others",FALSE,1,0
2345,"INSRR",0.221472387873113,0.221472387873113,0,"Others",FALSE,1,0
2346,"ISM1",0.16013244645985,0.16013244645985,0,"Others",FALSE,1,0
2347,"ISOC1",0.386326336004945,0.386326336004945,0,"Others",FALSE,1,0
2348,"ITGA1.ITGB1",0.369347845495264,0.369347845495264,0,"Others",FALSE,1,0
2349,"ITGA2.ITGB1",-0.10863552694551,-0.10863552694551,0,"Others",FALSE,1,0
2350,"ITGA2B.ITGB3",-0.191042499116679,-0.191042499116679,0,"Others",FALSE,2,0
2351,"ITGAV.ITGB3",0.269540113179318,0.269540113179318,0,"Others",FALSE,1,0
2352,"ITGAV.ITGB5",0.213519293352835,0.213519293352835,0,"Others",FALSE,1,0
2353,"ITGAV.ITGB6",-0.102948498320221,-0.102948498320221,0,"Others",FALSE,1,0
2354,"ITIH5",0.118589973379163,0.118589973379163,0,"Others",FALSE,1,0
2355,"ITPA",0.151557089172915,0.151557089172915,0,"Others",FALSE,1,0
2356,"ITPK1",0.204296002982693,0.204296002982693,0,"Others",FALSE,1,0
2357,"ITPKC",0.097311059491997,0.097311059491997,0,"Others",FALSE,1,0
2358,"IVD",-0.141142298266073,-0.141142298266073,0,"Others",FALSE,1,0
2359,"IZUMO4",0.115556464269641,0.115556464269641,0,"Others",FALSE,1,0
2360,"JAKMIP3",-0.151962148779225,-0.151962148779225,0,"Others",FALSE,1,0
2361,"JMJD6",0.149994081965419,0.149994081965419,0,"Others",FALSE,1,0
2362,"JPH4",-0.14548685452321,-0.14548685452321,0,"Others",FALSE,1,0
2363,"JPT2",-0.117725947485935,-0.117725947485935,0,"Others",FALSE,1,0
2364,"JTB",0.328073858074089,0.328073858074089,0,"Others",FALSE,1,0
2365,"KATNAL1",-0.197988537893135,-0.197988537893135,0,"Others",FALSE,1,0
2366,"KAZALD1",0.337324005427998,0.337324005427998,0,"Others",FALSE,1,0
2367,"KBTBD11",0.405609540434656,0.405609540434656,0,"Others",FALSE,1,0
2368,"KCNE5",0.215726526785117,0.215726526785117,0,"Others",FALSE,2,0
2369,"KCNF1",-0.109555257329105,-0.109555257329105,0,"Others",FALSE,1,0
2370,"KCNG4",-0.0931095057418881,-0.0931095057418881,0,"Others",FALSE,1,0
2371,"KCNIP1",-0.121317952593394,-0.121317952593394,0,"Others",FALSE,1,0
2372,"KCNMB3",0.184984942601154,0.184984942601154,0,"Others",FALSE,1,0
2373,"KCTD3",-0.166703908622573,-0.166703908622573,0,"Others",FALSE,1,0
2374,"KCTD6",-0.125859844050198,-0.125859844050198,0,"Others",FALSE,1,0
2375,"KCTD7",0.165190368652817,0.165190368652817,0,"Others",FALSE,1,0
2376,"KDF1",0.105935948179632,0.105935948179632,0,"Others",FALSE,1,0
2377,"KDM4C",-0.218889506125092,-0.218889506125092,0,"Others",FALSE,1,0
2378,"KDM8",-0.14608969036599,-0.14608969036599,0,"Others",FALSE,1,0
2379,"KDSR",-0.0929192386897125,-0.0929192386897125,0,"Others",FALSE,1,0
2380,"KHK",-0.140925019278859,-0.140925019278859,0,"Others",FALSE,1,0
2381,"KIAA0040",0.104437478205969,0.104437478205969,0,"Others",FALSE,1,0
2382,"KIAA1549L",0.190690680295912,0.190690680295912,0,"Others",FALSE,1,0
2383,"KIAA2013",-0.146421959605799,-0.146421959605799,0,"Others",FALSE,1,0
2384,"KIF3C",-0.123361627865185,-0.123361627865185,0,"Others",FALSE,1,0
2385,"KIN",-0.216679409607646,-0.216679409607646,0,"Others",FALSE,1,0
2386,"KIR2DL2",-0.220365551977693,-0.220365551977693,0,"Others",FALSE,1,0
2387,"KIRREL2",0.272185471942913,0.272185471942913,0,"Others",FALSE,1,0
2388,"KLC3",-0.0918743801178981,-0.0918743801178981,0,"Cytoskeleton / Axonal Transport",FALSE,1,0
2389,"KLF9",0.219704803390704,0.219704803390704,0,"Others",FALSE,1,0
2390,"KLHL3",0.10011580765384,0.10011580765384,0,"Others",FALSE,1,0
2391,"KLHL41",-0.149619504992932,-0.149619504992932,0,"Others",FALSE,1,0
2392,"KLHL7",-0.156664471378778,-0.156664471378778,0,"Others",FALSE,1,0
2393,"KLK10",0.126366768951843,0.126366768951843,0,"Others",FALSE,1,0
2394,"KLK11",-0.0958792015498054,-0.0958792015498054,0,"Others",FALSE,1,0
2395,"KLK13",-0.129212058475196,-0.129212058475196,0,"Others",FALSE,1,0
2396,"KLK15",0.213690014672848,0.213690014672848,0,"Others",FALSE,1,0
2397,"KLK6",0.106095863595446,0.106095863595446,0,"Others",FALSE,1,0
2398,"KLK8",0.120371536701525,0.120371536701525,0,"Others",FALSE,2,0
2399,"KLRC3",0.163434399857292,0.163434399857292,0,"Others",FALSE,1,0
2400,"KPNA1",-0.104139774079271,-0.104139774079271,0,"Others",FALSE,1,0
2401,"KPNA5",0.120560774413052,0.120560774413052,0,"Others",FALSE,1,0
2402,"KRT16",0.0895167425010899,0.0895167425010899,0,"Others",FALSE,1,0
2403,"KRT34",0.0933044936558282,0.0933044936558282,0,"Others",FALSE,1,0
2404,"KRT5",-0.21295885563827,-0.21295885563827,0,"Others",FALSE,1,0
2405,"KRT7",-0.106066298721503,-0.106066298721503,0,"Others",FALSE,1,0
2406,"KRTAP2.4",0.27674761468728,0.27674761468728,0,"Others",FALSE,1,0
2407,"KYAT3",0.201583421612391,0.201583421612391,0,"Others",FALSE,1,0
2408,"L3HYPDH",0.221618451395423,0.221618451395423,0,"Others",FALSE,1,0
2409,"LACTB2",0.355425659071693,0.355425659071693,0,"Others",FALSE,1,0
2410,"LAMA2.LAMB1.LAMC1",0.191832299347941,0.191832299347941,0,"Others",FALSE,1,0
2411,"LAMP1",-0.143473505169091,-0.143473505169091,0,"Others",FALSE,1,0
2412,"LANCL1",0.159214790857616,0.159214790857616,0,"Others",FALSE,1,0
2413,"LANCL2",0.1328265606332,0.1328265606332,0,"Others",FALSE,1,0
2414,"LARGE1",0.21761168394899,0.21761168394899,0,"Others",FALSE,1,0
2415,"LAYN",0.225309526474371,0.225309526474371,0,"Others",FALSE,1,0
2416,"LCE3C",0.181839640603794,0.181839640603794,0,"Others",FALSE,1,0
2417,"LCN1",-0.168002695063754,-0.168002695063754,0,"Others",FALSE,1,0
2418,"LCN10",-0.173278381275595,-0.173278381275595,0,"Others",FALSE,1,0
2419,"LCT",0.0982068846334474,0.0982068846334474,0,"Others",FALSE,1,0
2420,"LDHC",-0.093059961325437,-0.093059961325437,0,"Others",FALSE,1,0
2421,"LDLRAD3",0.112402880399236,0.112402880399236,0,"Others",FALSE,1,0
2422,"LDLRAD4",-0.145552746653556,-0.145552746653556,0,"Others",FALSE,1,0
2423,"LEMD1",0.14216224973527,0.14216224973527,0,"Others",FALSE,1,0
2424,"LGALS1",0.173740148156608,0.173740148156608,0,"Others",FALSE,1,0
2425,"LGALS4",-0.175928660959304,-0.175928660959304,0,"Others",FALSE,1,0
2426,"LGALS7",-0.0562933328389029,-0.0562933328389029,0,"Others",FALSE,2,0
2427,"LGALSL",0.326326133044752,0.326326133044752,0,"Others",FALSE,1,0
2428,"LGSN",0.179672270099038,0.179672270099038,0,"Others",FALSE,1,0
2429,"LILRA4",0.160902233202802,0.160902233202802,0,"Others",FALSE,1,0
2430,"LIMD2",-0.214569702380324,-0.214569702380324,0,"Others",FALSE,1,0
2431,"LIN7A",0.36162874666811,0.36162874666811,0,"Others",FALSE,2,0
2432,"LIN7B",0.529492069672472,0.529492069672472,0,"Others",FALSE,1,0
2433,"LINGO3",0.110854125208341,0.110854125208341,0,"Others",FALSE,1,0
2434,"LIPG",0.176741220197559,0.176741220197559,0,"Others",FALSE,1,0
2435,"LMAN2",0.0360127095680364,0.0360127095680364,0,"Others",FALSE,2,0
2436,"LMAN2L",0.283924794363498,0.283924794363498,0,"Others",FALSE,1,0
2437,"LMO4",-0.123864352445972,-0.123864352445972,0,"Others",FALSE,1,0
2438,"LMOD1",0.180533943105865,0.180533943105865,0,"Others",FALSE,1,0
2439,"LOXL3",0.189743240393453,0.189743240393453,0,"Others",FALSE,1,0
2440,"LRATD1",0.108821095269892,0.108821095269892,0,"Others",FALSE,1,0
2441,"LRATD2",0.183176070663118,0.183176070663118,0,"Others",FALSE,1,0
2442,"LRIG3",0.152774316126589,0.152774316126589,0,"Others",FALSE,1,0
2443,"LRIT3",-0.0890736365463284,-0.0890736365463284,0,"Others",FALSE,1,0
2444,"LRP10",0.311463067414027,0.311463067414027,0,"Others",FALSE,1,0
2445,"LRP11",0.267486848960876,0.266845220577904,0,"Others",FALSE,3,0
2446,"LRRC24",-0.138965672947451,-0.138965672947451,0,"Others",FALSE,1,0
2447,"LRRC32",0.145908312050455,0.145908312050455,0,"Others",FALSE,1,0
2448,"LRRC3B",0.230711930277649,0.230711930277649,0,"Others",FALSE,1,0
2449,"LRRC59",-0.189256205025964,-0.189256205025964,0,"Others",FALSE,1,0
2450,"LRRFIP2",0.278219296842681,0.278219296842681,0,"Others",FALSE,1,0
2451,"LSM4",-0.166010389781898,-0.166010389781898,0,"Others",FALSE,1,0
2452,"LST1",0.10209052760224,0.10209052760224,0,"Others",FALSE,1,0
2453,"LTA.LTB",-0.00291949168457023,-0.00291949168457023,0,"Others",FALSE,2,0
2454,"LTBP4",0.196521693572549,0.196521693572549,0,"Others",FALSE,1,0
2455,"LY75",0.183726920219758,0.183726920219758,0,"Others",FALSE,1,0
2456,"LY86",0.199459929129032,0.199459929129032,0,"Others",FALSE,1,0
2457,"LY9",-0.101917337774426,-0.101917337774426,0,"Others",FALSE,1,0
2458,"LYG1",0.113141649365629,0.113141649365629,0,"Others",FALSE,1,0
2459,"LYRM1",0.142939013916826,0.142939013916826,0,"Others",FALSE,1,0
2460,"LYSMD3",-0.122122924167717,-0.122122924167717,0,"Others",FALSE,1,0
2461,"LZTFL1",-0.190332681421316,-0.190332681421316,0,"Others",FALSE,1,0
2462,"M1AP",-0.108129213745775,-0.108129213745775,0,"Others",FALSE,1,0
2463,"MAGEA10",0.133131222089944,0.133131222089944,0,"Others",FALSE,1,0
2464,"MAGEA4",-0.111913744417273,-0.111913744417273,0,"Others",FALSE,1,0
2465,"MAGEA5",-0.172772011351511,-0.172772011351511,0,"Others",FALSE,1,0
2466,"MAGEA8",0.0922153122035032,0.0922153122035032,0,"Others",FALSE,1,0
2467,"MAGOHB",-0.169917045160115,-0.169917045160115,0,"Others",FALSE,1,0
2468,"MAN1A2",0.284312844072275,0.284312844072275,0,"Others",FALSE,1,0
2469,"MAN1B1",0.256774132190141,0.256774132190141,0,"Others",FALSE,1,0
2470,"MAN1C1",0.175910049422185,0.175910049422185,0,"Others",FALSE,1,0
2471,"MANBA",0.174431268305065,0.174431268305065,0,"Others",FALSE,1,0
2472,"MANEA",0.21512532761489,0.21512532761489,0,"Others",FALSE,1,0
2473,"MANF",0.210309349311988,0.210309349311988,0,"Others",FALSE,1,0
2474,"MANSC1",0.296555083572691,0.296555083572691,0,"Others",FALSE,1,0
2475,"MANSC4",0.201596290911892,0.201596290911892,0,"Others",FALSE,1,0
2476,"MAP3K7.TAB1",-0.159856604169822,-0.159856604169822,0,"Others",FALSE,1,0
2477,"MAPRE3",0.363759753880303,0.363759753880303,0,"Others",FALSE,2,0
2478,"MARCKSL1",0.412700168480957,0.412700168480957,0,"Others",FALSE,1,0
2479,"MARCO",0.090854855919783,0.090854855919783,0,"Others",FALSE,1,0
2480,"MAT2B",0.234469245348697,0.234469245348697,0,"Others",FALSE,1,0
2481,"MATN2",0.119855427398114,0.119855427398114,0,"Others",FALSE,1,0
2482,"MATN3",-0.000840236275402875,-0.000840236275402875,0,"Others",FALSE,2,0
2483,"MATN4",0.0993507738053986,0.0993507738053986,0,"Others",FALSE,1,0
2484,"MB21D2",-0.177176362920968,-0.177176362920968,0,"Others",FALSE,1,0
2485,"MBLAC2",0.0898097266107673,0.0898097266107673,0,"Others",FALSE,1,0
2486,"MCEE",0.211374981400618,0.211374981400618,0,"Others",FALSE,1,0
2487,"MCEMP1",-0.203155741917868,-0.203155741917868,0,"Others",FALSE,1,0
2488,"MDGA2",0.253679804667694,0.253679804667694,0,"Others",FALSE,1,0
2489,"MDH1",0.449613707572565,0.449613707572565,0,"Metabolism",FALSE,1,0
2490,"MDH2",0.333338143536426,0.333338143536426,0,"Metabolism",FALSE,2,0
2491,"MDM1",0.369812309380437,0.369812309380437,0,"Others",FALSE,1,0
2492,"MDP1",0.289214498175877,0.289214498175877,0,"Others",FALSE,1,0
2493,"MED11",0.199105261722859,0.199105261722859,0,"Others",FALSE,1,0
2494,"MED20",-0.126565382687278,-0.126565382687278,0,"Others",FALSE,1,0
2495,"MED4",-0.126878336233235,-0.126878336233235,0,"Others",FALSE,1,0
2496,"MEIS2",0.191914188307766,0.191914188307766,0,"Others",FALSE,1,0
2497,"MEMO1",0.291537429326022,0.291537429326022,0,"Others",FALSE,1,0
2498,"MENT",0.21016867412215,0.21016867412215,0,"Others",FALSE,1,0
2499,"MEOX1",0.129759775946105,0.129759775946105,0,"Others",FALSE,1,0
2500,"MESD",0.227138638828408,0.227138638828408,0,"Others",FALSE,2,0
2501,"METAP1",-0.228119617859898,-0.228119617859898,0,"Others",FALSE,1,0
2502,"METAP1D",-0.154695786662892,-0.154695786662892,0,"Others",FALSE,1,0
2503,"METAP2",0.256146001284806,0.256146001284806,0,"Others",FALSE,1,0
2504,"METTL24",0.197462727529515,0.197462727529515,0,"Others",FALSE,1,0
2505,"METTL26",-0.108981479363464,-0.108981479363464,0,"Others",FALSE,1,0
2506,"MFAP1",-0.122311277799851,-0.122311277799851,0,"Others",FALSE,1,0
2507,"MFGE8",0.197704033992405,0.197704033992405,0,"Others",FALSE,1,0
2508,"MGAT1",0.192846652041117,0.192846652041117,0,"Others",FALSE,1,0
2509,"MGAT2",0.235283463198609,0.235283463198609,0,"Others",FALSE,1,0
2510,"MGAT3",0.20597133231956,0.20597133231956,0,"Others",FALSE,1,0
2511,"MGAT4B",0.159430222039568,0.159430222039568,0,"Others",FALSE,1,0
2512,"MGAT4C",0.2020749477577,0.2020749477577,0,"Others",FALSE,1,0
2513,"MGAT5",0.205595305079984,0.205595305079984,0,"Others",FALSE,2,0
2514,"MICALL1",-0.15319998050762,-0.15319998050762,0,"Others",FALSE,1,0
2515,"MICALL2",0.0920607233318372,0.0920607233318372,0,"Others",FALSE,1,0
2516,"MICOS10",0.208203918683295,0.208203918683295,0,"Others",FALSE,1,0
2517,"MIEF1",-0.143738896696089,-0.143738896696089,0,"Others",FALSE,1,0
2518,"MINPP1",0.221346695848019,0.221346695848019,0,"Others",FALSE,1,0
2519,"MLANA",-0.138758450975218,-0.138758450975218,0,"Others",FALSE,1,0
2520,"MLEC",0.245221909005379,0.245221909005379,0,"Others",FALSE,1,0
2521,"MLF1",-0.110014920895188,-0.110014920895188,0,"Others",FALSE,1,0
2522,"MMACHC",-0.101998743250931,-0.101998743250931,0,"Others",FALSE,1,0
2523,"MMADHC",-0.213617085993356,-0.213617085993356,0,"Others",FALSE,1,0
2524,"MMEL1",-0.132842444902769,-0.132842444902769,0,"Others",FALSE,1,0
2525,"MMP10",0.249118180438047,0.249118180438047,0,"Others",FALSE,2,0
2526,"MMP8",0.271350904041894,0.271350904041894,0,"Others",FALSE,1,0
2527,"MOB3B",-0.154155291134193,-0.154155291134193,0,"Others",FALSE,1,0
2528,"MORF4L1",-0.234071234923399,-0.234071234923399,0,"Others",FALSE,1,0
2529,"MPC1",0.110516401318102,0.110516401318102,0,"Others",FALSE,1,0
2530,"MPI",0.321295796647298,0.321295796647298,0,"Others",FALSE,1,0
2531,"MPP6",-0.158964241264859,-0.158964241264859,0,"Others",FALSE,1,0
2532,"MPP7",0.16299847512975,0.16299847512975,0,"Others",FALSE,1,0
2533,"MPPED2",0.175246186092056,0.175246186092056,0,"Others",FALSE,1,0
2534,"MRAP2",0.114104729739932,0.114104729739932,0,"Others",FALSE,1,0
2535,"MRAS",-0.22559173580753,-0.22559173580753,0,"Others",FALSE,1,0
2536,"MRC1",0.284731651627328,0.284731651627328,0,"Others",FALSE,1,0
2537,"MREG",-0.106531027148194,-0.106531027148194,0,"Others",FALSE,1,0
2538,"MRPL1",-0.220159991507648,-0.220159991507648,0,"Others",FALSE,1,0
2539,"MRPL21",0.104923768896746,0.104923768896746,0,"Others",FALSE,1,0
2540,"MRPL38",-0.200372653339072,-0.200372653339072,0,"Others",FALSE,1,0
2541,"MRPL58",0.103401522082244,0.103401522082244,0,"Others",FALSE,1,0
2542,"MSC",0.194393747679097,0.194393747679097,0,"Others",FALSE,1,0
2543,"MSMP",0.228134072071234,0.228134072071234,0,"Others",FALSE,1,0
2544,"MSRA",0.152529534937369,0.152529534937369,0,"Others",FALSE,1,0
2545,"MSRB3",-0.0897011148928875,-0.0897011148928875,0,"Others",FALSE,1,0
2546,"MTAP",0.122608214607869,0.122608214607869,0,"Others",FALSE,1,0
2547,"MTHFD2",-0.231950988788651,-0.231950988788651,0,"Others",FALSE,1,0
2548,"MTHFS",-0.0922944688016189,-0.0922944688016189,0,"Others",FALSE,1,0
2549,"MTHFSD",-0.1030713696275,-0.1030713696275,0,"Others",FALSE,1,0
2550,"MTIF3",-0.164821534729707,-0.164821534729707,0,"Others",FALSE,1,0
2551,"MTMR7",-0.137524153768961,-0.137524153768961,0,"Others",FALSE,1,0
2552,"MUSTN1",0.212985251085792,0.212985251085792,0,"Others",FALSE,1,0
2553,"MVB12B",0.430995100885421,0.430995100885421,0,"Others",FALSE,1,0
2554,"MVK",-0.111784471056429,-0.111784471056429,0,"Others",FALSE,1,0
2555,"MVP",-0.143930575660911,-0.143930575660911,0,"Others",FALSE,1,0
2556,"MX1",-0.110655228656238,-0.110655228656238,0,"Others",FALSE,1,0
2557,"MXRA7",0.251599715882213,0.251599715882213,0,"Others",FALSE,1,0
2558,"MYDGF",0.256340321927183,0.256340321927183,0,"Others",FALSE,1,0
2559,"MYL6",0.174174941339782,0.174174941339782,0,"Others",FALSE,1,0
2560,"MYL6B",-0.0964090202619004,-0.0964090202619004,0,"Others",FALSE,1,0
2561,"MYZAP",0.233706988492823,0.233706988492823,0,"Others",FALSE,1,0
2562,"MZB1",-0.128068610921407,-0.128068610921407,0,"Others",FALSE,1,0
2563,"N4BP2L2",0.255875215215255,0.255875215215255,0,"Others",FALSE,1,0
2564,"NAA10",-0.208402374343859,-0.208402374343859,0,"Others",FALSE,1,0
2565,"NAB1",-0.30502906585196,-0.30502906585196,0,"Others",FALSE,1,0
2566,"NABP1",-0.20190572818623,-0.20190572818623,0,"Others",FALSE,1,0
2567,"NAE1.UBA3",-0.124793060040195,-0.124793060040195,0,"Others",FALSE,1,0
2568,"NAGLU",0.13909980005161,0.13909980005161,0,"Others",FALSE,1,0
2569,"NAGPA",0.299813222796358,0.299813222796358,0,"Others",FALSE,1,0
2570,"NAIF1",0.215842503630381,0.215842503630381,0,"Others",FALSE,1,0
2571,"NANP",-0.203722229179647,-0.203722229179647,0,"Others",FALSE,1,0
2572,"NAPA",0.188980966465244,0.188980966465244,0,"Others",FALSE,1,0
2573,"NAPB",0.166135430112729,0.166135430112729,0,"Others",FALSE,1,0
2574,"NAT1",0.105157542072392,0.105157542072392,0,"Others",FALSE,1,0
2575,"NAXE",0.35133756740511,0.35133756740511,0,"Others",FALSE,1,0
2576,"NBL1",0.26019971576671,0.26019971576671,0,"Others",FALSE,1,0
2577,"NCALD",0.322064426143493,0.322064426143493,0,"Others",FALSE,1,0
2578,"NCAM2",0.344345285632186,0.344345285632186,0,"Others",FALSE,1,0
2579,"NCBP1",0.097389450677944,0.097389450677944,0,"Others",FALSE,1,0
2580,"NCMAP",0.100937023551951,0.100937023551951,0,"Others",FALSE,1,0
2581,"NCOA7",0.176736854381416,0.176736854381416,0,"Others",FALSE,1,0
2582,"NDNF",-0.164475564974453,-0.164475564974453,0,"Others",FALSE,1,0
2583,"NDRG3",0.328589392092711,0.328589392092711,0,"Others",FALSE,1,0
2584,"NDRG4",0.326527185933443,0.326527185933443,0,"Others",FALSE,1,0
2585,"NDST1",0.267368905106238,0.267368905106238,0,"Others",FALSE,1,0
2586,"NDUFAF5",0.130524446418503,0.130524446418503,0,"Others",FALSE,1,0
2587,"NDUFAF8",0.217070358711195,0.217070358711195,0,"Others",FALSE,1,0
2588,"NDUFB8",0.102791913896087,0.102791913896087,0,"Others",FALSE,1,0
2589,"NECAB1",0.212455054303367,0.212455054303367,0,"Others",FALSE,1,0
2590,"NECAP2",0.211243124396969,0.211243124396969,0,"Others",FALSE,1,0
2591,"NEK7",-0.114018277033876,-0.114018277033876,0,"Others",FALSE,1,0
2592,"NELL1",0.300811509175612,0.300811509175612,0,"Others",FALSE,1,0
2593,"NELL2",0.121402662761143,0.121402662761143,0,"Others",FALSE,1,0
2594,"NENF",0.120402205555136,0.120402205555136,0,"Others",FALSE,1,0
2595,"NETO1",0.216253181023978,0.216253181023978,0,"Others",FALSE,2,0
2596,"NEURL4",-0.202736104313788,-0.202736104313788,0,"Others",FALSE,1,0
2597,"NEUROG1",0.159461305785934,0.159461305785934,0,"Others",FALSE,1,0
2598,"NEUROG3",0.120034493602145,0.120034493602145,0,"Others",FALSE,1,0
2599,"NHLRC2",-0.178963760669166,-0.178963760669166,0,"Others",FALSE,1,0
2600,"NHP2",-0.234549999984432,-0.234549999984432,0,"Others",FALSE,1,0
2601,"NIF3L1",0.258282524816421,0.258282524816421,0,"Others",FALSE,1,0
2602,"NIP7",-0.233278145181094,-0.233278145181094,0,"Others",FALSE,1,0
2603,"NIPAL4",0.13140491566248,0.13140491566248,0,"Others",FALSE,1,0
2604,"NIT2",0.131050776115431,0.131050776115431,0,"Others",FALSE,1,0
2605,"NKIRAS1",0.113569355560716,0.113569355560716,0,"Others",FALSE,1,0
2606,"NLRP10",0.100934414307278,0.100934414307278,0,"Others",FALSE,1,0
2607,"NMB",0.153290657806576,0.153290657806576,0,"Others",FALSE,1,0
2608,"NME4",-0.138909404723931,-0.138909404723931,0,"Others",FALSE,1,0
2609,"NME7",0.153411990442714,0.153411990442714,0,"Others",FALSE,1,0
2610,"NMNAT1",-0.200075830406826,-0.200075830406826,0,"Others",FALSE,1,0
2611,"NMRK2",0.167346523235117,0.167346523235117,0,"Others",FALSE,1,0
2612,"NMS",0.227431054992893,0.227431054992893,0,"Others",FALSE,1,0
2613,"NOMO2",0.248720696724109,0.248720696724109,0,"Others",FALSE,1,0
2614,"NOP16",-0.122639268123181,-0.122639268123181,0,"Others",FALSE,1,0
2615,"NOTUM",0.176576412862947,0.176576412862947,0,"Others",FALSE,1,0
2616,"NOVA1",0.0989893342774275,0.0989893342774275,0,"Others",FALSE,1,0
2617,"NPL",-0.151810348550231,-0.151810348550231,0,"Others",FALSE,1,0
2618,"NPM2",0.182161972985445,0.182161972985445,0,"Others",FALSE,1,0
2619,"NPNT",0.268611302442368,0.268611302442368,0,"Others",FALSE,1,0
2620,"NPPB",0.124434052860314,0.124434052860314,0,"Others",FALSE,2,0
2621,"NPPC",0.205501541042519,0.205501541042519,0,"Others",FALSE,1,0
2622,"NPS",0.121062813877705,0.121062813877705,0,"Others",FALSE,1,0
2623,"NQO2",0.163622290797274,0.163622290797274,0,"Others",FALSE,1,0
2624,"NR1D2",0.098716849362089,0.098716849362089,0,"Others",FALSE,1,0
2625,"NR2C2AP",0.0955045354309256,0.0955045354309256,0,"Others",FALSE,1,0
2626,"NRBP1",0.179888749988873,0.179888749988873,0,"Others",FALSE,1,0
2627,"NRL",-0.117658317853935,-0.117658317853935,0,"Others",FALSE,1,0
2628,"NRSN1",0.130173922457424,0.130173922457424,0,"Others",FALSE,1,0
2629,"NSFL1C",0.483616728119746,0.483616728119746,0,"Others",FALSE,1,0
2630,"NT5C",0.218643945924686,0.218643945924686,0,"Others",FALSE,1,0
2631,"NT5C2",-0.264734518857185,-0.264734518857185,0,"Others",FALSE,1,0
2632,"NT5C3B",0.142505859630226,0.142505859630226,0,"Others",FALSE,1,0
2633,"NT5DC1",0.161840610462345,0.161840610462345,0,"Others",FALSE,1,0
2634,"NT5DC3",0.3452083086701,0.3452083086701,0,"Others",FALSE,1,0
2635,"NUBP1",0.191966039945493,0.191966039945493,0,"Others",FALSE,1,0
2636,"NUCB1",0.0887133027151267,0.0887133027151267,0,"Others",FALSE,1,0
2637,"NUCB2",0.23327669950895,0.23327669950895,0,"Others",FALSE,1,0
2638,"NUDCD2",0.232034504866227,0.232034504866227,0,"Others",FALSE,1,0
2639,"NUDCD3",0.275681943070527,0.275681943070527,0,"Others",FALSE,1,0
2640,"NUDT12",0.123095699792486,0.123095699792486,0,"Others",FALSE,1,0
2641,"NUDT16",0.157213249657388,0.157213249657388,0,"Others",FALSE,1,0
2642,"NUDT16L1",0.255877983279584,0.255877983279584,0,"Others",FALSE,1,0
2643,"NUDT2",0.284033786799117,0.284033786799117,0,"Others",FALSE,1,0
2644,"NUDT21",0.211845112321349,0.211845112321349,0,"Others",FALSE,1,0
2645,"NUDT5",0.345805265809144,0.345805265809144,0,"Others",FALSE,1,0
2646,"NUDT9",0.208016907263741,0.208016907263741,0,"Others",FALSE,1,0
2647,"NUTF2",0.260150472139853,0.260150472139853,0,"Others",FALSE,1,0
2648,"NXT1",0.12026205785343,0.12026205785343,0,"Others",FALSE,1,0
2649,"OAT",0.209467983807746,0.209467983807746,0,"Others",FALSE,1,0
2650,"OBP2A",-0.091473576587146,-0.091473576587146,0,"Others",FALSE,1,0
2651,"OCIAD1",0.122517242608511,0.122517242608511,0,"Others",FALSE,1,0
2652,"OIT3",-0.207715898859623,-0.207715898859623,0,"Others",FALSE,1,0
2653,"OLA1",0.213590985353022,0.213590985353022,0,"Others",FALSE,1,0
2654,"OLAH",0.169213076701333,0.169213076701333,0,"Others",FALSE,1,0
2655,"OLFM1",0.274384082873816,0.274384082873816,0,"Others",FALSE,1,0
2656,"OLFM3",-0.228304757556124,-0.228304757556124,0,"Others",FALSE,1,0
2657,"OLFML3",0.144899028351633,0.144899028351633,0,"Others",FALSE,2,0
2658,"OMD",0.147208579403289,0.147208579403289,0,"Others",FALSE,2,0
2659,"OMP",0.172945963076518,0.172945963076518,0,"Others",FALSE,1,0
2660,"OPHN1",0.130319034339384,0.130319034339384,0,"Others",FALSE,1,0
2661,"OPTC",-0.118309612150557,-0.118309612150557,0,"Others",FALSE,1,0
2662,"ORC6",-0.151082056769192,-0.151082056769192,0,"Others",FALSE,1,0
2663,"OSBP",-0.182113051035022,-0.182113051035022,0,"Others",FALSE,1,0
2664,"OSBPL11",-0.103138409360784,-0.103138409360784,0,"Others",FALSE,1,0
2665,"OTC",-0.234974563880554,-0.234974563880554,0,"Others",FALSE,1,0
2666,"OTUB2",-0.0995938812910404,-0.0995938812910404,0,"Others",FALSE,1,0
2667,"OTX1",-0.142528952014402,-0.142528952014402,0,"Others",FALSE,1,0
2668,"OVCA2",0.134938422568835,0.134938422568835,0,"Others",FALSE,1,0
2669,"OXCT1",0.271633385240247,0.271633385240247,0,"Others",FALSE,1,0
2670,"OXLD1",0.122457326905157,0.122457326905157,0,"Others",FALSE,1,0
2671,"PABPC4",0.125817030500856,0.125817030500856,0,"Others",FALSE,1,0
2672,"PABPN1",-0.149837971902251,-0.149837971902251,0,"Others",FALSE,1,0
2673,"PACSIN2",-0.133124948289123,-0.133124948289123,0,"Others",FALSE,1,0
2674,"PADI2",-0.201143103332429,-0.201143103332429,0,"Others",FALSE,1,0
2675,"PAFAH1B2",0.194121274732408,0.194121274732408,0,"Others",FALSE,1,0
2676,"PAFAH2",-0.18886755518354,-0.18886755518354,0,"Others",FALSE,1,0
2677,"PAGE4",-0.102792293572901,-0.102792293572901,0,"Others",FALSE,1,0
2678,"PAICS",-0.158648915484963,-0.158648915484963,0,"Others",FALSE,1,0
2679,"PAIP1",0.108870841798485,0.108870841798485,0,"Others",FALSE,1,0
2680,"PALMD",0.358405154914324,0.358405154914324,0,"Others",FALSE,1,0
2681,"PAPPA2",-0.208981830554678,-0.208981830554678,0,"Others",FALSE,1,0
2682,"PARP11",-0.181689051872754,-0.181689051872754,0,"Others",FALSE,1,0
2683,"PARP16",-0.14144397911201,-0.14144397911201,0,"Others",FALSE,1,0
2684,"PATE1",-0.153736925330888,-0.153736925330888,0,"Others",FALSE,1,0
2685,"PAX4",0.135078573320429,0.135078573320429,0,"Others",FALSE,1,0
2686,"PCBD1",0.260943241155824,0.260943241155824,0,"Others",FALSE,1,0
2687,"PCBD2",-0.198449932436778,-0.198449932436778,0,"Others",FALSE,1,0
2688,"PCBP3",0.190261418807532,0.190261418807532,0,"Others",FALSE,1,0
2689,"PCDH10",0.084610953901533,0.084610953901533,0,"Others",FALSE,2,0
2690,"PCDH17",0.287629324100594,0.287629324100594,0,"Others",FALSE,1,0
2691,"PCDH9",0.272272370303995,0.272272370303995,0,"Others",FALSE,1,0
2692,"PCDHA7",0.245685471101079,0.245685471101079,0,"Others",FALSE,1,0
2693,"PCDHAC2",0.316845974591402,0.316845974591402,0,"Others",FALSE,1,0
2694,"PCDHB10",0.119867360854181,0.119867360854181,0,"Others",FALSE,1,0
2695,"PCDHGA10",0.334149483186321,0.334149483186321,0,"Others",FALSE,1,0
2696,"PCDHGA12",0.330112485260172,0.330112485260172,0,"Others",FALSE,1,0
2697,"PCDHGA2",-0.226132467896736,-0.226132467896736,0,"Others",FALSE,1,0
2698,"PCDHGC3",0.149292524586115,0.149292524586115,0,"Others",FALSE,1,0
2699,"PCLAF",0.277243425975151,0.277243425975151,0,"Others",FALSE,1,0
2700,"PCMT1",-0.125227803358661,-0.125227803358661,0,"Others",FALSE,1,0
2701,"PCOLCE",0.182741392051726,0.182741392051726,0,"Others",FALSE,1,0
2702,"PCP4L1",0.332536280820421,0.332536280820421,0,"Others",FALSE,1,0
2703,"PCSK1",0.177511520523,0.177511520523,0,"Others",FALSE,1,0
2704,"PCSK1N",0.227915150999054,0.227915150999054,0,"Others",FALSE,1,0
2705,"PCTP",0.131389209263723,0.131389209263723,0,"Others",FALSE,1,0
2706,"PCYOX1",0.13434073558691,0.13434073558691,0,"Others",FALSE,1,0
2707,"PCYOX1L",0.108279734078235,0.108279734078235,0,"Others",FALSE,1,0
2708,"PDAP1",-0.153375571036834,-0.153375571036834,0,"Others",FALSE,1,0
2709,"PDCL3",0.139454485766109,0.139454485766109,0,"Others",FALSE,1,0
2710,"PDE1A",-0.124485387991922,-0.124485387991922,0,"Others",FALSE,1,0
2711,"PDE2A",-0.0997707094515977,-0.0997707094515977,0,"Others",FALSE,1,0
2712,"PDE3A",0.100443165495324,0.100443165495324,0,"Others",FALSE,1,0
2713,"PDE6D",0.391008825797445,0.391008825797445,0,"Others",FALSE,1,0
2714,"PDE9A",0.176556202873597,0.176556202873597,0,"Others",FALSE,1,0
2715,"PDHB",-0.128203412376984,-0.128203412376984,0,"Metabolism",FALSE,1,0
2716,"PDHX",0.232508048306924,0.232508048306924,0,"Others",FALSE,1,0
2717,"PDIA5",-0.202575405254105,-0.202575405254105,0,"Others",FALSE,1,0
2718,"PDLIM3",0.225013143967366,0.225013143967366,0,"Others",FALSE,1,0
2719,"PDLIM5",0.333262360006977,0.333262360006977,0,"Others",FALSE,1,0
2720,"PDRG1",-0.129300059410239,-0.129300059410239,0,"Others",FALSE,1,0
2721,"PDYN",0.0888910318580513,0.0888910318580513,0,"Others",FALSE,1,0
2722,"PECR",-0.105903381649229,-0.105903381649229,0,"Others",FALSE,1,0
2723,"PEF1",0.2407389095145,0.2407389095145,0,"Others",FALSE,1,0
2724,"PELO",0.126400187097191,0.126400187097191,0,"Others",FALSE,1,0
2725,"PENK",0.147591595888621,0.147591595888621,0,"Others",FALSE,1,0
2726,"PET117",0.212334582064435,0.212334582064435,0,"Others",FALSE,1,0
2727,"PEX14",0.437818645428074,0.437818645428074,0,"Others",FALSE,1,0
2728,"PFDN2",0.321956169416781,0.321956169416781,0,"Others",FALSE,1,0
2729,"PFDN4",0.384132963098363,0.384132963098363,0,"Others",FALSE,1,0
2730,"PFKFB4",-0.162692551735074,-0.162692551735074,0,"Others",FALSE,1,0
2731,"PGA4",0.216940208279018,0.216940208279018,0,"Others",FALSE,1,0
2732,"PGLS",0.287031952483818,0.287031952483818,0,"Others",FALSE,1,0
2733,"PGLYRP4",-0.132893002113414,-0.132893002113414,0,"Others",FALSE,1,0
2734,"PGM1",0.224260349688535,0.224260349688535,0,"Others",FALSE,1,0
2735,"PGM5",0.242938971932018,0.242938971932018,0,"Others",FALSE,1,0
2736,"PGP",0.363901672574943,0.363901672574943,0,"Others",FALSE,1,0
2737,"PGRMC1",0.291951103253022,0.291951103253022,0,"Others",FALSE,1,0
2738,"PGRMC2",-0.121887537221823,-0.121887537221823,0,"Others",FALSE,1,0
2739,"PHETA2",-0.128934034844348,-0.128934034844348,0,"Others",FALSE,1,0
2740,"PHEX",0.223294052076213,0.223294052076213,0,"Others",FALSE,1,0
2741,"PHPT1",0.250716625329743,0.250716625329743,0,"Others",FALSE,1,0
2742,"PHYH",0.14286707333046,0.14286707333046,0,"Others",FALSE,1,0
2743,"PHYHIPL",0.485160435002901,0.485160435002901,0,"Others",FALSE,1,0
2744,"PI15",-0.149050384353506,-0.149050384353506,0,"Others",FALSE,1,0
2745,"PIANP",0.250840820754709,0.250840820754709,0,"Others",FALSE,2,0
2746,"PID1",-0.125476777718521,-0.125476777718521,0,"Others",FALSE,1,0
2747,"PIEZO1",0.110889440209366,0.110889440209366,0,"Others",FALSE,1,0
2748,"PIH1D1",0.148459749839579,0.148459749839579,0,"Others",FALSE,1,0
2749,"PIK3CA.PIK3R1",0.112112638400018,0.112112638400018,0,"Others",FALSE,1,0
2750,"PIK3IP1",-0.0941951182539311,-0.0941951182539311,0,"Others",FALSE,1,0
2751,"PITPNA",0.299646963032775,0.299646963032775,0,"Others",FALSE,1,0
2752,"PITPNB",-0.184876398696949,-0.184876398696949,0,"Others",FALSE,1,0
2753,"PITX3",-0.220907896982993,-0.220907896982993,0,"Others",FALSE,1,0
2754,"PLA2G10",-0.198715295772616,-0.198715295772616,0,"Others",FALSE,1,0
2755,"PLA2G12A",0.16831255295699,0.16831255295699,0,"Others",FALSE,1,0
2756,"PLA2G1B",-0.113790528631303,-0.113790528631303,0,"Others",FALSE,1,0
2757,"PLA2G2C",-0.0915904876932065,-0.0915904876932065,0,"Others",FALSE,1,0
2758,"PLA2G2E",0.221556150376517,0.221556150376517,0,"Others",FALSE,1,0
2759,"PLA2G5",-0.0961532201783979,-0.0961532201783979,0,"Others",FALSE,1,0
2760,"PLA2G7",0.227911788247749,0.227911788247749,0,"Others",FALSE,1,0
2761,"PLAAT2",-0.134658768385302,-0.134658768385302,0,"Others",FALSE,1,0
2762,"PLBD1",-0.131098885046268,-0.131098885046268,0,"Others",FALSE,1,0
2763,"PLBD2",-0.138552277888449,-0.138552277888449,0,"Others",FALSE,1,0
2764,"PLCD1",0.314703992834209,0.314703992834209,0,"Others",FALSE,1,0
2765,"PLCD3",-0.259208536811482,-0.259208536811482,0,"Others",FALSE,1,0
2766,"PLCXD3",0.198376202073643,0.198376202073643,0,"Others",FALSE,1,0
2767,"PLD3",0.303296851852218,0.303296851852218,0,"Others",FALSE,1,0
2768,"PLEKHA7",0.169985072458466,0.169985072458466,0,"Others",FALSE,1,0
2769,"PLEKHB1",0.282925987918933,0.282925987918933,0,"Others",FALSE,1,0
2770,"PLEKHO2",0.41962195784965,0.41962195784965,0,"Others",FALSE,1,0
2771,"PLPBP",0.249332250730283,0.249332250730283,0,"Others",FALSE,1,0
2772,"PLTP",-0.146661028036124,-0.146661028036124,0,"Others",FALSE,1,0
2773,"PLVAP",-0.205250867844362,-0.205250867844362,0,"Others",FALSE,1,0
2774,"PMEL",-0.113274758182919,-0.113274758182919,0,"Others",FALSE,1,0
2775,"PNMT",-0.129654905891959,-0.129654905891959,0,"Others",FALSE,1,0
2776,"PNPO",0.159055798159168,0.159055798159168,0,"Others",FALSE,1,0
2777,"POLB",-0.224790730981275,-0.224790730981275,0,"Others",FALSE,1,0
2778,"POLE2",-0.09019799213075,-0.09019799213075,0,"Others",FALSE,1,0
2779,"POLR1C",-0.164120035446914,-0.164120035446914,0,"Others",FALSE,1,0
2780,"POLR2I",-0.0956078965957766,-0.0956078965957766,0,"Others",FALSE,1,0
2781,"POLR2K",0.203402431687227,0.203402431687227,0,"Others",FALSE,1,0
2782,"POMGNT2",0.200938504214852,0.200938504214852,0,"Others",FALSE,1,0
2783,"POMK",0.256973687581012,0.256973687581012,0,"Others",FALSE,1,0
2784,"POR",0.207672288846065,0.207672288846065,0,"Others",FALSE,1,0
2785,"POU6F1",0.236519317306549,0.236519317306549,0,"Others",FALSE,1,0
2786,"PPA2",0.0904379731638871,0.0904379731638871,0,"Others",FALSE,1,0
2787,"PPCS",-0.183597907279951,-0.183597907279951,0,"Others",FALSE,1,0
2788,"PPIB",-0.189543734144657,-0.189543734144657,0,"Tau Folding/Stability",FALSE,1,0
2789,"PPIC",0.184849128732689,0.184849128732689,0,"Tau Folding/Stability",FALSE,1,0
2790,"PPIH",0.112544504633374,0.112544504633374,0,"Others",FALSE,1,0
2791,"PPIL1",0.195739117654475,0.195739117654475,0,"Others",FALSE,1,0
2792,"PPIL3",-0.168218128336571,-0.168218128336571,0,"Others",FALSE,1,0
2793,"PPM1G",0.233099539615929,0.233099539615929,0,"Others",FALSE,1,0
2794,"PPP1R10",-0.0992762191548988,-0.0992762191548988,0,"Others",FALSE,1,0
2795,"PPP2R1A",0.128521890558937,0.128521890558937,0,"Tau Phosphatases",TRUE,1,0
2796,"PPP3CA.PPP3R1",0.56216602453558,0.56216602453558,0,"Others",FALSE,1,0
2797,"PPP3R2",-0.117385021561955,-0.117385021561955,0,"Others",FALSE,1,0
2798,"PRAME",0.108310868394222,0.108310868394222,0,"Others",FALSE,1,0
2799,"PREP",0.283074401164942,0.283074401164942,0,"Others",FALSE,1,0
2800,"PRG3",-0.10836292820842,-0.10836292820842,0,"Others",FALSE,1,0
2801,"PRKAA2.PRKAB2.PRKAG1",-0.228176309851372,-0.228176309851372,0,"Others",FALSE,1,0
2802,"PRKRA",-0.217712012689894,-0.217712012689894,0,"Others",FALSE,1,0
2803,"PRLH",-0.213328316243178,-0.213328316243178,0,"Others",FALSE,1,0
2804,"PRND",0.131119102355917,0.131119102355917,0,"Others",FALSE,1,0
2805,"PROK1",-0.142295660192118,-0.142295660192118,0,"Others",FALSE,1,0
2806,"PROK2",-0.119180209599119,-0.119180209599119,0,"Others",FALSE,1,0
2807,"PRPF18",-0.111218891721403,-0.111218891721403,0,"Others",FALSE,1,0
2808,"PRPF6",0.155980986053462,0.155980986053462,0,"Others",FALSE,1,0
2809,"PRPSAP1",-0.132609507155399,-0.132609507155399,0,"Others",FALSE,1,0
2810,"PRRG4",0.16358647910291,0.16358647910291,0,"Others",FALSE,1,0
2811,"PRRT2",0.399612992321074,0.399612992321074,0,"Others",FALSE,1,0
2812,"PRSS22",0.0994803009011538,0.0994803009011538,0,"Others",FALSE,1,0
2813,"PRSS27",0.193558823938194,0.193558823938194,0,"Others",FALSE,2,0
2814,"PRSS57",-0.212331940305235,-0.212331940305235,0,"Others",FALSE,1,0
2815,"PRSS8",0.181930131298257,0.181930131298257,0,"Others",FALSE,2,0
2816,"PRTFDC1",0.224870785001824,0.224870785001824,0,"Others",FALSE,1,0
2817,"PRX",-0.142110211351441,-0.142110211351441,0,"Others",FALSE,1,0
2818,"PRXL2A",0.268806002063878,0.268806002063878,0,"Others",FALSE,1,0
2819,"PSAT1",0.392901044062165,0.392901044062165,0,"Others",FALSE,1,0
2820,"PSD2",0.0908287963570663,0.0908287963570663,0,"Others",FALSE,1,0
2821,"PSG1",-0.107175119239055,-0.107175119239055,0,"Others",FALSE,1,0
2822,"PSG2",-0.16394792226846,-0.16394792226846,0,"Others",FALSE,1,0
2823,"PSMA1",0.114336161591197,0.114336161591197,0,"Others",FALSE,1,0
2824,"PSMA2",0.228339391043497,0.228339391043497,0,"Others",FALSE,1,0
2825,"PSMA4",0.149808974803682,0.149808974803682,0,"Others",FALSE,1,0
2826,"PSMB1",0.196696961191028,0.196696961191028,0,"Others",FALSE,1,0
2827,"PSMB10",0.100870936067282,0.100870936067282,0,"Others",FALSE,1,0
2828,"PSMB2",0.280663473560229,0.280663473560229,0,"Others",FALSE,1,0
2829,"PSMB3",0.267877648112937,0.267877648112937,0,"Others",FALSE,1,0
2830,"PSMB5",0.25390437811141,0.25390437811141,0,"Others",FALSE,1,0
2831,"PSMB6",0.184293053549966,0.184293053549966,0,"Others",FALSE,1,0
2832,"PSMB9",-0.172838312502805,-0.172838312502805,0,"Others",FALSE,1,0
2833,"PSMC3",-0.20015531489138,-0.20015531489138,0,"Others",FALSE,1,0
2834,"PSMD10",-0.134687762937837,-0.134687762937837,0,"Others",FALSE,1,0
2835,"PSMD5",0.119267159498085,0.119267159498085,0,"Others",FALSE,1,0
2836,"PSMD6",0.160498194746496,0.160498194746496,0,"Others",FALSE,1,0
2837,"PSMD7",-0.181822676795562,-0.181822676795562,0,"Others",FALSE,1,0
2838,"PSMD9",0.18291440963443,0.18291440963443,0,"Others",FALSE,1,0
2839,"PSMG2",0.147135213117169,0.147135213117169,0,"Others",FALSE,1,0
2840,"PSMG4",0.109539131221848,0.109539131221848,0,"Others",FALSE,1,0
2841,"PSPC1",-0.144823732681599,-0.144823732681599,0,"Others",FALSE,1,0
2842,"PTP4A1",0.151578198102378,0.151578198102378,0,"Others",FALSE,1,0
2843,"PTPMT1",-0.103433813601938,-0.103433813601938,0,"Others",FALSE,1,0
2844,"PTX3",-0.190427766707445,-0.190427766707445,0,"Others",FALSE,1,0
2845,"PUDP",0.337748908958861,0.337748908958861,0,"Others",FALSE,1,0
2846,"PUS7",0.164099562793791,0.164099562793791,0,"Others",FALSE,1,0
2847,"PXDNL",-0.0891351335881305,-0.0891351335881305,0,"Others",FALSE,1,0
2848,"PXYLP1",0.136825272784154,0.136825272784154,0,"Others",FALSE,1,0
2849,"QKI",-0.142828407198023,-0.142828407198023,0,"Others",FALSE,1,0
2850,"QPCT",0.24885996011233,0.24885996011233,0,"Others",FALSE,1,0
2851,"QPCTL",0.251508640438085,0.251508640438085,0,"Others",FALSE,1,0
2852,"QSOX1",0.202529459544191,0.202529459544191,0,"Others",FALSE,1,0
2853,"QSOX2",0.225791167433542,0.225791167433542,0,"Others",FALSE,1,0
2854,"QTRT2",0.221610023304734,0.221610023304734,0,"Others",FALSE,1,0
2855,"RAB13",0.210567857613223,0.210567857613223,0,"Others",FALSE,1,0
2856,"RAB18",0.248170010163651,0.248170010163651,0,"Others",FALSE,1,0
2857,"RAB1A",0.167226532043202,0.167226532043202,0,"Others",FALSE,1,0
2858,"RAB22A",0.159203513447511,0.159203513447511,0,"Others",FALSE,1,0
2859,"RAB24",0.227032664935037,0.227032664935037,0,"Others",FALSE,1,0
2860,"RAB26",-0.104498320050057,-0.104498320050057,0,"Others",FALSE,1,0
2861,"RAB27A",0.184442857105157,0.184442857105157,0,"Others",FALSE,1,0
2862,"RAB2B",-0.195512986073826,-0.195512986073826,0,"Others",FALSE,1,0
2863,"RAB32",-0.219483823246781,-0.219483823246781,0,"Others",FALSE,1,0
2864,"RAB33A",-0.0977213992058584,-0.0977213992058584,0,"Others",FALSE,1,0
2865,"RAB37",-0.15632089332352,-0.15632089332352,0,"Others",FALSE,1,0
2866,"RAB38",0.192310579460353,0.192310579460353,0,"Others",FALSE,1,0
2867,"RAB39B",0.235700640889482,0.235700640889482,0,"Others",FALSE,1,0
2868,"RAB3C",-0.257486038638031,-0.257486038638031,0,"Others",FALSE,1,0
2869,"RAB3D",-0.190347973814039,-0.190347973814039,0,"Others",FALSE,1,0
2870,"RAB5B",-0.114005786058988,-0.114005786058988,0,"Others",FALSE,1,0
2871,"RAB5C",-0.178530328084377,-0.178530328084377,0,"Others",FALSE,1,0
2872,"RAB8B",-0.138618879572982,-0.138618879572982,0,"Others",FALSE,1,0
2873,"RABGAP1L",0.227484722621716,0.227484722621716,0,"Others",FALSE,1,0
2874,"RABIF",-0.111118385829687,-0.111118385829687,0,"Others",FALSE,1,0
2875,"RABL3",-0.117779045309065,-0.117779045309065,0,"Others",FALSE,1,0
2876,"RABL6",0.479763404756594,0.479763404756594,0,"Others",FALSE,1,0
2877,"RAC2",-0.180584133955699,-0.180584133955699,0,"Others",FALSE,1,0
2878,"RAD23A",0.40259557252625,0.40259557252625,0,"Others",FALSE,1,0
2879,"RALA",0.187758866489376,0.187758866489376,0,"Others",FALSE,1,0
2880,"RBBP4",0.113046577803609,0.113046577803609,0,"Others",FALSE,1,0
2881,"RBBP5",-0.261644462981094,-0.261644462981094,0,"Others",FALSE,1,0
2882,"RBBP9",0.188751567203546,0.188751567203546,0,"Others",FALSE,1,0
2883,"RBFOX1",0.175083915374105,0.175083915374105,0,"Others",FALSE,1,0
2884,"RBM19",-0.170201170633338,-0.170201170633338,0,"Others",FALSE,1,0
2885,"RBM22",0.20817733957237,0.20817733957237,0,"Others",FALSE,1,0
2886,"RBM23",-0.191944144002319,-0.191944144002319,0,"Others",FALSE,1,0
2887,"RBM41",-0.170463565317435,-0.170463565317435,0,"Others",FALSE,1,0
2888,"RBM46",0.172550323326576,0.172550323326576,0,"Others",FALSE,1,0
2889,"RBMS1",-0.164994519180263,-0.164994519180263,0,"Others",FALSE,1,0
2890,"RBP4",-0.101259855436329,-0.101259855436329,0,"Others",FALSE,1,0
2891,"RBP5",-0.270586625385565,-0.270586625385565,0,"Others",FALSE,1,0
2892,"RBP7",0.203110999641949,0.203110999641949,0,"Others",FALSE,1,0
2893,"RCAN2",0.298249969076021,0.298249969076021,0,"Others",FALSE,1,0
2894,"RCN3",0.154934992436893,0.154934992436893,0,"Others",FALSE,2,0
2895,"RDH10",-0.119426725206422,-0.119426725206422,0,"Others",FALSE,1,0
2896,"RDH12",0.179239893155424,0.179239893155424,0,"Others",FALSE,1,0
2897,"RDH13",0.120288834981133,0.120288834981133,0,"Others",FALSE,1,0
2898,"RDH16",-0.176508712436671,-0.176508712436671,0,"Others",FALSE,1,0
2899,"RDX",0.286973306082555,0.286973306082555,0,"Others",FALSE,1,0
2900,"RECQL",-0.0972529387397564,-0.0972529387397564,0,"Others",FALSE,1,0
2901,"REG1B",-0.18934182527736,-0.18934182527736,0,"Others",FALSE,1,0
2902,"REG3G",-0.134234486208439,-0.134234486208439,0,"Others",FALSE,1,0
2903,"RELL1",0.160553518411855,0.160553518411855,0,"Others",FALSE,1,0
2904,"RELT",0.294149133919785,0.294149133919785,0,"Others",FALSE,2,0
2905,"REPS2",0.123728068411643,0.123728068411643,0,"Others",FALSE,1,0
2906,"RER1",-0.0997688219698585,-0.0997688219698585,0,"Others",FALSE,1,0
2907,"REXO2",0.306614810446613,0.306614810446613,0,"Others",FALSE,1,0
2908,"RFFL",0.195945688712438,0.195945688712438,0,"Others",FALSE,1,0
2909,"RFK",-0.110698391691486,-0.110698391691486,0,"Others",FALSE,1,0
2910,"RFPL3",-0.180829178562001,-0.180829178562001,0,"Others",FALSE,1,0
2911,"RFX5",-0.154377482983079,-0.154377482983079,0,"Others",FALSE,1,0
2912,"RFXAP",-0.115213476081108,-0.115213476081108,0,"Others",FALSE,1,0
2913,"RGN",0.144451985090161,0.144451985090161,0,"Others",FALSE,1,0
2914,"RGS1",-0.23315668088247,-0.23315668088247,0,"Others",FALSE,1,0
2915,"RGS13",-0.142098655279576,-0.142098655279576,0,"Others",FALSE,1,0
2916,"RGS4",-0.122606560660048,-0.122606560660048,0,"Others",FALSE,2,0
2917,"RGS7",0.167654026552373,0.167654026552373,0,"Others",FALSE,1,0
2918,"RGS8",0.116484917057499,0.116484917057499,0,"Others",FALSE,1,0
2919,"RHEX",0.275402151896512,0.275402151896512,0,"Others",FALSE,1,0
2920,"RHOG",0.129944152607645,0.129944152607645,0,"Others",FALSE,1,0
2921,"RHOQ",0.11554039458156,0.11554039458156,0,"Others",FALSE,1,0
2922,"RIC8A",0.178578819212673,0.178578819212673,0,"Others",FALSE,1,0
2923,"RILP",-0.128847785549872,-0.128847785549872,0,"Others",FALSE,1,0
2924,"RILPL1",-0.125661479985808,-0.125661479985808,0,"Others",FALSE,1,0
2925,"RILPL2",-0.221580695132312,-0.221580695132312,0,"Others",FALSE,1,0
2926,"RIOX2",-0.12164671483041,-0.12164671483041,0,"Others",FALSE,1,0
2927,"RMDN1",0.209009944504511,0.209009944504511,0,"Others",FALSE,1,0
2928,"RNASE1",0.314445363797576,0.314445363797576,0,"Others",FALSE,1,0
2929,"RNASE10",-0.0954931536900977,-0.0954931536900977,0,"Others",FALSE,1,0
2930,"RNASE13",-0.128829840324781,-0.128829840324781,0,"Others",FALSE,1,0
2931,"RNASE3",0.103682884156825,0.103682884156825,0,"Others",FALSE,2,0
2932,"RNASE4",0.126278280348143,0.126278280348143,0,"Others",FALSE,1,0
2933,"RNASEH1",-0.099239580058286,-0.099239580058286,0,"Others",FALSE,1,0
2934,"RNASET2",0.111574205716257,0.111574205716257,0,"Others",FALSE,1,0
2935,"RND3",-0.103847871668337,-0.103847871668337,0,"Others",FALSE,1,0
2936,"RNF122",0.342248390267783,0.342248390267783,0,"Others",FALSE,1,0
2937,"RNF141",-0.162343629947374,-0.162343629947374,0,"Others",FALSE,1,0
2938,"RNF215",0.308685331433863,0.308685331433863,0,"Others",FALSE,1,0
2939,"RNPC3",0.183723308416463,0.183723308416463,0,"Others",FALSE,1,0
2940,"RORB",-0.227314745682568,-0.227314745682568,0,"Others",FALSE,1,0
2941,"RP9",0.265634851347175,0.265634851347175,0,"Others",FALSE,1,0
2942,"RPE",0.144169066006537,0.144169066006537,0,"Others",FALSE,1,0
2943,"RPL11",-0.149261498199963,-0.149261498199963,0,"Others",FALSE,1,0
2944,"RPL26L1",-0.139937315880475,-0.139937315880475,0,"Others",FALSE,1,0
2945,"RPL5",-0.172529693165413,-0.172529693165413,0,"Others",FALSE,1,0
2946,"RPN1",0.195577280999789,0.195577280999789,0,"Others",FALSE,2,0
2947,"RPP25",-0.252943721539513,-0.252943721539513,0,"Others",FALSE,1,0
2948,"RPRD1B",-0.239430663721395,-0.239430663721395,0,"Others",FALSE,1,0
2949,"RPS20",-0.171561319872069,-0.171561319872069,0,"Others",FALSE,1,0
2950,"RPS27A",0.243792704900196,0.243792704900196,0,"Others",FALSE,1,0
2951,"RPS4X",-0.202910930055718,-0.202910930055718,0,"Others",FALSE,1,0
2952,"RPS7",-0.196417242870696,-0.196417242870696,0,"Others",FALSE,1,0
2953,"RTL6",-0.15153881355406,-0.15153881355406,0,"Others",FALSE,1,0
2954,"RTRAF",-0.107505673665229,-0.107505673665229,0,"Others",FALSE,1,0
2955,"RWDD1",0.296289974051655,0.296289974051655,0,"Others",FALSE,1,0
2956,"S100A13",-0.198311234882557,-0.198311234882557,0,"Others",FALSE,1,0
2957,"S100A16",0.274196189546793,0.274196189546793,0,"Others",FALSE,1,0
2958,"S100A5",0.144087711834603,0.144087711834603,0,"Others",FALSE,1,0
2959,"S100A6",0.142134035561906,0.142134035561906,0,"Others",FALSE,1,0
2960,"S100A7",-0.121381919205183,-0.121381919205183,0,"Others",FALSE,1,0
2961,"S100Z",-0.119439818088043,-0.119439818088043,0,"Others",FALSE,1,0
2962,"SAA4",-0.0977980810973144,-0.0977980810973144,0,"Others",FALSE,1,0
2963,"SAMHD1",0.0986759424877953,0.0986759424877953,0,"Others",FALSE,1,0
2964,"SAMM50",0.152247959453819,0.152247959453819,0,"Others",FALSE,1,0
2965,"SAMSN1",-0.106343050289743,-0.106343050289743,0,"Others",FALSE,1,0
2966,"SAP18",-0.230410978791843,-0.230410978791843,0,"Others",FALSE,1,0
2967,"SAP30L",-0.0929169602229367,-0.0929169602229367,0,"Others",FALSE,1,0
2968,"SAR1A",-0.13712660087467,-0.13712660087467,0,"Others",FALSE,1,0
2969,"SAR1B",-0.127462255898425,-0.127462255898425,0,"Others",FALSE,1,0
2970,"SCAMP5",-0.0945031511593953,-0.0945031511593953,0,"Others",FALSE,1,0
2971,"SCARF2",0.214673042114222,0.214673042114222,0,"Others",FALSE,1,0
2972,"SCG5",0.261429604799285,0.261429604799285,0,"Others",FALSE,1,0
2973,"SCGB1D1",0.27477866314502,0.27477866314502,0,"Others",FALSE,1,0
2974,"SCGB1D2",0.164048669834388,0.164048669834388,0,"Others",FALSE,1,0
2975,"SCGN",0.23438207424292,0.23438207424292,0,"Others",FALSE,2,0
2976,"SCLY",0.208123361678735,0.208123361678735,0,"Others",FALSE,1,0
2977,"SCO1",-0.222555092803495,-0.222555092803495,0,"Others",FALSE,1,0
2978,"SCO2",-0.0931199292446653,-0.0931199292446653,0,"Others",FALSE,1,0
2979,"SCPEP1",-0.166963075580971,-0.166963075580971,0,"Others",FALSE,1,0
2980,"SCRN3",-0.153085654002325,-0.153085654002325,0,"Others",FALSE,1,0
2981,"SCUBE1",0.109716892789945,0.109716892789945,0,"Others",FALSE,1,0
2982,"SCUBE3",0.190630965316406,0.190630965316406,0,"Others",FALSE,1,0
2983,"SDHAF2",0.198016411731494,0.198016411731494,0,"Others",FALSE,1,0
2984,"SDSL",0.226520038130271,0.226520038130271,0,"Others",FALSE,1,0
2985,"SEC13",0.242747436770641,0.242747436770641,0,"Others",FALSE,1,0
2986,"SELENBP1",-0.102174425116685,-0.102174425116685,0,"Others",FALSE,1,0
2987,"SELENOF",0.199335194143395,0.199335194143395,0,"Others",FALSE,1,0
2988,"SELENOM",0.223826619080856,0.223826619080856,0,"Others",FALSE,1,0
2989,"SELENOW",0.395284869205995,0.395284869205995,0,"Others",FALSE,1,0
2990,"SENP8",0.119627312087622,0.119627312087622,0,"Others",FALSE,1,0
2991,"SEPHS1",0.0998218858276317,0.0998218858276317,0,"Others",FALSE,1,0
2992,"SEPTIN11",0.348367360493543,0.348367360493543,0,"Others",FALSE,1,0
2993,"SEPTIN6",-0.211914003860365,-0.211914003860365,0,"Others",FALSE,1,0
2994,"SERPINA10",-0.167575270745348,-0.167575270745348,0,"Others",FALSE,1,0
2995,"SERPINA11",-0.216272869680996,-0.216272869680996,0,"Others",FALSE,1,0
2996,"SERPINA3",0.127800526024156,0.127800526024156,0,"Others",FALSE,1,0
2997,"SERPINA7",-0.15370917945594,-0.15370917945594,0,"Others",FALSE,1,0
2998,"SERPINB8",0.195527400377944,0.195527400377944,0,"Others",FALSE,1,0
2999,"SERPINB9",0.224708400714148,0.224708400714148,0,"Others",FALSE,1,0
3000,"SERPINF2",-0.12785689057854,-0.12785689057854,0,"Others",FALSE,1,0
3001,"SETD3",0.14371570722806,0.14371570722806,0,"Others",FALSE,1,0
3002,"SEZ6L",0.241943548222866,0.241943548222866,0,"Others",FALSE,1,0
3003,"SF3B6",-0.230816824699621,-0.230816824699621,0,"Others",FALSE,1,0
3004,"SFRP4",-0.103018201715264,-0.103018201715264,0,"Others",FALSE,2,0
3005,"SFRP5",0.138237477371509,0.138237477371509,0,"Others",FALSE,1,0
3006,"SFTA2",0.128369138505269,0.128369138505269,0,"Others",FALSE,1,0
3007,"SGSH",-0.139528141065446,-0.139528141065446,0,"Others",FALSE,1,0
3008,"SGTB",0.289343531170872,0.289343531170872,0,"Others",FALSE,1,0
3009,"SH2D1B",-0.176330864590341,-0.176330864590341,0,"Others",FALSE,1,0
3010,"SH3BGRL2",0.510192351202648,0.510192351202648,0,"Others",FALSE,1,0
3011,"SH3BGRL3",0.305330124633295,0.305330124633295,0,"Others",FALSE,1,0
3012,"SH3GL2",0.223767602340708,0.223767602340708,0,"Others",FALSE,2,0
3013,"SH3GL3",0.0210015299377385,0.0210015299377385,0,"Others",FALSE,2,0
3014,"SH3GLB2",-0.145509863779254,-0.145509863779254,0,"Others",FALSE,1,0
3015,"SHD",0.12859605580794,0.12859605580794,0,"Others",FALSE,1,0
3016,"SHMT2",-0.126406668459483,-0.126406668459483,0,"Others",FALSE,1,0
3017,"SIL1",0.162808208493355,0.162808208493355,0,"Others",FALSE,1,0
3018,"SIRPB2",-0.0909551780487952,-0.0909551780487952,0,"Others",FALSE,1,0
3019,"SLAMF8",0.114138937391299,0.114138937391299,0,"Others",FALSE,1,0
3020,"SLC14A2",-0.131939882058539,-0.131939882058539,0,"Others",FALSE,1,0
3021,"SLC26A5",-0.0958886607841277,-0.0958886607841277,0,"Others",FALSE,1,0
3022,"SLC30A3",0.0934923038729461,0.0934923038729461,0,"Others",FALSE,1,0
3023,"SLC3A1",0.159839602672893,0.159839602672893,0,"Others",FALSE,1,0
3024,"SMIM24",0.325639525334129,0.325639525334129,0,"Others",FALSE,1,0
3025,"SMNDC1",-0.129306970043787,-0.129306970043787,0,"Others",FALSE,1,0
3026,"SMPD1",0.0992943293334671,0.0992943293334671,0,"Others",FALSE,1,0
3027,"SMS",0.0993855900974265,0.0993855900974265,0,"Others",FALSE,1,0
3028,"SNF8",-0.107617790057356,-0.107617790057356,0,"Others",FALSE,1,0
3029,"SNRNP25",-0.143350656517535,-0.143350656517535,0,"Others",FALSE,1,0
3030,"SNRPA",-0.13236654523911,-0.13236654523911,0,"Others",FALSE,1,0
3031,"SNRPA1",-0.155845370469982,-0.155845370469982,0,"Others",FALSE,1,0
3032,"SNRPB2",-0.191391979093359,-0.191391979093359,0,"Others",FALSE,1,0
3033,"SNRPD3",-0.0876742417158509,-0.0876742417158509,0,"Others",FALSE,1,0
3034,"SNRPE",-0.177429975002795,-0.177429975002795,0,"Others",FALSE,1,0
3035,"SNRPF",-0.10482616816536,-0.10482616816536,0,"Others",FALSE,1,0
3036,"SNRPG",-0.164326625272853,-0.164326625272853,0,"Others",FALSE,1,0
3037,"SNTB1",-0.175675386683628,-0.175675386683628,0,"Others",FALSE,1,0
3038,"SNUPN",-0.166681033822536,-0.166681033822536,0,"Others",FALSE,1,0
3039,"SNX11",0.21492662443456,0.21492662443456,0,"Others",FALSE,1,0
3040,"SNX12",0.34309547247671,0.34309547247671,0,"Others",FALSE,1,0
3041,"SNX15",0.225318287401487,0.225318287401487,0,"Others",FALSE,1,0
3042,"SNX16",0.244105055457873,0.244105055457873,0,"Others",FALSE,1,0
3043,"SNX17",-0.238212811564993,-0.238212811564993,0,"Others",FALSE,1,0
3044,"SNX3",0.107317750190718,0.107317750190718,0,"Others",FALSE,1,0
3045,"SORD",0.112518766634602,0.112518766634602,0,"Others",FALSE,1,0
3046,"SPA17",0.121059382911176,0.121059382911176,0,"Others",FALSE,1,0
3047,"SPACA5",0.0888601578895978,0.0888601578895978,0,"Others",FALSE,1,0
3048,"SPAG11B",0.138874032347675,0.138874032347675,0,"Others",FALSE,1,0
3049,"SPAG7",-0.0972334171991335,-0.0972334171991335,0,"Others",FALSE,1,0
3050,"SPANXA1",-0.205793385862392,-0.205793385862392,0,"Others",FALSE,1,0
3051,"SPANXN4",0.100159547810326,0.100159547810326,0,"Others",FALSE,1,0
3052,"SPARCL1",0.210010877369912,0.210010877369912,0,"Others",FALSE,2,0
3053,"SPATA22",0.194212999262518,0.194212999262518,0,"Others",FALSE,1,0
3054,"SPATA31D4",-0.108839608829741,-0.108839608829741,0,"Others",FALSE,1,0
3055,"SPATA46",0.253583186571371,0.253583186571371,0,"Others",FALSE,1,0
3056,"SPATA9",0.168932058398672,0.168932058398672,0,"Others",FALSE,1,0
3057,"SPC25",0.345429267881271,0.345429267881271,0,"Others",FALSE,1,0
3058,"SPDEF",-0.109600093971138,-0.109600093971138,0,"Others",FALSE,1,0
3059,"SPECC1",0.166200164892826,0.166200164892826,0,"Others",FALSE,1,0
3060,"SPG21",0.117965421814345,0.117965421814345,0,"Others",FALSE,1,0
3061,"SPINK13",0.171665002219082,0.171665002219082,0,"Others",FALSE,1,0
3062,"SPINK14",0.174762245231913,0.174762245231913,0,"Others",FALSE,1,0
3063,"SPINK2",0.126204214050416,0.126204214050416,0,"Others",FALSE,1,0
3064,"SPINT2",0.154748402158633,0.154748402158633,0,"Others",FALSE,1,0
3065,"SPOCK1",0.237615378321977,0.237615378321977,0,"Others",FALSE,2,0
3066,"SPOCK2",0.0930602236789525,0.0930602236789525,0,"Others",FALSE,1,0
3067,"SPTLC1",0.130910129626051,0.130910129626051,0,"Others",FALSE,1,0
3068,"SRA1",0.171679255517538,0.171679255517538,0,"Others",FALSE,1,0
3069,"SRGAP2",0.303093045464308,0.303093045464308,0,"Others",FALSE,1,0
3070,"SRGN",-0.176160355915564,-0.176160355915564,0,"Others",FALSE,1,0
3071,"SRL",-0.19724575996104,-0.19724575996104,0,"Others",FALSE,1,0
3072,"SRM",0.128216263337026,0.128216263337026,0,"Others",FALSE,1,0
3073,"SRXN1",0.195840637771647,0.195840637771647,0,"Others",FALSE,1,0
3074,"SST",0.201935603127346,0.201935603127346,0,"Others",FALSE,1,0
3075,"SSU72",-0.162996863049983,-0.162996863049983,0,"Others",FALSE,1,0
3076,"ST3GAL1",0.147305445773232,0.147305445773232,0,"Others",FALSE,1,0
3077,"ST3GAL6",0.197073262440977,0.197073262440977,0,"Others",FALSE,1,0
3078,"ST6GAL2",0.163242677863641,0.163242677863641,0,"Others",FALSE,1,0
3079,"ST6GALNAC1",-0.176935099293767,-0.176935099293767,0,"Others",FALSE,1,0
3080,"ST6GALNAC2",-0.0914204105589404,-0.0914204105589404,0,"Others",FALSE,1,0
3081,"ST6GALNAC5",0.265490452395578,0.265490452395578,0,"Others",FALSE,1,0
3082,"ST8SIA1",0.133573930160732,0.133573930160732,0,"Others",FALSE,1,0
3083,"ST8SIA2",0.18418686950957,0.18418686950957,0,"Others",FALSE,1,0
3084,"STAMBPL1",0.470055601129779,0.470055601129779,0,"Others",FALSE,1,0
3085,"STARD5",-0.24567944276075,-0.24567944276075,0,"Others",FALSE,1,0
3086,"STATH",0.190151173965824,0.190151173965824,0,"Others",FALSE,1,0
3087,"STAU1",0.197763838088731,0.197763838088731,0,"Others",FALSE,1,0
3088,"STC1",0.0917355533061959,0.0917355533061959,0,"Others",FALSE,1,0
3089,"STK16",-0.144569304493826,-0.144569304493826,0,"Others",FALSE,1,0
3090,"STOM",0.0970099301703411,0.0970099301703411,0,"Others",FALSE,1,0
3091,"STOML1",0.183095354364862,0.183095354364862,0,"Others",FALSE,1,0
3092,"STX10",-0.108514469136367,-0.108514469136367,0,"Others",FALSE,1,0
3093,"STX12",0.354810841543878,0.354810841543878,0,"Others",FALSE,1,0
3094,"STX1B",0.151085073566291,0.151085073566291,0,"Others",FALSE,1,0
3095,"STX2",0.393715997039577,0.393715997039577,0,"Others",FALSE,1,0
3096,"STX6",0.334477721352697,0.334477721352697,0,"Others",FALSE,1,0
3097,"STX8",0.404197486313114,0.404197486313114,0,"Others",FALSE,1,0
3098,"SUDS3",-0.151083185605897,-0.151083185605897,0,"Others",FALSE,1,0
3099,"SULF2",0.272914546260151,0.272914546260151,0,"Others",FALSE,1,0
3100,"SULT1A1",-0.2030092372182,-0.2030092372182,0,"Others",FALSE,1,0
3101,"SULT2B1",0.0995600934655399,0.0995600934655399,0,"Others",FALSE,1,0
3102,"SULT6B1",-0.168968475645652,-0.168968475645652,0,"Others",FALSE,1,0
3103,"SUMF2",0.173209890178725,0.173209890178725,0,"Others",FALSE,1,0
3104,"SUMO4",0.382538123611962,0.382538123611962,0,"Others",FALSE,1,0
3105,"SUN5",0.117277982835697,0.117277982835697,0,"Others",FALSE,1,0
3106,"SUOX",0.266059828998041,0.266059828998041,0,"Others",FALSE,1,0
3107,"SURF1",0.133843754991436,0.133843754991436,0,"Others",FALSE,1,0
3108,"SVIP",0.327768498935132,0.327768498935132,0,"Others",FALSE,1,0
3109,"SWAP70",0.0979470431588613,0.0979470431588613,0,"Others",FALSE,1,0
3110,"SYF2",0.2237094057096,0.2237094057096,0,"Others",FALSE,1,0
3111,"SYNE2",0.417877783288238,0.417877783288238,0,"Others",FALSE,1,0
3112,"SYT12",0.303319510295065,0.303319510295065,0,"Others",FALSE,1,0
3113,"SYT17",-0.210560307852374,-0.210560307852374,0,"Others",FALSE,1,0
3114,"SYT5",0.520379530320898,0.520379530320898,0,"Synaptic Proteins",FALSE,1,0
3115,"SYT9",0.130479505103906,0.130479505103906,0,"Others",FALSE,1,0
3116,"TACO1",-0.0888607378500308,-0.0888607378500308,0,"Others",FALSE,1,0
3117,"TACSTD2",-0.0949503739612018,-0.0949503739612018,0,"Others",FALSE,1,0
3118,"TAF10",-0.166508744480847,-0.166508744480847,0,"Others",FALSE,1,0
3119,"TAFA5",0.315966805026142,0.315966805026142,0,"Others",FALSE,1,0
3120,"TAGLN",0.263955630145479,0.263955630145479,0,"Others",FALSE,2,0
3121,"TAGLN3",0.494203623525604,0.494203623525604,0,"Others",FALSE,1,0
3122,"TAPBPL",0.110125821295569,0.110125821295569,0,"Others",FALSE,1,0
3123,"TARS1",0.122528428314372,0.122528428314372,0,"Others",FALSE,1,0
3124,"TAT",0.142298049512278,0.142298049512278,0,"Others",FALSE,1,0
3125,"TATDN1",0.184904375515014,0.184904375515014,0,"Others",FALSE,1,0
3126,"TATDN3",0.287060857251381,0.287060857251381,0,"Others",FALSE,1,0
3127,"TBC1D20",-0.16175418046176,-0.16175418046176,0,"Others",FALSE,1,0
3128,"TBCA",-0.162282757574364,-0.162282757574364,0,"Others",FALSE,1,0
3129,"TBCC",0.281033975256365,0.281033975256365,0,"Others",FALSE,1,0
3130,"TBCE",0.20737435140048,0.20737435140048,0,"Others",FALSE,1,0
3131,"TCEA2",-0.0943538288115419,-0.0943538288115419,0,"Others",FALSE,1,0
3132,"TCEA3",-0.133996865325629,-0.133996865325629,0,"Others",FALSE,1,0
3133,"TCEAL3",0.468898165763506,0.468898165763506,0,"Others",FALSE,1,0
3134,"TCEAL5",0.508426792954628,0.508426792954628,0,"Others",FALSE,1,0
3135,"TCEAL7",0.140320685228802,0.140320685228802,0,"Others",FALSE,1,0
3136,"TCF21",-0.117587168405708,-0.117587168405708,0,"Others",FALSE,1,0
3137,"TDGF1",0.169357214582158,0.169357214582158,0,"Others",FALSE,1,0
3138,"TDP1",-0.177610446737467,-0.177610446737467,0,"Others",FALSE,1,0
3139,"TEPSIN",0.178477807035216,0.178477807035216,0,"Others",FALSE,1,0
3140,"TESC",0.340385648590283,0.340385648590283,0,"Others",FALSE,1,0
3141,"TFF3",0.159888798774266,0.159888798774266,0,"Others",FALSE,2,0
3142,"TFPI2",0.19176395603415,0.19176395603415,0,"Others",FALSE,1,0
3143,"TGIF2LY",-0.11608582175343,-0.11608582175343,0,"Others",FALSE,1,0
3144,"THAP11",0.109432465051332,0.109432465051332,0,"Others",FALSE,1,0
3145,"THAP4",0.241768823999683,0.241768823999683,0,"Others",FALSE,1,0
3146,"THG1L",-0.15504694449081,-0.15504694449081,0,"Others",FALSE,1,0
3147,"THPO",0.158718064955497,0.158718064955497,0,"Others",FALSE,1,0
3148,"THSD1",0.191287561553784,0.191287561553784,0,"Others",FALSE,1,0
3149,"TIA1",-0.173208819550996,-0.173208819550996,0,"Others",FALSE,1,0
3150,"TIMM21",-0.108540265504522,-0.108540265504522,0,"Others",FALSE,1,0
3151,"TIMP4",0.123674303522191,0.123674303522191,0,"Others",FALSE,1,0
3152,"TIPRL",0.333029297455046,0.333029297455046,0,"Others",FALSE,1,0
3153,"TKFC",0.158204291643743,0.158204291643743,0,"Others",FALSE,1,0
3154,"TLNRD1",0.250658516408698,0.250658516408698,0,"Others",FALSE,1,0
3155,"TLR4.LY96",0.215610902756826,0.215610902756826,0,"Others",FALSE,1,0
3156,"TLR5",0.109669001943914,0.109669001943914,0,"Others",FALSE,1,0
3157,"TMCC3",-0.0301572830208265,-0.0301572830208265,0,"Others",FALSE,2,0
3158,"TMED10",0.158434588551766,0.158434588551766,0,"Others",FALSE,1,0
3159,"TMED2",0.324525425790171,0.324525425790171,0,"Others",FALSE,1,0
3160,"TMED9",0.285652769048945,0.285652769048945,0,"Others",FALSE,1,0
3161,"TMEFF1",0.325720382990577,0.325720382990577,0,"Others",FALSE,1,0
3162,"TMEM106B",0.219180884356083,0.219180884356083,0,"Others",FALSE,1,0
3163,"TMEM132B",0.267886926456366,0.267886926456366,0,"Others",FALSE,1,0
3164,"TMEM132C",0.276787802288153,0.276787802288153,0,"Others",FALSE,2,0
3165,"TMEM132D",0.252074223814023,0.252074223814023,0,"Others",FALSE,1,0
3166,"TMEM154",-0.0971444525159121,-0.0971444525159121,0,"Others",FALSE,1,0
3167,"TMEM185A",-0.155663574523934,-0.155663574523934,0,"Others",FALSE,1,0
3168,"TMEM225B",-0.138016475431972,-0.138016475431972,0,"Others",FALSE,1,0
3169,"TMEM237",0.0953167818885978,0.0953167818885978,0,"Others",FALSE,1,0
3170,"TMEM25",0.155572888737144,0.155572888737144,0,"Others",FALSE,1,0
3171,"TMEM38B",0.268348682877223,0.268348682877223,0,"Others",FALSE,1,0
3172,"TMEM8B",0.119314651484966,0.119314651484966,0,"Others",FALSE,1,0
3173,"TMEM9",0.305864203445189,0.305864203445189,0,"Others",FALSE,1,0
3174,"TMOD2",0.423441394750978,0.423441394750978,0,"Others",FALSE,1,0
3175,"TMOD3",0.493992756485422,0.493992756485422,0,"Others",FALSE,1,0
3176,"TMPRSS15",-0.200113708548761,-0.200113708548761,0,"Others",FALSE,1,0
3177,"TMPRSS5",0.125480497288392,0.125480497288392,0,"Others",FALSE,1,0
3178,"TMX3",0.310367282839337,0.310367282839337,0,"Others",FALSE,1,0
3179,"TNFRSF19",0.173562404413501,0.173562404413501,0,"Others",FALSE,1,0
3180,"TNFRSF4",0.11992989169722,0.11992989169722,0,"Others",FALSE,1,0
3181,"TNNI2",-0.177456083331764,-0.177456083331764,0,"Others",FALSE,1,0
3182,"TNNT3",-0.201966280812387,-0.201966280812387,0,"Others",FALSE,1,0
3183,"TNR",0.272320445556457,0.272320445556457,0,"Others",FALSE,1,0
3184,"TNRC6B",0.343141495380739,0.343141495380739,0,"Others",FALSE,1,0
3185,"TNS4",0.150898813101658,0.150898813101658,0,"Others",FALSE,1,0
3186,"TOLLIP",0.373108030830893,0.373108030830893,0,"Others",FALSE,1,0
3187,"TOR1AIP2",0.160791424011728,0.160791424011728,0,"Others",FALSE,1,0
3188,"TP53I13",0.345136254362705,0.345136254362705,0,"Others",FALSE,1,0
3189,"TPI1",0.285564043076968,0.285564043076968,0,"Metabolism",FALSE,1,0
3190,"TPM4",0.0967243032182636,0.0967243032182636,0,"Others",FALSE,1,0
3191,"TPMT",0.12420037315221,0.12420037315221,0,"Others",FALSE,1,0
3192,"TPO",-0.178809638383165,-0.178809638383165,0,"Others",FALSE,1,0
3193,"TPPP2",0.225337441565404,0.225337441565404,0,"Others",FALSE,1,0
3194,"TPPP3",0.187112947741315,0.187112947741315,0,"Others",FALSE,1,0
3195,"TPST1",0.226525083134338,0.226525083134338,0,"Others",FALSE,1,0
3196,"TPST2",0.206676611989062,0.206676611989062,0,"Others",FALSE,1,0
3197,"TRABD",0.129351166230511,0.129351166230511,0,"Others",FALSE,1,0
3198,"TRABD2A",0.31467257126065,0.31467257126065,0,"Others",FALSE,1,0
3199,"TRAPPC13",-0.0915674548814618,-0.0915674548814618,0,"Others",FALSE,1,0
3200,"TRH",-0.102054688612288,-0.102054688612288,0,"Others",FALSE,1,0
3201,"TRIL",0.144830708637617,0.144830708637617,0,"Others",FALSE,1,0
3202,"TRIM55",-0.0918406526614838,-0.0918406526614838,0,"Others",FALSE,1,0
3203,"TRIML1",-0.123932192198188,-0.123932192198188,0,"Others",FALSE,1,0
3204,"TRIP10",0.101259496586566,0.101259496586566,0,"Others",FALSE,1,0
3205,"TRMT112",0.156460595035075,0.156460595035075,0,"Others",FALSE,1,0
3206,"TSEN15",0.122350958051884,0.122350958051884,0,"Others",FALSE,1,0
3207,"TSEN34",-0.183707761331914,-0.183707761331914,0,"Others",FALSE,1,0
3208,"TSG101",0.306946879608438,0.306946879608438,0,"Others",FALSE,1,0
3209,"TSN",0.186398320255309,0.186398320255309,0,"Others",FALSE,1,0
3210,"TSPEAR",0.123265866300485,0.123265866300485,0,"Others",FALSE,1,0
3211,"TSR2",0.202758704021952,0.202758704021952,0,"Others",FALSE,1,0
3212,"TSSC4",0.2755796274032,0.2755796274032,0,"Others",FALSE,1,0
3213,"TSTA3",0.0965271319151377,0.0965271319151377,0,"Others",FALSE,1,0
3214,"TSTD1",0.232686643684501,0.232686643684501,0,"Others",FALSE,1,0
3215,"TTC1",0.233243367299861,0.233243367299861,0,"Others",FALSE,1,0
3216,"TTC9",0.338228544026709,0.338228544026709,0,"Others",FALSE,1,0
3217,"TTLL12",-0.169311963653793,-0.169311963653793,0,"Others",FALSE,1,0
3218,"TWF2",0.43941128814594,0.43941128814594,0,"Others",FALSE,1,0
3219,"TWSG1",0.195923433537725,0.195923433537725,0,"Others",FALSE,1,0
3220,"TXNDC12",0.0886158897484731,0.0886158897484731,0,"Others",FALSE,2,0
3221,"TXNDC5",0.314752615924487,0.314752615924487,0,"Others",FALSE,1,0
3222,"TXNL1",0.372015784172898,0.372015784172898,0,"Others",FALSE,1,0
3223,"TXNL4A",0.171999249975418,0.171999249975418,0,"Others",FALSE,1,0
3224,"TXNL4B",0.286092040714966,0.286092040714966,0,"Others",FALSE,1,0
3225,"TXNRD3NB",-0.144570564321244,-0.144570564321244,0,"Others",FALSE,1,0
3226,"TYW3",-0.0932001654814778,-0.0932001654814778,0,"Others",FALSE,1,0
3227,"TYW5",0.107346564557073,0.107346564557073,0,"Others",FALSE,1,0
3228,"U2AF2",0.268262674125897,0.268262674125897,0,"Others",FALSE,1,0
3229,"UAP1",0.144133953952536,0.144133953952536,0,"Others",FALSE,1,0
3230,"UBA7",-0.0952107606194997,-0.0952107606194997,0,"Others",FALSE,1,0
3231,"UBAC1",-0.0964735569253325,-0.0964735569253325,0,"Others",FALSE,1,0
3232,"UBASH3A",0.181030707919327,0.181030707919327,0,"Others",FALSE,1,0
3233,"UBE2D4",0.35816377827138,0.35816377827138,0,"Others",FALSE,1,0
3234,"UBE2F",-0.105690375426946,-0.105690375426946,0,"Others",FALSE,1,0
3235,"UBE2G1",0.124095452513265,0.124095452513265,0,"Others",FALSE,1,0
3236,"UBE2H",0.382894493921149,0.382894493921149,0,"Others",FALSE,1,0
3237,"UBE2K",0.354557367263619,0.354557367263619,0,"Others",FALSE,1,0
3238,"UBE2N.UBE2V1",0.38489087535009,0.38489087535009,0,"Others",FALSE,2,0
3239,"UBE2N.UBE2V2",0.381802356472536,0.381802356472536,0,"Others",FALSE,1,0
3240,"UBE2Q2",0.100709663687741,0.100709663687741,0,"Others",FALSE,1,0
3241,"UBE2T",-0.120905478429103,-0.120905478429103,0,"Others",FALSE,1,0
3242,"UBE2V2",0.438260341602765,0.438260341602765,0,"Others",FALSE,1,0
3243,"UBE2W",-0.156512594414143,-0.156512594414143,0,"Others",FALSE,1,0
3244,"UBE2Z",0.432162979757608,0.432162979757608,0,"Others",FALSE,1,0
3245,"UBE4A",-0.141135611664586,-0.141135611664586,0,"Others",FALSE,1,0
3246,"UBL3",0.33549461086593,0.33549461086593,0,"Others",FALSE,1,0
3247,"UBL4A",0.48318976533084,0.48318976533084,0,"Others",FALSE,1,0
3248,"UBL5",0.144098676135613,0.144098676135613,0,"Others",FALSE,1,0
3249,"UBQLN3",0.371938001645826,0.371938001645826,0,"Others",FALSE,1,0
3250,"UBQLN4",0.451660909581393,0.451660909581393,0,"Others",FALSE,1,0
3251,"UBXN4",0.302765773393203,0.302765773393203,0,"Others",FALSE,1,0
3252,"UCHL5",-0.101546050331563,-0.101546050331563,0,"Others",FALSE,1,0
3253,"UCMA",0.188790613984328,0.188790613984328,0,"Others",FALSE,1,0
3254,"UCN3",0.23020776805954,0.23020776805954,0,"Others",FALSE,1,0
3255,"UFC1",0.415478069867867,0.415478069867867,0,"Others",FALSE,1,0
3256,"UFM1",0.27611672010103,0.27611672010103,0,"Others",FALSE,1,0
3257,"UGP2",0.282260821941994,0.282260821941994,0,"Others",FALSE,1,0
3258,"UGT2A1",-0.162078111408155,-0.162078111408155,0,"Others",FALSE,1,0
3259,"UMOD",0.256324688000992,0.256324688000992,0,"Others",FALSE,1,0
3260,"UNC119B",0.204065698235407,0.204065698235407,0,"Others",FALSE,1,0
3261,"UNC13D",-0.190662887532017,-0.190662887532017,0,"Others",FALSE,1,0
3262,"UNC45A",-0.0912019268582292,-0.0912019268582292,0,"Others",FALSE,1,0
3263,"UNC93B1",-0.159931463804535,-0.159931463804535,0,"Others",FALSE,1,0
3264,"UPK3L",-0.152111468865336,-0.152111468865336,0,"Others",FALSE,1,0
3265,"UPP1",-0.22310346867869,-0.22310346867869,0,"Others",FALSE,1,0
3266,"UPP2",0.093210788415461,0.093210788415461,0,"Others",FALSE,1,0
3267,"UROD",0.278809555152622,0.278809555152622,0,"Others",FALSE,1,0
3268,"USP12",0.123196738375278,0.123196738375278,0,"Others",FALSE,1,0
3269,"USP30",0.147786729926722,0.147786729926722,0,"Others",FALSE,1,0
3270,"UST",0.228095889993603,0.228095889993603,0,"Others",FALSE,1,0
3271,"VAMP3",-0.14772486801071,-0.14772486801071,0,"Others",FALSE,1,0
3272,"VAPA",0.391251796251909,0.391251796251909,0,"Others",FALSE,1,0
3273,"VAPB",-0.0878455253134733,-0.0878455253134733,0,"Others",FALSE,1,0
3274,"VARS1",-0.229418022971211,-0.229418022971211,0,"Others",FALSE,1,0
3275,"VAT1",0.133133309723021,0.133133309723021,0,"Others",FALSE,1,0
3276,"VAT1L",0.115612674794549,0.115612674794549,0,"Others",FALSE,1,0
3277,"VBP1",-0.0985867751600377,-0.0985867751600377,0,"Others",FALSE,1,0
3278,"VCX",0.178213020314938,0.178213020314938,0,"Others",FALSE,1,0
3279,"VCX3A",-0.198571037822139,-0.198571037822139,0,"Others",FALSE,1,0
3280,"VNN2",-0.0404721842946768,-0.0404721842946768,0,"Others",FALSE,2,0
3281,"VPS26A",0.412349043941293,0.412349043941293,0,"Others",FALSE,1,0
3282,"VPS29",-0.181077220970701,-0.181077220970701,0,"Others",FALSE,1,0
3283,"VPS9D1",-0.109728391547069,-0.109728391547069,0,"Others",FALSE,1,0
3284,"VSIG2",0.282301041759587,0.282301041759587,0,"Others",FALSE,1,0
3285,"VSNL1",0.459537219094273,0.459537219094273,0,"Others",FALSE,2,0
3286,"VSTM1",-0.145066118038528,-0.145066118038528,0,"Others",FALSE,1,0
3287,"VSX1",-0.0898584842202697,-0.0898584842202697,0,"Others",FALSE,1,0
3288,"VTI1A",0.351508035815992,0.351508035815992,0,"Others",FALSE,1,0
3289,"VTI1B",0.457742955296721,0.457742955296721,0,"Others",FALSE,1,0
3290,"VWA1",0.2006849563624,0.2006849563624,0,"Others",FALSE,1,0
3291,"VWA2",0.213938468435286,0.213938468435286,0,"Others",FALSE,1,0
3292,"VWC2",0.268131398769522,0.268131398769522,0,"Others",FALSE,2,0
3293,"WARS2",-0.196507395550453,-0.196507395550453,0,"Others",FALSE,1,0
3294,"WBP1L",-0.116020252140728,-0.116020252140728,0,"Others",FALSE,1,0
3295,"WDR5",-0.10406087607808,-0.10406087607808,0,"Others",FALSE,1,0
3296,"WEE2",-0.102166720503983,-0.102166720503983,0,"Others",FALSE,1,0
3297,"WFDC1",0.115255263770087,0.115255263770087,0,"Others",FALSE,1,0
3298,"WFDC2",0.25363617515475,0.25363617515475,0,"Others",FALSE,1,0
3299,"WFDC3",-0.141217053034355,-0.141217053034355,0,"Others",FALSE,1,0
3300,"WFIKKN1",-0.0902431007451711,-0.0902431007451711,0,"Others",FALSE,1,0
3301,"XCL2",0.141508405826784,0.141508405826784,0,"Others",FALSE,1,0
3302,"XG",0.2096830776984,0.2096830776984,0,"Others",FALSE,1,0
3303,"XPNPEP1",0.281466331357767,0.281466331357767,0,"Others",FALSE,1,0
3304,"XYLT2",0.138924160467377,0.138924160467377,0,"Others",FALSE,1,0
3305,"YAE1",0.129231103314938,0.129231103314938,0,"Others",FALSE,1,0
3306,"YARS1",-0.107346111865315,-0.107346111865315,0,"Others",FALSE,1,0
3307,"YIPF6",-0.100322507894185,-0.100322507894185,0,"Others",FALSE,1,0
3308,"YY2",-0.120420029994157,-0.120420029994157,0,"Others",FALSE,1,0
3309,"ZCCHC17",-0.219481317247397,-0.219481317247397,0,"Others",FALSE,1,0
3310,"ZCCHC18",0.149228410956656,0.149228410956656,0,"Others",FALSE,1,0
3311,"ZDHHC4",-0.138338841566379,-0.138338841566379,0,"Others",FALSE,1,0
3312,"ZFAND1",0.127087666544701,0.127087666544701,0,"Others",FALSE,1,0
3313,"ZFAND3",0.116610754179556,0.116610754179556,0,"Others",FALSE,1,0
3314,"ZG16",-0.164000339525254,-0.164000339525254,0,"Others",FALSE,1,0
3315,"ZNF175",-0.110907598355349,-0.110907598355349,0,"Others",FALSE,1,0
3316,"ZNF18",0.113854349142546,0.113854349142546,0,"Others",FALSE,1,0
3317,"ZNF180",-0.102086137098434,-0.102086137098434,0,"Others",FALSE,1,0
3318,"ZNF230",-0.154624187012333,-0.154624187012333,0,"Others",FALSE,1,0
3319,"ZNF275",-0.16206993015144,-0.16206993015144,0,"Others",FALSE,1,0
3320,"ZNF276",-0.142597435469813,-0.142597435469813,0,"Others",FALSE,1,0
3321,"ZNF329",-0.09767095214886,-0.09767095214886,0,"Others",FALSE,1,0
3322,"ZNF580",-0.124154873477725,-0.124154873477725,0,"Others",FALSE,1,0
3323,"ZP4",0.159328527633142,0.159328527633142,0,"Others",FALSE,1,0
3324,"ZWINT",0.132418829193573,0.132418829193573,0,"Others",FALSE,1,0
3325,"env",0.227442510837843,0.227442510837843,0,"Others",FALSE,1,0
