"EntrezGeneSymbol","rho_median","rho_mean","n_proteins","best_protein","Category1","Category2"
"A1BG",-0.107229819658131,-0.107229819658131,1,"X16561.9","Others",NA
"A1CF",0.294601563808099,0.294601563808099,1,"X12423.38","Others",NA
"A2M",0.229940338255967,0.229940338255967,1,"X3708.62","Others",NA
"A4GALT",0.137138213579843,0.137138213579843,1,"X8759.29","Others",NA
"A4GNT",0.254817124729503,0.254817124729503,1,"X10835.25","Others",NA
"AACS",0.222021765985921,0.222021765985921,1,"X21515.61","Others",NA
"AAGAB",0.62400396753702,0.62400396753702,1,"X11926.23","Others",NA
"AAMDC",0.216192141008336,0.216192141008336,1,"X24216.30","Others",NA
"AARS1",0.231032244008173,0.231032244008173,1,"X12340.17","Others",NA
"AASDHPPT",0.485198977291072,0.485198977291072,1,"X17320.19","Others",NA
"ABCC6",-0.101949680435372,-0.101949680435372,1,"X8935.22","Others",NA
"ABCF3",-0.261136210313155,-0.261136210313155,1,"X23700.42","Others",NA
"ABHD10",-0.273114723391881,-0.273114723391881,1,"X17370.186","Others",NA
"ABHD12",-0.121878431548446,-0.121878431548446,1,"X7825.7","Others",NA
"ABHD14A",0.0974720037947617,0.0974720037947617,1,"X5715.4","Others",NA
"ABHD4",0.101189034736519,0.101189034736519,1,"X21780.15","Others",NA
"ABHD5",0.167289818474759,0.167289818474759,1,"X23393.56","Others",NA
"ABL2",0.205238756727275,0.205238756727275,1,"X3342.76","Others",NA
"ABO",-0.161675637761501,-0.161675637761501,1,"X9253.52","Others",NA
"ABR",0.380376828101964,0.380376828101964,1,"X21958.4","Others",NA
"ABRAXAS1",-0.0969815947779765,-0.0969815947779765,1,"X8784.7","Others",NA
"ABRAXAS2",-0.10397904529211,-0.10397904529211,1,"X8830.29","Others",NA
"ACAA1",0.154110808271134,0.154110808271134,1,"X17782.23","Others",NA
"ACAD8",0.265301487914414,0.265301487914414,1,"X11406.82","Others",NA
"ACADS",0.477048185794806,0.477048185794806,1,"X17393.13","Others",NA
"ACADSB",0.218399738219382,0.218399738219382,1,"X17403.14","Others",NA
"ACADVL",-0.344107424503549,-0.344107424503549,1,"X19262.219","Others",NA
"ACAN",0.296555505157392,0.296555505157392,1,"X3280.49","Others",NA
"ACAP2",-0.378569353000849,-0.378569353000849,1,"X12343.14","Others",NA
"ACAT1",0.103998940758159,0.103998940758159,1,"X19197.95","Others",NA
"ACAT2",0.136825314250067,0.136825314250067,1,"X17341.89","Others",NA
"ACBD4",-0.372918601315867,-0.372918601315867,1,"X24686.19","Others",NA
"ACBD7",0.348597070593294,0.348597070593294,1,"X13563.259","Others",NA
"ACE",0.346593940176084,0.346593940176084,1,"X10714.7","Others",NA
"ACHE",0.28563142780212,0.28563142780212,2,"X10980.11","Others",NA
"ACO1",0.409590289153498,0.409590289153498,1,"X20054.28","Metabolism",NA
"ACOT12",0.157493264186206,0.157493264186206,1,"X23601.43","Others",NA
"ACOT8",0.187814604563441,0.187814604563441,1,"X17400.71","Others",NA
"ACOX1",0.175850281444056,0.175850281444056,1,"X21552.9","Others",NA
"ACP3",0.13347041828252,0.13347041828252,1,"X19317.114","Others",NA
"ACP5",0.310170692454216,0.310170692454216,1,"X3232.28","Others",NA
"ACP6",0.323701281747418,0.323701281747418,1,"X5742.14","Others",NA
"ACRV1",-0.0985419944472593,-0.0985419944472593,1,"X15301.24","Others",NA
"ACSS2",-0.371892300989492,-0.371892300989492,1,"X25094.9","Others",NA
"ACVR2A",0.469420989810003,0.469420989810003,1,"X19208.8","Others",NA
"ACVR2B",-0.163332790595929,-0.163332790595929,1,"X9412.52","Others",NA
"ACVRL1",-0.309858015214381,-0.309858015214381,1,"X2969.11","Others",NA
"ACY1",0.16918352005622,0.16918352005622,1,"X3343.1","Others",NA
"ACY3",0.122177256362047,0.122177256362047,1,"X21781.9","Others",NA
"ACYP1",0.548269701210435,0.548269701210435,1,"X20370.6","Others",NA
"ACYP2",0.592858344813244,0.592858344813244,1,"X12812.25","Others",NA
"ADA2",0.114757359700905,0.114757359700905,1,"X6077.63","Others",NA
"ADAM10",-0.176964191168417,-0.176964191168417,2,"X8405.108","Others",NA
"ADAM11",0.33654098546351,0.33654098546351,1,"X6586.19","Others",NA
"ADAM12",0.330626705269831,0.330626705269831,1,"X4420.7","Others",NA
"ADAM15",0.173564970301434,0.173564970301434,1,"X15455.40","Others",NA
"ADAM17",0.219157562458471,0.219157562458471,1,"X8959.61","Others",NA
"ADAM22",0.426210672689694,0.426210672689694,1,"X7933.75","Others",NA
"ADAM23",0.535920268339229,0.535920268339229,1,"X7049.2","Others",NA
"ADAM28",0.241477465452469,0.241477465452469,1,"X21681.10","Others",NA
"ADAM29",-0.146344005713882,-0.146344005713882,1,"X13549.15","Others",NA
"ADAM30",-0.134934274143088,-0.134934274143088,1,"X8520.8","Others",NA
"ADAM32",-0.15113773372878,-0.15113773372878,1,"X7827.20","Others",NA
"ADAM7",-0.308107034245459,-0.308107034245459,1,"X10753.31","Others",NA
"ADAM9",0.482225219904574,0.482225219904574,1,"X3795.6","Others",NA
"ADAMDEC1",-0.384778326553373,-0.384778326553373,1,"X9115.78","Others",NA
"ADAMTS3",-0.145493089788872,-0.145493089788872,1,"X8845.2","Others",NA
"ADAMTS6",-0.201346263432873,-0.201346263432873,1,"X6441.62","Others",NA
"ADAMTSL1",0.232449039071671,0.232449039071671,2,"X16890.37","Others",NA
"ADAMTSL2",0.482269858253406,0.482269858253406,1,"X6379.62","Others",NA
"ADCYAP1",0.187769553124969,0.0815117037073854,3,"X8446.4","Others",NA
"ADGRB1",0.480026549313213,0.480026549313213,1,"X21711.86","Others",NA
"ADGRB2",0.57119852743021,0.57119852743021,1,"X22588.35","Others",NA
"ADGRB3",0.494308514031462,0.494308514031462,1,"X15365.41","Others",NA
"ADGRD1",0.185022614457575,0.185022614457575,1,"X21546.20","Others",NA
"ADGRE2",0.19779032263136,0.19779032263136,1,"X4546.27","Others",NA
"ADGRE5",0.323569153560191,0.323569153560191,2,"X2822.56","Others",NA
"ADGRF1",0.395761526774677,0.395761526774677,1,"X11243.90","Others",NA
"ADGRF5",0.271000302943839,0.271000302943839,1,"X6409.57","Others",NA
"ADGRG1",0.406726337019495,0.406726337019495,1,"X18893.26","Others",NA
"ADGRG2",0.236283159898495,0.236283159898495,1,"X10767.52","Others",NA
"ADGRG5",-0.284081862866687,-0.284081862866687,1,"X4551.72","Others",NA
"ADGRL3",0.437238216012126,0.437238216012126,1,"X20578.10","Others",NA
"ADH1A",-0.341308020525969,-0.341308020525969,1,"X17396.23","Others",NA
"ADH1B",0.411888902379723,0.411888902379723,1,"X9834.62","Others",NA
"ADH5",-0.324718370523851,-0.324718370523851,1,"X11369.23","Others",NA
"ADH6",0.229902905891061,0.229902905891061,1,"X18206.18","Others",NA
"ADH7",-0.101638776500996,-0.101638776500996,1,"X11377.19","Others",NA
"ADI1",0.30380499306346,0.30380499306346,1,"X12457.10","Others",NA
"ADM",0.234159021310626,0.234159021310626,2,"X7922.5","Others",NA
"ADPGK",0.334229736221621,0.334229736221621,1,"X6221.1","Others",NA
"ADPRH",-0.214990318529871,-0.214990318529871,1,"X18395.5","Others",NA
"ADPRS",0.591860258915641,0.591860258915641,1,"X17332.3","Others",NA
"ADSL",0.283551380223712,0.283551380223712,1,"X5023.23","Others",NA
"AFAP1L2",0.298902983415024,0.298902983415024,1,"X24445.38","Others",NA
"AFM",-0.185059601946287,-0.185059601946287,2,"X18196.8","Others",NA
"AFP",-0.257150926517191,-0.257150926517191,1,"X5792.8","Others",NA
"AGA",-0.196463733184692,-0.196463733184692,1,"X10435.2","Others",NA
"AGAP2",0.439237923933137,0.439237923933137,1,"X14291.53","Others",NA
"AGAP3",0.628969928925001,0.628969928925001,1,"X13960.15","Others",NA
"AGER",-0.101387765545239,-0.101387765545239,1,"X4125.52","Others",NA
"AGFG1",0.373609352268767,0.373609352268767,1,"X11681.8","Others",NA
"AGFG2",0.131787688145915,0.131787688145915,1,"X23597.11","Others",NA
"AGO1",0.162524413190904,0.162524413190904,1,"X15312.14","Others",NA
"AGO3",0.169784160154417,0.169784160154417,1,"X15323.112","Others",NA
"AGR2",0.431757255882552,0.431757255882552,1,"X4959.2","Others",NA
"AGR3",-0.130654017392524,-0.130654017392524,1,"X17342.13","Others",NA
"AGRN",0.344662395567374,0.344662395567374,1,"X15483.377","Others",NA
"AGRP",0.141139354789347,0.141139354789347,1,"X2813.11","Others",NA
"AGT",-0.205100577358585,-0.205100577358585,1,"X3484.60","Others",NA
"AHCYL1",-0.364591814851399,-0.364591814851399,1,"X12652.37","Others",NA
"AHSA1",0.507787695068465,0.507787695068465,1,"X11633.89","Others",NA
"AHSG",-0.134163998730986,-0.134163998730986,1,"X3581.53","Others",NA
"AHSP",0.270934984125968,0.270934984125968,1,"X9025.5","Others",NA
"AIF1",0.300458773480196,0.300458773480196,1,"X2849.49","Others",NA
"AIF1L",0.372203131482283,0.372203131482283,1,"X18871.24","Others",NA
"AIFM1",-0.166711498159784,-0.166711498159784,1,"X9522.3","Others",NA
"AIM2",0.338144315944169,0.338144315944169,1,"X25889.108","Others",NA
"AIMP1",0.206500930615367,0.206500930615367,1,"X2714.78","Others",NA
"AIP",-0.372297810577081,-0.372297810577081,1,"X3839.60","Others",NA
"AK1",0.353597059116332,0.353597059116332,1,"X5012.67","Others",NA
"AK2",0.268513520489409,0.268513520489409,1,"X11368.32","Others",NA
"AK4",-0.357058640167613,-0.357058640167613,1,"X17432.25","Others",NA
"AKIRIN2",0.317236150318591,0.317236150318591,1,"X23280.9","Others",NA
"AKR1A1",0.380851313455849,0.380851313455849,1,"X4192.10","Others",NA
"AKR1B1",0.541156316101094,0.541156316101094,2,"X16606.85","Others",NA
"AKR1B10",-0.171891115656838,-0.171891115656838,1,"X16081.38","Others",NA
"AKR1D1",-0.118573712783275,-0.118573712783275,1,"X18398.1","Others",NA
"AKT1",0.500843349634375,0.500843349634375,1,"X15627.83","Growth Factor Signaling",NA
"AKT1S1",0.344496997983041,0.344496997983041,1,"X23302.19","Others",NA
"AKT2",0.26877658524964,0.26877658524964,1,"X14685.17","Growth Factor Signaling",NA
"AKT3",0.590503328246596,0.590503328246596,1,"X3392.68","Growth Factor Signaling",NA
"ALB",-0.233754478215216,-0.233754478215216,1,"X18380.78","Others",NA
"ALCAM",0.440843201012172,0.440843201012172,1,"X5451.1","Others",NA
"ALDH1A2",-0.149023605040395,-0.149023605040395,1,"X20055.40","Others",NA
"ALDH1A3",0.149486273897722,0.149486273897722,1,"X9835.16","Others",NA
"ALDH2",-0.106845184932221,-0.106845184932221,1,"X18381.16","Others",NA
"ALDH3A1",-0.228143289209575,-0.228143289209575,1,"X11480.1","Others",NA
"ALDH3B1",-0.420246871540872,-0.420246871540872,1,"X12940.35","Others",NA
"ALDH5A1",0.303797371444057,0.303797371444057,1,"X17792.158","Others",NA
"ALDH6A1",0.2223647034583,0.2223647034583,1,"X19136.22","Others",NA
"ALDH7A1",0.174108096372397,0.174108096372397,1,"X21498.3","Others",NA
"ALDOA",0.719591237184431,0.719591237184431,1,"X5864.10","Metabolism",NA
"ALDOC",0.442011184862718,0.442011184862718,1,"X9876.20","Metabolism",NA
"ALG2",-0.137873392266074,-0.137873392266074,1,"X23654.6","Others",NA
"ALK",0.481938920681002,0.481938920681002,1,"X8249.124","Others",NA
"ALKAL2",0.129065959009706,0.129065959009706,1,"X6284.7","Others",NA
"ALKBH2",-0.152671691339143,-0.152671691339143,1,"X18400.52","Others",NA
"ALPG",-0.127071281923017,-0.127071281923017,1,"X6715.63","Others",NA
"ALPI",0.489846915376144,0.489846915376144,1,"X10463.23","Others",NA
"ALPL",0.345155313209612,0.345155313209612,1,"X16926.44","Others",NA
"ALPP",-0.135015427359579,-0.135015427359579,1,"X7813.6","Others",NA
"AMBP",-0.203113804538553,-0.203113804538553,1,"X15453.3","Others",NA
"AMH",0.111590905686728,0.111590905686728,1,"X4923.79","Others",NA
"AMIGO1",-0.0189389805094092,-0.0189389805094092,2,"X9979.13","Others",NA
"AMIGO2",0.447255005444463,0.447255005444463,2,"X14134.49","Others",NA
"AMPD2",-0.337476277544071,-0.337476277544071,1,"X18403.25","Others",NA
"AMPH",0.777372322534488,0.777372322534488,1,"X24908.19","Others",NA
"AMY1A",-0.150590016542909,-0.150590016542909,1,"X7918.114","Others",NA
"AMY2A",0.312662264226612,0.312662264226612,1,"X18917.53","Others",NA
"AMY2B",0.316671551140841,0.316671551140841,2,"X15556.49","Others",NA
"ANAPC10",0.28859786549167,0.28859786549167,1,"X12345.4","Others",NA
"ANGPT1",0.277994576587213,0.277994576587213,1,"X2811.27","Others",NA
"ANGPT2",0.400214782799364,0.400214782799364,2,"X2602.2","Others",NA
"ANGPT4",-0.354552650144113,-0.354552650144113,1,"X2500.2","Others",NA
"ANGPTL1",0.246397375312897,0.246397375312897,2,"X11142.11","Others",NA
"ANGPTL4",-0.117726277697822,-0.117726277697822,1,"X3796.79","Others",NA
"ANGPTL7",-0.233361328067057,-0.233361328067057,1,"X6371.50","Others",NA
"ANK2",0.200644886749458,0.200644886749458,1,"X7624.19","Others",NA
"ANKRA2",0.416854626475729,0.416854626475729,1,"X21590.9","Others",NA
"ANKRD1",-0.127120228464567,-0.127120228464567,1,"X15361.37","Others",NA
"ANKRD2",-0.221855424300092,-0.221855424300092,1,"X25274.2","Others",NA
"ANKRD54",-0.109836485765219,-0.109836485765219,1,"X18404.22","Others",NA
"ANOS1",0.136322859549886,0.136322859549886,1,"X6603.18","Others",NA
"ANP32A",-0.164566064304217,-0.164566064304217,1,"X13073.14","Others",NA
"ANP32B",0.355220385924592,0.355220385924592,1,"X4194.26","Others",NA
"ANTKMT",0.128652098259887,0.128652098259887,1,"X7148.42","Others",NA
"ANTXR1",0.14136039219477,0.14136039219477,1,"X10464.6","Others",NA
"ANTXR2",0.142171460204707,0.142171460204707,1,"X15559.5","Others",NA
"ANXA10",0.134830752083547,0.134830752083547,1,"X13605.16","Others",NA
"ANXA11",-0.264519222837051,-0.264519222837051,1,"X17513.11","Others",NA
"ANXA4",-0.33932634816771,-0.33932634816771,1,"X17164.15","Others",NA
"ANXA7",0.149094064655644,0.149094064655644,2,"X14203.3","Others",NA
"AOC1",-0.343125887139826,-0.343125887139826,1,"X6209.2","Others",NA
"AOC2",-0.146213095066181,-0.146213095066181,1,"X6434.18","Others",NA
"AOC3",0.131147499372191,0.131147499372191,1,"X21491.7","Others",NA
"AP1AR",0.490254907904549,0.490254907904549,1,"X20445.29","Others",NA
"AP1B1",0.227619634924247,0.227619634924247,1,"X24954.83","Others",NA
"AP1S2",-0.168501299381156,-0.168501299381156,1,"X18405.117","Others",NA
"AP2A2",0.701073161938534,0.701073161938534,1,"X13621.31","Cytoskeleton / Axonal Transport",NA
"AP2B1",0.627121494854876,0.627121494854876,1,"X24938.7","Cytoskeleton / Axonal Transport",NA
"APAF1",0.206362400859313,0.206362400859313,1,"X13583.19","Others",NA
"APBB1IP",-0.269572835855923,-0.269572835855923,1,"X21949.4","Others",NA
"APBB2",-0.189307363698933,-0.189307363698933,1,"X12761.12","Others",NA
"APBB3",-0.052790044641723,-0.052790044641723,2,"X12784.10","Others",NA
"APCDD1",0.345034558345995,0.345034558345995,1,"X6599.5","Others",NA
"APCS",-0.0990160700135773,-0.0990160700135773,1,"X2474.54","Others",NA
"APLP1",0.51662675481719,0.51662675481719,1,"X7210.25","Others",NA
"APLP2",0.329815895900956,0.329815895900956,2,"X7915.31","Others",NA
"APOA2",0.316748742279743,0.316748742279743,1,"X7127.3","Others",NA
"APOA5",-0.357714268595618,-0.357714268595618,1,"X11318.20","Others",NA
"APOBEC3G",-0.098421018079007,-0.098421018079007,1,"X13930.3","Others",NA
"APOC1",-0.143921691598972,-0.143921691598972,1,"X15364.101","Others",NA
"APOD",0.202880655657455,0.202880655657455,1,"X8262.20","Others",NA
"APOE",-0.0983631157092477,0.030051264123248,3,"X2418.55","Metabolism",NA
"APOF",-0.11026318956814,-0.11026318956814,1,"X12370.30","Others",NA
"APOH",-0.101962427095102,-0.101962427095102,1,"X8288.27","Others",NA
"APOL1",0.361007505637422,0.361007505637422,1,"X9506.10","Others",NA
"APOL3",-0.213504756935995,-0.213504756935995,1,"X16823.75","Others",NA
"APOM",-0.120088872451561,-0.120088872451561,1,"X10445.20","Others",NA
"APPL1",-0.137092586426771,-0.137092586426771,1,"X12825.18","Others",NA
"APTX",0.112770544932209,0.112770544932209,1,"X17736.105","Others",NA
"ARAF",-0.104145885570242,-0.104145885570242,1,"X12583.77","Others",NA
"ARC",-0.192912857842355,-0.192912857842355,1,"X21343.3","Synaptic Proteins",NA
"ARF1",0.57482032316828,0.57482032316828,1,"X19239.5","Others",NA
"ARF3",0.160185710639883,0.160185710639883,1,"X12578.13","Others",NA
"ARF4",-0.188619493174964,-0.188619493174964,1,"X18408.26","Others",NA
"ARF5",-0.153570750741489,-0.153570750741489,1,"X18409.61","Others",NA
"ARFGAP2",0.521961174656083,0.521961174656083,1,"X11664.32","Others",NA
"ARFIP1",-0.369151319242812,-0.369151319242812,1,"X13488.3","Others",NA
"ARHGAP1",0.374904288001825,0.374904288001825,2,"X11955.1","Others",NA
"ARHGAP22",-0.128309453936785,-0.128309453936785,1,"X24946.9","Others",NA
"ARHGAP25",0.141158125826638,0.141158125826638,1,"X11333.82","Others",NA
"ARHGAP26",-0.130846966212147,-0.130846966212147,1,"X24937.7","Others",NA
"ARHGAP30",0.514770191174851,0.514770191174851,1,"X12807.89","Others",NA
"ARHGAP45",-0.294036602914863,-0.294036602914863,1,"X13544.9","Others",NA
"ARHGAP5",0.38552019144954,0.38552019144954,1,"X14748.31","Others",NA
"ARHGDIB",0.31448169703871,0.31448169703871,1,"X9846.32","Others",NA
"ARHGEF1",-0.343137720958996,-0.343137720958996,1,"X13976.9","Others",NA
"ARHGEF10",0.3795709619941,0.3795709619941,1,"X9061.3","Others",NA
"ARHGEF2",-0.355116817591859,-0.355116817591859,1,"X12848.9","Others",NA
"ARHGEF25",0.157223474462907,0.157223474462907,1,"X13519.112","Others",NA
"ARID1A",-0.197002462972626,-0.197002462972626,1,"X9898.161","Others",NA
"ARID3A",-0.164130449857593,-0.164130449857593,1,"X3875.62","Others",NA
"ARID3C",-0.294636608702883,-0.294636608702883,1,"X25484.120","Others",NA
"ARL1",0.0998341407702263,0.0998341407702263,1,"X12392.30","Others",NA
"ARL11",0.370685642339294,0.370685642339294,1,"X12433.8","Others",NA
"ARL15",0.275872613815469,0.275872613815469,1,"X18411.83","Others",NA
"ARL2BP",0.21502911726989,0.21502911726989,1,"X18407.36","Others",NA
"ARL4D",0.33404483874289,0.33404483874289,1,"X18413.24","Others",NA
"ARL5A",-0.216659725562793,-0.216659725562793,1,"X18414.26","Others",NA
"ARL5B",-0.180901725701863,-0.180901725701863,1,"X17404.5","Others",NA
"ARL6",0.179533909416972,0.179533909416972,1,"X18415.16","Others",NA
"ARL6IP1",0.145060774828011,0.145060774828011,1,"X24699.20","Others",NA
"ARL6IP5",-0.346159142087703,-0.346159142087703,1,"X13503.19","Others",NA
"ARMC5",0.190025288481628,0.190025288481628,1,"X8785.1","Others",NA
"ARNT",0.182826394907055,0.182826394907055,1,"X21951.32","Others",NA
"ARPC1B",0.188032763776545,0.188032763776545,1,"X12689.56","Others",NA
"ARPC5",-0.129480218237792,-0.129480218237792,1,"X18419.20","Others",NA
"ARPP19",-0.108597612092201,-0.108597612092201,1,"X4963.19","Others",NA
"ARRB1",0.163219413516647,0.163219413516647,1,"X12643.4","Others",NA
"ARSA",0.112381210980121,0.112381210980121,1,"X8790.6","Others",NA
"ARSB",-0.188967341377218,-0.188967341377218,1,"X3172.28","Others",NA
"ART3",0.44539839461099,0.44539839461099,2,"X10970.3","Others",NA
"ART4",0.253463293934912,0.253463293934912,1,"X6576.1","Others",NA
"ART5",0.10026122926895,0.10026122926895,1,"X23202.78","Others",NA
"ARTN",0.188407974105089,0.188407974105089,1,"X2939.10","Others",NA
"ASAH1",-0.334627258449205,-0.334627258449205,1,"X5748.20","Others",NA
"ASAH2",0.128917990376545,0.128917990376545,1,"X3212.30","Others",NA
"ASAP2",0.273881602787496,0.273881602787496,1,"X13518.5","Others",NA
"ASAP3",0.23206192817144,0.23206192817144,1,"X24455.2","Others",NA
"ASB13",0.189083424001897,0.189083424001897,1,"X21234.7","Others",NA
"ASB8",-0.0970007057715726,-0.0970007057715726,1,"X22071.38","Others",NA
"ASB9",0.541639872726936,0.541639872726936,1,"X19601.15","Others",NA
"ASCC1",0.242484283373899,0.242484283373899,1,"X10647.18","Others",NA
"ASF1B",0.105535282167389,0.105535282167389,1,"X20057.177","Others",NA
"ASGR1",-0.384259474245962,-0.384259474245962,1,"X5452.71","Others",NA
"ASGR2",0.394524382692135,0.394524382692135,1,"X9474.22","Others",NA
"ASL",0.301527267598246,0.301527267598246,1,"X11241.8","Others",NA
"ASPA",0.294586242885454,0.294586242885454,1,"X18187.16","Others",NA
"ASPH",0.411598102465009,0.411598102465009,1,"X6998.106","Others",NA
"ASPN",0.326226559648166,0.326226559648166,1,"X6451.64","Others",NA
"ASRGL1",0.284836059928076,0.284836059928076,1,"X18313.4","Others",NA
"ATAD1",-0.274029812003255,-0.274029812003255,1,"X6625.31","Others",NA
"ATE1",-0.130075531969936,-0.130075531969936,1,"X25108.6","Others",NA
"ATF5",0.113873743948315,0.113873743948315,1,"X22365.52","Others",NA
"ATF6",0.414085399488932,0.414085399488932,1,"X11277.23","Others",NA
"ATF6B",0.453214448277534,0.453214448277534,1,"X11387.3","Others",NA
"ATG3",-0.407615926501397,-0.407615926501397,1,"X18156.7","Others",NA
"ATG4A",-0.201862756302502,-0.201862756302502,1,"X21436.56","Others",NA
"ATG4C",-0.102473825507261,-0.102473825507261,1,"X25078.13","Others",NA
"ATG5",-0.295136769383066,-0.295136769383066,1,"X12597.68","Others",NA
"ATG7",-0.262792310417403,-0.262792310417403,1,"X12627.97","Others",NA
"ATIC",0.111929077481766,0.111929077481766,1,"X23666.35","Others",NA
"ATOX1",0.594020357220277,0.594020357220277,1,"X19233.75","Others",NA
"ATP13A1",0.204610869717308,0.204610869717308,1,"X13659.36","Others",NA
"ATP1B1",0.487071033267415,0.487071033267415,1,"X13392.13","Others",NA
"ATP1B2",0.360488810461146,0.360488810461146,1,"X7218.87","Others",NA
"ATP23",0.251916042259009,0.251916042259009,1,"X22077.46","Others",NA
"ATP5IF1",0.112744933262139,0.112744933262139,1,"X19755.38","Others",NA
"ATP5PB",-0.136888589676536,-0.136888589676536,1,"X22073.47","Others",NA
"ATP5PF",0.243072123676175,0.243072123676175,1,"X7788.1","Others",NA
"ATP5PO",-0.287991624977653,-0.287991624977653,1,"X9202.309","Others",NA
"ATP6V1C1",-0.133697506061186,-0.133697506061186,1,"X23663.28","Others",NA
"ATP6V1F",0.567476925068263,0.567476925068263,1,"X25219.17","Others",NA
"ATRN",0.161635330575823,0.161635330575823,1,"X15499.11","Others",NA
"ATXN10",-0.0977374057191541,-0.0977374057191541,1,"X25481.66","Others",NA
"ATXN3",0.523148113478906,0.523148113478906,1,"X16825.20","Others",NA
"AUH",0.286679416501292,0.286679416501292,1,"X20931.156","Others",NA
"AURKB",-0.132822571422659,-0.132822571422659,1,"X3346.72","Others",NA
"AXIN2",-0.155988826240043,-0.155988826240043,2,"X12925.105","Others",NA
"AZIN1",-0.270717377926421,-0.270717377926421,1,"X25282.6","Others",NA
"AZU1",-0.358871828186125,-0.358871828186125,1,"X2751.16","Others",NA
"B2M",-0.267418908998884,-0.267418908998884,1,"X3485.28","Others",NA
"B3GALT1",-0.107382711285237,-0.107382711285237,1,"X9541.15","Others",NA
"B3GALT2",0.528359330418316,0.528359330418316,1,"X11638.42","Others",NA
"B3GALT5",0.312707863820265,0.312707863820265,1,"X20593.10","Others",NA
"B3GALT6",0.365586878821082,0.365586878821082,1,"X7981.230","Others",NA
"B3GAT1",0.416463779550707,0.416463779550707,1,"X21770.18","Others",NA
"B3GAT3",0.331131452647946,0.331131452647946,1,"X6897.38","Others",NA
"B3GLCT",-0.253040404313997,-0.253040404313997,1,"X5727.35","Others",NA
"B3GNT2",0.437825109177361,0.437825109177361,1,"X7980.72","Others",NA
"B3GNT6",-0.119817964021471,-0.119817964021471,1,"X7082.2","Others",NA
"B3GNT8",0.210050161802439,0.210050161802439,1,"X9297.12","Others",NA
"B4GALNT1",0.467712981267998,0.467712981267998,1,"X8976.13","Others",NA
"B4GALT1",0.343072255338009,0.343072255338009,1,"X13381.49","Others",NA
"B4GALT2",0.448241840315005,0.448241840315005,1,"X9595.11","Others",NA
"B4GALT6",0.50963560199606,0.50963560199606,1,"X10832.24","Others",NA
"B4GALT7",0.315421704323911,0.315421704323911,1,"X7806.33","Others",NA
"B9D2",0.188989364940586,0.188989364940586,1,"X21356.6","Others",NA
"BACH2",0.174863458933475,0.174863458933475,1,"X12756.3","Others",NA
"BAD",-0.29156389190048,-0.29156389190048,1,"X5870.23","Others",NA
"BAG2",0.318910823693263,0.318910823693263,1,"X19228.11","Tau Folding/Stability",NA
"BAG4",-0.106423944145687,-0.106423944145687,1,"X12844.10","Others",NA
"BAG6",0.768862801795574,0.768862801795574,1,"X21955.36","Others",NA
"BAGE2",0.195557983943018,0.195557983943018,1,"X6294.11","Others",NA
"BAGE3",0.223616207813307,0.223616207813307,1,"X6442.6","Others",NA
"BAIAP2",-0.191651202768147,-0.191651202768147,1,"X19331.18","Others",NA
"BAMBI",0.370250159742002,0.370250159742002,2,"X8811.24","Others",NA
"BASP1",0.775421071055004,0.775421071055004,1,"X20111.5","Others",NA
"BATF",0.16447000836618,0.16447000836618,1,"X19227.18","Others",NA
"BCAM",0.423812234982449,0.423812234982449,1,"X2816.50","Others",NA
"BCAN",0.276174703659915,0.276174703659915,1,"X3461.58","Others",NA
"BCAR3",-0.178874690691422,-0.178874690691422,1,"X5262.57","Others",NA
"BCAT2",0.156361262373448,0.156361262373448,1,"X19365.11","Others",NA
"BCCIP",0.415416653828855,0.415416653828855,1,"X18304.19","Others",NA
"BCDIN3D",0.220344584008546,0.220344584008546,1,"X21115.48","Others",NA
"BCHE",0.207907897826826,0.207907897826826,2,"X8239.223","Others",NA
"BCL10",-0.419595337983673,-0.419595337983673,1,"X8768.4","Others",NA
"BCL2",-0.336252443879884,-0.336252443879884,1,"X3412.7","Others",NA
"BCL2L1",0.272447097789534,0.272447097789534,1,"X4423.77","Others",NA
"BCL2L10",-0.163389415594457,-0.163389415594457,1,"X7249.37","Others",NA
"BCL2L2",0.0781285929550407,0.0781285929550407,2,"X13097.11","Others",NA
"BCL7A",-0.222951237455924,-0.222951237455924,1,"X21331.19","Others",NA
"BDH2",-0.22442514168126,-0.22442514168126,1,"X17329.2","Others",NA
"BDNF",-0.3815332026576,-0.3815332026576,1,"X2421.7","Synaptic Proteins",NA
"BEGAIN",0.281263545703631,0.281263545703631,1,"X25472.12","Others",NA
"BEX2",-0.196722040146294,-0.196722040146294,1,"X22082.25","Others",NA
"BEX4",0.137265316913521,0.137265316913521,1,"X23576.46","Others",NA
"BGLAP",0.237716162067619,0.237716162067619,1,"X11067.13","Others",NA
"BGN",0.183944397230455,0.183944397230455,2,"X3284.75","Others",NA
"BHMT2",-0.257128205481549,-0.257128205481549,1,"X14226.120","Others",NA
"BICD1",0.227149832072137,0.227149832072137,1,"X25118.45","Others",NA
"BICDL1",0.0974955303139956,0.0974955303139956,1,"X11158.40","Others",NA
"BID",0.387449849183524,0.387449849183524,1,"X5798.3","Others",NA
"BIN2",-0.370346574361205,-0.370346574361205,1,"X21540.73","Others",NA
"BIN3",0.173951395962279,0.173951395962279,1,"X24645.2","Others",NA
"BIRC2",0.333764460334709,0.333764460334709,1,"X10046.55","Others",NA
"BIRC5",-0.140089329265567,-0.140089329265567,1,"X3472.40","Others",NA
"BIRC7",-0.163654291960979,-0.163654291960979,1,"X15504.39","Others",NA
"BLK",0.16420002762881,0.16420002762881,1,"X11338.49","Others",NA
"BLMH",-0.106375618401798,-0.106375618401798,1,"X14250.115","Others",NA
"BLOC1S2",-0.170853419660553,-0.170853419660553,1,"X21184.1","Others",NA
"BLOC1S5",-0.121244718604183,-0.121244718604183,1,"X19116.1","Others",NA
"BLOC1S6",0.222292633818574,0.222292633818574,1,"X21487.20","Others",NA
"BLVRA",0.257578217945945,0.257578217945945,1,"X11382.5","Others",NA
"BLVRB",0.222266773910808,0.222266773910808,1,"X17148.7","Others",NA
"BMERB1",0.163895828864356,0.163895828864356,1,"X23325.18","Others",NA
"BMI1",0.219872413822108,0.219872413822108,1,"X22085.86","Others",NA
"BMP1",-0.0988689294565308,-0.0988689294565308,1,"X3348.49","Others",NA
"BMP10",-0.348429929827793,-0.348429929827793,1,"X3587.53","Others",NA
"BMP15",-0.150629322110987,-0.150629322110987,1,"X11129.66","Others",NA
"BMP4",-0.0385755913153263,-0.0385755913153263,2,"X6326.20","Others",NA
"BMP5",0.324939724721516,0.324939724721516,1,"X21883.17","Others",NA
"BMP6",0.257595169570614,0.257595169570614,2,"X8459.10","Others",NA
"BMP7",0.246898557302097,0.246898557302097,1,"X2972.57","Others",NA
"BMPER",0.252519219916534,0.252519219916534,2,"X15368.3","Others",NA
"BMPR1A",0.191919032891498,0.191919032891498,1,"X4859.6","Others",NA
"BMPR1B",-0.146050026063478,-0.146050026063478,1,"X10550.37","Others",NA
"BMPR2",0.52576501462628,0.52576501462628,1,"X4862.63","Others",NA
"BMT2",-0.112440035438669,-0.112440035438669,1,"X24316.10","Others",NA
"BNIP3L",0.2840041365882,0.2840041365882,1,"X7835.2","Others",NA
"BOC",0.267584043421093,0.267584043421093,1,"X4328.2","Others",NA
"BOLA1",0.507837948155401,0.507837948155401,1,"X15370.5","Others",NA
"BOLA3",0.65066797088754,0.65066797088754,1,"X5980.55","Others",NA
"BORCS5",0.216067209852284,0.216067209852284,1,"X23327.1","Others",NA
"BPGM",0.121401144062736,0.121401144062736,1,"X12020.39","Others",NA
"BPI",-0.31612295089674,-0.31612295089674,1,"X4126.22","Others",NA
"BPIFA1",-0.286659284654136,-0.286659284654136,1,"X6473.55","Others",NA
"BPNT1",0.43573023548762,0.43573023548762,1,"X17814.8","Others",NA
"BPNT2",0.497392116509361,0.497392116509361,1,"X9231.23","Others",NA
"BRAF",-0.185880538467056,-0.185880538467056,1,"X15669.7","Growth Factor Signaling",NA
"BRAT1",0.14957770784107,0.14957770784107,1,"X10876.300","Others",NA
"BRD1",-0.110030911294723,-0.110030911294723,1,"X11607.15","Others",NA
"BRD2",-0.361140027194941,-0.361140027194941,1,"X15372.43","Others",NA
"BRK1",-0.185043432985992,-0.185043432985992,1,"X21001.393","Others",NA
"BRMS1L",0.167829893444153,0.167829893444153,1,"X22086.2","Others",NA
"BROX",0.122893933595053,0.122893933595053,1,"X24323.43","Others",NA
"BRPF1",-0.367136608158852,-0.367136608158852,1,"X11671.19","Others",NA
"BRSK2",0.336253815665136,0.336253815665136,1,"X9790.28","Others",NA
"BSG",0.540364743370463,0.540364743370463,1,"X3585.54","Others",NA
"BST1",0.231887516444191,0.231887516444191,1,"X4535.50","Others",NA
"BTC",0.332172620543463,0.332172620543463,1,"X9242.11","Others",NA
"BTD",0.281234864222667,0.281234864222667,2,"X9269.7","Others",NA
"BTG1",0.571309639480014,0.571309639480014,1,"X22088.3","Others",NA
"BTG4",0.312444323381896,0.312444323381896,1,"X22089.13","Others",NA
"BTK",-0.350680532094688,-0.350680532094688,2,"X19202.10","Microglia / Immune",NA
"BTLA",0.14778444438889,0.14778444438889,1,"X16308.14","Others",NA
"BTN1A1",0.156838346273377,0.156838346273377,1,"X21674.132","Others",NA
"BTN2A1",0.44651765760154,0.44651765760154,1,"X8869.5","Others",NA
"BTN2A2",0.258561719767181,0.258561719767181,1,"X22586.24","Others",NA
"BTN3A2",0.26603660922903,0.26603660922903,1,"X21433.3","Others",NA
"BTN3A3",0.384373875964379,0.384373875964379,2,"X17692.2","Others",NA
"BTNL8",-0.108171800447448,-0.108171800447448,1,"X9026.40","Others",NA
"BUB1",0.101130228906481,0.101130228906481,1,"X12033.3","Others",NA
"BUD31",-0.419980059629569,-0.419980059629569,1,"X20401.19","Others",NA
"BZW2",-0.195398788062628,-0.195398788062628,1,"X23659.2","Others",NA
"C11orf49",-0.160048469315137,-0.160048469315137,1,"X23767.1","Others",NA
"C11orf68",0.517502238151613,0.517502238151613,1,"X8307.47","Others",NA
"C11orf87",0.510602705867468,0.510602705867468,1,"X11116.16","Others",NA
"C16orf54",-0.121305285375567,-0.121305285375567,1,"X12394.53","Others",NA
"C17orf67",0.215621812478859,0.215621812478859,1,"X9070.1","Others",NA
"C17orf78",-0.121558383863,-0.121558383863,1,"X6571.75","Others",NA
"C18orf32",-0.12507560581062,-0.12507560581062,1,"X8236.8","Others",NA
"C19orf18",-0.107826401764914,-0.107826401764914,1,"X9445.44","Others",NA
"C1GALT1C1",0.474695299693235,0.474695299693235,1,"X5735.54","Others",NA
"C1GALT1|C1GALT1C1",0.462675036678759,0.462675036678759,1,"X21734.36","Others",NA
"C1QA|C1QB|C1QC",0.168675679160635,0.168675679160635,1,"X2753.2","Others",NA
"C1QBP",0.172295932701071,0.172295932701071,1,"X4967.1","Others",NA
"C1QC",0.142888953893451,0.142888953893451,1,"X14100.63","Microglia / Immune",NA
"C1QL1",0.341841827914602,0.341841827914602,1,"X6404.20","Others",NA
"C1QL2",0.378989821304063,0.378989821304063,2,"X6423.66","Others",NA
"C1QL3",0.64187129802477,0.64187129802477,1,"X21707.15","Others",NA
"C1QL4",0.176055001896191,0.176055001896191,1,"X7132.55","Others",NA
"C1QTNF1",0.252439884419841,0.252439884419841,1,"X6304.8","Others",NA
"C1QTNF3",0.21099628475917,0.21099628475917,1,"X7251.64","Others",NA
"C1QTNF4",0.460223272276381,0.450085215112716,3,"X23200.25","Others",NA
"C1QTNF5",0.197389489707995,0.197389489707995,1,"X7810.20","Others",NA
"C1S",0.281877684597132,0.281877684597132,2,"X20203.45","Others",NA
"C1orf115",0.118347080960141,0.118347080960141,1,"X8366.19","Others",NA
"C1orf210",-0.175578383172266,-0.175578383172266,1,"X8088.56","Others",NA
"C20orf202",0.336616545855809,0.336616545855809,1,"X24290.5","Others",NA
"C22orf23",-0.132624967062924,-0.132624967062924,1,"X23273.42","Others",NA
"C2orf66",-0.178095225380241,-0.178095225380241,1,"X5677.15","Others",NA
"C2orf68",0.159604711665426,0.159604711665426,1,"X23276.14","Others",NA
"C2orf73",0.291381859694436,0.291381859694436,1,"X22094.15","Others",NA
"C3",-0.151360918863981,-0.0644198412771795,3,"X2755.8","Microglia / Immune",NA
"C4A|C4B",0.111821283518583,0.111821283518583,1,"X2182.54","Others",NA
"C4BPB",-0.118717691870136,-0.118717691870136,1,"X7155.46","Others",NA
"C5",-0.119208916824498,-0.119208916824498,1,"X2381.52","Others",NA
"C5orf38",0.608345502429444,0.608345502429444,1,"X6378.2","Others",NA
"C5orf46",0.261703876462944,0.261703876462944,1,"X9100.32","Others",NA
"C5|C6",-0.101861486731286,-0.101861486731286,1,"X4482.66","Others",NA
"C7",0.210392867490224,0.210392867490224,2,"X2888.49","Others",NA
"C7orf69",-0.114187859466383,-0.114187859466383,1,"X9544.24","Others",NA
"C8A|C8B|C8G",-0.112439482702779,-0.112439482702779,1,"X2429.27","Others",NA
"CA10",0.364284835519803,0.364284835519803,2,"X3289.19","Others",NA
"CA11",0.234433038185177,0.234433038185177,1,"X8859.51","Others",NA
"CA12",-0.19392051308358,-0.19392051308358,1,"X19347.37","Others",NA
"CA13",-0.283000231795223,-0.283000231795223,1,"X3420.21","Others",NA
"CA4",0.139722570980728,0.139722570980728,2,"X3177.49","Others",NA
"CA5A",0.276500196188578,0.276500196188578,1,"X8791.151","Others",NA
"CA7",-0.0997246631585062,-0.0997246631585062,1,"X3356.50","Others",NA
"CAB39",0.630666787609355,0.630666787609355,1,"X17757.86","Others",NA
"CAB39L",0.534967679892891,0.534967679892891,1,"X21154.8","Others",NA
"CABLES2",0.344105247448336,0.344105247448336,1,"X7105.7","Others",NA
"CABP2",0.110309819161234,0.110309819161234,1,"X24690.1","Others",NA
"CABP7",-0.160485893590316,-0.160485893590316,1,"X7104.71","Others",NA
"CACNA2D3",0.538131372001589,0.538131372001589,1,"X8885.6","Others",NA
"CACNB3",0.406026647795285,0.406026647795285,1,"X24237.115","Others",NA
"CACNB4",0.348680690684376,0.348680690684376,1,"X11130.158","Others",NA
"CACYBP",0.687427053382051,0.687427053382051,1,"X12432.23","Others",NA
"CADM1",0.528332996220769,0.528332996220769,1,"X3326.58","Others",NA
"CADM2",0.575966758449378,0.575966758449378,1,"X16907.3","Others",NA
"CADM3",0.560732883256447,0.560732883256447,1,"X3630.27","Others",NA
"CADPS2",0.113130037440679,0.113130037440679,1,"X25099.4","Others",NA
"CALB1",-0.249420030840758,-0.249420030840758,1,"X9918.23","Others",NA
"CALB2",0.582907908926525,0.582907908926525,1,"X16803.4","Others",NA
"CALCB",0.200369075872488,0.200369075872488,1,"X17170.15","Others",NA
"CALCOCO2",0.496928682675383,0.496928682675383,1,"X12534.10","Others",NA
"CALCR",-0.18679185174592,-0.18679185174592,1,"X20542.47","Others",NA
"CALR",-0.305186186520111,-0.305186186520111,1,"X5264.65","Others",NA
"CALY",0.39569164632234,0.39569164632234,1,"X8924.55","Others",NA
"CAMK1",0.221491229506531,0.221491229506531,1,"X3592.4","Others",NA
"CAMK2A",0.135958447823508,0.135958447823508,1,"X3350.53","Tau Kinases","Synaptic Proteins"
"CAMK2B",0.325696535272552,0.325696535272552,1,"X3351.1","Tau Kinases","Synaptic Proteins"
"CAMK2D",0.17281342290366,0.17281342290366,1,"X3419.49","Tau Kinases",NA
"CAMK2N2",0.374002002620476,0.374002002620476,1,"X21281.13","Others",NA
"CAMK4",0.355561422217984,0.355561422217984,1,"X18904.23","Others",NA
"CAMLG",0.52711314497435,0.52711314497435,1,"X21140.19","Others",NA
"CAMP",-0.267858353662898,-0.267858353662898,1,"X9384.17","Others",NA
"CAND1",0.463482378946813,0.463482378946813,1,"X13937.75","Others",NA
"CANT1",0.341900625072372,0.341900625072372,1,"X6480.1","Others",NA
"CANX",-0.106445035385951,-0.106445035385951,1,"X8834.58","Others",NA
"CAPG",0.198793171807961,0.198793171807961,1,"X4968.50","Others",NA
"CAPN13",0.395005124355837,0.395005124355837,1,"X24915.123","Others",NA
"CAPN1|CAPNS1",0.485454198898099,0.485454198898099,1,"X2668.70","Others",NA
"CAPN2",0.422953040458077,0.422953040458077,1,"X14684.17","Others",NA
"CAPN3",-0.228085603570028,-0.228085603570028,1,"X12385.4","Others",NA
"CAPN9",0.300583564593012,0.300583564593012,1,"X20173.39","Others",NA
"CAPNS1",0.44086951931836,0.44086951931836,1,"X18299.13","Others",NA
"CAPNS2",0.169384785286098,0.169384785286098,1,"X22063.20","Others",NA
"CARD9",-0.239135304125904,-0.239135304125904,1,"X11405.150","Others",NA
"CARTPT",-0.310366818200062,-0.310366818200062,1,"X5743.82","Others",NA
"CASK",0.234379626731858,0.234379626731858,1,"X16754.40","Others",NA
"CASP10",0.109113029641609,0.109113029641609,2,"X5340.24","Others",NA
"CASP4",-0.101888135588733,-0.101888135588733,1,"X22092.43","Others",NA
"CASP7",-0.144576266216556,-0.144576266216556,1,"X21513.1","Others",NA
"CASQ1",0.11455672424129,0.11455672424129,1,"X11263.57","Others",NA
"CASQ2",0.21191665516524,0.21191665516524,1,"X19291.2","Others",NA
"CAST",0.487640409798826,0.487640409798826,1,"X3026.5","Others",NA
"CAV3",-0.200244326561593,-0.200244326561593,1,"X8690.25","Others",NA
"CAVIN1",-0.159908996266943,-0.159908996266943,1,"X24689.9","Others",NA
"CBFB",-0.195962316857433,-0.195962316857433,1,"X10048.7","Others",NA
"CBL",0.313506764207412,0.313506764207412,1,"X12016.60","Others",NA
"CBLC",-0.121013904130236,-0.121013904130236,1,"X22417.10","Others",NA
"CBLN1",0.193015278689868,0.193015278689868,1,"X9313.27","Others",NA
"CBLN2",0.2126414860313,0.2126414860313,1,"X21887.2","Others",NA
"CBLN4",0.470248759310313,0.470248759310313,1,"X5688.65","Others",NA
"CBR1",0.412894974445746,0.412894974445746,1,"X12381.26","Others",NA
"CBR3",0.125545009330584,0.125545009330584,1,"X14091.42","Others",NA
"CBR4",0.32044321018209,0.32044321018209,1,"X21119.1","Others",NA
"CBS",0.325984109350332,0.325984109350332,1,"X10086.39","Others",NA
"CBX3",-0.423362501828155,-0.423362501828155,1,"X18868.7","Others",NA
"CBX5",-0.126227293963997,-0.126227293963997,1,"X4540.11","Others",NA
"CBX7",-0.104345611581277,-0.104345611581277,1,"X13027.20","Others",NA
"CCDC115",-0.153081454568561,-0.153081454568561,1,"X24658.98","Others",NA
"CCDC126",0.1711865135737,0.1711865135737,1,"X6388.21","Others",NA
"CCDC134",0.146055837664484,0.146055837664484,2,"X15300.66","Others",NA
"CCDC43",0.288362677197115,0.288362677197115,1,"X21595.8","Others",NA
"CCDC50",0.591306902336015,0.591306902336015,1,"X12399.194","Others",NA
"CCDC51",-0.147312812453263,-0.147312812453263,1,"X12790.10","Others",NA
"CCDC59",-0.112133619414031,-0.112133619414031,1,"X22393.130","Others",NA
"CCDC69",0.29818553162029,0.29818553162029,1,"X20932.10","Others",NA
"CCDC80",0.289164088144632,0.289164088144632,1,"X3234.23","Others",NA
"CCDC89",0.119981177714192,0.119981177714192,1,"X23596.17","Others",NA
"CCDC97",-0.127217261260581,-0.127217261260581,1,"X23561.4","Others",NA
"CCK",0.243309149565167,0.243309149565167,1,"X6918.183","Others",NA
"CCL1",0.190605459051056,0.190605459051056,1,"X13687.5","Others",NA
"CCL11",-0.175121941193966,-0.175121941193966,1,"X5301.7","Others",NA
"CCL13",-0.398994964035687,-0.398994964035687,1,"X4144.13","Others",NA
"CCL15",-0.232161311068338,-0.232161311068338,1,"X3509.1","Others",NA
"CCL19",0.191273375870029,0.191273375870029,1,"X4922.13","Others",NA
"CCL23",0.106003145900235,0.106003145900235,1,"X2913.1","Others",NA
"CCL24",-0.143966891146273,-0.143966891146273,1,"X4128.27","Others",NA
"CCL25",0.124931078076733,0.124931078076733,2,"X14068.29","Others",NA
"CCL27",-0.1030959642643,-0.1030959642643,1,"X2192.63","Others",NA
"CCL28",0.23019358964986,0.23019358964986,1,"X2890.59","Others",NA
"CCL5",-0.317564479929186,-0.317564479929186,1,"X2523.31","Others",NA
"CCL7",-0.340226967376425,-0.340226967376425,1,"X22969.12","Others",NA
"CCM2",0.166705077834115,0.166705077834115,1,"X12347.29","Others",NA
"CCN1",-0.179154405231789,-0.179154405231789,1,"X6264.9","Others",NA
"CCN4",-0.128467059401237,-0.128467059401237,1,"X13692.154","Others",NA
"CCN5",0.149088771107474,0.149088771107474,1,"X6392.7","Others",NA
"CCNB1",-0.103592120972403,-0.103592120972403,1,"X5347.59","Others",NA
"CCNE1",-0.199385281039563,-0.199385281039563,1,"X19767.20","Others",NA
"CCNH",-0.250423561966836,-0.250423561966836,2,"X9848.22","Others",NA
"CCNYL1",0.31346788827109,0.31346788827109,1,"X22098.10","Others",NA
"CCPG1",0.48129986009392,0.48129986009392,1,"X8889.5","Others",NA
"CCT7",-0.102645291358985,-0.102645291358985,1,"X13673.21","Others",NA
"CD109",0.309045562598252,0.309045562598252,1,"X3290.50","Others",NA
"CD14",0.32185042403199,0.32185042403199,2,"X16914.104","Microglia / Immune",NA
"CD163",0.392917706527506,0.392917706527506,1,"X5028.59","Others",NA
"CD177",-0.107847597591475,-0.107847597591475,1,"X13116.25","Others",NA
"CD1A",0.16279334406958,0.16279334406958,1,"X10814.7","Others",NA
"CD1B",-0.192653663985484,-0.192653663985484,1,"X20541.73","Others",NA
"CD1D",-0.149641838058588,-0.149641838058588,1,"X8749.194","Others",NA
"CD2",-0.145039080925859,-0.145039080925859,1,"X7100.31","Others",NA
"CD200",0.39948678324906,0.39948678324906,1,"X5112.73","Others",NA
"CD207",-0.107127410639648,-0.107127410639648,1,"X3361.26","Others",NA
"CD209",0.209559486833064,0.245995820773468,3,"X3029.52","Others",NA
"CD22",-0.315671319723973,-0.315671319723973,1,"X2891.1","Others",NA
"CD226",-0.224452132860989,-0.224452132860989,2,"X5721.1","Others",NA
"CD248",0.478939864803391,0.478939864803391,1,"X15491.20","Others",NA
"CD27",0.126016668527409,0.126016668527409,1,"X5412.53","Others",NA
"CD274",0.308371821711881,0.308371821711881,1,"X5060.62","Others",NA
"CD28",0.129988733395559,0.129988733395559,1,"X20521.83","Others",NA
"CD2AP",-0.144852585440615,-0.144852585440615,1,"X21961.14","Others",NA
"CD300A",0.348729403235784,0.348729403235784,1,"X5630.48","Others",NA
"CD300C",0.131179891787764,0.131179891787764,2,"X5066.134","Others",NA
"CD300E",-0.096768190350049,-0.096768190350049,2,"X8287.17","Others",NA
"CD300LF",-0.153393004072368,-0.153393004072368,1,"X5623.11","Others",NA
"CD300LG",0.102509267177784,0.102509267177784,1,"X20585.9","Others",NA
"CD320",0.546173301894615,0.546173301894615,1,"X16320.139","Others",NA
"CD33",0.291794250710374,0.291794250710374,1,"X3166.92","Microglia / Immune",NA
"CD36",-0.276584597477252,-0.276584597477252,1,"X2973.15","Others",NA
"CD38",-0.171876779468084,-0.171876779468084,1,"X7174.15","Others",NA
"CD3E",0.24965347137367,0.24965347137367,1,"X18870.1","Others",NA
"CD4",-0.23266044573964,-0.23266044573964,1,"X3143.3","Others",NA
"CD40LG",-0.121708300098545,-0.121708300098545,1,"X3534.14","Others",NA
"CD44",-0.112765895265914,-0.112765895265914,1,"X9283.8","Others",NA
"CD46",0.5459002749989,0.5459002749989,1,"X17682.1","Others",NA
"CD5",0.416986771696585,0.416986771696585,1,"X5596.75","Others",NA
"CD55",0.419709335806864,0.419709335806864,1,"X5069.9","Others",NA
"CD58",0.250406214449462,0.250406214449462,1,"X10938.13","Others",NA
"CD59",0.318981813891042,0.318981813891042,2,"X11514.196","Others",NA
"CD5L",-0.119363072319376,-0.119363072319376,1,"X3293.2","Others",NA
"CD63",0.318940871209077,0.318940871209077,1,"X9190.7","Others",NA
"CD68",0.23726678971895,0.23726678971895,2,"X20528.23","Microglia / Immune",NA
"CD70",-0.101433030889512,-0.101433030889512,2,"X5807.77","Others",NA
"CD74",-0.492644179883196,-0.492644179883196,1,"X8748.45","Others",NA
"CD79A",0.234456914060363,0.234456914060363,1,"X7796.10","Others",NA
"CD80",-0.356853667620349,-0.356853667620349,1,"X2603.61","Others",NA
"CD81",-0.10891806546248,-0.10891806546248,1,"X19612.3","Others",NA
"CD83",0.452108075270885,0.452108075270885,1,"X5065.8","Others",NA
"CD84",0.486041050346978,0.486041050346978,1,"X3642.4","Others",NA
"CD86",0.303498803706438,0.303498803706438,2,"X6232.54","Others",NA
"CD8A",0.151865971583899,0.151865971583899,1,"X15462.28","Others",NA
"CD8B",-0.202290089522348,-0.202290089522348,1,"X9310.2","Others",NA
"CD9",0.301021234947149,0.301021234947149,1,"X17449.23","Others",NA
"CD93",0.0895718308810521,0.0895718308810521,2,"X14136.234","Others",NA
"CD99L2",-0.339390340585479,-0.339390340585479,1,"X10539.30","Others",NA
"CDC25A",0.13971295955145,0.13971295955145,1,"X11548.84","Others",NA
"CDC25B",0.361754680445516,0.361754680445516,1,"X12427.8","Others",NA
"CDC34",0.335698307708026,0.335698307708026,1,"X12532.28","Others",NA
"CDC42BPB",-0.291027331411964,-0.291027331411964,1,"X3629.60","Others",NA
"CDC42EP4",0.262074783683121,0.262074783683121,1,"X23403.64","Others",NA
"CDCP1",0.166563415578476,0.166563415578476,2,"X16818.200","Others",NA
"CDH1",-0.202661894205522,-0.202661894205522,1,"X18429.10","Others",NA
"CDH11",0.395049754216905,0.395049754216905,1,"X9604.14","Others",NA
"CDH12",0.387169731957826,0.387169731957826,1,"X19388.2","Others",NA
"CDH15",-0.189811124117414,-0.189811124117414,2,"X11215.6","Others",NA
"CDH2",-0.162186061883439,-0.162186061883439,1,"X3797.1","Others",NA
"CDH6",-0.356197591553591,-0.356197591553591,1,"X3591.51","Others",NA
"CDH7",0.449960128520159,0.449960128520159,1,"X7959.34","Others",NA
"CDHR1",-0.107573918875433,-0.107573918875433,1,"X8372.29","Others",NA
"CDK16",-0.197506897211971,-0.197506897211971,1,"X16867.76","Others",NA
"CDK20",0.261744328943931,0.261744328943931,1,"X22103.25","Others",NA
"CDK2AP1",-0.105906683443654,-0.105906683443654,1,"X9450.18","Others",NA
"CDK2|CCNA2",-0.10408617647326,-0.10408617647326,1,"X3357.67","Others",NA
"CDKN1A",-0.108108846922205,-0.108108846922205,1,"X18291.8","Others",NA
"CDKN1B",-0.173309935247456,-0.173309935247456,1,"X3719.2","Others",NA
"CDKN2B",0.155545162245714,0.155545162245714,1,"X9874.28","Others",NA
"CDKN2C",-0.266136142973512,-0.266136142973512,1,"X12521.3","Others",NA
"CDKN3",0.347324646570347,0.347324646570347,1,"X14178.18","Tau Phosphatases",NA
"CDNF",0.398741753534504,0.398741753534504,1,"X4962.52","Others",NA
"CDON",0.315500068050741,0.315500068050741,1,"X4541.49","Others",NA
"CDSN",-0.135653949947463,-0.135653949947463,1,"X7085.81","Others",NA
"CDY1",-0.177118707454312,-0.177118707454312,1,"X7097.8","Others",NA
"CDYL2",-0.184907621181095,-0.184907621181095,1,"X10752.8","Others",NA
"CEACAM19",0.133363584068112,0.133363584068112,1,"X7048.4","Others",NA
"CEACAM21",-0.150315681799949,-0.150315681799949,1,"X7204.1","Others",NA
"CEACAM4",-0.176073995559943,-0.176073995559943,1,"X10910.6","Others",NA
"CEACAM8",-0.174169112355553,-0.174169112355553,1,"X18873.8","Others",NA
"CEBPA",-0.317956115933427,-0.317956115933427,1,"X18874.66","Others",NA
"CEBPB",-0.103777437163599,-0.103777437163599,1,"X22953.85","Others",NA
"CEL",-0.176920371995099,-0.176920371995099,1,"X9796.4","Others",NA
"CELA1",0.143317988256998,0.143317988256998,1,"X6107.3","Others",NA
"CELA3B",0.1261566833309,0.1261566833309,1,"X6357.83","Others",NA
"CELF2",-0.266281558533136,-0.266281558533136,1,"X7245.2","Others",NA
"CEMIP2",0.252282976872531,0.252282976872531,1,"X8992.1","Others",NA
"CENPW",-0.112810779026814,-0.112810779026814,1,"X8864.59","Others",NA
"CEP43",-0.116999684771853,-0.116999684771853,1,"X21793.4","Others",NA
"CEP76",-0.246122075324294,-0.246122075324294,1,"X23675.16","Others",NA
"CER1",0.33060580221704,0.33060580221704,1,"X6230.56","Others",NA
"CERT1",-0.112487377568596,-0.112487377568596,2,"X13535.2","Others",NA
"CES1",-0.12227708563081,-0.12227708563081,1,"X7182.1","Others",NA
"CES3",0.660586035785321,0.660586035785321,1,"X25292.4","Others",NA
"CETN1",-0.141050620971732,-0.141050620971732,1,"X21106.206","Others",NA
"CETN2",0.125391245689558,0.125391245689558,1,"X13078.3","Others",NA
"CETN3",-0.293285725322239,-0.293285725322239,1,"X17410.5","Others",NA
"CETP",-0.322660802578132,-0.322660802578132,1,"X7131.8","Others",NA
"CFAP45",0.280108030044831,0.280108030044831,1,"X6553.68","Others",NA
"CFC1",0.574564500085561,0.574564500085561,1,"X3294.55","Others",NA
"CFD",0.163769165091286,0.163769165091286,1,"X13678.169","Others",NA
"CFDP1",-0.335114816896993,-0.335114816896993,1,"X24706.73","Others",NA
"CFHR5",-0.15279229352124,-0.15279229352124,1,"X3666.17","Others",NA
"CFL1",0.105585733029293,0.105585733029293,1,"X4203.50","Others",NA
"CFL2",0.310608334713449,0.310608334713449,1,"X15339.32","Others",NA
"CFTR",0.400044632266091,0.400044632266091,1,"X7717.95","Others",NA
"CGA|FSHB",0.12370144323913,0.12370144323913,1,"X3032.11","Others",NA
"CGB2",-0.10573995860997,-0.10573995860997,1,"X6213.10","Others",NA
"CGB3",0.149805176702769,0.149805176702769,1,"X21391.17","Others",NA
"CGGBP1",-0.180219572858937,-0.180219572858937,1,"X23378.29","Others",NA
"CGREF1",0.180431773140835,0.180431773140835,1,"X6257.56","Others",NA
"CHAD",0.248286914092329,0.248286914092329,1,"X13460.4","Others",NA
"CHCHD10",0.393124704911053,0.393124704911053,1,"X11270.17","Others",NA
"CHCHD7",0.324472072973536,0.324472072973536,1,"X20387.277","Others",NA
"CHEK2",-0.121998350448883,-0.121998350448883,1,"X19328.51","Tau Kinases",NA
"CHFR",0.155740324374101,0.155740324374101,1,"X11320.29","Others",NA
"CHGA",0.494072152820074,0.494072152820074,2,"X8476.11","Others",NA
"CHGB",0.233636157798226,0.233636157798226,1,"X8235.48","Others",NA
"CHI3L2",-0.249323940738171,-0.249323940738171,1,"X9383.24","Others",NA
"CHIA",0.111968522958057,0.111968522958057,1,"X16591.71","Others",NA
"CHIT1",0.387091844241378,0.387091844241378,1,"X3600.2","Others",NA
"CHKB",0.229549211956493,0.229549211956493,2,"X7761.125","Others",NA
"CHL1",0.388317144638872,0.388317144638872,2,"X3601.54","Others",NA
"CHMP1B",-0.330904324584083,-0.330904324584083,1,"X18207.6","Others",NA
"CHMP2A",0.266612957519959,0.266612957519959,1,"X17728.61","Others",NA
"CHMP2B",0.0993122968394211,0.0993122968394211,1,"X17350.13","Others",NA
"CHMP4A",0.305175034393426,0.305175034393426,1,"X21341.19","Others",NA
"CHN1",0.719601776994932,0.719601776994932,1,"X22430.15","Others",NA
"CHP1",0.628388247053132,0.628388247053132,1,"X12458.79","Others",NA
"CHRD",0.465089878677481,0.465089878677481,1,"X13438.115","Others",NA
"CHRDL1",0.206486096477407,0.206486096477407,1,"X3362.61","Others",NA
"CHRDL2",0.35886852328737,0.35886852328737,1,"X6086.15","Others",NA
"CHRNB3",0.190179357127802,0.190179357127802,1,"X20547.5","Others",NA
"CHST1",0.409579482291744,0.409579482291744,1,"X7803.4","Others",NA
"CHST10",0.369777517839769,0.369777517839769,1,"X21721.6","Others",NA
"CHST11",0.177750286143769,0.177750286143769,1,"X7779.86","Others",NA
"CHST12",0.42477916741596,0.42477916741596,1,"X6626.81","Others",NA
"CHST14",-0.101974159373161,-0.101974159373161,1,"X7262.191","Others",NA
"CHST15",0.305929778150868,0.305929778150868,2,"X4469.78","Others",NA
"CHST2",-0.33996166327305,-0.33996166327305,1,"X4428.1","Others",NA
"CHST4",-0.369482872949483,-0.369482872949483,1,"X18876.77","Others",NA
"CHST5",0.174732371035037,0.174732371035037,1,"X7020.13","Others",NA
"CHST6",-0.304454432704099,-0.304454432704099,1,"X4429.51","Others",NA
"CHST9",0.0974211879027642,0.0974211879027642,1,"X11646.4","Others",NA
"CHTF8",-0.34525232142858,-0.34525232142858,1,"X24294.13","Others",NA
"CIB1",0.33794325461955,0.33794325461955,1,"X20423.40","Others",NA
"CILP",0.123204884637582,0.123204884637582,1,"X5717.2","Others",NA
"CINP",0.255796581743563,0.255796581743563,1,"X19383.131","Others",NA
"CISD1",0.648558461524739,0.648558461524739,1,"X7745.3","Others",NA
"CISD2",-0.407511195914627,-0.407511195914627,1,"X8094.20","Others",NA
"CKM",-0.1707779067147,-0.1707779067147,1,"X2670.67","Others",NA
"CKMT1A",0.520798776461186,0.520798776461186,1,"X15542.19","Others",NA
"CKS1B",-0.285038045111007,-0.285038045111007,1,"X12530.14","Others",NA
"CLCA1",-0.376742559610847,-0.376742559610847,1,"X10496.11","Others",NA
"CLCA2",0.28245622623575,0.28245622623575,1,"X8950.4","Others",NA
"CLDN1",-0.193793856159044,-0.193793856159044,1,"X24641.10","Others",NA
"CLEC11A",0.230823520562933,0.230823520562933,2,"X2966.65","Others",NA
"CLEC1B",-0.160380783515525,-0.160380783515525,1,"X4332.6","Others",NA
"CLEC2A",0.12692258885564,0.12692258885564,1,"X10953.14","Others",NA
"CLEC2D",-0.370373150773852,-0.370373150773852,1,"X7054.87","Others",NA
"CLEC2L",0.477517419465587,0.477517419465587,1,"X8242.9","Others",NA
"CLEC3B",0.348102326782832,0.348102326782832,1,"X5701.81","Others",NA
"CLEC4D",0.346226868817566,0.346226868817566,1,"X7752.31","Others",NA
"CLEC4G",0.253065683131454,0.253065683131454,1,"X10781.19","Others",NA
"CLEC6A",-0.110783694674192,-0.110783694674192,1,"X6911.103","Others",NA
"CLEC9A",0.241346765304394,0.241346765304394,1,"X20575.82","Others",NA
"CLIC1",0.114419670344241,0.114419670344241,1,"X5013.2","Others",NA
"CLIC3",-0.239660404645284,-0.239660404645284,1,"X24693.5","Others",NA
"CLIC4",0.34838220846067,0.34838220846067,2,"X12491.23","Others",NA
"CLINT1",0.758409316155983,0.758409316155983,1,"X11659.31","Others",NA
"CLMP",0.0750177754735539,0.0750177754735539,2,"X10440.26","Others",NA
"CLN5",-0.207813663031572,-0.207813663031572,1,"X9795.9","Others",NA
"CLNK",-0.192338703349835,-0.192338703349835,1,"X25501.128","Others",NA
"CLSTN1",0.281629868835113,0.281629868835113,1,"X15521.4","Others",NA
"CLSTN2",0.412859223002558,0.412859223002558,1,"X18882.7","Others",NA
"CLTC",-0.424643858416242,-0.424643858416242,1,"X13711.10","Cytoskeleton / Axonal Transport",NA
"CLU",0.265090205166621,0.265090205166621,1,"X4542.24","Metabolism",NA
"CLUAP1",0.23073097839062,0.23073097839062,1,"X23307.7","Others",NA
"CLYBL",-0.299055823468373,-0.299055823468373,1,"X23541.61","Others",NA
"CMA1",-0.361782513087222,-0.361782513087222,1,"X3423.59","Others",NA
"CMBL",0.104981766861968,0.104981766861968,1,"X19115.13","Others",NA
"CMC4",0.61031048188902,0.61031048188902,1,"X21133.33","Others",NA
"CMIP",-0.380614357477681,-0.380614357477681,1,"X25100.11","Others",NA
"CMPK1",-0.224351312407691,-0.224351312407691,2,"X18243.9","Others",NA
"CNDP1",0.381768921625263,0.381768921625263,1,"X7870.8","Others",NA
"CNDP2",-0.291390086733415,-0.291390086733415,1,"X3192.3","Others",NA
"CNEP1R1",0.148234572110127,0.148234572110127,1,"X13532.25","Others",NA
"CNGA2",-0.156704605866062,-0.156704605866062,1,"X12872.35","Others",NA
"CNMD",0.226572804742369,0.226572804742369,1,"X9928.125","Others",NA
"CNN1",0.300740668791036,0.300740668791036,1,"X15566.10","Others",NA
"CNN2",0.340475096179204,0.340475096179204,1,"X18877.15","Others",NA
"CNOT1",0.541821329159082,0.541821329159082,1,"X13482.14","Others",NA
"CNOT9",0.538453797333882,0.538453797333882,1,"X8975.26","Others",NA
"CNPY3",0.493670124284099,0.493670124284099,1,"X17327.3","Others",NA
"CNPY4",0.556005871342763,0.556005871342763,1,"X15465.79","Others",NA
"CNRIP1",0.634350301275057,0.634350301275057,1,"X18218.48","Others",NA
"CNTF",-0.116797637701338,-0.116797637701338,1,"X3489.9","Others",NA
"CNTFR",0.495664020998801,0.495664020998801,2,"X2711.6","Others",NA
"CNTN2",0.265076998054487,0.265076998054487,1,"X3296.92","Others",NA
"CNTN3",0.58373995644725,0.58373995644725,1,"X20586.18","Others",NA
"CNTN4",0.538218931823781,0.538218931823781,1,"X3298.52","Others",NA
"CNTN5",0.529925787422096,0.529925787422096,1,"X3299.29","Others",NA
"CNTN6",0.412216912477048,0.412216912477048,1,"X20561.15","Others",NA
"CNTNAP2",0.496941301950484,0.496941301950484,1,"X6965.19","Others",NA
"CNTNAP5",0.31580639061548,0.31580639061548,1,"X9044.1","Others",NA
"COA4",0.537686451056598,0.537686451056598,1,"X20457.13","Others",NA
"COA7",0.167514203019813,0.167514203019813,1,"X23258.56","Others",NA
"COASY",0.223718632035542,0.223718632035542,1,"X21207.1","Others",NA
"COCH",0.203283743906707,0.203283743906707,1,"X7227.75","Others",NA
"COG8",0.252216616024882,0.252216616024882,1,"X9543.131","Others",NA
"COL15A1",0.0999310230003069,0.0999310230003069,1,"X8974.172","Others",NA
"COL18A1",0.333052055980869,0.333052055980869,1,"X2201.17","Others",NA
"COL1A1",0.150367353924726,0.150367353924726,1,"X11140.56","Others",NA
"COL20A1",0.198846989358429,0.198846989358429,1,"X8804.39","Others",NA
"COL25A1",-0.109686771809468,-0.109686771809468,1,"X7006.4","Others",NA
"COL28A1",0.232521240784916,0.232521240784916,1,"X10702.1","Others",NA
"COL2A1",-0.111013193986023,-0.111013193986023,2,"X18875.125","Others",NA
"COL5A1",0.15108153409804,0.15108153409804,1,"X22047.46","Others",NA
"COL6A1",0.227817265516608,0.227817265516608,2,"X11150.3","Others",NA
"COL6A2",-0.185534196630918,-0.185534196630918,1,"X16753.46","Others",NA
"COL6A3",0.27132897333513,0.27132897333513,1,"X11196.31","Others",NA
"COL6A5",0.12997185281728,0.12997185281728,1,"X11155.16","Others",NA
"COL8A1",-0.148856951682461,-0.148856951682461,1,"X4807.13","Others",NA
"COL9A1",-0.127562814573898,-0.127562814573898,1,"X15466.30","Others",NA
"COL9A3",0.271256681137558,0.271256681137558,1,"X20175.17","Others",NA
"COLEC12",0.159587024312027,0.159587024312027,1,"X5457.5","Others",NA
"COLGALT2",-0.116235365979021,-0.116235365979021,1,"X7234.12","Others",NA
"COMMD5",-0.140761749857313,-0.140761749857313,1,"X24704.38","Others",NA
"COMMD7",-0.191362359350435,-0.191362359350435,1,"X2823.7","Others",NA
"COMMD9",-0.364766473290752,-0.364766473290752,1,"X17683.2","Others",NA
"COMT",0.268330109842302,0.268330109842302,1,"X18382.109","Others",NA
"COMTD1",0.16798730081594,0.16798730081594,1,"X23253.5","Others",NA
"COPB2",-0.166948460859925,-0.166948460859925,1,"X24459.15","Others",NA
"COPS2",0.229838267937437,0.229838267937437,1,"X14029.42","Others",NA
"COPS5",0.171264264191016,0.171264264191016,1,"X24725.4","Others",NA
"COPS7B",0.140687798658141,0.140687798658141,1,"X12384.92","Others",NA
"COPS8",0.156842594168387,0.156842594168387,1,"X22119.18","Others",NA
"COQ10A",-0.110995566056785,-0.110995566056785,1,"X21457.141","Others",NA
"COQ6",0.246898628547043,0.246898628547043,1,"X22113.2","Others",NA
"COQ7",-0.397669825787676,-0.397669825787676,1,"X21499.17","Others",NA
"COQ9",-0.142085827193057,-0.142085827193057,1,"X20374.41","Others",NA
"COTL1",0.222183433790127,0.222183433790127,1,"X4905.63","Others",NA
"COX4I2",-0.119057480590956,-0.119057480590956,1,"X7850.1","Others",NA
"COX5A",0.606239785331407,0.606239785331407,1,"X18226.148","Others",NA
"COX6C",-0.319233370110516,-0.319233370110516,1,"X8903.1","Others",NA
"COX7A2L",-0.105763929221521,-0.105763929221521,1,"X9590.10","Others",NA
"CP",-0.118735392025592,-0.118735392025592,1,"X17453.34","Others",NA
"CPA2",0.129450635775142,0.129450635775142,1,"X9276.7","Others",NA
"CPB1",0.305489391347965,0.305489391347965,2,"X6356.3","Others",NA
"CPB2",-0.1461129983005,-0.1461129983005,1,"X3518.54","Others",NA
"CPD",0.418953966085512,0.418953966085512,1,"X7917.17","Others",NA
"CPE",0.245682993013846,0.245682993013846,2,"X5343.74","Others",NA
"CPLX1",0.704054879727676,0.704054879727676,1,"X18332.17","Others",NA
"CPLX2",0.733156229097899,0.733156229097899,1,"X15321.8","Others",NA
"CPLX3",0.471497881312936,0.471497881312936,1,"X21536.65","Others",NA
"CPM",0.260508490043983,0.260508490043983,2,"X7768.10","Others",NA
"CPN1",-0.312204319343503,-0.312204319343503,1,"X7142.5","Others",NA
"CPNE1",0.25463708292581,0.25463708292581,1,"X5346.24","Others",NA
"CPNE7",-0.105328399093445,-0.105328399093445,1,"X24277.22","Others",NA
"CPPED1",0.243793484334709,0.243793484334709,1,"X21108.5","Others",NA
"CPQ",0.128299108491585,0.128299108491585,1,"X9394.19","Others",NA
"CPTP",0.237679625233073,0.237679625233073,1,"X20385.21","Others",NA
"CPVL",0.371116119470218,0.371116119470218,1,"X8891.7","Others",NA
"CRABP1",-0.165128902768191,-0.165128902768191,1,"X11967.23","Others",NA
"CRABP2",0.148674341332269,0.148674341332269,1,"X11696.7","Others",NA
"CRADD",0.359251185340436,0.359251185340436,1,"X15322.35","Others",NA
"CRAT",-0.113969348657165,-0.113969348657165,1,"X12637.7","Others",NA
"CRCP",0.163206908498036,0.163206908498036,1,"X17771.35","Others",NA
"CREB3L4",0.236303634589431,0.236303634589431,1,"X11308.8","Others",NA
"CRELD1",0.363821991036381,0.363821991036381,1,"X7628.40","Others",NA
"CREM",-0.150088395830793,-0.150088395830793,1,"X22116.9","Others",NA
"CRH",0.236818977185626,0.236818977185626,1,"X19637.9","Others",NA
"CRHBP",-0.200561783219052,-0.200561783219052,1,"X6039.24","Others",NA
"CRIM1",0.560127092941492,0.560127092941492,2,"X6502.50","Others",NA
"CRIP1",0.36395168282901,0.36395168282901,1,"X18275.5","Others",NA
"CRIP2",0.365657341191444,0.365657341191444,1,"X9053.16","Others",NA
"CRIPT",-0.35632238837389,-0.35632238837389,1,"X19294.26","Others",NA
"CRISP3",-0.102040402124036,-0.102040402124036,1,"X3187.52","Others",NA
"CRISPLD2",-0.263321132915563,-0.263321132915563,1,"X5691.2","Others",NA
"CRK",0.71139101759789,0.71139101759789,1,"X4976.57","Others",NA
"CRKL",0.775430281959006,0.775430281959006,1,"X9877.28","Others",NA
"CRLF1",0.286833448915697,0.286833448915697,1,"X14747.9","Others",NA
"CRLF2",-0.248538191215227,-0.248538191215227,2,"X2746.56","Others",NA
"CRLF3",0.40924492406402,0.40924492406402,1,"X25052.3","Others",NA
"CRMP1",0.335395685676305,0.335395685676305,1,"X18323.39","Others",NA
"CRNN",0.233989972496337,0.233989972496337,1,"X17738.7","Others",NA
"CRP",-0.229602458947308,-0.229602458947308,1,"X4337.49","Others",NA
"CRPPA",0.281209710153707,0.281209710153707,1,"X24319.19","Others",NA
"CRTAC1",0.378761283779519,0.378761283779519,1,"X5632.6","Others",NA
"CRTAM",0.151579624479892,0.151579624479892,1,"X7968.15","Others",NA
"CRTC3",0.193683097577978,0.193683097577978,1,"X25901.3","Others",NA
"CRYAA",-0.105752899274054,-0.105752899274054,1,"X10087.10","Others",NA
"CRYBB1",0.374863446477766,0.374863446477766,1,"X17751.68","Others",NA
"CRYBB2",0.140869168823224,0.140869168823224,1,"X10000.28","Others",NA
"CRYBB3",0.12816499228645,0.12816499228645,1,"X23262.11","Others",NA
"CRYGA",-0.16684533367299,-0.16684533367299,1,"X24449.11","Others",NA
"CRYGD",0.244862933290534,0.244862933290534,1,"X12366.16","Others",NA
"CRYGS",0.321341256288993,0.321341256288993,1,"X19311.15","Others",NA
"CRYL1",0.161005632333353,0.161005632333353,1,"X24643.21","Others",NA
"CSAG1",-0.143942920943383,-0.143942920943383,1,"X5716.49","Others",NA
"CSF1",0.366221198834159,0.366221198834159,2,"X3738.54","Others",NA
"CSF1R",0.408667531771795,0.408667531771795,2,"X13682.47","Microglia / Immune",NA
"CSF2RA",0.128498047189264,0.128498047189264,1,"X10438.19","Others",NA
"CSF3",0.121586522486371,0.121586522486371,1,"X8952.65","Others",NA
"CSH1|CSH2",0.202902129601056,0.202902129601056,1,"X6229.13","Others",NA
"CSK",-0.104575989184772,-0.104575989184772,1,"X3363.31","Others",NA
"CSMD1",0.273587868341874,0.273587868341874,1,"X9598.23","Others",NA
"CSMD2",0.484963847141801,0.484963847141801,1,"X9971.5","Others",NA
"CSNK1A1L",0.188418543859727,0.188418543859727,1,"X22484.17","Others",NA
"CSNK1D",0.185033882902792,0.185033882902792,1,"X11289.31","Tau Kinases",NA
"CSNK1G2",-0.3227824290831,-0.3227824290831,1,"X17436.193","Others",NA
"CSNK2A1",-0.355484608303679,-0.355484608303679,1,"X3427.63","Tau Kinases",NA
"CSNK2A1|CSNK2B",-0.225662200492769,-0.225662200492769,1,"X5225.50","Others",NA
"CSNK2A2|CSNK2B",-0.356639102273098,-0.356639102273098,1,"X5226.36","Others",NA
"CSNK2B",0.101960508469634,0.101960508469634,1,"X11330.15","Others",NA
"CSRP3",0.621171527642285,0.621171527642285,1,"X9171.11","Others",NA
"CST3",-0.133059249019857,-0.133059249019857,1,"X2609.59","Others",NA
"CST4",0.2076327908603,0.2076327908603,1,"X14076.74","Others",NA
"CST6",0.267662502531514,0.267662502531514,2,"X3303.23","Others",NA
"CST7",-0.359224428753779,-0.359224428753779,1,"X3302.58","Others",NA
"CST8",0.353746263007623,0.353746263007623,1,"X10572.65","Others",NA
"CSTB",0.503696882902745,0.503696882902745,1,"X19768.13","Others",NA
"CSTF1",-0.206161384478112,-0.206161384478112,1,"X24055.44","Others",NA
"CT45A3",-0.1533648558668,-0.1533648558668,1,"X24473.11","Others",NA
"CT83",-0.337665084248493,-0.337665084248493,1,"X23579.3","Others",NA
"CTAG1A",0.0395888628758746,0.0395888628758746,2,"X6931.10","Others",NA
"CTCF",-0.152160089619027,-0.152160089619027,1,"X14624.51","Others",NA
"CTDSPL",-0.364434745467965,-0.364434745467965,1,"X20929.4","Others",NA
"CTF1",0.566829408849436,0.566829408849436,1,"X13732.79","Others",NA
"CTHRC1",0.279410084648045,0.279410084648045,1,"X15467.10","Others",NA
"CTNNA1",0.466500261275673,0.466500261275673,1,"X24426.191","Others",NA
"CTNNA2",0.217892775962492,0.217892775962492,1,"X9872.23","Others",NA
"CTNNA3",-0.150930108739811,-0.150930108739811,1,"X25283.2","Others",NA
"CTNNB1",-0.0270522598645463,-0.0270522598645463,2,"X8424.269","Others",NA
"CTNNBIP1",0.583447066074012,0.583447066074012,1,"X21600.10","Others",NA
"CTPS1",0.175746187208832,0.175746187208832,1,"X23705.42","Others",NA
"CTRL",-0.228297594747748,-0.228297594747748,1,"X9229.9","Others",NA
"CTSA",-0.0974890129399247,-0.0974890129399247,1,"X3179.51","Others",NA
"CTSB",0.12016119174762,0.12016119174762,1,"X8007.19","Others",NA
"CTSD",-0.35786219309522,-0.35786219309522,1,"X5508.62","Others",NA
"CTSF",-0.147427064186129,-0.147427064186129,1,"X8393.121","Others",NA
"CTSG",-0.379876659032592,-0.379876659032592,1,"X2431.17","Others",NA
"CTSO",0.219516237463946,0.219516237463946,1,"X9264.11","Others",NA
"CTSS",0.0971569759223247,0.0971569759223247,1,"X3181.50","Others",NA
"CTSV",-0.231040180191017,-0.231040180191017,1,"X3364.76","Others",NA
"CTSZ",0.122206394767391,0.122206394767391,1,"X4971.1","Others",NA
"CUL1",0.158874124506805,0.158874124506805,1,"X17797.1","Others",NA
"CUL3",-0.244570242572584,-0.244570242572584,1,"X10045.47","Others",NA
"CUL4B",0.363326063516526,0.363326063516526,1,"X13743.56","Others",NA
"CUTA",0.365340563609354,0.365340563609354,1,"X21604.2","Others",NA
"CUTC",-0.330433745638409,-0.330433745638409,1,"X15315.64","Others",NA
"CUZD1",0.215982077559483,0.215982077559483,1,"X7943.16","Others",NA
"CWF19L1",-0.150559353824605,-0.150559353824605,1,"X23686.44","Others",NA
"CX3CL1",0.13833404298247,0.13833404298247,1,"X2827.23","Others",NA
"CXADR",0.106853707089879,0.106853707089879,1,"X11204.80","Others",NA
"CXCL11",-0.120888209688505,-0.120888209688505,1,"X3038.9","Others",NA
"CXCL12",0.134359900083746,0.134359900083746,1,"X2330.2","Others",NA
"CXCL14",-0.30853910792864,-0.30853910792864,1,"X5730.60","Others",NA
"CXCL16",0.403959729719397,0.403959729719397,1,"X2436.49","Others",NA
"CXCL2",-0.24333835507344,-0.24333835507344,1,"X3148.49","Others",NA
"CXCL3",-0.197228746167137,-0.197228746167137,1,"X2986.49","Others",NA
"CXCL5",-0.127769873563303,-0.127769873563303,1,"X2979.8","Others",NA
"CXCL6",-0.152698347851929,-0.152698347851929,1,"X3495.15","Others",NA
"CXCL9",-0.138241769392656,-0.138241769392656,2,"X9188.119","Others",NA
"CYB561D1",-0.177275973799434,-0.177275973799434,1,"X13377.3","Others",NA
"CYB5A",0.275028397045056,0.275028397045056,1,"X11287.14","Others",NA
"CYB5D2",0.356294847516252,0.356294847516252,1,"X10924.258","Others",NA
"CYB5R3",-0.220592377647607,-0.220592377647607,1,"X7215.18","Others",NA
"CYB5R4",-0.122942952625283,-0.122942952625283,1,"X24959.20","Others",NA
"CYBC1",0.388584924650704,0.388584924650704,1,"X25259.7","Others",NA
"CYCS",0.553119734165949,0.553119734165949,1,"X2942.50","Others",NA
"CYGB",0.399028234775845,0.399028234775845,1,"X11546.7","Others",NA
"CYLD",0.129714982670232,0.129714982670232,1,"X21765.10","Others",NA
"CYP3A4",0.0881735112484573,0.0881735112484573,2,"X2943.5","Others",NA
"CYRIA",-0.205845138515494,-0.205845138515494,1,"X23523.14","Others",NA
"CYRIB",0.602804233465398,0.602804233465398,1,"X19176.27","Others",NA
"CYSRT1",0.133773829226317,0.133773829226317,1,"X25220.8","Others",NA
"CYTH3",-0.120073581741875,-0.120073581741875,1,"X21365.5","Others",NA
"CYTH4",0.134489136463083,0.134489136463083,1,"X12746.4","Others",NA
"DAB2",-0.116903281973302,-0.116903281973302,1,"X21963.48","Others",NA
"DAG1",0.466339442718941,0.466339442718941,1,"X23176.17","Others",NA
"DAO",0.137979221868227,0.137979221868227,1,"X19120.33","Others",NA
"DAP",-0.33599965809637,-0.33599965809637,1,"X19141.22","Others",NA
"DAPK1",-0.372422732714574,-0.372422732714574,1,"X13955.33","Others",NA
"DAPK2",-0.124998416667308,-0.124998416667308,1,"X4355.13","Others",NA
"DAPP1",-0.0991288235887724,-0.0991288235887724,1,"X11615.16","Others",NA
"DARS1",0.117717068055702,0.117717068055702,1,"X12675.14","Others",NA
"DARS2",-0.125613124895595,-0.125613124895595,1,"X12395.86","Others",NA
"DAXX",-0.0974902075436732,-0.0974902075436732,1,"X25306.51","Others",NA
"DAZAP1",-0.243961628702338,-0.243961628702338,1,"X23401.3","Others",NA
"DBI",0.371380749934095,0.371380749934095,1,"X16919.1","Others",NA
"DBNDD1",0.275627446662294,0.275627446662294,1,"X20970.14","Others",NA
"DBNDD2",0.442065499742122,0.442065499742122,1,"X21122.3","Others",NA
"DBNL",0.239974209042361,0.239974209042361,1,"X4978.54","Others",NA
"DBT",-0.248644856988991,-0.248644856988991,1,"X23673.9","Others",NA
"DCAF12",0.13769240941937,0.13769240941937,1,"X22121.43","Others",NA
"DCBLD1",-0.180524482290656,-0.180524482290656,1,"X9402.18","Others",NA
"DCC",0.430697470799303,0.430697470799303,1,"X21685.29","Others",NA
"DCK",-0.227850634031651,-0.227850634031651,1,"X9836.20","Others",NA
"DCLK1",0.828938850220514,0.828938850220514,1,"X17156.72","Others",NA
"DCP1A",0.175698342817103,0.175698342817103,1,"X14008.22","Others",NA
"DCP1B",-0.109260948808939,-0.109260948808939,1,"X12715.30","Others",NA
"DCPS",0.177305848570745,0.177305848570745,1,"X20106.80","Others",NA
"DCTD",0.239043959413185,0.239043959413185,1,"X17756.69","Others",NA
"DCTPP1",0.191883449551569,0.191883449551569,1,"X4314.12","Others",NA
"DCUN1D1",0.266847891262171,0.266847891262171,1,"X17366.6","Others",NA
"DDAH1",0.792143732365316,0.792143732365316,1,"X19392.6","Others",NA
"DDC",-0.135689897439255,-0.135689897439255,1,"X3538.26","Others",NA
"DDHD2",0.462165250259847,0.462165250259847,1,"X25499.37","Others",NA
"DDOST",0.495093011520013,0.495093011520013,1,"X17161.1","Others",NA
"DDR1",0.222632253217238,0.222632253217238,1,"X11836.144","Others",NA
"DDR2",0.368654550184244,0.368654550184244,1,"X15381.45","Others",NA
"DDRGK1",0.479344710635265,0.479344710635265,1,"X23559.10","Others",NA
"DDT",0.132308087176099,0.132308087176099,1,"X19237.17","Others",NA
"DDX1",-0.309837467605121,-0.309837467605121,1,"X25092.32","Others",NA
"DDX19A",-0.326498808414516,-0.326498808414516,1,"X18813.15","Others",NA
"DDX19B",-0.273785744612709,-0.273785744612709,1,"X5460.60","Others",NA
"DDX23",-0.133634241956291,-0.133634241956291,1,"X13946.8","Others",NA
"DEAF1",0.478504612287261,0.478504612287261,1,"X6369.82","Others",NA
"DEFA1",-0.358618354055579,-0.358618354055579,1,"X9250.87","Others",NA
"DEFA3",-0.269932060919964,-0.269932060919964,1,"X20539.4","Others",NA
"DEFA5",-0.391800242510672,-0.391800242510672,1,"X6387.61","Others",NA
"DEFB1",0.138518657509653,0.138518657509653,1,"X6629.3","Others",NA
"DEFB103A",-0.171415061149588,-0.171415061149588,1,"X5679.16","Others",NA
"DEFB106A",-0.125742989628103,-0.125742989628103,1,"X5664.57","Others",NA
"DEFB110",-0.213167186119798,-0.213167186119798,1,"X8340.9","Others",NA
"DEFB112",-0.122769541064813,-0.122769541064813,1,"X5689.1","Others",NA
"DEFB113",0.111770860602469,0.111770860602469,1,"X13374.4","Others",NA
"DEFB115",-0.155503483065064,-0.155503483065064,1,"X8391.12","Others",NA
"DEFB116",-0.103731421632254,-0.103731421632254,1,"X11144.10","Others",NA
"DEFB119",-0.140807408821267,-0.140807408821267,1,"X8315.5","Others",NA
"DEFB125",-0.115234325519973,-0.115234325519973,1,"X9486.13","Others",NA
"DEFB129",-0.210858284713225,-0.210858284713225,1,"X8347.222","Others",NA
"DEFB132",-0.124609579009646,-0.124609579009646,1,"X9022.49","Others",NA
"DENND10",0.274269686019142,0.274269686019142,1,"X23535.3","Others",NA
"DEPP1",-0.342528743807068,-0.342528743807068,1,"X7178.59","Others",NA
"DERL1",-0.11517514432802,-0.11517514432802,1,"X13393.46","Others",NA
"DES",-0.169999959709239,-0.169999959709239,1,"X12030.82","Others",NA
"DFFA",0.215170971884316,0.215170971884316,1,"X21249.115","Others",NA
"DGKB",0.204176106944532,0.204176106944532,1,"X12895.28","Others",NA
"DHH",0.142760908763138,0.142760908763138,1,"X4389.2","Others",NA
"DHRS11",0.130468169766582,0.130468169766582,1,"X23317.10","Others",NA
"DHRS3",0.211655468058033,0.211655468058033,1,"X24708.7","Others",NA
"DHRS9",0.318188704634285,0.318188704634285,1,"X17467.1","Others",NA
"DHX58",-0.118217295875408,-0.118217295875408,1,"X14012.17","Others",NA
"DHX8",-0.404241833831841,-0.404241833831841,1,"X11601.26","Others",NA
"DHX9",-0.21519995064422,-0.21519995064422,1,"X10527.22","Others",NA
"DIAPH1",0.319131159581473,0.319131159581473,1,"X25083.26","Others",NA
"DIDO1",-0.13127122870233,-0.13127122870233,1,"X14329.4","Others",NA
"DIMT1",-0.104261315745746,-0.104261315745746,1,"X12694.28","Others",NA
"DIPK1C",0.166362428554586,0.166362428554586,1,"X14341.8","Others",NA
"DIRAS1",-0.106189262233839,-0.106189262233839,1,"X17793.4","Others",NA
"DIRAS3",0.156205143027719,0.156205143027719,1,"X12406.119","Others",NA
"DKK1",-0.164325599097405,-0.164325599097405,1,"X3535.84","Others",NA
"DKK2",0.167984255211056,0.167984255211056,2,"X6546.41","Others",NA
"DKK3",0.358114985908242,0.358114985908242,2,"X10746.24","Others",NA
"DKK4",0.323289542881829,0.323289542881829,1,"X22959.32","Others",NA
"DKKL1",-0.179286386942198,-0.179286386942198,1,"X3644.5","Others",NA
"DLAT",0.221365973171841,0.221365973171841,1,"X20185.44","Others",NA
"DLD",0.445923926697818,0.445923926697818,2,"X15527.90","Others",NA
"DLG2",0.836012477094321,0.836012477094321,1,"X19620.16","Synaptic Proteins",NA
"DLG4",0.671763517222677,0.671763517222677,1,"X8070.88","Synaptic Proteins",NA
"DLGAP4",-0.179819666625438,-0.179819666625438,1,"X24436.23","Others",NA
"DLK1",0.175903118391254,0.0864426769445441,3,"X6373.54","Others",NA
"DLK2",0.520496492139796,0.520496492139796,1,"X9359.9","Others",NA
"DLL1",0.480154725901717,0.480154725901717,2,"X5349.69","Others",NA
"DLL4",0.318214060628521,0.318214060628521,1,"X3305.6","Others",NA
"DMBT1",-0.138270931121572,-0.138270931121572,1,"X19212.4","Others",NA
"DMC1",0.118078669792337,0.118078669792337,1,"X23341.16","Others",NA
"DMKN",0.0540702176414497,0.0540702176414497,2,"X5963.9","Others",NA
"DMRTB1",-0.100467849712972,-0.100467849712972,1,"X24688.9","Others",NA
"DMTN",0.165406833342948,0.165406833342948,1,"X23650.2","Others",NA
"DNAI1",-0.118524599413619,-0.118524599413619,1,"X11396.39","Others",NA
"DNAJB1",-0.121951077611544,-0.121951077611544,1,"X3852.19","Tau Folding/Stability",NA
"DNAJB11",0.556308520625983,0.556308520625983,1,"X7110.2","Others",NA
"DNAJB12",0.433904645773448,0.433904645773448,1,"X8006.12","Others",NA
"DNAJB14",0.607444035557072,0.607444035557072,1,"X8053.16","Others",NA
"DNAJB2",0.667286982557165,0.667286982557165,1,"X11438.6","Others",NA
"DNAJB3",0.11342547229461,0.11342547229461,1,"X23252.4","Others",NA
"DNAJB8",0.714469044878894,0.714469044878894,1,"X20942.4","Others",NA
"DNAJB9",0.684558788689683,0.684558788689683,1,"X11214.40","Others",NA
"DNAJC10",0.320243048071522,0.320243048071522,1,"X8297.8","Others",NA
"DNAJC12",0.103091502613527,0.103091502613527,1,"X21114.18","Others",NA
"DNAJC15",-0.204664941186819,-0.204664941186819,1,"X7197.2","Others",NA
"DNAJC17",-0.38459447430541,-0.38459447430541,1,"X14655.1","Others",NA
"DNAJC18",0.399152247874011,0.399152247874011,1,"X8033.1","Others",NA
"DNAJC19",-0.393205428625179,-0.393205428625179,1,"X4545.53","Others",NA
"DNAJC27",0.219474009447803,0.219474009447803,1,"X12799.65","Others",NA
"DNAJC5B",0.726645750284504,0.726645750284504,1,"X24669.12","Others",NA
"DNALI1",-0.0980433631103027,-0.0980433631103027,1,"X20437.9","Others",NA
"DNASE1L2",0.270739338258133,0.270739338258133,1,"X6324.11","Others",NA
"DNER",0.496073973003149,0.496073973003149,1,"X9769.48","Others",NA
"DNM1",0.683874901528046,0.683874901528046,1,"X24435.1","Cytoskeleton / Axonal Transport",NA
"DNM2",0.567606043564663,0.567606043564663,1,"X11572.4","Cytoskeleton / Axonal Transport",NA
"DNMT3L",-0.11186081748824,-0.11186081748824,1,"X19142.39","Others",NA
"DNPEP",-0.183896906903103,-0.183896906903103,1,"X25037.4","Others",NA
"DNPH1",-0.312992272553337,-0.312992272553337,1,"X17785.11","Others",NA
"DOC2B",0.756584943094663,0.756584943094663,1,"X7997.118","Others",NA
"DOCK2",0.169326909064323,0.169326909064323,1,"X25904.17","Others",NA
"DOK1",-0.330242724676573,-0.330242724676573,1,"X16831.7","Others",NA
"DOK2",-0.375134876447602,-0.375134876447602,1,"X19578.19","Others",NA
"DOT1L",0.326531614495615,0.326531614495615,1,"X12692.56","Others",NA
"DPCD",-0.124965112031991,-0.124965112031991,1,"X23272.8","Others",NA
"DPEP2",0.273429334319242,0.273429334319242,1,"X8327.26","Others",NA
"DPH7",0.235206612098297,0.235206612098297,1,"X25235.2","Others",NA
"DPY30",0.43476348004475,0.43476348004475,1,"X13943.38","Others",NA
"DPYSL3",0.130021288750548,0.130021288750548,1,"X12707.26","Others",NA
"DPYSL5",0.220506462092905,0.220506462092905,1,"X12683.156","Others",NA
"DRAP1",-0.348173888416568,-0.348173888416568,1,"X24636.9","Others",NA
"DRAXIN",0.287683266770384,0.287683266770384,1,"X7084.1","Others",NA
"DSC1",0.175866330055737,0.175866330055737,1,"X10882.12","Others",NA
"DSC2",0.445509540122145,0.445509540122145,1,"X13126.52","Others",NA
"DSCAM",0.475116454136924,0.475116454136924,1,"X9175.48","Others",NA
"DSCAML1",0.434177770384095,0.434177770384095,1,"X18886.28","Others",NA
"DSCC1",0.157267390252415,0.157267390252415,1,"X23679.43","Others",NA
"DSG2",0.258426752891794,0.258426752891794,2,"X20517.1","Others",NA
"DSG3",-0.020143229368935,-0.020143229368935,2,"X11310.8","Others",NA
"DSTN",0.266416126970115,0.266416126970115,2,"X18883.4","Others",NA
"DTD1",0.778170131678325,0.778170131678325,1,"X19194.9","Others",NA
"DTD2",0.529709695476065,0.529709695476065,1,"X18280.29","Others",NA
"DTNA",0.308470186964829,0.308470186964829,2,"X25087.11","Others",NA
"DTX3L",-0.415001956681079,-0.415001956681079,1,"X11643.73","Others",NA
"DTYMK",0.118917662992581,0.118917662992581,1,"X19504.22","Others",NA
"DUPD1",0.199120321813741,0.199120321813741,1,"X23323.25","Others",NA
"DUSP10",0.180582328317786,0.180582328317786,1,"X21183.1","Others",NA
"DUSP13",-0.248708242233619,-0.248708242233619,1,"X6525.17","Others",NA
"DUSP15",0.16189973825049,0.16189973825049,1,"X12838.28","Others",NA
"DUSP21",0.331517509474495,0.331517509474495,1,"X21191.24","Others",NA
"DUSP23",-0.206327164920006,-0.206327164920006,1,"X17326.44","Others",NA
"DUSP26",0.314121549981128,0.314121549981128,1,"X8967.6","Others",NA
"DUSP3",-0.113849772464054,-0.113849772464054,1,"X3480.7","Others",NA
"DUSP6",-0.304407055809468,-0.304407055809468,1,"X12341.8","Tau Phosphatases",NA
"DUT",0.445741067315045,0.445741067315045,1,"X9995.6","Others",NA
"DVL2",0.123317810037697,0.123317810037697,1,"X13575.40","Others",NA
"DYNC1LI1",0.137128385046397,0.137128385046397,1,"X24981.8","Cytoskeleton / Axonal Transport",NA
"DYNC1LI2",-0.132008508542359,-0.132008508542359,1,"X25053.1","Cytoskeleton / Axonal Transport",NA
"DYNLL1",-0.139706370042617,-0.139706370042617,1,"X3881.49","Cytoskeleton / Axonal Transport",NA
"DYNLL2",0.626989581825892,0.626989581825892,1,"X11493.169","Cytoskeleton / Axonal Transport",NA
"DYNLRB2",0.346818696058672,0.346818696058672,1,"X17827.53","Others",NA
"DYNLT1",-0.359205091450171,-0.359205091450171,1,"X14331.262","Others",NA
"DYRK1A",0.251902063671875,0.251902063671875,1,"X25301.48","Tau Kinases",NA
"DYRK3",-0.107529828973557,-0.107529828973557,1,"X21662.121","Others",NA
"EBAG9",0.152194371315214,0.152194371315214,2,"X19802.22","Others",NA
"EBI3",0.155090885902142,0.155090885902142,1,"X10851.77","Others",NA
"ECEL1",0.114243669752046,0.114243669752046,1,"X7076.17","Others",NA
"ECHS1",0.110260036650567,0.110260036650567,1,"X17787.1","Others",NA
"ECI1",0.369142015706779,0.369142015706779,1,"X19367.34","Others",NA
"ECM1",0.350027443491152,0.350027443491152,1,"X3366.51","Others",NA
"ECRG4",-0.214274263278696,-0.214274263278696,1,"X6362.6","Others",NA
"EDA",0.196269632502031,0.196269632502031,2,"X2826.53","Others",NA
"EDA2R",0.429477646040858,0.429477646040858,1,"X3083.71","Others",NA
"EDC4",0.352788802835683,0.352788802835683,1,"X13066.42","Others",NA
"EDDM3A",0.131691719534035,0.131691719534035,1,"X9536.16","Others",NA
"EDDM3B",-0.10226709754704,-0.10226709754704,1,"X7782.34","Others",NA
"EDEM2",-0.187246144663414,-0.187246144663414,1,"X21512.6","Others",NA
"EDF1",-0.345380828320271,-0.345380828320271,1,"X12415.122","Others",NA
"EED",-0.121362709883866,-0.121362709883866,1,"X21116.13","Others",NA
"EEF1D",0.114705018188679,0.114705018188679,1,"X17826.341","Others",NA
"EEF1E1",-0.163519781815683,-0.163519781815683,1,"X21628.6","Others",NA
"EEF1G",-0.332813750584674,-0.332813750584674,1,"X24111.10","Others",NA
"EEF2K",0.139065535459266,0.139065535459266,1,"X12332.7","Others",NA
"EEF2KMT",0.110746656416252,0.110746656416252,1,"X25240.1","Others",NA
"EFCAB1",0.151983758121254,0.151983758121254,1,"X23274.27","Others",NA
"EFCAB14",0.0582696878579295,0.0582696878579295,2,"X9514.46","Others",NA
"EFEMP1",-0.14204004746905,-0.14204004746905,1,"X8480.29","Others",NA
"EFHD1",0.347951046842273,0.347951046842273,1,"X19616.100","Others",NA
"EFHD2",0.752766078089457,0.752766078089457,1,"X22037.47","Others",NA
"EFNA1",0.241913548919368,0.241913548919368,1,"X20091.138","Others",NA
"EFNA2",0.417715911396486,0.417715911396486,2,"X10801.11","Others",NA
"EFNA3",0.428843727094625,0.428843727094625,2,"X14153.8","Others",NA
"EFNA4",0.269821702003853,0.269821702003853,2,"X2614.28","Others",NA
"EFNA5",0.425601503794922,0.425601503794922,1,"X2615.60","Others",NA
"EFNB1",0.434891867445242,0.434891867445242,2,"X13104.32","Others",NA
"EFNB2",0.21531726617857,0.21531726617857,2,"X14131.37","Others",NA
"EFNB3",0.36808101428774,0.36808101428774,2,"X2514.65","Others",NA
"EFS",-0.31823974918978,-0.31823974918978,1,"X12572.236","Others",NA
"EGF",0.267522079784943,0.267522079784943,2,"X5509.7","Others",NA
"EGFL6",0.280991742788473,0.280991742788473,1,"X17454.15","Others",NA
"EGFLAM",0.215551621961053,0.215551621961053,1,"X12338.27","Others",NA
"EGFR",0.263358327894738,0.263358327894738,2,"X2677.1","Growth Factor Signaling",NA
"EGLN1",-0.411871826584062,-0.411871826584062,1,"X9901.28","Others",NA
"EGLN2",0.124071187925859,0.124071187925859,1,"X24674.22","Others",NA
"EHBP1",0.163244835057381,0.163244835057381,1,"X12813.18","Others",NA
"EHD1",0.508819856270193,0.508819856270193,1,"X24235.2","Others",NA
"EHD2",0.275859633016615,0.275859633016615,1,"X23640.10","Others",NA
"EHD3",0.702999110834654,0.702999110834654,1,"X25232.4","Others",NA
"EHD4",-0.100416541348432,-0.100416541348432,1,"X11421.10","Others",NA
"EIF1AD",0.264257139222825,0.264257139222825,1,"X13545.97","Others",NA
"EIF1AX",-0.139995667748379,-0.139995667748379,1,"X9850.38","Others",NA
"EIF2A",-0.188834930444905,-0.188834930444905,2,"X25105.87","Others",NA
"EIF2B1",-0.299943712522287,-0.299943712522287,1,"X10080.9","Others",NA
"EIF2S2",-0.414013572517389,-0.414013572517389,1,"X24723.58","Others",NA
"EIF3G",0.330645327053585,0.330645327053585,1,"X11454.87","Others",NA
"EIF3M",0.203533480767373,0.203533480767373,1,"X23410.46","Others",NA
"EIF4A1",0.218558847376128,0.218558847376128,1,"X18829.4","Others",NA
"EIF4A2",0.370518784253575,0.370518784253575,2,"X18824.7","Others",NA
"EIF4A3",-0.15606510665424,-0.15606510665424,1,"X4997.19","Others",NA
"EIF4B",0.646236436539337,0.646236436539337,1,"X14675.20","Others",NA
"EIF4EBP2",0.460207331276552,0.460207331276552,1,"X20117.5","Others",NA
"EIF4EBP3",0.118378452197473,0.118378452197473,1,"X18859.7","Others",NA
"EIF4G1",0.203417816344587,0.203417816344587,1,"X25287.7","Others",NA
"EIF4G2",0.567406078368671,0.567406078368671,1,"X4230.1","Others",NA
"EIF4G3",0.205602050458969,0.205602050458969,1,"X13991.47","Others",NA
"EIF4H",0.427729744659442,0.427729744659442,1,"X5885.55","Others",NA
"ELAC1",-0.262911907228172,-0.262911907228172,1,"X21382.70","Others",NA
"ELAPOR1",0.282941353858772,0.282941353858772,1,"X10637.50","Others",NA
"ELAVL1",-0.315610181380184,-0.315610181380184,1,"X11592.1","Others",NA
"ELAVL2",0.824511671691965,0.824511671691965,1,"X21173.25","Others",NA
"ELFN2",0.435434180325053,0.435434180325053,1,"X21687.3","Others",NA
"ELK1",-0.345015537207506,-0.345015537207506,1,"X10006.25","Others",NA
"ELK3",-0.199732914286537,-0.199732914286537,1,"X5707.55","Others",NA
"ELK4",0.432969513857033,0.432969513857033,1,"X22128.8","Others",NA
"ELL2",-0.249094330786745,-0.249094330786745,1,"X11494.4","Others",NA
"ELL3",0.214345831064076,0.214345831064076,1,"X22129.55","Others",NA
"ELMO1",-0.160314129299016,-0.160314129299016,1,"X12764.3","Others",NA
"ELMO2",-0.157875235557452,-0.157875235557452,1,"X25061.8","Others",NA
"ELP1",-0.352212146244329,-0.352212146244329,1,"X25102.23","Others",NA
"EMC1",0.174853640447908,0.174853640447908,1,"X11989.35","Others",NA
"EMC10",0.537536944400646,0.537536944400646,1,"X24664.3","Others",NA
"EMC4",0.348650768953437,0.348650768953437,1,"X13516.46","Others",NA
"EMILIN3",0.218807945256295,0.218807945256295,1,"X8773.172","Others",NA
"EML2",-0.364889727928531,-0.364889727928531,1,"X25907.47","Others",NA
"ENAH",0.483522715710673,0.483522715710673,1,"X9757.29","Others",NA
"ENDOU",0.129460981598681,0.129460981598681,1,"X5656.53","Others",NA
"ENG",0.273804552372554,0.273804552372554,1,"X4908.6","Others",NA
"ENO1",0.434757092706334,0.434757092706334,1,"X11105.171","Metabolism",NA
"ENO2",0.511994839112221,0.511994839112221,2,"X10339.48","Metabolism",NA
"ENO3",0.233046711489407,0.233046711489407,1,"X16616.137","Others",NA
"ENOX2",0.196770806155455,0.196770806155455,1,"X13422.66","Others",NA
"ENPEP",0.106192204051365,0.106192204051365,1,"X15558.63","Others",NA
"ENPP2",-0.167310537166248,-0.167310537166248,1,"X16892.23","Others",NA
"ENPP3",-0.166147340796777,-0.166147340796777,1,"X25251.6","Others",NA
"ENPP5",0.496661705613516,0.496661705613516,1,"X6556.5","Others",NA
"ENPP6",0.210349186705909,0.210349186705909,1,"X15579.26","Others",NA
"ENSA",-0.123376807604172,-0.123376807604172,1,"X17734.13","Others",NA
"ENTPD1",0.384106329377665,0.384106329377665,2,"X3182.38","Others",NA
"ENTPD3",-0.129899570113673,-0.129899570113673,1,"X4436.1","Others",NA
"ENTPD5",-0.205634219216689,-0.205634219216689,1,"X4437.56","Others",NA
"ENTPD6",0.404918376962104,0.404918376962104,1,"X8932.1","Others",NA
"EOLA1",0.206149504806516,0.206149504806516,1,"X24905.22","Others",NA
"EPB41L1",-0.206560632149336,-0.206560632149336,1,"X13993.20","Others",NA
"EPDR1",0.123830232063956,0.123830232063956,1,"X9040.144","Others",NA
"EPHA10",0.37676164148884,0.37676164148884,2,"X5076.53","Others",NA
"EPHA2",0.299476024669425,0.299476024669425,1,"X4834.61","Others",NA
"EPHA3",0.532808618547668,0.532808618547668,1,"X3432.21","Others",NA
"EPHA4",0.41220847926242,0.41220847926242,2,"X7190.50","Others",NA
"EPHA5",0.478642454989291,0.478642454989291,1,"X3806.55","Others",NA
"EPHA6",0.549956410937109,0.549956410937109,1,"X22587.37","Others",NA
"EPHA7",0.513206364089436,0.513206364089436,2,"X7195.119","Others",NA
"EPHA8",0.104082773504874,0.104082773504874,1,"X20558.4","Others",NA
"EPHB1",0.43886229222644,0.43886229222644,1,"X17680.12","Others",NA
"EPHB2",0.496808834656403,0.496808834656403,2,"X8225.86","Others",NA
"EPHB3",0.484646129217684,0.484646129217684,1,"X9220.7","Others",NA
"EPHB4",0.413015358349252,0.413015358349252,1,"X15530.33","Others",NA
"EPHB6",0.575728962246989,0.575728962246989,2,"X9261.14","Others",NA
"EPHX2",-0.103340684181316,-0.103340684181316,1,"X21269.198","Others",NA
"EPN1",0.580546912634806,0.580546912634806,1,"X24255.38","Others",NA
"EPO",-0.153122337059727,-0.153122337059727,1,"X5813.58","Others",NA
"EPS15L1",0.258062855638737,0.258062855638737,1,"X4212.5","Others",NA
"EPS8L2",0.370583641514182,0.370583641514182,1,"X24891.54","Others",NA
"ERAP1",0.154541450589728,0.154541450589728,1,"X4964.67","Others",NA
"ERAP2",0.165912347997302,0.165912347997302,1,"X8960.3","Others",NA
"ERBB2",-0.384605775982256,-0.384605775982256,1,"X2616.23","Growth Factor Signaling",NA
"ERBB3",0.381119975502836,0.381119975502836,1,"X2617.56","Growth Factor Signaling",NA
"ERBB4",0.100957181599044,0.100957181599044,1,"X2618.10","Growth Factor Signaling",NA
"ERC1",-0.188594621419508,-0.188594621419508,1,"X24983.119","Others",NA
"ERLEC1",0.525499503634592,0.525499503634592,1,"X8957.72","Others",NA
"ERLIN1",0.109542050681811,0.109542050681811,1,"X8776.10","Others",NA
"ERO1A",0.19623827027317,0.19623827027317,1,"X7060.2","Others",NA
"ERP29",0.107236959286547,0.107236959286547,1,"X4983.6","Others",NA
"ERP44",0.319749699831066,0.319749699831066,1,"X6064.4","Others",NA
"ESAM",0.513068842956729,0.516684176893553,3,"X2981.9","Others",NA
"ESD",0.355377760939642,0.355377760939642,1,"X4984.83","Others",NA
"ESM1",0.105314706738552,0.105314706738552,1,"X3805.16","Others",NA
"ESRRA",-0.196003721973442,-0.196003721973442,1,"X9873.17","Others",NA
"ESS2",-0.193273495348638,-0.193273495348638,1,"X11356.19","Others",NA
"ETNK2",0.189013626230375,0.189013626230375,1,"X21379.30","Others",NA
"ETS2",0.190113019965777,0.190113019965777,1,"X12350.86","Others",NA
"ETV2",-0.348336575021577,-0.348336575021577,1,"X23210.4","Others",NA
"ETV4",-0.142870799978743,-0.142870799978743,1,"X22134.1","Others",NA
"ETV5",-0.114973765718858,-0.114973765718858,1,"X13403.5","Others",NA
"EVA1C",0.218440600727651,0.218440600727651,2,"X8877.22","Others",NA
"EVL",0.491535800893309,0.491535800893309,1,"X11656.110","Others",NA
"EVPL",-0.116607097904145,-0.116607097904145,1,"X14019.73","Others",NA
"EWSR1",0.402483918862176,0.402483918862176,1,"X12988.49","Others",NA
"EXOSC1",-0.0967644767686388,-0.0967644767686388,1,"X7930.3","Others",NA
"EXOSC5",-0.357598861911713,-0.357598861911713,1,"X20968.22","Others",NA
"EXOSC8",-0.188111096899424,-0.188111096899424,1,"X18909.11","Others",NA
"EXTL2",0.303207927378833,0.303207927378833,1,"X6528.95","Others",NA
"EYA2",0.546768642794189,0.546768642794189,1,"X21152.25","Others",NA
"EZR",0.333338907637583,0.333338907637583,1,"X9753.17","Others",NA
"F10",0.106211914639365,0.106211914639365,1,"X4878.3","Others",NA
"F2",-0.108996295161994,-0.108996295161994,1,"X5316.54","Others",NA
"F3",-0.118898177883124,-0.118898177883124,1,"X4931.59","Others",NA
"F5",-0.174725416235248,-0.174725416235248,1,"X4906.35","Others",NA
"FAAH2",0.360282720817575,0.360282720817575,1,"X8396.42","Others",NA
"FABP1",-0.295011525063461,-0.295011525063461,1,"X11516.7","Others",NA
"FABP3",0.496045924235813,0.496045924235813,2,"X4696.2","Others",NA
"FABP4",-0.125829689937743,-0.125829689937743,1,"X15386.7","Others",NA
"FABP9",0.23412523532772,0.23412523532772,1,"X18194.18","Others",NA
"FADD",0.242906797532497,0.242906797532497,1,"X16593.3","Others",NA
"FAF2",0.706364611814556,0.706364611814556,1,"X9738.7","Others",NA
"FAH",0.230889327741655,0.230889327741655,1,"X11424.4","Others",NA
"FAHD1",0.19961885604622,0.19961885604622,1,"X17819.30","Others",NA
"FAHD2A",0.263398865824124,0.263398865824124,1,"X23389.28","Others",NA
"FAIM",0.0975545164007598,0.0975545164007598,1,"X10420.30","Others",NA
"FAM110A",-0.276569691392304,-0.276569691392304,1,"X23783.22","Others",NA
"FAM118A",0.153700796830815,0.153700796830815,1,"X23358.42","Others",NA
"FAM118B",-0.106816603623961,-0.106816603623961,1,"X23350.66","Others",NA
"FAM160B1",-0.205012828891195,-0.205012828891195,1,"X25081.6","Others",NA
"FAM163B",0.363134651217096,0.363134651217096,1,"X10880.38","Others",NA
"FAM171A1",0.226046382492806,0.226046382492806,1,"X5610.32","Others",NA
"FAM171B",0.3388327178087,0.3388327178087,2,"X8786.6","Others",NA
"FAM172A",-0.108741715228009,-0.108741715228009,1,"X5615.62","Others",NA
"FAM177A1",0.407338154619195,0.407338154619195,1,"X8039.41","Others",NA
"FAM189A2",0.182081938940262,0.182081938940262,2,"X5699.19","Others",NA
"FAM204A",-0.106435652815381,-0.106435652815381,1,"X22140.6","Others",NA
"FAM209B",0.262069261104489,0.262069261104489,1,"X7066.199","Others",NA
"FAM20B",0.420323401153449,0.420323401153449,1,"X7198.197","Others",NA
"FAM20C",0.448494176947363,0.448494176947363,2,"X21547.6","Others",NA
"FAM210A",0.115502282120708,0.115502282120708,1,"X14593.152","Others",NA
"FAM219B",0.255442756028674,0.255442756028674,1,"X25260.62","Others",NA
"FAM221A",0.328605075504157,0.328605075504157,1,"X24447.26","Others",NA
"FAM234B",0.14693610047348,0.14693610047348,2,"X9981.18","Others",NA
"FAM241A",0.109311671280262,0.109311671280262,1,"X9490.3","Others",NA
"FAM241B",0.28188094981644,0.28188094981644,1,"X8220.15","Others",NA
"FAM3A",-0.206157069390578,-0.206157069390578,1,"X21555.17","Others",NA
"FAM86B1",0.443749409152091,0.443749409152091,1,"X22142.4","Others",NA
"FAM9B",0.354271630277353,0.354271630277353,1,"X23315.30","Others",NA
"FANCL",-0.10680792977275,-0.10680792977275,1,"X10063.10","Others",NA
"FARS2",-0.383931955614038,-0.383931955614038,1,"X13941.82","Others",NA
"FAS",0.327773123495518,0.317683073866336,4,"X5392.73","Others",NA
"FASLG",0.221499069802767,0.221499069802767,1,"X3052.8","Others",NA
"FATE1",-0.155839659214104,-0.155839659214104,1,"X7740.33","Others",NA
"FBL",-0.12309838120728,-0.12309838120728,1,"X13994.1","Others",NA
"FBLIM1",0.291991371153871,0.291991371153871,1,"X21357.12","Others",NA
"FBLN1",0.154844926935776,0.154844926935776,1,"X6470.19","Others",NA
"FBLN5",0.372036313352332,0.372036313352332,2,"X10738.11","Others",NA
"FBLN7",0.525182613189953,0.525182613189953,1,"X21891.31","Others",NA
"FBP2",-0.219387876650975,-0.219387876650975,1,"X9867.23","Others",NA
"FBXL4",0.17877101381644,0.17877101381644,1,"X11416.23","Others",NA
"FBXL5",0.140001762056455,0.140001762056455,1,"X12846.3","Others",NA
"FBXO28",-0.099933814029535,-0.099933814029535,1,"X22143.6","Others",NA
"FBXO3",0.121937475652371,0.121937475652371,1,"X14628.72","Others",NA
"FBXO48",0.257329146074196,0.257329146074196,1,"X22144.65","Others",NA
"FCAR",-0.123480131936773,-0.123480131936773,1,"X4987.17","Others",NA
"FCER1A",-0.23004483760037,-0.23004483760037,1,"X9254.18","Others",NA
"FCER2",0.280790774179164,0.280790774179164,1,"X3291.30","Others",NA
"FCGR1A",0.215525949523808,0.215525949523808,1,"X3312.64","Others",NA
"FCGR2B",-0.234796020536933,-0.234796020536933,1,"X22960.8","Others",NA
"FCGR3B",0.300459257935851,0.300459257935851,1,"X3311.27","Others",NA
"FCGRT",0.361447593614137,0.361447593614137,1,"X21708.149","Others",NA
"FCHSD1",0.112475523690669,0.112475523690669,1,"X24895.25","Others",NA
"FCMR",0.286614382205634,0.286614382205634,1,"X6574.11","Others",NA
"FCN1",-0.156157056519287,-0.145524466728053,3,"X22961.7","Others",NA
"FCN3",-0.208247485813319,-0.208247485813319,2,"X14077.6","Others",NA
"FCRL1",-0.393134878595606,-0.393134878595606,1,"X5728.60","Others",NA
"FCRL2",-0.104659746088825,-0.104659746088825,1,"X7951.146","Others",NA
"FCRL4",0.154606080405699,0.154606080405699,1,"X8991.115","Others",NA
"FCRL5",-0.285993105256841,-0.285993105256841,1,"X6103.70","Others",NA
"FCRL6",-0.364952370958882,-0.364952370958882,1,"X6617.12","Others",NA
"FCRLB",0.165672084269237,0.165672084269237,1,"X15583.18","Others",NA
"FDCSP",-0.162176490401835,-0.162176490401835,1,"X17346.61","Others",NA
"FEN1",0.237347384808027,0.237347384808027,1,"X12577.100","Others",NA
"FER",-0.235636259601807,-0.235636259601807,1,"X4220.39","Others",NA
"FERMT3",0.220426395577378,0.220426395577378,1,"X12599.10","Others",NA
"FGA|FGB|FGG",0.163878987603642,0.163878987603642,1,"X4907.56","Others",NA
"FGD2",-0.164042612516369,-0.164042612516369,1,"X24318.13","Others",NA
"FGF12",0.154172948323383,0.154172948323383,1,"X4392.54","Others",NA
"FGF16",-0.240418599595943,-0.240418599595943,2,"X4393.3","Others",NA
"FGF19",0.186963178922865,0.186963178922865,2,"X2762.30","Others",NA
"FGF2",-0.224195350928693,-0.224195350928693,1,"X3025.50","Others",NA
"FGF22",-0.123782327523678,-0.123782327523678,1,"X9513.9","Others",NA
"FGF4",-0.127088130887457,-0.127088130887457,1,"X4123.60","Others",NA
"FGF5",-0.348160021300892,-0.348160021300892,1,"X3065.65","Others",NA
"FGF6",-0.1335849619439,-0.1335849619439,1,"X4130.71","Others",NA
"FGF7",-0.151468041287144,-0.151468041287144,2,"X4487.1","Others",NA
"FGF8",-0.135817154633584,-0.112115721822613,3,"X2443.10","Others",NA
"FGFBP1",-0.135150531430053,-0.135150531430053,1,"X15494.11","Others",NA
"FGFR1",0.436357440380456,0.436357440380456,1,"X5532.53","Growth Factor Signaling",NA
"FGFR2",-0.143772950502531,-0.143772950502531,1,"X3808.76","Growth Factor Signaling",NA
"FGFR3",0.0194760814693546,0.0194760814693546,2,"X13669.6","Growth Factor Signaling",NA
"FGFR4",-0.371253619473776,-0.371253619473776,1,"X4988.49","Others",NA
"FGG",0.136311254162283,0.136311254162283,1,"X4989.7","Others",NA
"FGL2",0.18213324931687,0.18213324931687,1,"X19635.69","Others",NA
"FGR",-0.397347648919074,-0.397347648919074,1,"X3810.50","Microglia / Immune",NA
"FH",0.185082873611939,0.185082873611939,1,"X13384.110","Metabolism",NA
"FHIT",0.658324827718746,0.658324827718746,1,"X9826.135","Others",NA
"FHOD1",-0.195609016713725,-0.195609016713725,1,"X25115.21","Others",NA
"FIBCD1",0.109137526479075,0.109137526479075,1,"X9378.6","Others",NA
"FIBP",-0.416011063290549,-0.416011063290549,1,"X19169.88","Others",NA
"FIS1",0.673348382347666,0.673348382347666,1,"X17746.77","Others",NA
"FJX1",0.113805318102195,0.113805318102195,1,"X7921.65","Others",NA
"FKBP14",0.374123520636625,0.374123520636625,1,"X9340.17","Others",NA
"FKBP1A",0.501859282611878,0.501859282611878,1,"X25912.131","Others",NA
"FKBP1B",-0.102091751455776,-0.102091751455776,1,"X11568.2","Others",NA
"FKBP2",0.275928905799291,0.275928905799291,1,"X9339.204","Others",NA
"FKBP4",0.36605693149425,0.36605693149425,1,"X17722.5","Tau Folding/Stability",NA
"FKBP5",-0.227041549125526,-0.227041549125526,1,"X21577.35","Tau Folding/Stability",NA
"FKBP7",0.362039221078569,0.362039221078569,1,"X9288.7","Others",NA
"FLI1",-0.295894428091325,-0.295894428091325,1,"X21971.47","Others",NA
"FLII",0.405667887376109,0.405667887376109,1,"X12677.164","Others",NA
"FLNA",0.262043753587972,0.262043753587972,1,"X11245.43","Others",NA
"FLRT1",0.534528280489093,0.534528280489093,1,"X4547.59","Others",NA
"FLRT2",0.405258191076019,0.405258191076019,1,"X13122.19","Others",NA
"FLRT3",0.505497455457962,0.505497455457962,1,"X13123.3","Others",NA
"FLT1",0.522889276532267,0.522889276532267,2,"X8231.122","Growth Factor Signaling",NA
"FLT3",-0.327209772191589,-0.327209772191589,1,"X3437.80","Others",NA
"FLT3LG",0.180546549448498,0.180546549448498,1,"X14093.10","Others",NA
"FLT4",0.233266212604942,0.233266212604942,2,"X16035.8","Others",NA
"FMO3",0.156646210668865,0.156646210668865,1,"X25288.16","Others",NA
"FMOD",-0.154358933428726,-0.154358933428726,1,"X6367.66","Others",NA
"FMR1",0.233497576329185,0.233497576329185,1,"X7721.81","Others",NA
"FN1",0.368918716160836,0.36095234001061,3,"X20064.24","Others",NA
"FN3K",0.269822066219939,0.269822066219939,1,"X21147.9","Others",NA
"FNBP1",-0.399526676680744,-0.399526676680744,1,"X25265.8","Others",NA
"FNDC4",-0.233867465099237,-0.233867465099237,1,"X13451.2","Others",NA
"FOLH1",0.127578521296596,0.127578521296596,1,"X5478.50","Others",NA
"FOLR1",-0.132767993978605,-0.132767993978605,1,"X17455.42","Others",NA
"FOLR2",0.50446213986291,0.50446213986291,1,"X15587.20","Others",NA
"FOLR3",0.258847486254261,0.258847486254261,2,"X5624.66","Others",NA
"FOXC2",-0.159905615533934,-0.159905615533934,1,"X14051.54","Others",NA
"FOXL2",0.255103681250389,0.255103681250389,1,"X11375.49","Others",NA
"FOXM1",-0.398982013136235,-0.398982013136235,1,"X10056.5","Others",NA
"FOXO3",-0.352768735862532,-0.352768735862532,1,"X11540.37","Others",NA
"FOXO4",-0.109604911473548,-0.109604911473548,1,"X22147.19","Others",NA
"FOXP4",-0.296628788332331,-0.296628788332331,1,"X24259.24","Others",NA
"FREM1",0.345140282053548,0.345140282053548,1,"X20568.3","Others",NA
"FRZB",0.198179428461057,0.198179428461057,2,"X2841.13","Others",NA
"FSCN1",0.488383202985357,0.488383202985357,1,"X24226.30","Others",NA
"FSD1",0.176107516255211,0.176107516255211,1,"X23695.1","Others",NA
"FST",-0.359225719973029,-0.359225719973029,1,"X4132.27","Others",NA
"FSTL1",0.145124705116836,0.145124705116836,1,"X13112.179","Others",NA
"FSTL4",0.374854703878967,0.374854703878967,1,"X9350.3","Others",NA
"FSTL5",0.279096361054851,0.279096361054851,1,"X7099.33","Others",NA
"FTH1",0.443721145269603,0.443721145269603,1,"X25913.17","Others",NA
"FTH1|FTL",0.395468807748099,0.395468807748099,1,"X5934.1","Others",NA
"FTHL17",-0.242419163913711,-0.242419163913711,1,"X25225.14","Others",NA
"FTL",0.396806632559071,0.396806632559071,1,"X15324.58","Others",NA
"FTMT",0.249275137967768,0.249275137967768,1,"X8048.9","Others",NA
"FTO",0.289709103893272,0.289709103893272,1,"X25051.104","Others",NA
"FUBP1",0.579297104451354,0.579297104451354,1,"X20960.47","Others",NA
"FUCA1",0.177744262143727,0.177744262143727,1,"X21384.2","Others",NA
"FURIN",0.108114462422417,0.108114462422417,1,"X6276.16","Others",NA
"FUT10",0.412594295623447,0.412594295623447,1,"X7156.2","Others",NA
"FUT11",0.173941202862362,0.173941202862362,1,"X21720.13","Others",NA
"FUT2",0.411973681403604,0.411973681403604,1,"X9121.28","Others",NA
"FUT3",-0.163113486014952,-0.163113486014952,1,"X4548.4","Others",NA
"FUT5",0.243368422024894,0.243368422024894,1,"X4549.78","Others",NA
"FUT7",-0.173546222208805,-0.173546222208805,1,"X21716.29","Others",NA
"FUT8",0.349934677290527,0.349934677290527,1,"X8244.16","Others",NA
"FXN",0.295458859233992,0.295458859233992,1,"X11833.83","Others",NA
"FXR1",-0.253854880772774,-0.253854880772774,1,"X13076.4","Others",NA
"FXYD6",0.237517131928127,0.237517131928127,1,"X25412.53","Others",NA
"FYN",0.215526570051238,0.215526570051238,1,"X3813.3","Others",NA
"FZD1",0.492152713216533,0.492152713216533,1,"X22590.68","Others",NA
"FZD10",0.21283944722234,0.21283944722234,2,"X11647.6","Others",NA
"FZD2",0.433260780482569,0.433260780482569,1,"X22589.3","Others",NA
"FZD4",0.166507032918584,0.166507032918584,1,"X22585.5","Others",NA
"FZD5",0.447476488259475,0.447476488259475,1,"X20066.19","Others",NA
"FZD7",0.450043967287864,0.450043967287864,1,"X20576.71","Others",NA
"FZD8",0.470136472164639,0.470136472164639,1,"X20577.5","Others",NA
"FZD9",0.451616087637271,0.451616087637271,1,"X22591.4","Others",NA
"G3BP2",0.34689234939689,0.34689234939689,1,"X9831.12","Others",NA
"G6PD",0.175811311077376,0.175811311077376,1,"X19297.4","Others",NA
"GAB1",-0.249367829278482,-0.249367829278482,1,"X24268.21","Others",NA
"GABARAP",0.70295289042729,0.70295289042729,2,"X17735.130","Others",NA
"GABARAPL1",0.739491840513931,0.739491840513931,1,"X12661.44","Others",NA
"GABARAPL2",0.64225775404718,0.64225775404718,1,"X12494.99","Others",NA
"GABBR1",0.72577620428385,0.72577620428385,1,"X11279.42","Others",NA
"GABBR2",0.420352908672054,0.420352908672054,1,"X13948.50","Others",NA
"GABPB1",-0.127573517281239,-0.127573517281239,1,"X22150.2","Others",NA
"GAD1",0.403743946771427,0.403743946771427,1,"X11280.6","Others",NA
"GADD45GIP1",-0.101551584401126,-0.101551584401126,1,"X9302.90","Others",NA
"GAGE12F",0.166420068915991,0.166420068915991,1,"X20068.61","Others",NA
"GAGE2A",0.55719279802556,0.55719279802556,1,"X18268.5","Others",NA
"GAGE2B",0.392998315011745,0.392998315011745,1,"X25413.80","Others",NA
"GAGE2D",0.489663017055681,0.489663017055681,2,"X22968.9","Others",NA
"GAL3ST1",-0.183690876963671,-0.183690876963671,1,"X8696.15","Others",NA
"GALE",0.155488434412356,0.155488434412356,1,"X11457.53","Others",NA
"GALK1",-0.184833386793757,-0.184833386793757,1,"X11448.34","Others",NA
"GALK2",0.155049733499954,0.155049733499954,1,"X23631.1","Others",NA
"GALNS",0.144500437246659,0.144500437246659,1,"X21724.22","Others",NA
"GALNT1",0.4676584304902,0.4676584304902,1,"X7090.17","Others",NA
"GALNT10",0.369930972451016,0.369930972451016,1,"X7003.4","Others",NA
"GALNT13",0.375503883479149,0.375503883479149,1,"X10908.2","Others",NA
"GALNT14",0.294984694157822,0.294984694157822,1,"X21767.129","Others",NA
"GALNT16",0.358106052280628,0.358106052280628,1,"X8923.94","Others",NA
"GALNT2",0.291209091956806,0.291209091956806,1,"X5764.4","Others",NA
"GALNT4",0.308672584245074,0.308672584245074,1,"X21722.21","Others",NA
"GALNT9",0.256104915822001,0.256104915822001,1,"X22152.162","Others",NA
"GAN",0.134537901757996,0.134537901757996,1,"X10054.3","Others",NA
"GAP43",0.847571239785383,0.847571239785383,1,"X15325.14","Synaptic Proteins",NA
"GARS1",0.618176195463956,0.618176195463956,1,"X21351.8","Others",NA
"GAS1",0.374570261182239,0.374570261182239,1,"X5463.22","Others",NA
"GAS6",0.478534106236497,0.478534106236497,1,"X15391.114","Others",NA
"GAS7",0.718131659925906,0.718131659925906,1,"X17721.82","Others",NA
"GATAD1",0.21865364501033,0.21865364501033,1,"X22154.37","Others",NA
"GBA",0.260810529695441,0.260810529695441,1,"X18331.3","Others",NA
"GBP1",0.139956359959696,0.139956359959696,1,"X15326.64","Others",NA
"GBP2",0.126658680647428,0.126658680647428,1,"X18891.98","Others",NA
"GBP5",-0.271463273527965,-0.271463273527965,1,"X20211.75","Others",NA
"GBP6",0.302052544628776,0.302052544628776,1,"X7818.101","Others",NA
"GC",-0.170176888966055,-0.170176888966055,1,"X15589.1","Others",NA
"GCA",-0.301166865703004,-0.301166865703004,1,"X12594.5","Others",NA
"GCDH",-0.134624365240081,-0.134624365240081,1,"X19258.24","Others",NA
"GCHFR",0.514614273452942,0.514614273452942,1,"X21118.48","Others",NA
"GCK",0.129013369252593,0.129013369252593,1,"X12960.9","Others",NA
"GCKR",-0.133419982899057,-0.133419982899057,1,"X5223.59","Others",NA
"GCLM",0.334282634321069,0.334282634321069,1,"X18214.2","Others",NA
"GCNT4",0.161313635629411,0.161313635629411,1,"X10854.15","Others",NA
"GCSH",-0.179262792794463,-0.179262792794463,1,"X10956.82","Others",NA
"GDA",0.559696804003942,0.559696804003942,1,"X12667.2","Others",NA
"GDAP1L1",0.272070537578273,0.272070537578273,1,"X23402.147","Others",NA
"GDF10",0.296222150288871,0.296222150288871,1,"X6517.14","Others",NA
"GDF11|MSTN",0.482515471681853,0.482515471681853,1,"X2765.4","Others",NA
"GDF15",0.197879022230382,0.197879022230382,1,"X4374.45","Others",NA
"GDF2",-0.118884020245918,-0.118884020245918,1,"X4880.21","Others",NA
"GDF9",-0.308518200593676,-0.308518200593676,1,"X3067.67","Others",NA
"GDI1",0.453662080149545,0.453662080149545,2,"X16810.3","Others",NA
"GDI2",0.613396963688791,0.613396963688791,1,"X2647.66","Others",NA
"GDNF",-0.136392171545045,-0.136392171545045,1,"X5822.22","Others",NA
"GDPD1",0.222389985023426,0.222389985023426,1,"X24428.76","Others",NA
"GEMIN6",-0.108750902347422,-0.108750902347422,1,"X21614.2","Others",NA
"GEMIN7",-0.222393934182568,-0.222393934182568,1,"X22155.44","Others",NA
"GET3",-0.298578975901157,-0.298578975901157,1,"X13620.10","Others",NA
"GFAP",0.33691408054828,0.33691408054828,2,"X3034.1","Astrocyte Activation",NA
"GFER",0.569499895185749,0.569499895185749,1,"X15398.2","Others",NA
"GFRA1",0.287011099169979,0.287011099169979,1,"X3314.74","Others",NA
"GFRA2",0.524724107162921,0.524724107162921,1,"X2515.14","Others",NA
"GFRA3",-0.317785307719266,-0.317785307719266,1,"X2505.49","Others",NA
"GGA1",0.650080933464848,0.650080933464848,1,"X13594.158","Others",NA
"GGA3",0.495830067250083,0.495830067250083,1,"X11683.19","Others",NA
"GGCT",0.796845455834683,0.796845455834683,1,"X21889.2","Others",NA
"GGH",0.171666986363647,0.171666986363647,1,"X9370.69","Others",NA
"GGPS1",-0.107198210354134,-0.107198210354134,1,"X17786.5","Others",NA
"GGT2",0.483988230887219,0.483988230887219,1,"X6334.9","Others",NA
"GGT5",0.31561287448088,0.31561287448088,1,"X21548.20","Others",NA
"GH1",-0.121021551693479,-0.121021551693479,1,"X8462.18","Others",NA
"GHRH",0.177339156820422,0.177339156820422,1,"X16293.1","Others",NA
"GHRL",0.327097480642446,0.327097480642446,1,"X6518.85","Others",NA
"GID8",-0.220020420693248,-0.220020420693248,1,"X20373.141","Others",NA
"GINS1",0.127292918013269,0.127292918013269,1,"X22541.46","Others",NA
"GIP",-0.131097206921367,-0.131097206921367,1,"X16292.288","Others",NA
"GIPC1",0.139626654808857,0.139626654808857,2,"X22970.8","Others",NA
"GJA1",-0.112189355257114,-0.112189355257114,1,"X9937.7","Astrocyte Activation",NA
"GJD2",0.331582865608805,0.331582865608805,1,"X11678.105","Others",NA
"GK5",-0.165032849738111,-0.165032849738111,1,"X25074.119","Others",NA
"GLCE",0.205500888646796,0.205500888646796,1,"X7808.5","Others",NA
"GLDN",0.200773573978763,0.200773573978763,1,"X20591.48","Others",NA
"GLIPR1",0.42800280367446,0.42800280367446,1,"X9265.10","Others",NA
"GLIPR2",-0.09707820609379,-0.09707820609379,1,"X15522.2","Others",NA
"GLO1",0.705988191571135,0.705988191571135,1,"X9883.29","Others",NA
"GLP1R",-0.124609450656839,-0.124609450656839,1,"X13085.18","Others",NA
"GLRX",0.353962851948688,0.353962851948688,1,"X18386.36","Others",NA
"GLRX2",0.573746652271521,0.573746652271521,1,"X12486.8","Others",NA
"GLRX3",0.167304060008821,0.167304060008821,1,"X16596.25","Others",NA
"GLS",0.115185718430246,0.115185718430246,1,"X24920.6","Others",NA
"GLT8D1",0.207237565673807,0.207237565673807,1,"X8955.60","Others",NA
"GLT8D2",0.137147235786654,0.137147235786654,1,"X21509.29","Others",NA
"GLUL",0.62875081961865,0.62875081961865,1,"X19238.12","Others",NA
"GLYAT",-0.120909782014487,-0.120909782014487,1,"X19506.6","Others",NA
"GLYATL2",0.214146825866472,0.214146825866472,1,"X20069.23","Others",NA
"GM2A",0.398569734995805,0.398569734995805,1,"X15441.6","Others",NA
"GMDS",0.179198716906067,0.179198716906067,1,"X18337.4","Others",NA
"GMEB2",-0.383371468889122,-0.383371468889122,1,"X12804.5","Others",NA
"GMFB",0.479439333839143,0.479439333839143,1,"X17784.23","Others",NA
"GMFG",0.434940158272028,0.434940158272028,1,"X13062.4","Others",NA
"GMPR",-0.155528288526227,-0.155528288526227,1,"X19254.125","Others",NA
"GMPR2",-0.137135348452459,-0.137135348452459,1,"X19446.1","Others",NA
"GMPS",0.100833447619222,0.100833447619222,1,"X18184.28","Others",NA
"GNAS",-0.106930421132077,-0.106930421132077,1,"X5757.45","Others",NA
"GNAS|GNAS",-0.359763857597547,-0.359763857597547,1,"X25253.17","Others",NA
"GNE",0.215820965252856,0.215820965252856,1,"X21739.7","Others",NA
"GNG12",-0.291708850214445,-0.291708850214445,1,"X25211.14","Others",NA
"GNLY",0.157621919042413,0.157621919042413,2,"X14102.6","Others",NA
"GNMT",-0.116951070679104,-0.116951070679104,1,"X14006.36","Others",NA
"GNPNAT1",0.399698176331418,0.399698176331418,1,"X13954.9","Others",NA
"GNPTG",0.288898658891967,0.288898658891967,1,"X10666.7","Others",NA
"GNRH2",0.169886597566148,0.169886597566148,1,"X10708.3","Others",NA
"GNS",-0.128041443851089,-0.128041443851089,2,"X3616.3","Others",NA
"GOLGA7",-0.18339985934728,-0.18339985934728,1,"X19174.141","Others",NA
"GOLM1",0.506972587847958,0.506972587847958,2,"X8983.7","Others",NA
"GOLM2",0.508295673383758,0.508295673383758,2,"X10613.33","Others",NA
"GOLPH3L",-0.207854308402402,-0.207854308402402,1,"X23542.8","Others",NA
"GOT2",0.587448810287001,0.587448810287001,2,"X23903.3","Others",NA
"GP6",-0.18763470417597,-0.18763470417597,1,"X3194.36","Others",NA
"GPC1",0.324678611830267,0.324678611830267,1,"X8697.38","Others",NA
"GPC2",0.392079882109725,0.392079882109725,1,"X3315.15","Others",NA
"GPC3",-0.169881657769031,-0.169881657769031,1,"X4842.62","Others",NA
"GPC4",0.119916251529627,0.119916251529627,1,"X18892.48","Others",NA
"GPC5",0.481682665992502,0.481682665992502,1,"X4991.12","Others",NA
"GPC6",0.352474668017835,0.352474668017835,1,"X5350.14","Others",NA
"GPCPD1",0.346239091489674,0.346239091489674,1,"X12786.61","Others",NA
"GPHN",0.546571577482583,0.546571577482583,1,"X24902.84","Others",NA
"GPI",0.65308239241215,0.65308239241215,1,"X4272.46","Others",NA
"GPNMB",0.164115355307667,0.215759602279276,3,"X8289.8","Others",NA
"GPR107",-0.120604811325797,-0.120604811325797,1,"X12963.1","Others",NA
"GPR135",0.112605254275803,0.112605254275803,1,"X11465.4","Others",NA
"GPR37",0.334458732290858,0.334458732290858,1,"X21495.134","Others",NA
"GPT",0.38495118511202,0.38495118511202,1,"X3709.4","Others",NA
"GPT2",0.119339975055434,0.119339975055434,1,"X21339.19","Others",NA
"GPX1",0.113306937629699,0.113306937629699,1,"X15591.28","Others",NA
"GPX2",0.10010501570076,0.10010501570076,1,"X18894.1","Others",NA
"GPX7",-0.140741118172388,-0.140741118172388,1,"X8345.27","Others",NA
"GRAMD2B",-0.124002387999151,-0.124002387999151,1,"X25086.83","Others",NA
"GRAP2",0.176238795089125,0.176238795089125,1,"X16074.12","Others",NA
"GRB2",0.61859067360148,0.61859067360148,1,"X5464.52","Growth Factor Signaling",NA
"GREM2",0.290700353972922,0.290700353972922,1,"X5598.3","Others",NA
"GRHPR",0.223248629336554,0.223248629336554,1,"X18295.102","Others",NA
"GRIA4",0.420883408870939,0.420883408870939,1,"X10760.107","Synaptic Proteins",NA
"GRID2",0.251876442872436,0.251876442872436,1,"X12758.47","Others",NA
"GRIK2",0.215275202911328,0.215275202911328,1,"X20544.103","Others",NA
"GRIPAP1",-0.269104322200529,-0.269104322200529,1,"X24432.3","Others",NA
"GRK2",-0.252695468123607,-0.252695468123607,1,"X3347.9","Others",NA
"GRK5",-0.295433853016915,-0.295433853016915,1,"X21510.24","Others",NA
"GRM4",0.189710927778721,0.189710927778721,1,"X24013.6","Others",NA
"GRN",0.234568667506379,0.234568667506379,1,"X4992.49","Others",NA
"GRP",0.125264696346252,0.125264696346252,1,"X5897.58","Others",NA
"GRPEL1",-0.127099196948301,-0.127099196948301,1,"X7113.1","Others",NA
"GSC2",0.191423823698176,0.191423823698176,1,"X22151.48","Others",NA
"GSK3A",-0.0982393133054693,-0.0982393133054693,1,"X3441.64","Tau Kinases",NA
"GSK3B",-0.227161871991544,-0.227161871991544,2,"X24050.26","Tau Kinases",NA
"GSN",0.309834773660505,0.309834773660505,1,"X4775.34","Others",NA
"GSPT2",-0.286246355036635,-0.286246355036635,1,"X24253.5","Others",NA
"GSR",0.745009641803994,0.745009641803994,1,"X19273.3","Others",NA
"GSS",0.738759865666859,0.738759865666859,1,"X15526.33","Others",NA
"GSTA1",0.130702485630027,0.130702485630027,1,"X12446.49","Others",NA
"GSTA2",-0.240342889695333,-0.240342889695333,1,"X23326.10","Others",NA
"GSTK1",0.204804972217719,0.204804972217719,1,"X13474.40","Others",NA
"GSTM1",0.145182496114746,0.145182496114746,1,"X7239.9","Others",NA
"GSTM3",0.180560103555389,0.180560103555389,1,"X9748.31","Others",NA
"GSTM4",0.111122809327354,0.111122809327354,1,"X18895.54","Others",NA
"GSTP1",0.291519825568017,0.291519825568017,2,"X4911.49","Others",NA
"GSTT2B",0.234018745957018,0.234018745957018,1,"X11273.176","Others",NA
"GSTZ1",0.150260010678347,0.150260010678347,1,"X16872.248","Others",NA
"GTF2E2",-0.25950183191194,-0.25950183191194,1,"X21322.60","Others",NA
"GTF2F2",-0.347856351893323,-0.347856351893323,1,"X20927.43","Others",NA
"GTF2I",-0.380482937384134,-0.380482937384134,1,"X13609.11","Others",NA
"GTPBP10",-0.206202116204468,-0.206202116204468,1,"X24712.6","Others",NA
"GUCA2B",-0.187182435074532,-0.187182435074532,1,"X6223.5","Others",NA
"GUK1",0.514821726755188,0.514821726755188,1,"X17325.10","Others",NA
"GXYLT1",0.213450763920525,0.213450763920525,1,"X8229.1","Others",NA
"GZMB",-0.132127323256772,-0.132127323256772,2,"X4133.54","Others",NA
"GZMH",-0.118266805910778,-0.118266805910778,1,"X3373.5","Others",NA
"H1-2",-0.350863002142919,-0.350863002142919,1,"X2987.37","Others",NA
"H2AZ1",-0.206365091553197,-0.206365091553197,1,"X4163.5","Others",NA
"H2BC12",-0.119174745940788,-0.119174745940788,1,"X22403.13","Others",NA
"H2BC21",-0.104635153638103,-0.104635153638103,1,"X22974.25","Others",NA
"H6PD",0.149289872225015,0.149289872225015,1,"X7161.25","Others",NA
"HAAO",0.235703150136199,0.235703150136199,1,"X5861.78","Others",NA
"HADH",-0.132607134044075,-0.132607134044075,1,"X17739.1","Others",NA
"HAGH",0.733344707568185,0.733344707568185,1,"X19267.14","Others",NA
"HAGHL",0.767326400541236,0.767326400541236,1,"X23546.9","Others",NA
"HAMP",-0.138896596120867,-0.138896596120867,1,"X3504.58","Others",NA
"HAPLN4",0.465936063906404,0.465936063906404,1,"X6455.52","Others",NA
"HARS1",0.278710784675802,0.278710784675802,1,"X17450.51","Others",NA
"HAT1",-0.147842401357851,-0.147842401357851,1,"X2858.29","Others",NA
"HAUS1",-0.124016635737675,-0.124016635737675,1,"X21306.7","Others",NA
"HAVCR2",0.400581097583701,0.399495104919308,3,"X7152.5","Others",NA
"HAX1",0.557651512011082,0.557651512011082,1,"X21206.218","Others",NA
"HBE1",0.404465082532433,0.404465082532433,1,"X7136.107","Others",NA
"HBQ1",0.24204500358266,0.24204500358266,1,"X18198.51","Others",NA
"HCAR2",-0.294039096063236,-0.294039096063236,1,"X13495.48","Others",NA
"HCCS",-0.170212942318791,-0.170212942318791,1,"X24453.75","Others",NA
"HCK",-0.150063052058789,-0.150063052058789,1,"X3374.49","Microglia / Immune",NA
"HCN1",0.102584878655909,0.102584878655909,1,"X12774.12","Others",NA
"HDAC2",-0.250533156835113,-0.250533156835113,1,"X18897.31","Others",NA
"HDAC6",-0.270293613792907,-0.270293613792907,1,"X25059.18","Others",NA
"HDAC8",0.138089865119945,0.138089865119945,1,"X2859.69","Others",NA
"HDGF",-0.20336067248565,-0.20336067248565,2,"X8953.47","Others",NA
"HDGFL3",-0.19542743029623,-0.19542743029623,1,"X18899.82","Others",NA
"HDHD2",0.4228337989869,0.4228337989869,1,"X13472.35","Others",NA
"HDLBP",0.245196940132615,0.245196940132615,1,"X13570.43","Others",NA
"HEBP1",0.402912548749018,0.402912548749018,1,"X18225.13","Others",NA
"HENMT1",0.328512393866562,0.328512393866562,1,"X23682.79","Others",NA
"HEPACAM2",0.265220236019556,0.265220236019556,1,"X9116.28","Others",NA
"HEPHL1",-0.108520058248935,-0.108520058248935,1,"X6354.13","Others",NA
"HERC1",0.464863613282574,0.464863613282574,1,"X12705.9","Others",NA
"HERC4",0.174489593669965,0.174489593669965,1,"X7860.9","Others",NA
"HERC5",0.383830581624976,0.383830581624976,1,"X12934.1","Others",NA
"HERPUD2",0.135091720366188,0.135091720366188,1,"X9779.63","Others",NA
"HES3",-0.108852808242678,-0.108852808242678,1,"X24489.34","Others",NA
"HES5",0.126032273918915,0.126032273918915,1,"X22466.27","Astrocyte Activation",NA
"HEXA",0.187165986119181,0.187165986119181,1,"X25917.12","Others",NA
"HEXB",0.190448257937691,0.190448257937691,2,"X15470.11","Others",NA
"HEXIM1",-0.143015965215823,-0.143015965215823,1,"X22977.18","Others",NA
"HEXIM2",0.138406389801874,0.138406389801874,1,"X14205.6","Others",NA
"HEY1",-0.126415224357981,-0.126415224357981,1,"X24640.63","Others",NA
"HGF",0.199808308553814,0.199808308553814,1,"X2681.23","Others",NA
"HGFAC",-0.157751142814468,-0.157751142814468,2,"X8385.248","Others",NA
"HGS",0.382632279957531,0.382632279957531,1,"X13644.30","Others",NA
"HHEX",-0.194260067510772,-0.194260067510772,1,"X20425.12","Others",NA
"HHIP",0.355641901886217,0.355641901886217,1,"X10833.64","Others",NA
"HHLA2",0.174659329379083,0.174659329379083,1,"X14132.21","Others",NA
"HIBCH",0.305976822927163,0.305976822927163,1,"X12396.19","Others",NA
"HID1",0.162979050725234,0.162979050725234,1,"X24488.8","Others",NA
"HIF1AN",0.311614523545782,0.311614523545782,1,"X17199.43","Others",NA
"HINT1",-0.168269227549024,-0.168269227549024,1,"X5900.11","Others",NA
"HINT2",-0.0993310051557617,-0.0993310051557617,1,"X5612.16","Others",NA
"HIPK3",0.417109528917966,0.417109528917966,1,"X19329.31","Others",NA
"HJV",0.54901089704283,0.54901089704283,1,"X3332.57","Others",NA
"HK1",0.290664596391581,0.290664596391581,1,"X13131.5","Metabolism",NA
"HK2",-0.342990555051124,-0.342990555051124,1,"X13130.150","Metabolism",NA
"HLA-C",0.106622533903435,0.106622533903435,1,"X21797.4","Others",NA
"HLA-DRB3",0.263807261425057,0.263807261425057,1,"X6962.5","Others",NA
"HLA-E",0.0994999656825574,0.0994999656825574,1,"X25918.60","Others",NA
"HLA-G",0.432478023618857,0.432478023618857,1,"X19636.23","Others",NA
"HLF",0.296952264472714,0.296952264472714,1,"X21340.38","Others",NA
"HMBS",0.366420117500662,0.366420117500662,1,"X11530.37","Others",NA
"HMG20A",-0.16442373383991,-0.16442373383991,1,"X12712.9","Others",NA
"HMGA2",-0.373010658061405,-0.373010658061405,1,"X19516.10","Others",NA
"HMGB1",-0.34466684415326,-0.34466684415326,1,"X2524.56","Others",NA
"HMGB2",-0.389399620881971,-0.389399620881971,2,"X6913.189","Others",NA
"HMGB3",-0.339333725681726,-0.339333725681726,1,"X12775.6","Others",NA
"HMGCL",-0.241599976643045,-0.241599976643045,1,"X24211.25","Others",NA
"HMGCR",-0.150759900815054,-0.150759900815054,1,"X5230.99","Others",NA
"HMGCS1",0.33883324091553,0.33883324091553,1,"X13496.19","Others",NA
"HMGCS2",-0.100005380485249,-0.100005380485249,1,"X13704.5","Others",NA
"HMGN1",-0.323861480930027,-0.323861480930027,1,"X9187.2","Others",NA
"HMGN3",0.116122424256004,0.116122424256004,1,"X20390.4","Others",NA
"HMOX1",0.268771767485078,0.268771767485078,1,"X17398.55","Others",NA
"HMOX2",-0.361494517458875,-0.361494517458875,1,"X2622.18","Others",NA
"HMX2",0.142186072661835,0.142186072661835,1,"X22469.103","Others",NA
"HMX3",-0.157769126617081,-0.157769126617081,1,"X24418.14","Others",NA
"HNF4A",0.112746570667819,0.112746570667819,1,"X10041.3","Others",NA
"HNMT",0.219751169264221,0.219751169264221,1,"X23178.95","Others",NA
"HNRNPAB",-0.382775945228233,-0.382775945228233,1,"X8894.80","Others",NA
"HNRNPH1",-0.277167539352677,-0.277167539352677,1,"X14309.8","Others",NA
"HNRNPLL",-0.104237584552683,-0.104237584552683,1,"X23657.102","Others",NA
"HNRNPM",0.331661614520597,0.331661614520597,1,"X12783.29","Others",NA
"HNRNPR",0.339047119652706,0.339047119652706,1,"X13512.28","Others",NA
"HOMER1",0.610173506334021,0.610173506334021,1,"X19229.92","Synaptic Proteins",NA
"HOPX",0.786185908203428,0.786185908203428,1,"X19196.73","Others",NA
"HORMAD2",0.201408535456931,0.201408535456931,1,"X23405.33","Others",NA
"HOXA11",0.378042233403378,0.378042233403378,1,"X22375.15","Others",NA
"HOXA5",-0.116033496591804,-0.116033496591804,1,"X22376.95","Others",NA
"HPCAL1",0.638159604775556,0.638159604775556,2,"X17791.25","Others",NA
"HPD",0.240363369078549,0.240363369078549,1,"X17509.6","Others",NA
"HPGD",0.174727010211583,0.174727010211583,1,"X4995.16","Others",NA
"HPRT1",0.825352701712273,0.825352701712273,1,"X19290.5","Others",NA
"HPSE",-0.12062405783081,-0.12062405783081,1,"X5604.30","Others",NA
"HPX",-0.192710958393288,-0.192710958393288,2,"X15347.12","Others",NA
"HRAS",0.10408035274981,0.10408035274981,1,"X18900.37","Growth Factor Signaling",NA
"HRC",0.127748248292314,0.127748248292314,1,"X6584.1","Others",NA
"HS2ST1",0.595624049398358,0.595624049398358,1,"X21736.60","Others",NA
"HS3ST1",-0.11966154338959,-0.11966154338959,1,"X15497.9","Others",NA
"HS3ST3A1",0.122764697917462,0.122764697917462,1,"X8268.98","Others",NA
"HS3ST4",-0.00552041377445012,-0.00552041377445012,2,"X8998.15","Others",NA
"HS6ST1",0.43298294809648,0.43298294809648,1,"X5465.32","Others",NA
"HS6ST2",-0.11033216976722,-0.11033216976722,1,"X13524.25","Others",NA
"HS6ST3",0.509072556115617,0.509072556115617,1,"X18896.23","Others",NA
"HSD11B1",0.131727539631146,0.131727539631146,1,"X21967.20","Others",NA
"HSD17B1",-0.105442959622884,-0.105442959622884,1,"X4708.3","Others",NA
"HSD17B10",-0.395207396891086,-0.395207396891086,1,"X4217.49","Others",NA
"HSD17B11",-0.0974603938842866,-0.0974603938842866,1,"X17397.8","Others",NA
"HSD17B7",-0.031343988258093,-0.031343988258093,2,"X9929.16","Others",NA
"HSD17B8",0.256354808657786,0.256354808657786,1,"X19491.11","Others",NA
"HSDL2",0.522699537494266,0.522699537494266,1,"X23588.9","Others",NA
"HSF2BP",0.237277905826266,0.237277905826266,1,"X19139.3","Others",NA
"HSH2D",-0.223157240087606,-0.223157240087606,1,"X23531.79","Others",NA
"HSP90AA1",0.594880669021607,0.594880669021607,1,"X2625.53","Tau Folding/Stability",NA
"HSP90AB1",0.64530699087182,0.64530699087182,1,"X5467.15","Tau Folding/Stability",NA
"HSP90B1",0.373677059009025,0.373677059009025,1,"X6393.63","Others",NA
"HSPA1A",0.240308069776306,0.225166041547487,6,"X16780.6","Tau Folding/Stability",NA
"HSPA1B",0.477159539201812,0.477159539201812,1,"X18901.26","Others",NA
"HSPA2",0.381056757945081,0.381056757945081,1,"X22043.174","Others",NA
"HSPA6",0.110094866166743,0.110094866166743,1,"X20213.82","Others",NA
"HSPA8",0.347085027951938,0.347085027951938,1,"X5903.91","Tau Folding/Stability",NA
"HSPA9",0.344132488536167,0.344132488536167,1,"X13492.44","Others",NA
"HSPB3",0.179427591271822,0.179427591271822,1,"X23324.6","Others",NA
"HSPB6",0.313736330819197,0.313736330819197,1,"X19127.1","Others",NA
"HSPBP1",0.360142758288581,0.360142758288581,1,"X21111.49","Others",NA
"HSPD1",0.346099957759997,0.346099957759997,1,"X2682.68","Others",NA
"HSPG2",0.362171642997486,0.362171642997486,1,"X15626.223","Others",NA
"HSPH1",0.242522083937398,0.242522083937398,1,"X17704.74","Others",NA
"HTATIP2",-0.116611536135264,-0.116611536135264,1,"X10630.5","Others",NA
"HTN1",0.324315485484147,0.324315485484147,1,"X10608.9","Others",NA
"HTR2A",-0.133656961305559,-0.133656961305559,1,"X13556.28","Others",NA
"HTR6",-0.125680904998893,-0.125680904998893,1,"X13561.5","Others",NA
"HTR7",-0.250693596403267,-0.250693596403267,1,"X13547.5","Others",NA
"HTRA1",0.22163741271681,0.22163741271681,1,"X15594.47","Others",NA
"HTRA2",0.542076596318952,0.542076596318952,1,"X3317.33","Others",NA
"HYAL4",-0.171753153115426,-0.171753153115426,1,"X21718.150","Others",NA
"HYKK",-0.218805282789714,-0.218805282789714,1,"X21157.6","Others",NA
"HYOU1",0.462510457729395,0.462510457729395,1,"X21497.32","Others",NA
"HYPK",-0.140962670159468,-0.140962670159468,1,"X23617.15","Others",NA
"IBSP",0.276942718829448,0.276942718829448,1,"X14023.84","Others",NA
"ICAM1",0.155183451478218,0.155183451478218,1,"X4342.10","Others",NA
"ICAM3",-0.305108182407201,-0.305108182407201,1,"X2649.77","Others",NA
"ICAM4",-0.38056514208305,-0.38056514208305,1,"X6550.4","Others",NA
"ICAM5",0.51990867130859,0.501501927561097,3,"X5124.69","Others",NA
"ICOSLG",0.288211272412478,0.288211272412478,2,"X9303.9","Others",NA
"ID1",0.144490882743737,0.144490882743737,1,"X9436.2","Others",NA
"ID2",-0.309655364999854,-0.309655364999854,1,"X15403.53","Others",NA
"IDE",-0.369491352302789,-0.369491352302789,1,"X3197.70","Others",NA
"IDH1",0.32645248054473,0.32645248054473,1,"X18338.26","Metabolism",NA
"IDH3G",-0.161859531792718,-0.161859531792718,1,"X19275.68","Others",NA
"IDI1",0.67226534949733,0.67226534949733,1,"X17712.7","Others",NA
"IDI2",-0.259960622472209,-0.259960622472209,1,"X17832.12","Others",NA
"IDS",0.363364829845599,0.363364829845599,1,"X3198.4","Others",NA
"IER2",-0.368676036732753,-0.368676036732753,1,"X22377.27","Others",NA
"IER3",-0.312260724830236,-0.312260724830236,1,"X9786.310","Others",NA
"IFI16",0.0622913451646966,0.0622913451646966,2,"X12893.159","Others",NA
"IFIT3",-0.30749035302539,-0.30749035302539,1,"X13642.90","Others",NA
"IFNA10",0.0128669719146018,0.0128669719146018,2,"X14128.121","Others",NA
"IFNA4",-0.357877936925903,-0.357877936925903,1,"X15405.23","Others",NA
"IFNA6",-0.121736202158999,-0.121736202158999,1,"X5714.88","Others",NA
"IFNA8",-0.144276548077675,-0.144276548077675,1,"X6214.84","Others",NA
"IFNAR1",0.0408141551102077,0.0408141551102077,2,"X9183.7","Others",NA
"IFNB1",0.153954932684347,0.153954932684347,1,"X14127.240","Others",NA
"IFNGR1",0.526540516908405,0.526540516908405,1,"X5825.49","Others",NA
"IFNGR2",0.466298796156676,0.466298796156676,2,"X9305.89","Others",NA
"IFNL1",0.110488904278542,0.110488904278542,1,"X13734.22","Others",NA
"IFNL2",-0.11463569934436,-0.11463569934436,1,"X4397.26","Others",NA
"IFNL3",0.248857108341552,0.248857108341552,1,"X5713.9","Others",NA
"IFNLR1",0.241304244931148,0.241304244931148,1,"X7192.37","Others",NA
"IFNW1",-0.141734802972271,-0.141734802972271,1,"X7196.21","Others",NA
"IGBP1",0.542947465221693,0.542947465221693,1,"X12358.6","Others",NA
"IGDCC3",0.0355220046923487,0.0355220046923487,2,"X7118.24","Others",NA
"IGDCC4",0.403941189491662,0.403941189491662,1,"X9793.145","Others",NA
"IGF1",0.0506787964062738,0.0506787964062738,2,"X8406.17","Others",NA
"IGF1R",0.432261689098451,0.432261689098451,1,"X4232.19","Growth Factor Signaling",NA
"IGF2R",0.465770572716126,0.465770572716126,2,"X16057.6","Others",NA
"IGFALS",-0.170320261914705,-0.170320261914705,1,"X6605.17","Others",NA
"IGFBP1",0.1824678769321,0.1824678769321,2,"X13741.36","Others",NA
"IGFBP2",0.169540556182695,0.15764305413873,3,"X2570.72","Others",NA
"IGFBP4",0.233911596773835,0.233911596773835,1,"X2950.57","Others",NA
"IGFBP5",0.197256761491917,0.197256761491917,2,"X2685.21","Others",NA
"IGFBP6",-0.244158926182195,-0.244158926182195,1,"X14088.38","Others",NA
"IGFBP7",-0.285255598588496,-0.285255598588496,1,"X3320.49","Others",NA
"IGFBPL1",0.274615512876974,0.274615512876974,1,"X7815.49","Others",NA
"IGFL3",-0.305510970949959,-0.305510970949959,1,"X6961.14","Others",NA
"IGFLR1",0.416647381615782,0.416647381615782,1,"X7244.16","Others",NA
"IGHE",-0.240539762107187,-0.240539762107187,1,"X4135.84","Others",NA
"IGHG1",-0.206288744637474,-0.206288744637474,1,"X2744.57","Others",NA
"IGHG2",-0.101946307291552,-0.101946307291552,1,"X13230.174","Others",NA
"IGHM",-0.10191428092315,-0.10191428092315,1,"X3069.52","Others",NA
"IGLL1",-0.133036136570666,-0.133036136570666,1,"X6485.59","Others",NA
"IGLON5",0.458898358873004,0.458898358873004,1,"X6478.2","Others",NA
"IGSF11",0.317457592719763,0.317457592719763,2,"X9279.7","Others",NA
"IGSF3",0.367630879741969,0.367630879741969,1,"X9715.15","Others",NA
"IGSF8",0.467832630701179,0.467832630701179,1,"X6984.6","Others",NA
"IGSF9B",0.112041443818081,0.112041443818081,1,"X9060.27","Others",NA
"IHH",-0.141071592497016,-0.141071592497016,1,"X19606.28","Others",NA
"IKBKB",0.547990491317362,0.547990491317362,1,"X24940.3","Others",NA
"IKBKG",-0.378012283553524,-0.378012283553524,1,"X21976.4","Others",NA
"IL10",-0.000579164494978704,-0.000579164494978704,2,"X13723.6","Microglia / Immune",NA
"IL11RA",0.321692796218292,0.321692796218292,2,"X3814.63","Others",NA
"IL12A|EBI3",0.174395954408607,0.174395954408607,1,"X20533.39","Others",NA
"IL12A|IL12B",-0.100484009164268,-0.100484009164268,1,"X10367.62","Others",NA
"IL12RB1",-0.360843687254479,-0.360843687254479,1,"X2632.5","Others",NA
"IL12RB2",0.302245535973075,0.302245535973075,1,"X3815.14","Others",NA
"IL13",0.0457021050804431,0.0457021050804431,2,"X14085.28","Others",NA
"IL13RA1",-0.178512534473442,-0.178512534473442,1,"X2633.52","Others",NA
"IL15RA",0.055102021914293,0.055102021914293,2,"X14054.17","Others",NA
"IL16",0.223629394441491,0.223629394441491,1,"X2774.10","Others",NA
"IL17B",0.102486091813409,0.102486091813409,2,"X14022.17","Others",NA
"IL17C",0.269393262139272,0.269393262139272,1,"X9255.5","Others",NA
"IL17D",0.140204852623516,0.140204852623516,1,"X4136.40","Others",NA
"IL17F",-0.111904549436432,-0.111904549436432,1,"X14026.24","Others",NA
"IL17RA",0.306720995910724,0.306720995910724,1,"X2992.59","Others",NA
"IL17RB",-0.0364853896323649,-0.0364853896323649,2,"X6262.14","Others",NA
"IL17RC",0.157758347829413,0.157758347829413,1,"X5468.67","Others",NA
"IL17RD",0.211175554217079,0.211175554217079,1,"X3376.49","Others",NA
"IL18BP",0.491085046265834,0.491085046265834,1,"X3073.51","Others",NA
"IL19",-0.137705367929234,-0.137705367929234,1,"X3035.80","Others",NA
"IL1A",0.235999642697468,0.235999642697468,1,"X4851.25","Others",NA
"IL1B",-0.347931086637989,-0.347931086637989,1,"X3037.62","Microglia / Immune",NA
"IL1R1",0.169888209859493,0.169888209859493,1,"X2991.9","Others",NA
"IL1RAP",0.101450698528028,0.101450698528028,1,"X14048.7","Others",NA
"IL1RAPL1",0.285336741079713,0.285336741079713,1,"X20522.2","Others",NA
"IL20RB",0.359841786693909,0.359841786693909,1,"X13435.31","Others",NA
"IL21R",-0.214505221204939,-0.214505221204939,1,"X9366.54","Others",NA
"IL22",0.136000838318337,0.136000838318337,2,"X13742.66","Others",NA
"IL22RA1",-0.249712099932784,-0.249712099932784,1,"X3620.67","Others",NA
"IL22RA2",-0.150662598010438,-0.150662598010438,1,"X5087.5","Others",NA
"IL24",-0.113598442480311,-0.113598442480311,1,"X3321.2","Others",NA
"IL27RA",0.303939564358448,0.303939564358448,1,"X5132.71","Others",NA
"IL27|EBI3",-0.390865255101061,-0.390865255101061,1,"X2829.19","Others",NA
"IL2RB",0.145669097968091,0.145669097968091,1,"X9343.16","Others",NA
"IL2RG",-0.367641277757527,-0.367641277757527,1,"X2634.2","Others",NA
"IL3",-0.21332674995084,-0.21332674995084,1,"X4717.55","Others",NA
"IL36G",0.269666814493661,0.269666814493661,1,"X9117.4","Others",NA
"IL36RN",-0.213702590020022,-0.213702590020022,1,"X18375.28","Others",NA
"IL3RA",0.218441678639089,0.218441678639089,1,"X13744.37","Others",NA
"IL5",-0.186918682025797,-0.186918682025797,1,"X3741.4","Others",NA
"IL6",-0.276458589781041,-0.276458589781041,2,"X2573.20","Microglia / Immune",NA
"IL6R",0.319938818040458,0.32128597397287,3,"X8092.29","Others",NA
"IL6ST",0.469700773375106,0.469700773375106,1,"X2620.4","Others",NA
"IL6|IL6R",-0.10121745703569,-0.10121745703569,1,"X21946.79","Others",NA
"IL7",0.189275735638521,0.189275735638521,1,"X4140.3","Others",NA
"IL9",0.214566035671867,0.214566035671867,1,"X5834.18","Others",NA
"ILF2",0.12658799376746,0.12658799376746,1,"X12665.16","Others",NA
"ILF3",-0.216418145270087,-0.216418145270087,1,"X12759.47","Others",NA
"ILK",-0.319047764109123,-0.319047764109123,1,"X10053.5","Others",NA
"IMPA1",0.327043233713192,0.327043233713192,1,"X17796.15","Others",NA
"IMPACT",0.168932346918499,0.168932346918499,1,"X20463.315","Others",NA
"IMPDH1",-0.299216844489023,-0.299216844489023,1,"X5229.90","Others",NA
"IMPDH2",0.136158264188111,0.136158264188111,1,"X5250.53","Others",NA
"INA",-0.107151040865956,-0.107151040865956,1,"X11436.6","Others",NA
"ING1",-0.103629145064492,-0.103629145064492,1,"X3888.8","Others",NA
"ING4",0.213870487588168,0.213870487588168,1,"X17671.58","Others",NA
"INHA",0.373377834290636,0.373377834290636,1,"X25921.3","Others",NA
"INHBA",0.24655004026197,0.234831978467201,3,"X2748.3","Others",NA
"INHBA|INHBB",0.212307246595152,0.212307246595152,1,"X8467.9","Others",NA
"INHBA|INHBC",0.135702135677385,0.135702135677385,1,"X18814.21","Others",NA
"INHBB",0.0161123482702843,0.0161123482702843,2,"X13676.46","Others",NA
"INPP4A",0.155548716434403,0.155548716434403,1,"X25064.34","Others",NA
"INPP4B",-0.136052406241503,-0.136052406241503,1,"X24427.33","Others",NA
"INPP5A",0.243302029148596,0.243302029148596,1,"X25444.29","Others",NA
"INPP5D",-0.191682382214416,-0.191682382214416,1,"X25264.102","Others",NA
"INPP5E",-0.109253933920336,-0.109253933920336,1,"X11370.20","Others",NA
"INSL3",-0.105603965934651,-0.105603965934651,1,"X5723.4","Others",NA
"INSL5",-0.117647674598202,-0.117647674598202,1,"X10462.14","Others",NA
"INSL6",-0.126325624157041,-0.126325624157041,1,"X5754.76","Others",NA
"INSR",0.395229776081303,0.395229776081303,1,"X3448.13","Growth Factor Signaling",NA
"INSRR",0.377783623250878,0.377783623250878,1,"X6352.8","Others",NA
"IRAG1",0.125354706665325,0.125354706665325,1,"X8255.34","Others",NA
"IRF1",0.0354789455058059,0.0354789455058059,2,"X10351.51","Others",NA
"IRF2",-0.24769946279337,-0.24769946279337,1,"X12801.33","Others",NA
"IRF3",0.32934431552817,0.32934431552817,1,"X17151.84","Others",NA
"IRF4",0.00402075182506739,0.00402075182506739,2,"X9857.38","Others",NA
"IRF5",-0.175297578949278,-0.175297578949278,1,"X25460.36","Others",NA
"IRF9",-0.12101169183111,-0.12101169183111,1,"X12439.67","Others",NA
"ISCU",-0.135106167251998,-0.135106167251998,1,"X7201.5","Others",NA
"ISG15",0.318074094625419,0.318074094625419,2,"X14151.4","Others",NA
"ISLR2",0.536647284807797,0.536647284807797,2,"X13124.20","Others",NA
"ISOC1",0.584230065830176,0.584230065830176,1,"X9816.37","Others",NA
"IST1",-0.339820247954946,-0.339820247954946,1,"X12434.25","Others",NA
"ITCH",0.167233455719611,0.167233455719611,1,"X12551.3","Others",NA
"ITGA11",-0.158496967830486,-0.158496967830486,1,"X20181.17","Others",NA
"ITGA1|ITGB1",0.476844114212351,0.476844114212351,1,"X3503.4","Others",NA
"ITGA2B|ITGB3",-0.312418321203493,-0.312418321203493,2,"X19574.5","Others",NA
"ITGA6",0.151585584208729,0.151585584208729,1,"X21979.8","Others",NA
"ITGAL",-0.160121813629544,-0.160121813629544,1,"X11617.1","Others",NA
"ITGAL|ITGB2",-0.123951662653306,-0.123951662653306,1,"X21903.6","Others",NA
"ITGAM",0.1028237898625,0.1028237898625,1,"X21981.2","Microglia / Immune",NA
"ITGAV|ITGB3",0.383304959288825,0.383304959288825,1,"X20187.10","Others",NA
"ITGAV|ITGB5",0.330779601505303,0.330779601505303,1,"X4917.62","Others",NA
"ITGAV|ITGB6",-0.166117876494518,-0.166117876494518,1,"X20189.28","Others",NA
"ITGB1BP2",0.120769463633414,0.120769463633414,1,"X21985.61","Others",NA
"ITGB2",0.2867359449545,0.2867359449545,1,"X12750.9","Microglia / Immune",NA
"ITGB5",-0.0989635600588931,-0.0989635600588931,1,"X7755.37","Others",NA
"ITGB6",-0.142135172896276,-0.142135172896276,1,"X7737.76","Others",NA
"ITGB7",0.34820520173245,0.34820520173245,1,"X11205.10","Others",NA
"ITIH5",0.219896272164674,0.219896272164674,1,"X8233.2","Others",NA
"ITLN1",-0.243910797393611,-0.243910797393611,1,"X18830.1","Others",NA
"ITM2B",0.197789992038873,0.197789992038873,1,"X8086.49","Others",NA
"ITPA",0.303160838749045,0.303160838749045,1,"X18916.25","Others",NA
"ITPK1",0.376978318042483,0.376978318042483,1,"X21130.82","Others",NA
"ITPKA",-0.184881248791204,-0.184881248791204,1,"X13473.55","Others",NA
"ITPKC",0.199989807894434,0.199989807894434,1,"X12507.16","Others",NA
"ITSN1",0.690733403659475,0.690733403659475,1,"X14070.56","Others",NA
"IVD",-0.162388074861657,-0.162388074861657,1,"X17737.7","Others",NA
"IZUMO4",0.188037421248012,0.188037421248012,1,"X20549.1","Others",NA
"JAG1",0.155955941868954,0.155955941868954,2,"X5092.51","Others",NA
"JAG2",-0.187951587222336,-0.187951587222336,1,"X5093.47","Others",NA
"JAK2",-0.259465637577261,-0.259465637577261,1,"X11816.84","Others",NA
"JAKMIP3",-0.282700924680485,-0.282700924680485,1,"X9068.17","Others",NA
"JAM2",0.544223782447,0.544223782447,1,"X2997.8","Others",NA
"JAM3",0.415962909142724,0.415962909142724,1,"X2998.53","Others",NA
"JARID2",0.137270199816444,0.137270199816444,1,"X12623.84","Others",NA
"JMJD6",0.252307911696199,0.252307911696199,1,"X18322.15","Others",NA
"JOSD1",-0.0985131275961635,-0.0985131275961635,1,"X20449.72","Others",NA
"JPH4",-0.136007590918511,-0.136007590918511,1,"X9111.40","Others",NA
"JPT1",0.147137664684373,0.147137664684373,1,"X19335.2","Others",NA
"JPT2",-0.23247237695487,-0.23247237695487,1,"X20110.25","Others",NA
"JTB",0.571977196401221,0.571977196401221,1,"X9038.12","Others",NA
"JUND",0.243993531847572,0.243993531847572,1,"X19602.36","Others",NA
"JUP",0.237018841389167,0.237018841389167,1,"X16768.3","Others",NA
"KAAG1",-0.188173217123433,-0.188173217123433,1,"X19492.5","Others",NA
"KAT2A",0.376500076177917,0.376500076177917,2,"X19369.17","Others",NA
"KATNAL1",-0.311236706171207,-0.311236706171207,1,"X24494.67","Others",NA
"KAZALD1",0.490045720770669,0.490045720770669,1,"X7144.234","Others",NA
"KBTBD11",0.483493504093875,0.483493504093875,1,"X25285.14","Others",NA
"KCNE5",0.302226153731184,0.302226153731184,2,"X8908.14","Others",NA
"KCNF1",-0.183941823670697,-0.183941823670697,1,"X12834.3","Others",NA
"KCNIP1",-0.205204514157406,-0.205204514157406,1,"X13650.11","Others",NA
"KCNIP3",0.166959942175284,0.166959942175284,1,"X10513.13","Others",NA
"KCNMB3",0.31132170116515,0.31132170116515,1,"X8905.20","Others",NA
"KCTD3",-0.298508764789838,-0.298508764789838,1,"X24440.11","Others",NA
"KCTD6",-0.0541105061209531,-0.0541105061209531,2,"X23161.3","Others",NA
"KCTD7",0.353775844214623,0.353775844214623,1,"X22485.1","Others",NA
"KDF1",0.210153641199243,0.210153641199243,1,"X23550.10","Others",NA
"KDM4C",-0.425800904043278,-0.425800904043278,1,"X25298.53","Others",NA
"KDM8",-0.274855834638039,-0.274855834638039,1,"X24307.22","Others",NA
"KDR",0.178040471965939,0.178040471965939,1,"X3651.50","Growth Factor Signaling",NA
"KDSR",-0.102887047066896,-0.102887047066896,1,"X19483.16","Others",NA
"KEAP1",0.236706434000739,0.236706434000739,1,"X8485.7","Others",NA
"KEL",-0.114752308878189,-0.114752308878189,1,"X7070.25","Others",NA
"KERA",0.108083757593514,0.108083757593514,1,"X10758.2","Others",NA
"KHDC1L",0.114545552969458,0.114545552969458,1,"X20464.7","Others",NA
"KHK",-0.214071466195851,-0.214071466195851,1,"X21856.59","Others",NA
"KHSRP",0.120210391411899,0.120210391411899,1,"X24926.9","Others",NA
"KIAA0040",0.143954880774495,0.143954880774495,1,"X14603.51","Others",NA
"KIAA0319L",0.349045794275803,0.349045794275803,1,"X13698.28","Others",NA
"KIAA1549L",0.37634045107621,0.37634045107621,1,"X11145.72","Others",NA
"KIAA2013",-0.312072526601433,-0.312072526601433,1,"X6538.90","Others",NA
"KIF1C",-0.141431649760176,-0.141431649760176,1,"X9899.28","Others",NA
"KIF22",-0.263641821039465,-0.263641821039465,1,"X12734.112","Others",NA
"KIF3A",0.181194311598646,0.181194311598646,1,"X13961.18","Cytoskeleton / Axonal Transport",NA
"KIF3B",-0.121844284767623,-0.121844284767623,1,"X24953.27","Others",NA
"KIF3C",-0.15996956408012,-0.15996956408012,1,"X24407.31","Others",NA
"KIFBP",-0.132017042323739,-0.132017042323739,1,"X12956.40","Others",NA
"KIN",-0.404172125453134,-0.404172125453134,1,"X13476.16","Others",NA
"KIR2DL2",-0.381881488737827,-0.381881488737827,1,"X7773.20","Others",NA
"KIR2DL4",-0.134783973895669,-0.134783973895669,2,"X5095.21","Others",NA
"KIR2DL5A",0.206318676304903,0.206318676304903,1,"X7799.3","Others",NA
"KIR2DS2",0.124558039175336,0.124558039175336,1,"X10428.1","Others",NA
"KIR3DL1",0.226595279007874,0.226595279007874,1,"X18907.97","Others",NA
"KIR3DL2",-0.104791934877901,-0.104791934877901,1,"X5096.51","Others",NA
"KIR3DL3",0.399414654749444,0.399414654749444,2,"X8045.3","Others",NA
"KIRREL1",0.214729081784024,0.214729081784024,1,"X22563.4","Others",NA
"KIRREL2",0.429447465330587,0.429447465330587,1,"X16609.106","Others",NA
"KIRREL3",0.573413181651757,0.573413181651757,1,"X4557.61","Others",NA
"KIT",0.396930688834049,0.396930688834049,1,"X2475.1","Others",NA
"KITLG",0.246801340550949,0.246801340550949,1,"X9377.25","Others",NA
"KL",-0.203331942332106,-0.203331942332106,1,"X15384.15","Others",NA
"KLC3",-0.0984061790890745,-0.0984061790890745,1,"X24245.2","Cytoskeleton / Axonal Transport",NA
"KLF9",0.376175921039081,0.376175921039081,1,"X22488.17","Others",NA
"KLHL13",-0.114686746840954,-0.114686746840954,1,"X12463.7","Others",NA
"KLHL2",0.599288618649935,0.599288618649935,1,"X23649.6","Others",NA
"KLHL3",0.15113254235237,0.15113254235237,1,"X25039.10","Others",NA
"KLHL41",-0.211328204181639,-0.211328204181639,1,"X23660.112","Others",NA
"KLHL7",-0.241244045922697,-0.241244045922697,1,"X12625.138","Others",NA
"KLK10",0.19054791481189,0.19054791481189,1,"X6227.1","Others",NA
"KLK11",-0.169616644785648,-0.169616644785648,2,"X2831.29","Others",NA
"KLK13",-0.196248601272654,-0.196248601272654,1,"X11152.46","Others",NA
"KLK15",0.323962504889408,0.323962504889408,1,"X6491.59","Others",NA
"KLK3",-0.252121509881908,-0.252121509881908,1,"X8468.19","Others",NA
"KLK4",-0.101779065796971,-0.101779065796971,1,"X2833.20","Others",NA
"KLK5",-0.14963274468959,-0.14963274468959,1,"X14039.33","Others",NA
"KLK6",0.23528781858719,0.23528781858719,1,"X3450.4","Others",NA
"KLRB1",-0.218376562288914,-0.218376562288914,1,"X20562.78","Others",NA
"KLRC3",0.354888493147563,0.354888493147563,1,"X11571.75","Others",NA
"KLRF1",-0.106704183080013,-0.106704183080013,1,"X5098.79","Others",NA
"KLRG2",-0.272261778370489,-0.272261778370489,1,"X10762.2","Others",NA
"KLRK1",-0.291512251802443,-0.291512251802443,1,"X3056.11","Others",NA
"KMT2D",-0.382123050330624,-0.382123050330624,1,"X13623.4","Others",NA
"KNG1",-0.241819139171057,-0.206374335669455,3,"X4918.21","Others",NA
"KPNA1",-0.108088756976579,-0.108088756976579,1,"X19587.12","Others",NA
"KPNA2",-0.238260048877812,-0.238260048877812,1,"X2860.19","Others",NA
"KPNA5",0.152304119160471,0.152304119160471,1,"X21235.11","Others",NA
"KPNA6",0.206103034825984,0.206103034825984,1,"X13969.24","Others",NA
"KRAS",-0.168704202243336,-0.168704202243336,1,"X5193.51","Growth Factor Signaling",NA
"KREMEN1",0.290770982124631,0.290770982124631,2,"X17331.138","Others",NA
"KREMEN2",-0.356336405388852,-0.356336405388852,1,"X3202.28","Others",NA
"KRT16",0.173987969313973,0.173987969313973,1,"X18905.5","Others",NA
"KRT17",0.156718576457999,0.156718576457999,1,"X12923.51","Others",NA
"KRT18",0.284018004477804,0.284018004477804,1,"X5354.11","Others",NA
"KRT20",0.10167921036904,0.10167921036904,1,"X12975.11","Others",NA
"KRT34",0.189668759813004,0.189668759813004,1,"X22378.2","Others",NA
"KRT5",-0.420257734518773,-0.420257734518773,1,"X11177.16","Others",NA
"KRT6A",0.10948958083321,0.10948958083321,1,"X22486.58","Others",NA
"KRT7",-0.22924647540452,-0.22924647540452,1,"X11383.41","Others",NA
"KRT71",0.122077868310275,0.122077868310275,1,"X22483.109","Others",NA
"KRT72",-0.145484235516088,-0.145484235516088,1,"X11566.48","Others",NA
"KRTAP2-4",0.453629464193776,0.453629464193776,1,"X14615.46","Others",NA
"KXD1",-0.1306869720988,-0.1306869720988,1,"X22050.19","Others",NA
"KYAT1",0.224760264230772,0.224760264230772,1,"X17365.7","Others",NA
"KYAT3",0.244954139762905,0.244954139762905,1,"X12682.5","Others",NA
"L1CAM",0.480099087237733,0.480099087237733,1,"X4246.40","Others",NA
"L3HYPDH",0.34634259201003,0.34634259201003,1,"X23380.16","Others",NA
"LACTB2",0.571206754508146,0.571206754508146,1,"X22381.1","Others",NA
"LAD1",-0.126363394735957,-0.126363394735957,1,"X6407.63","Others",NA
"LAIR2",-0.132017336117782,-0.132017336117782,1,"X7130.4","Others",NA
"LAMA2|LAMB1|LAMC1",0.276375178614247,0.276375178614247,1,"X18347.15","Others",NA
"LAMA3",0.21472842618093,0.21472842618093,1,"X20074.3","Others",NA
"LAMP1",-0.223485171512383,-0.223485171512383,1,"X16902.17","Others",NA
"LAMTOR3",0.328666573977025,0.328666573977025,1,"X12490.92","Others",NA
"LANCL1",0.228758106212753,0.228758106212753,1,"X13986.6","Others",NA
"LANCL2",0.254068165321107,0.254068165321107,1,"X12628.31","Others",NA
"LARGE1",0.371817330559204,0.371817330559204,1,"X7935.26","Others",NA
"LAS2",-0.119112413105998,-0.119112413105998,1,"X22114.4","Others",NA
"LASP1",0.315552784051989,0.315552784051989,1,"X21862.145","Others",NA
"LAT",-0.226345914690501,-0.226345914690501,1,"X10551.7","Others",NA
"LAYN",0.432680711625831,0.432680711625831,1,"X2635.61","Others",NA
"LCE3C",0.210237410528439,0.210237410528439,1,"X23334.21","Others",NA
"LCK",-0.248367537261632,-0.248367537261632,2,"X4560.34","Others",NA
"LCN1",-0.298603606738958,-0.298603606738958,1,"X11708.2","Others",NA
"LCN10",-0.231927537101015,-0.231927537101015,1,"X13007.66","Others",NA
"LCNL1",0.110044875851523,0.110044875851523,1,"X22490.16","Others",NA
"LCORL",-0.100871833999355,-0.100871833999355,1,"X4304.18","Others",NA
"LCP1",0.0992673046576961,0.0992673046576961,1,"X9749.190","Others",NA
"LCT",0.154132202633477,0.154132202633477,1,"X9017.58","Others",NA
"LDHA",0.291719879829105,0.291719879829105,2,"X9761.89","Metabolism",NA
"LDHB",0.370420715580804,0.370420715580804,1,"X3890.8","Metabolism",NA
"LDHC",-0.174395210075655,-0.174395210075655,1,"X9828.86","Others",NA
"LDLRAD3",0.165889102590462,0.165889102590462,1,"X22564.5","Others",NA
"LDLRAD4",-0.218910943226721,-0.218910943226721,1,"X9004.24","Others",NA
"LDLRAP1",-0.0974992851458176,-0.0974992851458176,1,"X18183.3","Others",NA
"LDOC1",-0.109754105688136,-0.109754105688136,1,"X8378.3","Others",NA
"LECT2",-0.180239169337326,-0.180239169337326,2,"X16763.11","Others",NA
"LEFTY2",0.190095092353258,0.190095092353258,1,"X15503.15","Others",NA
"LEMD1",0.183359980754114,0.183359980754114,1,"X8040.9","Others",NA
"LEP",-0.136465929307947,-0.136465929307947,1,"X8484.24","Others",NA
"LEPR",0.112318912127784,0.112318912127784,1,"X5400.52","Others",NA
"LETMD1",-0.13207285165086,-0.13207285165086,1,"X5751.14","Others",NA
"LGALS1",0.196833731096878,0.196833731096878,1,"X8046.9","Others",NA
"LGALS13",-0.0972822552689193,-0.0972822552689193,1,"X19147.6","Others",NA
"LGALS2",-0.109314995586144,-0.109314995586144,1,"X3033.57","Others",NA
"LGALS3",0.111396347234892,0.111396347234892,1,"X3066.12","Others",NA
"LGALS4",-0.35061099237288,-0.35061099237288,1,"X2982.82","Others",NA
"LGALS7",-0.121446459633854,-0.121446459633854,2,"X9400.40","Others",NA
"LGALS8",0.178808920331087,0.178808920331087,1,"X4909.68","Others",NA
"LGALSL",0.56787227365311,0.56787227365311,1,"X18236.3","Others",NA
"LGMN",-0.169345659951023,-0.169345659951023,1,"X3622.33","Others",NA
"LGSN",0.298104620478284,0.298104620478284,1,"X24499.36","Others",NA
"LIF",-0.35849747734106,-0.35849747734106,1,"X7790.21","Others",NA
"LIFR",0.418496016398027,0.418496016398027,1,"X5837.49","Others",NA
"LILRA1",0.410621930522013,0.410621930522013,1,"X21706.29","Others",NA
"LILRA2",0.381386006175575,0.381386006175575,1,"X15614.168","Others",NA
"LILRA4",0.16076221132058,0.16076221132058,1,"X8299.66","Others",NA
"LILRA5",-0.340699061174043,-0.340699061174043,1,"X8766.29","Others",NA
"LILRB1",0.318442605854112,0.318442605854112,1,"X5090.49","Others",NA
"LILRB2",0.179693215140097,0.179693215140097,2,"X5633.65","Others",NA
"LILRB3",-0.27785611960466,-0.27785611960466,2,"X11334.7","Others",NA
"LIMA1",0.140658732154702,0.140658732154702,1,"X11543.84","Others",NA
"LIMD1",0.4786142435998,0.4786142435998,1,"X25280.2","Others",NA
"LIMD2",-0.408467596206816,-0.408467596206816,1,"X20991.2","Others",NA
"LIMK1",0.108647631458158,0.108647631458158,1,"X25308.8","Others",NA
"LIN7A",0.475628510048804,0.475628510048804,2,"X18910.45","Others",NA
"LIN7B",0.451586360907849,0.451586360907849,2,"X15612.5","Others",NA
"LINGO1",0.279405306434707,0.279405306434707,1,"X6620.82","Others",NA
"LINGO3",0.251690954361566,0.251690954361566,1,"X10827.67","Others",NA
"LIPG",0.226551273018405,0.226551273018405,1,"X23148.100","Others",NA
"LMAN1",0.158567792956183,0.158567792956183,1,"X15688.30","Others",NA
"LMAN2",0.0732151812536542,0.0732151812536542,2,"X9468.8","Others",NA
"LMAN2L",0.462679134127639,0.462679134127639,1,"X8013.9","Others",NA
"LMNB1",-0.102349142305529,-0.102349142305529,1,"X3889.64","Others",NA
"LMOD1",0.285136180215734,0.285136180215734,1,"X12504.26","Others",NA
"LONP1",-0.15575078582701,-0.15575078582701,1,"X6398.12","Others",NA
"LOXL3",0.213090556594269,0.213090556594269,1,"X15427.35","Others",NA
"LPIN1",0.169787546015133,0.169787546015133,1,"X24469.10","Others",NA
"LPL",0.446433600479516,0.446433600479516,1,"X21987.76","Metabolism",NA
"LPO",0.149555345619315,0.149555345619315,1,"X4801.13","Others",NA
"LRATD1",0.130303268192729,0.130303268192729,1,"X20426.34","Others",NA
"LRATD2",0.252199156537913,0.252199156537913,1,"X21141.9","Others",NA
"LRCH4",-0.00742677879733805,-0.00742677879733805,2,"X8984.28","Others",NA
"LRFN2",0.364751093296726,0.364751093296726,1,"X7200.4","Others",NA
"LRFN3",-0.0992052451515674,-0.0992052451515674,1,"X21691.27","Others",NA
"LRFN4",0.556816493669124,0.556816493669124,1,"X21696.80","Others",NA
"LRFN5",0.398178114064835,0.398178114064835,1,"X6587.6","Others",NA
"LRIG1",0.257732169133441,0.257732169133441,1,"X18831.6","Others",NA
"LRIG3",0.250980622620936,0.250980622620936,1,"X3322.52","Others",NA
"LRP1",0.0386945206665577,0.0386945206665577,2,"X9182.3","Others",NA
"LRP10",0.519546533386549,0.519546533386549,1,"X16610.13","Others",NA
"LRP11",0.459729213259363,0.452539401130685,3,"X15472.16","Others",NA
"LRP12",0.53940267566096,0.53940267566096,2,"X7744.10","Others",NA
"LRP1B",-0.113972201240107,-0.113972201240107,1,"X11275.94","Others",NA
"LRP2",0.382153403120451,0.382153403120451,1,"X10618.190","Others",NA
"LRP2BP",0.152507139456252,0.152507139456252,1,"X21181.10","Others",NA
"LRP4",0.369014139745494,0.369014139745494,1,"X19558.10","Others",NA
"LRP6",0.415370722426521,0.415370722426521,1,"X22584.2","Others",NA
"LRP8",0.506268130797644,0.506268130797644,1,"X3323.37","Others",NA
"LRRC24",-0.170798751538669,-0.170798751538669,1,"X9989.12","Others",NA
"LRRC32",0.312023320996603,0.312023320996603,1,"X7551.33","Others",NA
"LRRC3B",0.35424582928176,0.35424582928176,1,"X18947.3","Others",NA
"LRRC4",0.418823006838966,0.418823006838966,1,"X21690.31","Others",NA
"LRRC4B",-0.0979140863753447,-0.0979140863753447,1,"X11911.13","Others",NA
"LRRC4C",0.431992283146383,0.431992283146383,1,"X9369.174","Others",NA
"LRRC52",0.211308354664702,0.211308354664702,1,"X10785.8","Others",NA
"LRRC59",-0.307050816871845,-0.307050816871845,1,"X19163.26","Others",NA
"LRRFIP2",0.403490251112021,0.403490251112021,1,"X25479.8","Others",NA
"LRRN1",0.511924893492254,0.511924893492254,1,"X11293.14","Others",NA
"LRRTM1",0.431783164687225,0.431783164687225,1,"X19360.22","Others",NA
"LRRTM2",0.552191967918656,0.552191967918656,1,"X6904.14","Others",NA
"LRRTM4",0.281683322943331,0.281683322943331,1,"X6572.10","Others",NA
"LRTM2",0.47731320853228,0.47731320853228,1,"X8906.60","Others",NA
"LSAMP",0.448343242988473,0.448343242988473,1,"X2999.6","Others",NA
"LSM3",-0.131477253738988,-0.131477253738988,1,"X20976.19","Others",NA
"LSM4",-0.26530366309285,-0.26530366309285,1,"X16854.17","Others",NA
"LSP1",-0.206205812206618,-0.206205812206618,1,"X21533.51","Others",NA
"LST1",0.172744766913014,0.172744766913014,1,"X9531.24","Others",NA
"LTA|LTB",-0.0466901947493503,-0.0466901947493503,2,"X3506.49","Others",NA
"LTB4R",0.23363839951283,0.23363839951283,1,"X13477.65","Others",NA
"LTBP4",0.273403143529371,0.273403143529371,1,"X13133.73","Others",NA
"LTK",-0.232186200898468,-0.232186200898468,1,"X23181.2","Others",NA
"LTO1",-0.116753675871428,-0.116753675871428,1,"X18195.3","Others",NA
"LY6G6D",-0.100755521493104,-0.100755521493104,1,"X6469.62","Others",NA
"LY75",0.325929965842939,0.325929965842939,1,"X16620.26","Others",NA
"LY86",0.305051787522591,0.305051787522591,1,"X3623.84","Others",NA
"LY9",-0.179515450032989,-0.179515450032989,1,"X3324.51","Others",NA
"LYN",-0.27811945909461,-0.27811945909461,2,"X3453.87","Microglia / Immune",NA
"LYPD3",0.134755658704441,0.134755658704441,1,"X13107.9","Others",NA
"LYRM1",0.232388847299056,0.232388847299056,1,"X22496.21","Others",NA
"LZIC",0.189626974971889,0.189626974971889,1,"X19338.3","Others",NA
"LZTFL1",-0.315587564359815,-0.315587564359815,1,"X20378.110","Others",NA
"MACROD1",-0.303247698727337,-0.303247698727337,1,"X13653.335","Others",NA
"MAD1L1",-0.365023488265579,-0.365023488265579,1,"X13618.15","Others",NA
"MAD2L1",0.418349203566748,0.418349203566748,1,"X15313.28","Others",NA
"MAD2L1BP",0.250312319403789,0.250312319403789,1,"X21129.95","Others",NA
"MADCAM1",0.418946296438478,0.418946296438478,1,"X11258.41","Others",NA
"MAFG",-0.302990261187996,-0.302990261187996,1,"X19281.86","Others",NA
"MAG",0.191743645709767,0.191743645709767,1,"X20579.50","Others",NA
"MAGEA10",0.282089506514591,0.282089506514591,1,"X13610.9","Others",NA
"MAGEA3",-0.114032993825461,-0.114032993825461,1,"X20133.1","Others",NA
"MAGEA4",-0.275759927833703,-0.275759927833703,1,"X20075.130","Others",NA
"MAGEA5",-0.243722309813788,-0.243722309813788,1,"X18192.69","Others",NA
"MAGEA6",0.224840976535949,0.224840976535949,2,"X22991.9","Others",NA
"MAGEA8",0.147700702818917,0.147700702818917,1,"X18326.50","Others",NA
"MAGI2",0.783458654241573,0.783458654241573,1,"X14066.49","Others",NA
"MAGOHB",-0.283794841866086,-0.283794841866086,1,"X16875.13","Others",NA
"MALT1",-0.12587893331092,-0.12587893331092,1,"X25300.39","Others",NA
"MAN1A2",0.504585269540301,0.504585269540301,1,"X9077.10","Others",NA
"MAN1B1",0.402892523781968,0.402892523781968,1,"X7071.23","Others",NA
"MAN1C1",0.290856715003328,0.290856715003328,1,"X13427.66","Others",NA
"MANBA",0.253336421567126,0.253336421567126,1,"X6382.17","Others",NA
"MANEA",0.38593907167445,0.38593907167445,1,"X8014.359","Others",NA
"MANF",0.369091864549631,0.369091864549631,1,"X9223.11","Others",NA
"MANSC1",0.55286037687791,0.55286037687791,1,"X9557.5","Others",NA
"MANSC4",0.307389197910558,0.307389197910558,1,"X9578.263","Others",NA
"MAP1LC3A",0.7775874965982,0.7775874965982,1,"X17781.191","Others",NA
"MAP1LC3B",0.731372490917374,0.731372490917374,1,"X11608.5","Others",NA
"MAP1LC3B2",0.179834804419749,0.179834804419749,1,"X20965.18","Others",NA
"MAP2K1",0.437531756004951,0.437531756004951,1,"X2864.2","Growth Factor Signaling",NA
"MAP2K2",-0.2538285212104,-0.2538285212104,1,"X3628.3","Growth Factor Signaling",NA
"MAP2K5",-0.264822526579015,-0.264822526579015,1,"X22041.26","Others",NA
"MAP2K6",0.228616011713566,0.228616011713566,1,"X17175.5","Others",NA
"MAP3K11",-0.20234437775915,-0.20234437775915,1,"X21406.25","Others",NA
"MAP3K3",-0.321890495634576,-0.321890495634576,1,"X12990.39","Others",NA
"MAP3K7|TAB1",-0.227532337949471,-0.227532337949471,1,"X5259.2","Others",NA
"MAP4K1",0.228171247168367,0.228171247168367,1,"X8954.30","Others",NA
"MAP4K3",-0.151822883844173,-0.151822883844173,1,"X8978.30","Others",NA
"MAPK1",0.394573893910694,0.394573893910694,1,"X3115.64","Tau Kinases",NA
"MAPK10",0.356647720110761,0.356647720110761,1,"X15418.25","Tau Kinases",NA
"MAPK11",0.199646413908696,0.199646413908696,1,"X5004.69","Tau Kinases",NA
"MAPK13",-0.406282851140455,-0.406282851140455,1,"X5006.71","Tau Kinases",NA
"MAPK14",0.134176318315386,0.134176318315386,1,"X5007.1","Tau Kinases",NA
"MAPK3",0.230161102276758,0.230161102276758,1,"X2855.49","Tau Kinases",NA
"MAPK6",-0.102050547488755,-0.102050547488755,1,"X22858.3","Others",NA
"MAPK8",0.54122780385648,0.54122780385648,1,"X3825.18","Tau Kinases",NA
"MAPK9",-0.0234217764052751,-0.0234217764052751,2,"X22987.69","Tau Kinases",NA
"MAPKAPK2",0.0977531418397245,0.0977531418397245,1,"X3820.68","Others",NA
"MAPKAPK5",0.185294134665961,0.185294134665961,1,"X8382.47","Others",NA
"MAPRE1",0.196227011363855,0.196227011363855,2,"X12469.19","Others",NA
"MAPRE2",-0.113680706924002,-0.113680706924002,1,"X16856.79","Others",NA
"MAPRE3",0.530448654515984,0.530448654515984,2,"X16885.49","Others",NA
"MAPT",-0.151510768456684,-0.151510768456684,1,"X5854.60","Tau Kinases",NA
"MARCKSL1",0.659017449966225,0.659017449966225,1,"X19175.18","Others",NA
"MARS1",-0.222666389577794,-0.222666389577794,1,"X24425.8","Others",NA
"MASP1",-0.355886554528105,-0.355886554528105,1,"X9125.23","Others",NA
"MAST4",0.411914735883757,0.411914735883757,1,"X24675.2","Others",NA
"MAT2B",0.369095448808721,0.369095448808721,1,"X18392.19","Others",NA
"MATK",-0.130681230537288,-0.130681230537288,1,"X3823.9","Others",NA
"MATN2",0.124340717743455,0.124340717743455,1,"X3325.2","Others",NA
"MATN3",-0.00278839099149097,-0.00278839099149097,2,"X3208.2","Others",NA
"MATN4",0.159541826863382,0.159541826863382,1,"X7083.74","Others",NA
"MAX",-0.251891970517018,-0.251891970517018,1,"X12411.60","Others",NA
"MB21D2",-0.244757412663679,-0.244757412663679,1,"X23593.14","Others",NA
"MBD4",-0.383877553516501,-0.383877553516501,1,"X3891.56","Others",NA
"MBL2",-0.297119812364954,-0.297119812364954,1,"X3000.66","Others",NA
"MBLAC2",0.144977987208353,0.144977987208353,1,"X23520.60","Others",NA
"MBNL1",0.12315921554965,0.12315921554965,1,"X24408.30","Others",NA
"MCAM",0.294340198209724,0.294340198209724,1,"X20512.2","Others",NA
"MCEE",0.322078748762064,0.322078748762064,1,"X9388.18","Others",NA
"MCEMP1",-0.261169815179348,-0.261169815179348,1,"X6283.60","Others",NA
"MCL1",0.345291488921806,0.345291488921806,1,"X10396.6","Others",NA
"MDGA1",0.303812980303287,0.303812980303287,1,"X16900.29","Others",NA
"MDGA2",0.46912309807079,0.46912309807079,1,"X19372.7","Others",NA
"MDH1",0.716892479895313,0.716892479895313,1,"X3853.56","Metabolism",NA
"MDH2",0.547788661878141,0.547788661878141,2,"X15534.26","Metabolism",NA
"MDM1",0.570408357752402,0.570408357752402,1,"X7898.29","Others",NA
"MDM2",-0.157256783205266,-0.157256783205266,1,"X4245.80","Others",NA
"MDP1",0.539213613512341,0.539213613512341,1,"X20923.10","Others",NA
"ME1",0.713189869869616,0.713189869869616,1,"X25060.18","Others",NA
"MED1",-0.157007875961456,-0.157007875961456,1,"X3892.21","Others",NA
"MED11",0.395969514584251,0.395969514584251,1,"X22500.9","Others",NA
"MED20",-0.220169212116366,-0.220169212116366,1,"X20427.18","Others",NA
"MED28",-0.247429339872168,-0.247429339872168,1,"X22499.15","Others",NA
"MED4",-0.123866242671348,-0.123866242671348,1,"X14021.81","Others",NA
"MEF2C",-0.19088294360143,-0.19088294360143,1,"X8933.84","Others",NA
"MEF2D",-0.0989981577666746,-0.0989981577666746,1,"X24266.2","Others",NA
"MEIS2",0.226690391369084,0.226690391369084,1,"X23568.41","Others",NA
"MEMO1",0.475874422034417,0.475874422034417,1,"X19110.6","Others",NA
"MEN1",-0.154107699188046,-0.154107699188046,1,"X24896.5","Others",NA
"MENT",0.291118802648051,0.291118802648051,1,"X5744.12","Others",NA
"MEOX1",0.154054787412534,0.154054787412534,1,"X20183.48","Others",NA
"MEP1A",-0.0969780207756477,-0.0969780207756477,1,"X21387.64","Others",NA
"MERTK",0.346805829503886,0.346805829503886,2,"X19787.14","Others",NA
"MESD",0.375125724333166,0.375125724333166,2,"X15299.102","Others",NA
"MET",0.460330391972609,0.460330391972609,2,"X2837.3","Others",NA
"METAP1",-0.416594203617286,-0.416594203617286,1,"X3210.1","Others",NA
"METAP1D",-0.197902439206212,-0.197902439206212,1,"X19752.197","Others",NA
"METAP2",0.46115852220346,0.46115852220346,1,"X3170.6","Others",NA
"METRNL",0.178548991478095,0.178548991478095,1,"X21705.33","Others",NA
"METTL1",0.208965525591707,0.208965525591707,1,"X12514.16","Others",NA
"METTL24",0.359748340410936,0.359748340410936,1,"X9470.15","Others",NA
"METTL26",-0.0982171370344765,-0.0982171370344765,1,"X25236.11","Others",NA
"METTL3",-0.122351127580387,-0.122351127580387,1,"X24956.1","Others",NA
"MFAP1",-0.138090360092739,-0.138090360092739,1,"X5606.24","Others",NA
"MFAP2",0.212494556618738,0.212494556618738,2,"X10569.28","Others",NA
"MFAP3L",-0.363407740841405,-0.363407740841405,1,"X8837.8","Others",NA
"MFAP5",0.202689712232939,0.202689712232939,1,"X6440.31","Others",NA
"MFGE8",0.373060310663757,0.373060310663757,1,"X4455.89","Others",NA
"MFN1",-0.129497736833166,-0.129497736833166,1,"X11364.18","Others",NA
"MFNG",0.336981047119445,0.336981047119445,1,"X5605.77","Others",NA
"MGAT1",0.293951684446575,0.293951684446575,1,"X10571.14","Others",NA
"MGAT2",0.373074358185513,0.373074358185513,1,"X6909.40","Others",NA
"MGAT3",0.388913649809272,0.388913649809272,1,"X21771.47","Others",NA
"MGAT4B",0.322977688635347,0.322977688635347,1,"X7141.21","Others",NA
"MGAT4C",0.314272500926131,0.314272500926131,1,"X7208.60","Others",NA
"MGAT5",0.416421970031737,0.416421970031737,2,"X21813.171","Others",NA
"MGMT",0.125695123210956,0.125695123210956,1,"X21437.77","Others",NA
"MGP",0.0973587200113911,0.0973587200113911,1,"X6520.87","Others",NA
"MIA",-0.122800988892352,-0.122800988892352,1,"X2687.2","Others",NA
"MICALL1",-0.263655587702798,-0.263655587702798,1,"X24973.11","Others",NA
"MICALL2",0.16996112429997,0.16996112429997,1,"X12891.1","Others",NA
"MICB",0.206906807287002,0.206906807287002,1,"X5102.55","Others",NA
"MICOS10",0.383028112884393,0.383028112884393,1,"X7956.11","Others",NA
"MICU2",-0.126910289662419,-0.126910289662419,1,"X6226.69","Others",NA
"MIEF1",-0.200322384155848,-0.200322384155848,1,"X23668.281","Others",NA
"MIF",0.333469996993409,0.333469996993409,2,"X5356.2","Others",NA
"MILR1",0.334739282668292,0.334739282668292,1,"X11173.29","Others",NA
"MINPP1",0.394576478545242,0.394576478545242,1,"X5586.66","Others",NA
"MITD1",-0.11016230656462,-0.11016230656462,1,"X23266.62","Others",NA
"MKNK1",-0.176829913741884,-0.176829913741884,1,"X23693.4","Others",NA
"MKX",-0.110823265740013,-0.110823265740013,1,"X22503.24","Others",NA
"MLANA",-0.153721009845833,-0.153721009845833,1,"X21810.50","Others",NA
"MLEC",0.424649478109097,0.424649478109097,1,"X6285.71","Others",NA
"MLF1",-0.161247601688941,-0.161247601688941,1,"X17820.170","Others",NA
"MMACHC",-0.186319246491881,-0.186319246491881,1,"X20953.34","Others",NA
"MMADHC",-0.316971694998937,-0.316971694998937,1,"X21814.13","Others",NA
"MMEL1",-0.196268901839826,-0.196268901839826,1,"X3627.71","Others",NA
"MMP10",0.418372144576284,0.418372144576284,1,"X10479.18","Others",NA
"MMP13",0.135588096550398,0.135588096550398,1,"X4925.54","Others",NA
"MMP14",0.21219563404635,0.21219563404635,1,"X5002.76","Others",NA
"MMP16",0.682289172576001,0.682289172576001,1,"X9719.145","Others",NA
"MMP19",0.28584281149582,0.28584281149582,1,"X6425.87","Others",NA
"MMP20",-0.209564900498194,-0.209564900498194,1,"X15419.15","Others",NA
"MMP3",0.242599983003801,0.242599983003801,1,"X2788.55","Others",NA
"MMP8",0.423965818156135,0.423965818156135,1,"X2954.56","Others",NA
"MMP9",0.163418958036665,0.163418958036665,1,"X2579.17","Others",NA
"MMRN2",-0.156597122142586,-0.156597122142586,1,"X9723.105","Others",NA
"MOB1A",-0.359891841371168,-0.359891841371168,1,"X12426.19","Others",NA
"MOB1B",0.183167821048992,0.183167821048992,1,"X19177.7","Others",NA
"MOB3B",-0.177227840536088,-0.177227840536088,1,"X21815.7","Others",NA
"MOG",0.342804820494419,0.342804820494419,1,"X15619.49","Others",NA
"MORF4L1",-0.363546730241987,-0.363546730241987,1,"X18193.165","Others",NA
"MORF4L2",0.221830877374071,0.221830877374071,1,"X24443.8","Others",NA
"MPC1",0.111918627711103,0.111918627711103,1,"X23164.8","Others",NA
"MPG",-0.348728180853007,-0.348728180853007,1,"X12438.127","Others",NA
"MPI",0.431696917608439,0.431696917608439,1,"X25233.2","Others",NA
"MPIG6B",0.197028606603205,0.197028606603205,1,"X7065.1","Others",NA
"MPO",-0.180025382133302,-0.180025382133302,1,"X2580.83","Others",NA
"MPP6",-0.243688356162783,-0.243688356162783,1,"X13490.1","Others",NA
"MPP7",0.352426634889183,0.352426634889183,1,"X12732.13","Others",NA
"MPPED2",0.211668255695272,0.211668255695272,1,"X19153.53","Others",NA
"MPST",0.174393759084495,0.174393759084495,1,"X12686.15","Others",NA
"MPZ",0.359064581234096,0.359064581234096,1,"X10615.18","Others",NA
"MPZL1",0.545258782676445,0.545258782676445,1,"X16845.15","Others",NA
"MPZL2",-0.189444001172191,-0.189444001172191,1,"X9372.157","Others",NA
"MRAP",-0.15006610102932,-0.15006610102932,1,"X7895.108","Others",NA
"MRAP2",0.226233003518538,0.226233003518538,1,"X10889.2","Others",NA
"MRAS",-0.426710316493918,-0.426710316493918,1,"X18297.8","Others",NA
"MRC1",0.429548897732389,0.429548897732389,1,"X2637.77","Others",NA
"MRC2",0.398545763629903,0.398545763629903,1,"X3041.55","Others",NA
"MREG",-0.146591766879989,-0.146591766879989,1,"X19145.4","Others",NA
"MRI1",0.143720203628923,0.143720203628923,1,"X23340.37","Others",NA
"MRM2",0.115692620660895,0.115692620660895,1,"X21161.16","Others",NA
"MRPL1",-0.389350201874427,-0.389350201874427,1,"X20433.19","Others",NA
"MRPL14",0.0995301734986521,0.0995301734986521,1,"X8021.59","Others",NA
"MRPL21",0.273370605530384,0.273370605530384,1,"X8942.2","Others",NA
"MRPL32",-0.145450688787692,-0.145450688787692,1,"X7982.10","Others",NA
"MRPL34",-0.112772825509387,-0.112772825509387,1,"X6933.20","Others",NA
"MRPL38",-0.331812496290251,-0.331812496290251,1,"X25486.38","Others",NA
"MRPL52",-0.101854010153878,-0.101854010153878,1,"X7123.25","Others",NA
"MRPL58",0.194928833286343,0.194928833286343,1,"X6380.23","Others",NA
"MRPS14",-0.175938890362425,-0.175938890362425,1,"X22845.3","Others",NA
"MRTO4",-0.224400928100013,-0.224400928100013,1,"X21310.37","Others",NA
"MSC",0.398412853535154,0.398412853535154,1,"X23322.2","Others",NA
"MSI2",-0.102269945424629,-0.102269945424629,1,"X21366.7","Others",NA
"MSMP",0.234925546090869,0.234925546090869,1,"X8080.24","Others",NA
"MSN",-0.10144447983403,-0.10144447983403,1,"X5009.11","Others",NA
"MSR1",0.321940934731495,0.321940934731495,2,"X11282.16","Others",NA
"MSRA",0.290087670065146,0.290087670065146,1,"X7137.8","Others",NA
"MSRB3",-0.156857277135499,-0.156857277135499,1,"X7824.88","Others",NA
"MST1R",-0.0982622830824017,-0.0982622830824017,1,"X2640.3","Others",NA
"MSTN",0.160749418113257,0.160749418113257,1,"X14583.49","Others",NA
"MTAP",0.249285451393217,0.249285451393217,1,"X9910.9","Others",NA
"MTCP1",0.178831723118973,0.178831723118973,1,"X12916.3","Others",NA
"MTFR1",-0.104487654683339,-0.104487654683339,1,"X9095.5","Others",NA
"MTHFD2",-0.406025885589456,-0.406025885589456,1,"X18321.38","Others",NA
"MTHFS",-0.173159548692627,-0.173159548692627,1,"X14107.1","Others",NA
"MTHFSD",-0.12516496845942,-0.12516496845942,1,"X19129.15","Others",NA
"MTIF3",-0.303360338330014,-0.303360338330014,1,"X7852.9","Others",NA
"MTMR1",-0.100481667955558,-0.100481667955558,1,"X11167.6","Others",NA
"MTMR6",0.104685720374367,0.104685720374367,1,"X12536.46","Others",NA
"MTPAP",0.113809922431533,0.113809922431533,1,"X9028.5","Others",NA
"MUC1",0.210150641712076,0.210150641712076,2,"X9176.3","Others",NA
"MUC16",0.128257153190688,0.128257153190688,1,"X15565.102","Others",NA
"MUSTN1",0.287128828595854,0.287128828595854,1,"X21545.51","Others",NA
"MUTYH",0.105137560860967,0.105137560860967,1,"X10030.8","Others",NA
"MVB12B",0.731507464493275,0.731507464493275,1,"X23320.11","Others",NA
"MVD",-0.142394575381893,-0.142394575381893,1,"X18422.41","Others",NA
"MVP",-0.239669546803755,-0.239669546803755,1,"X24911.57","Others",NA
"MX1",-0.15580476895216,-0.15580476895216,1,"X17460.51","Others",NA
"MXI1",-0.0996201671290148,-0.0996201671290148,1,"X9035.2","Others",NA
"MXRA7",0.44037057834662,0.44037057834662,1,"X8005.1","Others",NA
"MXRA8",0.248056546335619,0.248056546335619,1,"X10521.10","Others",NA
"MYB",-0.142198716204721,-0.142198716204721,1,"X11618.83","Others",NA
"MYBPC2",-0.118010067844855,-0.118010067844855,1,"X25096.58","Others",NA
"MYCBP",-0.154496179644202,-0.154496179644202,1,"X19250.50","Others",NA
"MYDGF",0.455800741001241,0.455800741001241,1,"X9248.36","Others",NA
"MYG1",-0.116730929867459,-0.116730929867459,1,"X8303.102","Others",NA
"MYL12A",0.149462825314539,0.149462825314539,1,"X19373.3","Others",NA
"MYL4",0.303681508005715,0.303681508005715,1,"X20107.11","Others",NA
"MYL6",0.184162608751248,0.184162608751248,1,"X20105.7","Others",NA
"MYL6B",-0.173988028294319,-0.173988028294319,1,"X20078.6","Others",NA
"MYL9",0.261846332982077,0.261846332982077,1,"X21817.5","Others",NA
"MYLPF",-0.13460750260116,-0.13460750260116,1,"X21112.6","Others",NA
"MYNN",0.126756094378996,0.126756094378996,1,"X12455.48","Others",NA
"MYORG",0.144084114491588,0.144084114491588,1,"X8068.43","Others",NA
"MYSM1",0.244135464973236,0.244135464973236,1,"X11536.9","Others",NA
"MYZAP",0.372086343674067,0.372086343674067,1,"X9964.10","Others",NA
"MZB1",-0.174730750308606,-0.174730750308606,1,"X16322.10","Others",NA
"MZF1",-0.155020578062385,-0.155020578062385,1,"X14662.6","Others",NA
"N4BP2L2",0.473046418304734,0.473046418304734,1,"X22504.3","Others",NA
"NAA10",-0.347916425801224,-0.347916425801224,1,"X17854.33","Others",NA
"NAALAD2",0.172564169112554,0.172564169112554,1,"X7986.98","Others",NA
"NAB1",-0.373666304372645,-0.373666304372645,1,"X13933.276","Others",NA
"NABP1",-0.363801627460661,-0.363801627460661,1,"X20454.24","Others",NA
"NACA",-0.24787985385622,-0.24787985385622,1,"X3854.24","Others",NA
"NAE1|UBA3",-0.270730565797326,-0.270730565797326,1,"X21939.6","Others",NA
"NAGLU",0.192380424443136,0.192380424443136,1,"X15509.2","Others",NA
"NAGPA",0.530812726440695,0.530812726440695,1,"X11208.15","Others",NA
"NAIF1",0.39645017337106,0.39645017337106,1,"X18301.10","Others",NA
"NAMPT",-0.209398283670609,-0.209398283670609,1,"X5011.11","Others",NA
"NANOG",-0.116463598249132,-0.116463598249132,1,"X2732.58","Others",NA
"NANP",-0.363239781052047,-0.363239781052047,1,"X16863.47","Others",NA
"NAP1L1",-0.282117506624661,-0.282117506624661,1,"X13636.20","Others",NA
"NAPA",0.341722173523331,0.341722173523331,1,"X4292.5","Others",NA
"NAPB",0.271044155365281,0.271044155365281,1,"X12655.30","Others",NA
"NARF",-0.13407952184198,-0.13407952184198,1,"X24321.67","Others",NA
"NAT1",0.198483436619768,0.198483436619768,1,"X12632.14","Others",NA
"NAXE",0.61255367336423,0.61255367336423,1,"X16621.77","Others",NA
"NBL1",0.471340526225918,0.471340526225918,1,"X2944.66","Others",NA
"NBR1",0.247180975451168,0.247180975451168,1,"X7696.3","Others",NA
"NCALD",0.558008953198319,0.558008953198319,1,"X17816.58","Others",NA
"NCAM1",0.4346967847618,0.4346967847618,2,"X20161.41","Others",NA
"NCAM2",0.572468159613008,0.572468159613008,1,"X6507.16","Others",NA
"NCAN",0.508933070332609,0.508933070332609,1,"X15573.110","Others",NA
"NCBP1",0.200671577984197,0.200671577984197,1,"X24441.7","Others",NA
"NCF2",-0.225607013557483,-0.225607013557483,1,"X10047.12","Others",NA
"NCK2",0.486764277897119,0.486764277897119,1,"X13615.60","Others",NA
"NCKIPSD",0.555054114812577,0.555054114812577,1,"X23677.30","Others",NA
"NCL",-0.285042200894433,-0.285042200894433,1,"X13655.34","Others",NA
"NCMAP",0.1430185994804,0.1430185994804,1,"X14614.41","Others",NA
"NCOA7",0.260929018055904,0.260929018055904,1,"X25299.11","Others",NA
"NCR1",0.163874488475869,0.163874488475869,1,"X8360.169","Others",NA
"NCR2",-0.0995713128382439,-0.0995713128382439,1,"X2734.49","Others",NA
"NDC80",0.157055261019529,0.157055261019529,1,"X12730.3","Others",NA
"NDE1",0.141299739358848,0.141299739358848,1,"X9765.4","Others",NA
"NDEL1",-0.388184017631416,-0.388184017631416,1,"X23545.6","Others",NA
"NDNF",-0.332825361291121,-0.332825361291121,1,"X6604.59","Others",NA
"NDP",0.12569881575482,0.12569881575482,1,"X21911.17","Others",NA
"NDRG1",0.398173422949195,0.398173422949195,1,"X19215.7","Others",NA
"NDRG2",0.48153304204911,0.48153304204911,1,"X24463.1","Others",NA
"NDRG3",0.596368559662581,0.596368559662581,1,"X18312.68","Others",NA
"NDRG4",0.594716900020865,0.594716900020865,1,"X7934.11","Others",NA
"NDST1",0.477673020676758,0.477673020676758,1,"X6927.7","Others",NA
"NDUFAF1",-0.118216076061104,-0.118216076061104,1,"X21107.5","Others",NA
"NDUFAF5",0.126621106716847,0.126621106716847,1,"X22509.9","Others",NA
"NDUFAF8",0.317179245748402,0.317179245748402,1,"X9030.56","Others",NA
"NDUFB11",-0.122542014421468,-0.122542014421468,1,"X7747.47","Others",NA
"NDUFB8",0.169744842298135,0.169744842298135,1,"X9800.20","Others",NA
"NDUFS4",0.119192545348472,0.119192545348472,1,"X10584.7","Others",NA
"NDUFV2",0.523459973890031,0.523459973890031,1,"X7748.11","Others",NA
"NECAB1",0.353138203161788,0.353138203161788,1,"X23345.2","Others",NA
"NECAB3",0.107395067698285,0.107395067698285,1,"X23374.42","Others",NA
"NECAP2",0.333799246449175,0.333799246449175,1,"X20915.68","Others",NA
"NECTIN1",0.185218543416025,0.185218543416025,2,"X20584.4","Others",NA
"NECTIN2",0.392944219136898,0.392944219136898,1,"X6245.4","Others",NA
"NEFH",0.438895174648844,0.438895174648844,1,"X9900.36","Others",NA
"NEFL",0.38696790026742,0.38696790026742,1,"X10082.251","Others",NA
"NEGR1",0.399277255030622,0.399277255030622,2,"X7050.5","Others",NA
"NEIL2",-0.109219196384337,-0.109219196384337,1,"X21476.43","Others",NA
"NEK7",-0.147408390170085,-0.147408390170085,1,"X12703.6","Others",NA
"NELFA",0.416105944187707,0.416105944187707,1,"X24222.10","Others",NA
"NELFE",-0.266219725981471,-0.266219725981471,1,"X21819.9","Others",NA
"NELL1",0.454789534257954,0.454789534257954,1,"X6544.33","Others",NA
"NELL2",0.134905845391571,0.134905845391571,1,"X6022.57","Others",NA
"NENF",0.245557922568375,0.245557922568375,1,"X9219.70","Others",NA
"NEO1",0.546406766582003,0.546406766582003,1,"X8900.28","Others",NA
"NETO1",0.397915217505929,0.397915217505929,2,"X15298.199","Others",NA
"NETO2",0.419578396045734,0.419578396045734,1,"X10562.42","Others",NA
"NEU1",-0.121751431227436,-0.121751431227436,2,"X6003.28","Others",NA
"NEURL1",0.148031960983179,0.148031960983179,1,"X13604.27","Others",NA
"NEURL4",-0.36325812554931,-0.36325812554931,1,"X13468.5","Others",NA
"NEUROG1",0.243427024563036,0.243427024563036,1,"X23289.25","Others",NA
"NEUROG3",0.177326036590378,0.177326036590378,1,"X25938.13","Others",NA
"NFASC",0.463138591724218,0.463138591724218,1,"X7179.69","Others",NA
"NFE2L1",-0.302287227275587,-0.302287227275587,1,"X11154.3","Others",NA
"NFE2L2",0.103045487801706,0.103045487801706,1,"X22510.6","Others",NA
"NFIA",0.250332862209853,0.250332862209853,1,"X25482.5","Astrocyte Activation",NA
"NFKB1",-0.349877768848141,-0.349877768848141,1,"X9869.28","Microglia / Immune",NA
"NFKBIB",-0.121673969613917,-0.121673969613917,1,"X17387.27","Others",NA
"NGF",0.222876823405145,0.222876823405145,1,"X5801.72","Synaptic Proteins",NA
"NHEJ1",-0.145592482126541,-0.145592482126541,1,"X11351.233","Others",NA
"NHLRC2",-0.326775123045099,-0.326775123045099,1,"X24922.19","Others",NA
"NHP2",-0.333282177045754,-0.333282177045754,1,"X20939.113","Others",NA
"NID2",0.12654726974924,0.12654726974924,1,"X3633.70","Others",NA
"NIF3L1",0.426907029000215,0.426907029000215,1,"X23371.5","Others",NA
"NIP7",-0.344902666391011,-0.344902666391011,1,"X12564.9","Others",NA
"NIPAL4",0.196289740948403,0.196289740948403,1,"X12864.9","Others",NA
"NISCH",0.102229138413516,0.102229138413516,1,"X12738.43","Others",NA
"NIT2",0.263840564312929,0.263840564312929,1,"X17808.37","Others",NA
"NKD2",0.203766079970054,0.203766079970054,1,"X22514.12","Others",NA
"NKIRAS1",0.194142604164229,0.194142604164229,1,"X21317.25","Others",NA
"NLGN1",0.485905374521576,0.490950809921546,3,"X23000.22","Others",NA
"NLGN2",0.44500876546635,0.44500876546635,2,"X9772.153","Others",NA
"NLGN3",0.217913250121375,0.217913250121375,2,"X8941.4","Others",NA
"NLGN4X",0.329203096961345,0.329203096961345,1,"X5357.60","Others",NA
"NLGN4Y",0.246805541518661,0.246805541518661,1,"X21710.16","Others",NA
"NLRP10",0.206575545605402,0.206575545605402,1,"X12821.6","Others",NA
"NMB",0.189752882427823,0.189752882427823,1,"X9321.400","Others",NA
"NME1",0.288143605769513,0.288143605769513,1,"X5909.51","Others",NA
"NME4",-0.32462018795932,-0.32462018795932,1,"X16809.1","Others",NA
"NME7",0.225323472923212,0.225323472923212,1,"X23521.29","Others",NA
"NMI",-0.103262693604061,-0.103262693604061,1,"X17512.2","Others",NA
"NMNAT1",-0.381291533757869,-0.381291533757869,1,"X18932.84","Others",NA
"NMRK2",0.226921531223132,0.226921531223132,1,"X20998.19","Others",NA
"NMS",0.307761150225408,0.307761150225408,1,"X9503.1","Others",NA
"NMT1",-0.271248482794374,-0.271248482794374,1,"X12448.246","Others",NA
"NMT2",-0.116994988425398,-0.116994988425398,1,"X17821.20","Others",NA
"NODAL",-0.106516022887491,-0.106516022887491,1,"X15692.300","Others",NA
"NOG",0.394032264956472,0.394032264956472,2,"X8778.3","Others",NA
"NOMO2",0.456354418613644,0.456354418613644,1,"X25121.7","Others",NA
"NONO",-0.203626936106421,-0.203626936106421,1,"X24910.18","Others",NA
"NOP16",-0.110420817278377,-0.110420817278377,1,"X18228.30","Others",NA
"NOS3",-0.128927614714476,-0.128927614714476,1,"X21995.20","Others",NA
"NOTCH1",0.500976150143294,0.500976150143294,1,"X5107.7","Astrocyte Activation",NA
"NOTCH2",0.47591862197593,0.47591862197593,1,"X8407.84","Astrocyte Activation",NA
"NOTCH3",0.464791157795378,0.464791157795378,1,"X5108.72","Others",NA
"NOTUM",0.258915593402244,0.258915593402244,1,"X8252.2","Others",NA
"NOVA1",0.198123812574678,0.198123812574678,1,"X12557.18","Others",NA
"NPFF",0.207262400949527,0.207262400949527,1,"X5617.41","Others",NA
"NPIPB3",0.153606930055649,0.153606930055649,1,"X9954.2","Others",NA
"NPL",-0.176214478379656,-0.176214478379656,1,"X19496.1","Others",NA
"NPLOC4",0.426188165837131,0.426188165837131,1,"X12993.21","Others",NA
"NPM1",-0.15273917937682,-0.15273917937682,2,"X21244.57","Others",NA
"NPM2",0.253109863310946,0.253109863310946,1,"X21138.2","Others",NA
"NPNT",0.346246476422191,0.346246476422191,1,"X6342.10","Others",NA
"NPPB",0.174891122968873,0.174891122968873,2,"X16751.15","Others",NA
"NPPC",0.273905431556948,0.273905431556948,1,"X20430.8","Others",NA
"NPS",0.191978069495327,0.191978069495327,1,"X6390.18","Others",NA
"NPTN",0.584924737417798,0.584924737417798,1,"X7194.36","Others",NA
"NPTX1",0.229113220835237,0.229113220835237,1,"X9256.78","Others",NA
"NPTX2",0.35282338758455,0.35282338758455,1,"X6521.35","Others",NA
"NPTXR",0.311029189883211,0.311029189883211,2,"X15511.37","Others",NA
"NQO2",0.306196578104472,0.306196578104472,1,"X9754.33","Others",NA
"NR1D2",0.13285724379508,0.13285724379508,1,"X12885.42","Others",NA
"NR1H4",0.244950359968044,0.244950359968044,1,"X8946.38","Others",NA
"NR2C2AP",0.126450732790662,0.126450732790662,1,"X23594.2","Others",NA
"NR3C1",-0.119621451297345,-0.119621451297345,1,"X2857.70","Others",NA
"NR3C2",0.25147729786015,0.25147729786015,1,"X12931.16","Others",NA
"NRAS",-0.217461828454076,-0.217461828454076,1,"X10531.18","Growth Factor Signaling",NA
"NRBP1",0.303003737378199,0.303003737378199,1,"X12616.45","Others",NA
"NRCAM",0.347353248616549,0.347353248616549,1,"X5109.24","Others",NA
"NRG1",0.283842505693471,0.283842505693471,1,"X9178.30","Others",NA
"NRG2",0.16016824412758,0.16016824412758,1,"X8060.7","Others",NA
"NRG3",0.564871630545702,0.564871630545702,2,"X10981.56","Others",NA
"NRG4",0.251668572571216,0.251668572571216,1,"X14139.16","Others",NA
"NRGN",0.838740246401202,0.838740246401202,1,"X18303.39","Synaptic Proteins",NA
"NRL",-0.158897021377392,-0.158897021377392,1,"X22516.30","Others",NA
"NRP1",0.442445170405415,0.442445170405415,2,"X3214.3","Others",NA
"NRP2",0.440324208485891,0.440324208485891,2,"X6590.54","Others",NA
"NRSN1",0.209114969443623,0.209114969443623,1,"X11654.77","Others",NA
"NRXN1",0.588142273914771,0.519263644135039,3,"X5110.84","Others",NA
"NRXN3",0.317457586998104,0.317457586998104,2,"X16323.8","Others",NA
"NSF",0.220232575327357,0.220232575327357,1,"X13992.12","Others",NA
"NSFL1C",0.817456078186944,0.817456078186944,1,"X4250.23","Others",NA
"NSMCE1",-0.104265259367365,-0.104265259367365,1,"X20453.9","Others",NA
"NT5C",0.406046525523631,0.406046525523631,1,"X12560.9","Others",NA
"NT5C2",-0.389159829828815,-0.389159829828815,1,"X11288.26","Others",NA
"NT5C3B",0.203096710630224,0.203096710630224,1,"X19135.5","Others",NA
"NT5DC1",0.22068384200494,0.22068384200494,1,"X25438.288","Others",NA
"NT5DC3",0.559083425348503,0.559083425348503,1,"X9126.171","Others",NA
"NT5E",0.12090471892517,0.12090471892517,1,"X15452.5","Others",NA
"NT5M",-0.102071150477613,-0.102071150477613,1,"X17856.23","Others",NA
"NTF4",-0.257059314142237,-0.257059314142237,1,"X4146.58","Others",NA
"NTM",0.48819090643226,0.48819090643226,2,"X10907.116","Others",NA
"NTN1",0.29669713405853,0.29669713405853,2,"X9013.60","Others",NA
"NTN4",0.3131685042426,0.3131685042426,1,"X3327.27","Others",NA
"NTNG1",0.35872827841006,0.35872827841006,1,"X5637.81","Others",NA
"NTRK1",-0.429489966495587,-0.429489966495587,1,"X3477.63","Growth Factor Signaling",NA
"NTRK2",0.51069786129863,0.51069786129863,1,"X4866.59","Synaptic Proteins","Growth Factor Signaling"
"NTRK3",0.5669672460467,0.5669672460467,1,"X2658.27","Growth Factor Signaling",NA
"NUB1",-0.132969669889058,-0.132969669889058,1,"X21996.28","Others",NA
"NUBP1",0.352712735712102,0.352712735712102,1,"X21189.9","Others",NA
"NUCB2",0.334151188513251,0.334151188513251,1,"X21999.61","Others",NA
"NUDC",0.56474094763535,0.56474094763535,1,"X8887.21","Others",NA
"NUDCD2",0.386951761152125,0.386951761152125,1,"X21002.1","Others",NA
"NUDCD3",0.454474391091017,0.454474391091017,1,"X4254.6","Others",NA
"NUDT1",0.17088111819367,0.17088111819367,1,"X19206.20","Others",NA
"NUDT12",0.199556466458563,0.199556466458563,1,"X13947.371","Others",NA
"NUDT14",0.127002317694874,0.127002317694874,1,"X19794.10","Others",NA
"NUDT15",-0.127477615811627,-0.127477615811627,1,"X23584.2","Others",NA
"NUDT16",0.254891620174054,0.254891620174054,1,"X20948.16","Others",NA
"NUDT16L1",0.425978470539039,0.425978470539039,1,"X12497.29","Others",NA
"NUDT2",0.444889963580897,0.444889963580897,1,"X16583.8","Others",NA
"NUDT21",0.40542802417906,0.40542802417906,1,"X20972.37","Others",NA
"NUDT3",0.677570806992985,0.677570806992985,1,"X12796.44","Others",NA
"NUDT5",0.561364248996814,0.561364248996814,1,"X17761.2","Others",NA
"NUDT9",0.268175549934034,0.268175549934034,1,"X9482.110","Others",NA
"NUMB",-0.151658626578953,-0.151658626578953,1,"X25248.28","Others",NA
"NUP98",-0.326669269164605,-0.326669269164605,1,"X12772.8","Others",NA
"NUTF2",0.481163053639306,0.481163053639306,1,"X19219.71","Others",NA
"NXF1",-0.155254768378942,-0.155254768378942,1,"X12453.161","Others",NA
"NXPH1",0.231741475174327,0.231741475174327,2,"X23002.27","Others",NA
"NXPH2",0.546237231042859,0.546237231042859,1,"X9511.61","Others",NA
"NXPH3",-0.214435092981603,-0.214435092981603,1,"X6054.6","Others",NA
"NXT1",0.175008795310587,0.175008795310587,1,"X9942.2","Others",NA
"None",0.11505559816125,0.110746937383405,7,"X7995.16","Others",NA
"OAF",0.184114352510276,0.184114352510276,1,"X6414.8","Others",NA
"OAT",0.273490835341172,0.273490835341172,1,"X20237.38","Others",NA
"OAZ1",0.109243271236648,0.109243271236648,1,"X9893.27","Others",NA
"OBP2A",-0.166340687816509,-0.166340687816509,1,"X6526.77","Others",NA
"OCIAD1",0.187811118870399,0.187811118870399,1,"X16802.31","Others",NA
"OCLN",-0.165965521286199,-0.165965521286199,1,"X24263.6","Others",NA
"ODC1",-0.243545565127593,-0.243545565127593,1,"X13689.2","Others",NA
"OGFR",0.096868258644707,0.096868258644707,1,"X24934.96","Others",NA
"OIT3",-0.309282172377045,-0.309282172377045,1,"X6296.36","Others",NA
"OLA1",0.306771807458612,0.306771807458612,1,"X12659.13","Others",NA
"OLAH",0.30680020562445,0.30680020562445,1,"X23407.9","Others",NA
"OLFM1",0.505655892615647,0.505655892615647,1,"X5703.26","Others",NA
"OLFM2",0.291952138555599,0.291952138555599,2,"X19377.14","Others",NA
"OLFM3",-0.0793179546612919,-0.0793179546612919,2,"X10643.16","Others",NA
"OLFML1",-0.0985665112026558,-0.0985665112026558,1,"X8815.1","Others",NA
"OLFML3",0.250475800734075,0.250475800734075,2,"X8660.5","Others",NA
"OLR1",0.618070969617968,0.618070969617968,2,"X3636.37","Others",NA
"OMD",0.231726941913421,0.231726941913421,2,"X5358.3","Others",NA
"OMG",0.148263254104148,0.148263254104148,1,"X16908.5","Others",NA
"OMP",0.154674773217955,0.154674773217955,1,"X18240.6","Others",NA
"OOSP2",-0.110281512006084,-0.110281512006084,1,"X7106.37","Others",NA
"OPCML",0.56554243843291,0.56554243843291,1,"X15622.13","Others",NA
"OPHN1",0.165156146206136,0.165156146206136,1,"X12591.27","Others",NA
"OPRPN",-0.18738630899605,-0.18738630899605,1,"X6530.63","Others",NA
"OPTC",-0.144898080315373,-0.144898080315373,1,"X15430.165","Others",NA
"ORC6",-0.242441104979389,-0.242441104979389,1,"X12389.4","Others",NA
"OSBP",-0.309908716551846,-0.309908716551846,1,"X25055.56","Others",NA
"OSBPL11",-0.221476750009631,-0.221476750009631,1,"X12878.60","Others",NA
"OSBPL9",0.165677012599685,0.165677012599685,1,"X16899.59","Others",NA
"OSCAR",0.0262792971839845,0.0262792971839845,2,"X8702.42","Others",NA
"OSM",-0.134836684812107,-0.134836684812107,1,"X14063.17","Others",NA
"OSMR",0.188436169335423,0.188436169335423,1,"X10892.8","Others",NA
"OSTF1",-0.274951192408596,-0.274951192408596,1,"X19118.47","Others",NA
"OSTN",-0.142190173700039,-0.142190173700039,1,"X7265.32","Others",NA
"OTC",-0.323709305155785,-0.323709305155785,1,"X15431.31","Others",NA
"OTUB2",-0.17129228304555,-0.17129228304555,1,"X12493.42","Others",NA
"OTUD3",-0.15700077825239,-0.15700077825239,1,"X21915.2","Others",NA
"OTUD7B",0.103737079972801,0.103737079972801,1,"X21742.43","Others",NA
"OTULIN",0.452435579832926,0.452435579832926,1,"X21916.82","Others",NA
"OTX1",-0.249831626336967,-0.249831626336967,1,"X22386.11","Others",NA
"OVCA2",0.18584257397659,0.18584257397659,1,"X17697.2","Others",NA
"OXCT1",0.374373037431901,0.374373037431901,1,"X25043.74","Others",NA
"OXLD1",0.22811591799096,0.22811591799096,1,"X20399.7","Others",NA
"OXSR1",0.172205148640002,0.172205148640002,1,"X20116.30","Others",NA
"OXT",0.172766290592013,0.172766290592013,1,"X8356.88","Others",NA
"P2RX6",-0.124572442790299,-0.124572442790299,1,"X7233.73","Others",NA
"P4HA2",0.409248504058952,0.409248504058952,1,"X11348.132","Others",NA
"P4HB",0.230468476064152,0.230468476064152,1,"X11450.110","Others",NA
"PABPC4",0.149969152825037,0.149969152825037,1,"X12603.87","Others",NA
"PABPN1",-0.265240407636332,-0.265240407636332,1,"X8921.139","Others",NA
"PACSIN1",-0.104941169842971,-0.104941169842971,1,"X12676.1","Others",NA
"PACSIN2",-0.239891913539669,-0.239891913539669,1,"X25048.30","Others",NA
"PADI2",-0.353397971639087,-0.353397971639087,1,"X22001.23","Others",NA
"PAFAH1B2",0.247888236139262,0.247888236139262,1,"X2642.4","Others",NA
"PAFAH2",-0.249515461719231,-0.249515461719231,1,"X18914.188","Others",NA
"PAICS",-0.256125902210534,-0.256125902210534,1,"X9841.197","Others",NA
"PAIP1",0.169464255382508,0.169464255382508,1,"X12430.78","Others",NA
"PAK4",-0.183383314475577,-0.183383314475577,1,"X13719.19","Others",NA
"PAK5",-0.119750081215226,-0.119750081215226,1,"X3388.58","Others",NA
"PAK6",0.350452725397391,0.350452725397391,1,"X3827.22","Others",NA
"PALM",0.527517337116725,0.527517337116725,1,"X18306.1","Others",NA
"PALMD",0.619536058052148,0.619536058052148,1,"X22059.56","Others",NA
"PAM",0.318013720740024,0.318013720740024,1,"X5620.13","Others",NA
"PAPOLG",-0.130003079075228,-0.130003079075228,1,"X8343.224","Others",NA
"PAPPA",-0.160925042515366,-0.160925042515366,1,"X4148.49","Others",NA
"PAPPA2",-0.38971243713195,-0.38971243713195,1,"X5756.66","Others",NA
"PARK7",0.57870234581101,0.57870234581101,1,"X19523.215","Others",NA
"PARP11",-0.380991980797578,-0.380991980797578,1,"X12882.7","Others",NA
"PARP16",-0.203699425140456,-0.203699425140456,1,"X7881.244","Others",NA
"PARVA",0.351919866584477,0.351919866584477,1,"X13434.172","Others",NA
"PATE1",-0.280623879774643,-0.280623879774643,1,"X8386.11","Others",NA
"PAX4",0.224571672690552,0.224571672690552,1,"X12398.15","Others",NA
"PAX8",-0.129588213406996,-0.129588213406996,1,"X18314.88","Others",NA
"PAXIP1",0.159945890457661,0.159945890457661,1,"X12894.3","Others",NA
"PBK",0.197717128332556,0.197717128332556,1,"X17475.18","Others",NA
"PBRM1",-0.370205228416989,-0.370205228416989,1,"X12518.289","Others",NA
"PCBD1",0.406459873207754,0.406459873207754,1,"X11313.100","Others",NA
"PCBD2",-0.313121158262079,-0.313121158262079,1,"X6899.37","Others",NA
"PCBP1",0.251347193846905,0.251347193846905,1,"X11458.30","Others",NA
"PCBP3",0.288684720245552,0.288684720245552,1,"X24470.20","Others",NA
"PCDH1",0.474528527835092,0.474528527835092,1,"X24967.4","Others",NA
"PCDH10",0.143333380960367,0.143333380960367,2,"X9018.38","Others",NA
"PCDH17",0.479454779222552,0.479454779222552,1,"X21395.23","Others",NA
"PCDH9",0.479520043561077,0.479520043561077,1,"X10558.26","Others",NA
"PCDHA7",0.43086234740258,0.43086234740258,1,"X8758.2","Others",NA
"PCDHAC2",0.505816455445842,0.505816455445842,1,"X9361.7","Others",NA
"PCDHB10",0.251057837985049,0.251057837985049,1,"X9963.19","Others",NA
"PCDHGA10",0.542372264244389,0.542372264244389,1,"X6321.65","Others",NA
"PCDHGA12",0.529755014950356,0.529755014950356,1,"X6938.21","Others",NA
"PCDHGA2",-0.364471324775187,-0.364471324775187,1,"X7175.4","Others",NA
"PCDHGC3",0.242036973160109,0.242036973160109,1,"X7859.21","Others",NA
"PCK1",-0.262822640045527,-0.262822640045527,1,"X18182.24","Others",NA
"PCLAF",0.48984888712222,0.48984888712222,1,"X19158.1","Others",NA
"PCMT1",-0.152452390453278,-0.152452390453278,1,"X18160.2","Others",NA
"PCNA",-0.0985125239847627,-0.0985125239847627,1,"X2915.6","Others",NA
"PCOLCE",0.273907482767679,0.273907482767679,1,"X11237.49","Others",NA
"PCP4L1",0.53542009257862,0.53542009257862,1,"X20434.23","Others",NA
"PCSK1",0.382334172404002,0.382334172404002,1,"X13388.57","Others",NA
"PCSK1N",0.450767730359023,0.450767730359023,1,"X9391.60","Others",NA
"PCSK2",0.271033492047449,0.271033492047449,2,"X15440.57","Others",NA
"PCSK7",0.256305784758284,0.256305784758284,1,"X4459.68","Others",NA
"PCSK9",0.275952864384831,0.275952864384831,2,"X8246.9","Others",NA
"PCTP",0.287492927271885,0.287492927271885,1,"X23318.60","Others",NA
"PCYOX1",0.268083699401192,0.268083699401192,1,"X6431.68","Others",NA
"PCYOX1L",0.164885816224825,0.164885816224825,1,"X5599.88","Others",NA
"PDAP1",-0.272741075048358,-0.272741075048358,1,"X19240.265","Others",NA
"PDCD5",0.748768554665415,0.748768554665415,1,"X12517.52","Others",NA
"PDCD6IP",0.12005429444619,0.12005429444619,1,"X18174.79","Others",NA
"PDCL3",0.160350180417622,0.160350180417622,1,"X20935.4","Others",NA
"PDE1A",-0.125524631555975,-0.125524631555975,1,"X5253.1","Others",NA
"PDE1B",0.76355984607778,0.76355984607778,1,"X21667.57","Others",NA
"PDE2A",-0.101005527357721,-0.101005527357721,1,"X5246.64","Others",NA
"PDE3A",0.17919322957687,0.17919322957687,1,"X5254.69","Others",NA
"PDE6D",0.616426071331819,0.616426071331819,1,"X13491.40","Others",NA
"PDE9A",0.282499477599459,0.282499477599459,1,"X5201.50","Others",NA
"PDGFA",-0.231491422643143,-0.231491422643143,1,"X4499.21","Others",NA
"PDGFB",-0.0980356142528458,-0.0980356142528458,1,"X4149.8","Others",NA
"PDGFC",0.269488752898292,0.269488752898292,1,"X13658.31","Others",NA
"PDGFD",-0.135706115687216,-0.135706115687216,1,"X17140.57","Others",NA
"PDGFRA",0.367791600083096,0.367791600083096,1,"X10366.11","Growth Factor Signaling",NA
"PDGFRB",0.148031094608971,0.148031094608971,1,"X3459.49","Growth Factor Signaling",NA
"PDHA2",0.247328869234932,0.247328869234932,1,"X25249.33","Others",NA
"PDHB",-0.13735186667182,-0.13735186667182,1,"X22526.81","Metabolism",NA
"PDHX",0.326064885314665,0.326064885314665,1,"X18319.7","Others",NA
"PDIA3",0.468496129821848,0.468496129821848,2,"X7832.181","Others",NA
"PDIA4",0.293660749104177,0.301370154361477,3,"X7146.16","Others",NA
"PDIA5",-0.316946397762202,-0.316946397762202,1,"X5593.11","Others",NA
"PDIA6",0.541063813694494,0.541063813694494,1,"X5650.9","Others",NA
"PDILT",0.100686907337736,0.100686907337736,1,"X7092.7","Others",NA
"PDLIM1",-0.128862390844835,-0.128862390844835,1,"X11428.31","Others",NA
"PDLIM3",0.310357762118904,0.310357762118904,1,"X22527.4","Others",NA
"PDLIM4",0.480331676773788,0.480331676773788,1,"X12387.7","Others",NA
"PDLIM5",0.479825803943736,0.479825803943736,1,"X23703.8","Others",NA
"PDP1",-0.11844557822529,-0.11844557822529,1,"X22005.8","Others",NA
"PDPK1",-0.385562629343826,-0.385562629343826,1,"X4460.8","Tau Kinases",NA
"PDRG1",-0.234781451853451,-0.234781451853451,1,"X12593.33","Others",NA
"PDXP",0.601177732852142,0.601177732852142,1,"X3897.61","Others",NA
"PDYN",0.100203189521895,0.100203189521895,1,"X19638.9","Others",NA
"PDZK1",0.152156892408767,0.152156892408767,1,"X16852.10","Others",NA
"PEA15",0.480297159860302,0.480297159860302,1,"X18833.76","Others",NA
"PEAR1",0.224940008240268,0.224940008240268,2,"X8275.31","Others",NA
"PEBP1",0.790849869244503,0.790849869244503,1,"X4276.10","Others",NA
"PECAM1",-0.32963983247927,-0.32963983247927,1,"X2695.25","Others",NA
"PECR",-0.122071489701125,-0.122071489701125,1,"X17776.15","Others",NA
"PEF1",0.432845846234922,0.432845846234922,1,"X19272.9","Others",NA
"PELI1",-0.324220526638127,-0.324220526638127,1,"X22421.79","Others",NA
"PELI2",-0.208087260583396,-0.208087260583396,1,"X12702.13","Others",NA
"PELO",0.302459069492819,0.302459069492819,1,"X12431.13","Others",NA
"PENK",0.217271556609787,0.217271556609787,1,"X9076.25","Others",NA
"PET117",0.292056415794343,0.292056415794343,1,"X19303.64","Others",NA
"PEX14",0.295554304818564,0.295554304818564,2,"X8300.82","Others",NA
"PFDN2",0.462100038491836,0.462100038491836,1,"X19243.2","Others",NA
"PFDN4",0.524864440915143,0.524864440915143,1,"X20956.13","Others",NA
"PFKFB3",-0.157968439742373,-0.157968439742373,1,"X12456.5","Others",NA
"PFKFB4",-0.251941508385717,-0.251941508385717,1,"X25041.11","Others",NA
"PFKM",0.321437915868071,0.321437915868071,1,"X17384.110","Metabolism",NA
"PFN1",0.410567217201768,0.410567217201768,1,"X20243.26","Others",NA
"PFN2",0.142889005440876,0.142889005440876,2,"X13054.87","Others",NA
"PFN4",-0.10845490326514,-0.10845490326514,1,"X20922.4","Others",NA
"PGA4",0.355671465705383,0.355671465705383,1,"X22572.19","Others",NA
"PGAM1",0.501426983561585,0.501426983561585,1,"X3896.5","Metabolism",NA
"PGAM2",0.561009292232553,0.561009292232553,1,"X15524.30","Others",NA
"PGD",0.119181123947225,0.119181123947225,1,"X4187.49","Others",NA
"PGF",-0.106089736287272,-0.106089736287272,1,"X3078.1","Others",NA
"PGK1",0.413611111020992,0.413611111020992,1,"X5020.50","Metabolism",NA
"PGLS",0.542607388313224,0.542607388313224,1,"X17799.9","Others",NA
"PGLYRP1",-0.06379990679662,-0.06379990679662,2,"X3329.14","Others",NA
"PGLYRP4",-0.131454213860255,-0.131454213860255,1,"X19821.10","Others",NA
"PGM1",0.38204604540894,0.38204604540894,1,"X9173.21","Others",NA
"PGM5",0.293818844439899,0.293818844439899,1,"X25117.17","Others",NA
"PGP",0.624688206528991,0.624688206528991,1,"X18235.16","Others",NA
"PGR",0.267429458383865,0.267429458383865,1,"X15693.9","Others",NA
"PGRMC1",0.432597931684573,0.432597931684573,1,"X7863.50","Others",NA
"PGRMC2",-0.175519638179073,-0.175519638179073,2,"X10631.9","Others",NA
"PHB2",-0.144200393493076,-0.144200393493076,1,"X21658.15","Others",NA
"PHETA2",-0.170554773544882,-0.170554773544882,1,"X24656.6","Others",NA
"PHEX",0.316961358047869,0.316961358047869,1,"X18921.30","Others",NA
"PHF11",0.223703137185788,0.223703137185788,1,"X22528.1","Others",NA
"PHF3",-0.408534201115947,-0.408534201115947,1,"X11544.39","Others",NA
"PHGDH",0.293518666273384,0.293518666273384,1,"X8986.2","Others",NA
"PHKA1",-0.250964402444969,-0.250964402444969,1,"X25088.42","Others",NA
"PHPT1",0.359004490601507,0.359004490601507,1,"X16882.27","Others",NA
"PHYH",0.304375867918216,0.304375867918216,1,"X23369.17","Others",NA
"PHYHIP",0.174072424203184,0.174072424203184,1,"X24434.16","Others",NA
"PHYHIPL",0.728469224831311,0.728469224831311,1,"X23528.199","Others",NA
"PI15",-0.18468642181358,-0.18468642181358,1,"X5745.64","Others",NA
"PIANP",0.464961451623451,0.464961451623451,2,"X14114.18","Others",NA
"PID1",-0.162461701047101,-0.162461701047101,1,"X23291.18","Others",NA
"PIEZO1",0.13882178969621,0.13882178969621,1,"X11838.130","Others",NA
"PIGR",0.33458364734782,0.33458364734782,1,"X3216.2","Others",NA
"PIH1D1",0.250961586843948,0.250961586843948,1,"X24670.1","Others",NA
"PIK3C2A",0.191614756678517,0.191614756678517,1,"X14028.22","Others",NA
"PIK3C3",-0.335513742366114,-0.335513742366114,1,"X25947.116","Others",NA
"PIK3CA|PIK3R1",0.184230325535907,0.184230325535907,1,"X3390.72","Others",NA
"PIK3R1",-0.397284725145117,-0.397284725145117,1,"X8863.3","Growth Factor Signaling",NA
"PIN1",0.772695172513684,0.772695172513684,1,"X15474.7","Tau Folding/Stability",NA
"PIP4K2A",-0.167126260086708,-0.167126260086708,1,"X12697.30","Others",NA
"PIP4K2B",-0.323028278764995,-0.323028278764995,2,"X23006.19","Others",NA
"PIPOX",0.12348040929845,0.12348040929845,1,"X23652.15","Others",NA
"PITPNA",0.543974503178199,0.543974503178199,1,"X9934.29","Others",NA
"PITPNB",-0.293120777275505,-0.293120777275505,1,"X12484.67","Others",NA
"PITX3",-0.259749064089945,-0.259749064089945,1,"X22387.26","Others",NA
"PKD2",0.0929486972436286,0.0929486972436286,2,"X13486.9","Others",NA
"PKLR",-0.193846479845068,-0.193846479845068,2,"X15607.56","Others",NA
"PKN2",0.317961511311414,0.317961511311414,1,"X25948.18","Others",NA
"PLA1A",-0.149274519501226,-0.149274519501226,1,"X9518.95","Others",NA
"PLA2G10",-0.344524671511489,-0.344524671511489,1,"X2949.6","Others",NA
"PLA2G12A",0.377902210402501,0.377902210402501,1,"X21563.3","Others",NA
"PLA2G1B",-0.194626362245908,-0.194626362245908,1,"X4910.21","Others",NA
"PLA2G2A",-0.124955222661339,-0.124955222661339,1,"X2692.74","Others",NA
"PLA2G2E",0.331938134901082,0.331938134901082,1,"X13670.81","Others",NA
"PLA2G5",-0.188192457922362,-0.188192457922362,1,"X2449.1","Others",NA
"PLA2G7",0.258101010014566,0.258101010014566,1,"X5015.15","Others",NA
"PLAAT2",-0.193436440057369,-0.193436440057369,1,"X7822.11","Others",NA
"PLAAT4",0.229537598199153,0.229537598199153,1,"X10961.15","Others",NA
"PLAUR",0.563387997180201,0.563387997180201,1,"X2652.15","Others",NA
"PLBD1",-0.220132589174871,-0.220132589174871,1,"X6315.58","Others",NA
"PLBD2",-0.307992217566757,-0.307992217566757,1,"X6536.54","Others",NA
"PLCB1",0.773109772481421,0.773109772481421,1,"X11354.21","Others",NA
"PLCD1",0.427656157928303,0.427656157928303,1,"X24909.40","Others",NA
"PLCD3",-0.418801545361168,-0.418801545361168,1,"X25949.3","Others",NA
"PLCG1",0.238954403769726,0.238954403769726,1,"X4563.61","Others",NA
"PLCG2",-0.133382718607594,-0.133382718607594,1,"X10070.22","Others",NA
"PLCXD3",0.315183887532601,0.315183887532601,1,"X21180.16","Others",NA
"PLD3",0.495186276170114,0.495186276170114,1,"X10948.14","Others",NA
"PLD5",-0.137591834395269,-0.137591834395269,1,"X8081.55","Others",NA
"PLEKHA4",0.110103914732748,0.110103914732748,1,"X10939.16","Others",NA
"PLEKHA7",0.241099067797122,0.241099067797122,1,"X12731.12","Others",NA
"PLEKHB1",0.463364650604077,0.463364650604077,1,"X24695.8","Others",NA
"PLEKHO2",0.614592847487166,0.614592847487166,1,"X25488.6","Others",NA
"PLG",-0.137150130763702,-0.137150130763702,2,"X4150.75","Others",NA
"PLK1",-0.171636846215286,-0.171636846215286,1,"X3394.81","Others",NA
"PLOD2",-0.119913155873757,-0.119913155873757,1,"X6923.1","Others",NA
"PLPBP",0.360609484458053,0.360609484458053,1,"X20439.14","Others",NA
"PLSCR3",-0.112863903339606,-0.112863903339606,1,"X11407.57","Others",NA
"PLTP",-0.179112021465894,-0.179112021465894,1,"X6263.77","Others",NA
"PLVAP",-0.366656593108982,-0.366656593108982,1,"X8565.160","Others",NA
"PLXDC1",0.38056275319426,0.38056275319426,1,"X9235.3","Others",NA
"PLXDC2",0.468590253570141,0.468590253570141,1,"X10576.7","Others",NA
"PLXNA1",0.48045739364243,0.48045739364243,1,"X9005.16","Others",NA
"PLXNA4",0.472660138963075,0.472660138963075,1,"X19560.23","Others",NA
"PLXNB2",0.379927429531869,0.379927429531869,1,"X9216.100","Others",NA
"PLXNB3",0.297049739358644,0.297049739358644,1,"X16922.53","Others",NA
"PLXNC1",0.409972493780999,0.409972493780999,1,"X4564.2","Others",NA
"PLXND1",0.502225288234463,0.502225288234463,1,"X19561.216","Others",NA
"PMEL",-0.221058036996122,-0.221058036996122,1,"X6472.40","Others",NA
"PML",-0.236343513788694,-0.236343513788694,1,"X25270.3","Others",NA
"PMP2",-0.104687832973576,-0.104687832973576,1,"X15422.12","Others",NA
"PMPCA",0.284466272001381,0.284466272001381,1,"X24907.3","Others",NA
"PNKP",-0.374826663116841,-0.374826663116841,1,"X13657.2","Others",NA
"PNMT",-0.259820055331948,-0.259820055331948,1,"X17204.17","Others",NA
"PNPO",0.319078702610927,0.319078702610927,1,"X17804.102","Others",NA
"POFUT1",0.268269411869495,0.268269411869495,1,"X5634.39","Others",NA
"POLB",-0.379414475746361,-0.379414475746361,1,"X21210.33","Others",NA
"POLE2",-0.104332409951447,-0.104332409951447,1,"X11562.9","Others",NA
"POLR1C",-0.217478818859018,-0.217478818859018,1,"X12939.1","Others",NA
"POLR2E",-0.32100913929992,-0.32100913929992,1,"X20441.35","Others",NA
"POLR2F",-0.228580359193109,-0.228580359193109,1,"X20448.7","Others",NA
"POLR2J",-0.0981009492200427,-0.0981009492200427,1,"X19199.3","Others",NA
"POLR2K",0.321442108034656,0.321442108034656,1,"X19134.66","Others",NA
"POLR2M",-0.122203241885481,-0.122203241885481,1,"X23398.1","Others",NA
"POLR3F",-0.111737450800306,-0.111737450800306,1,"X11444.49","Others",NA
"POMC",0.287981870559632,0.287981870559632,1,"X9204.33","Others",NA
"POMGNT2",0.236534609243193,0.236534609243193,1,"X6359.50","Others",NA
"POMK",0.442392016203606,0.442392016203606,1,"X10582.36","Others",NA
"PON1",-0.118092001588909,-0.118092001588909,1,"X4261.55","Others",NA
"PON2",0.117543958717154,0.117543958717154,1,"X22003.4","Others",NA
"POR",0.281500985810738,0.281500985810738,1,"X2731.29","Others",NA
"POSTN",0.185913128381721,0.185913128381721,2,"X6645.53","Others",NA
"POU6F1",0.423770255931898,0.423770255931898,1,"X21194.39","Others",NA
"PPA2",0.178000306859498,0.178000306859498,1,"X18307.71","Others",NA
"PPARG",-0.123112788403989,-0.123112788403989,1,"X24221.3","Others",NA
"PPARGC1A",-0.147904331565288,-0.147904331565288,1,"X11825.27","Others",NA
"PPCS",-0.242970266076152,-0.242970266076152,1,"X17843.30","Others",NA
"PPIA",0.514126842165348,0.514126842165348,1,"X3844.2","Tau Folding/Stability",NA
"PPIB",-0.32910796356329,-0.32910796356329,1,"X4718.5","Tau Folding/Stability",NA
"PPIC",0.28401247460833,0.28401247460833,1,"X18819.21","Tau Folding/Stability",NA
"PPIF",0.220834596091413,0.220834596091413,1,"X5248.68","Tau Folding/Stability",NA
"PPIG",-0.203965541396032,-0.203965541396032,1,"X18449.33","Others",NA
"PPIH",0.175891035287468,0.175891035287468,1,"X12449.16","Others",NA
"PPIL1",0.223225954249948,0.223225954249948,1,"X9884.8","Others",NA
"PPIL3",-0.280977213131281,-0.280977213131281,1,"X21638.5","Others",NA
"PPM1A",0.319666685156333,0.319666685156333,1,"X12619.14","Others",NA
"PPM1B",0.593570333386159,0.593570333386159,1,"X22009.1","Others",NA
"PPM1D",-0.099971551569463,-0.099971551569463,1,"X11315.148","Others",NA
"PPM1F",0.364092617636902,0.364092617636902,1,"X23923.26","Others",NA
"PPM1G",0.411307059856193,0.411307059856193,1,"X21823.5","Others",NA
"PPM1L",-0.138065264106364,-0.138065264106364,1,"X7187.3","Others",NA
"PPME1",0.350874370017289,0.350874370017289,1,"X17852.5","Others",NA
"PPP1CC",0.256207329334008,0.256207329334008,1,"X19295.32","Tau Phosphatases",NA
"PPP1R10",-0.2131944707983,-0.2131944707983,1,"X22533.95","Others",NA
"PPP1R14A",0.231137892672195,0.231137892672195,1,"X19117.3","Others",NA
"PPP1R1A",0.69127622695236,0.69127622695236,1,"X17706.4","Others",NA
"PPP1R2",0.439665920311591,0.439665920311591,1,"X19152.4","Others",NA
"PPP1R27",-0.10854631039623,-0.10854631039623,1,"X23589.21","Others",NA
"PPP1R42",0.101115187179884,0.101115187179884,1,"X22536.1","Others",NA
"PPP1R8",-0.11269471083847,-0.11269471083847,1,"X13039.1","Others",NA
"PPP1R9B",-0.339691576334788,-0.339691576334788,1,"X21991.79","Others",NA
"PPP2R1A",0.208289005049902,0.208289005049902,1,"X12621.55","Tau Phosphatases",NA
"PPP2R3A",0.146213780133253,0.146213780133253,1,"X13665.35","Others",NA
"PPP2R5A",0.270989866224822,0.270989866224822,1,"X13622.16","Tau Phosphatases",NA
"PPP2R5D",0.234978071597674,0.234978071597674,1,"X22068.5","Tau Phosphatases",NA
"PPP3CA|PPP3R1",0.814686278598969,0.814686278598969,1,"X4903.72","Others",NA
"PPP3R1",0.854402413370591,0.854402413370591,1,"X15545.13","Tau Phosphatases",NA
"PPP3R2",-0.240743267715949,-0.240743267715949,1,"X18866.8","Others",NA
"PPP4C",0.222497844611397,0.222497844611397,1,"X22534.14","Others",NA
"PPP4R3A",-0.173550987060326,-0.173550987060326,1,"X10866.60","Others",NA
"PRAME",0.173705024019687,0.173705024019687,1,"X25951.17","Others",NA
"PRC1",-0.383824593719654,-0.383824593719654,1,"X15310.61","Others",NA
"PRDX1",0.475452351890131,0.475452351890131,1,"X3855.56","Others",NA
"PRDX3",0.744733175321648,0.744733175321648,1,"X8358.30","Others",NA
"PRDX5",-0.126992165474517,-0.126992165474517,1,"X5017.19","Others",NA
"PRDX6",0.373730774465191,0.373730774465191,1,"X5018.68","Others",NA
"PREP",0.498292196097407,0.498292196097407,1,"X14273.19","Others",NA
"PRG3",-0.197392435801002,-0.197392435801002,1,"X9015.1","Others",NA
"PRKAA2|PRKAB2|PRKAG1",-0.305409293967163,-0.305409293967163,1,"X5245.40","Others",NA
"PRKAR1A",0.699705669107899,0.699705669107899,1,"X21483.155","Others",NA
"PRKAR1B",0.6079936291309,0.6079936291309,1,"X12479.50","Others",NA
"PRKAR2B",0.503316336457211,0.503316336457211,1,"X25463.3","Others",NA
"PRKCB",0.576515466564262,0.576515466564262,1,"X5475.10","Tau Kinases",NA
"PRKCG",0.752719526157261,0.752719526157261,1,"X5476.66","Tau Kinases","Synaptic Proteins"
"PRKCI",-0.294703972329056,-0.294703972329056,1,"X3379.29","Tau Kinases",NA
"PRKCQ",-0.346369391786178,-0.346369391786178,1,"X3817.18","Others",NA
"PRKCSH",0.542317899303298,0.542317899303298,1,"X5687.5","Others",NA
"PRKCZ",-0.334038354412217,-0.334038354412217,1,"X2645.54","Tau Kinases",NA
"PRKG1",0.391702044866497,0.391702044866497,1,"X13067.5","Tau Kinases",NA
"PRKN",0.268503655461385,0.268503655461385,1,"X13013.41","Others",NA
"PRKRA",-0.379169697733087,-0.379169697733087,1,"X22010.36","Others",NA
"PRL",-0.183059164685181,-0.183059164685181,2,"X10967.12","Others",NA
"PRLH",-0.39570681107714,-0.39570681107714,1,"X6543.182","Others",NA
"PRND",0.12525022676483,0.12525022676483,1,"X18231.147","Others",NA
"PROC",0.0405151548037926,0.0405151548037926,2,"X2961.1","Others",NA
"PROCR",0.263874366468315,0.263874366468315,1,"X24023.35","Others",NA
"PROK1",-0.200195734137815,-0.200195734137815,1,"X14703.6","Others",NA
"PROK2",-0.150104333024324,-0.150104333024324,1,"X10754.113","Others",NA
"PRPF18",-0.124873981777082,-0.124873981777082,1,"X24698.12","Others",NA
"PRPF19",-0.15520999570957,-0.15520999570957,1,"X25054.15","Others",NA
"PRPF6",0.231046628849051,0.231046628849051,1,"X9581.4","Others",NA
"PRPSAP1",-0.11074007387239,-0.11074007387239,1,"X9478.69","Others",NA
"PRRG1",0.12017879819216,0.12017879819216,1,"X8306.54","Others",NA
"PRRG4",0.258791867956408,0.258791867956408,1,"X9579.59","Others",NA
"PRRT2",0.699436080850882,0.699436080850882,1,"X23929.159","Others",NA
"PRSS22",0.21209905131178,0.21209905131178,1,"X4534.10","Others",NA
"PRSS27",0.378101407223838,0.378101407223838,2,"X15535.3","Others",NA
"PRSS57",-0.402797492042257,-0.402797492042257,1,"X8351.17","Others",NA
"PRSS8",0.25019884841507,0.25019884841507,2,"X15513.108","Others",NA
"PRTFDC1",0.343570769156817,0.343570769156817,1,"X20950.159","Others",NA
"PRTG",0.318378300216439,0.318378300216439,1,"X21397.21","Others",NA
"PRTN3",-0.151420082903729,-0.151420082903729,2,"X13720.95","Others",NA
"PRX",-0.317062770372504,-0.317062770372504,1,"X25416.5","Others",NA
"PRXL2A",0.44370336541793,0.44370336541793,1,"X13423.94","Others",NA
"PSAT1",0.640690828855,0.640690828855,1,"X18342.2","Others",NA
"PSG1",-0.191032645675473,-0.191032645675473,1,"X15631.18","Others",NA
"PSG11",0.0995913597735936,0.0995913597735936,1,"X7846.44","Others",NA
"PSG2",-0.324202552543721,-0.324202552543721,1,"X6405.74","Others",NA
"PSG4",-0.125279922488627,-0.125279922488627,1,"X5649.83","Others",NA
"PSG6",-0.142566817205418,-0.142566817205418,1,"X6456.17","Others",NA
"PSG7",-0.13949459000364,-0.13949459000364,1,"X5651.50","Others",NA
"PSG8",-0.13294446087553,-0.13294446087553,1,"X6238.55","Others",NA
"PSMA1",0.134242352481859,0.134242352481859,2,"X7880.9","Others",NA
"PSMA2",0.424364271177828,0.424364271177828,1,"X4280.47","Others",NA
"PSMA4",0.290082209119631,0.290082209119631,1,"X14099.20","Others",NA
"PSMA5",0.341968861702974,0.341968861702974,1,"X18925.24","Others",NA
"PSMA7",0.535662855936927,0.535662855936927,1,"X12460.18","Others",NA
"PSMB1",0.388326588774338,0.388326588774338,1,"X12612.37","Others",NA
"PSMB10",0.268778870515881,0.268778870515881,1,"X21861.8","Others",NA
"PSMB2",0.488406245775803,0.488406245775803,1,"X19252.67","Others",NA
"PSMB3",0.490221007854897,0.490221007854897,1,"X18339.207","Others",NA
"PSMB4",0.411640412188287,0.411640412188287,1,"X18340.2","Others",NA
"PSMB5",0.332118391352657,0.332118391352657,1,"X12580.7","Others",NA
"PSMB6",0.33152614106633,0.33152614106633,1,"X10530.8","Others",NA
"PSMB9",-0.271284891944274,-0.271284891944274,1,"X18942.11","Others",NA
"PSMC3",-0.325793191244506,-0.325793191244506,1,"X23665.35","Others",NA
"PSMC5",0.266440048220892,0.266440048220892,1,"X25456.73","Others",NA
"PSMD10",-0.302012111716473,-0.302012111716473,1,"X18385.4","Others",NA
"PSMD11",-0.134367890773566,-0.134367890773566,1,"X13572.43","Others",NA
"PSMD4",-0.240598520581618,-0.240598520581618,1,"X13568.30","Others",NA
"PSMD5",0.242855904728261,0.242855904728261,1,"X10716.35","Others",NA
"PSMD6",0.312885983084473,0.312885983084473,1,"X23672.10","Others",NA
"PSMD7",-0.333343972031469,-0.333343972031469,1,"X3898.5","Others",NA
"PSMD9",0.322139025214173,0.322139025214173,1,"X13931.22","Others",NA
"PSME3",-0.0980645559275571,-0.0980645559275571,1,"X5204.13","Others",NA
"PSMG2",0.356703199294973,0.356703199294973,1,"X21136.1","Others",NA
"PSMG4",0.197397320230864,0.197397320230864,1,"X20967.137","Others",NA
"PSPC1",-0.252452514760119,-0.252452514760119,1,"X24948.79","Others",NA
"PSPH",0.179174978478828,0.179174978478828,1,"X24681.2","Others",NA
"PSTPIP1",-0.169332322468818,-0.169332322468818,1,"X19168.71","Others",NA
"PTEN",-0.253682006720457,-0.253682006720457,1,"X3831.21","Tau Phosphatases",NA
"PTGES3",0.43230403534627,0.43230403534627,1,"X17154.2","Others",NA
"PTGFRN",0.332611642829943,0.332611642829943,1,"X12727.7","Others",NA
"PTGR1",0.193132777808788,0.193132777808788,2,"X19617.5","Others",NA
"PTGS2",-0.113875399099,-0.113875399099,1,"X3761.4","Others",NA
"PTH",0.267860390587319,0.267860390587319,1,"X19640.2","Others",NA
"PTHLH",0.20381365208754,0.20381365208754,1,"X2962.50","Others",NA
"PTK2",-0.137198772710594,-0.137198772710594,1,"X4986.59","Others",NA
"PTK2B",-0.34815923253444,-0.34815923253444,1,"X11395.5","Others",NA
"PTK7",0.233453311218375,0.233453311218375,1,"X9525.1","Others",NA
"PTN",0.15892028427362,0.15892028427362,1,"X3045.72","Others",NA
"PTP4A1",0.265364184477919,0.265364184477919,1,"X17812.2","Others",NA
"PTP4A2",0.164382644944585,0.164382644944585,1,"X11699.16","Others",NA
"PTP4A3",0.200083820484669,0.200083820484669,1,"X19231.22","Others",NA
"PTPA",0.715723609944702,0.715723609944702,1,"X24717.26","Others",NA
"PTPMT1",-0.119999828707885,-0.119999828707885,1,"X21167.33","Others",NA
"PTPN1",0.208138381048303,0.208138381048303,1,"X3005.5","Others",NA
"PTPN11",0.425336859265915,0.425336859265915,2,"X3397.7","Others",NA
"PTPN4",0.400532015887966,0.400532015887966,1,"X14254.27","Others",NA
"PTPN6",-0.355048176409273,-0.355048176409273,1,"X4318.12","Others",NA
"PTPRD",0.58126021762367,0.58126021762367,1,"X9296.15","Others",NA
"PTPRJ",0.520970608216808,0.520970608216808,1,"X8250.2","Others",NA
"PTPRR",0.389373007248626,0.389373007248626,1,"X6361.49","Others",NA
"PTPRS",0.411495239246307,0.411495239246307,1,"X6049.64","Others",NA
"PTPRU",0.295733492532916,0.295733492532916,1,"X8337.65","Others",NA
"PTRH2",0.129076228932586,0.129076228932586,1,"X16887.29","Others",NA
"PTS",-0.243087307002305,-0.243087307002305,1,"X12014.19","Others",NA
"PTTG1",-0.112793446454456,-0.112793446454456,1,"X17727.1","Others",NA
"PTX3",-0.357516655411085,-0.357516655411085,1,"X6447.73","Others",NA
"PUDP",0.509838108215813,0.509838108215813,1,"X20912.10","Others",NA
"PUF60",0.429004097375592,0.429004097375592,1,"X10575.31","Others",NA
"PURB",-0.104548452500723,-0.104548452500723,1,"X18300.39","Others",NA
"PUS7",0.270775353225831,0.270775353225831,1,"X23656.9","Others",NA
"PVR",-0.232661002923047,-0.232661002923047,1,"X8064.125","Others",NA
"PWWP2B",-0.141352726333378,-0.141352726333378,1,"X24267.24","Others",NA
"PWWP3A",0.187811527643697,0.187811527643697,1,"X22385.2","Others",NA
"PXDN",0.122787224933843,0.122787224933843,1,"X13463.1","Others",NA
"PXDNL",-0.0982070078740092,-0.0982070078740092,1,"X11324.3","Others",NA
"PXYLP1",0.235905213910668,0.235905213910668,1,"X6079.59","Others",NA
"PYCARD",0.33921523868076,0.33921523868076,1,"X24671.15","Others",NA
"QDPR",0.253254157470963,0.253254157470963,1,"X11257.1","Others",NA
"QKI",-0.212807798193881,-0.212807798193881,1,"X7253.6","Others",NA
"QPCT",0.463092550881626,0.463092550881626,1,"X7849.3","Others",NA
"QPCTL",0.456326935501095,0.456326935501095,1,"X8866.53","Others",NA
"QSOX1",0.357273148542265,0.357273148542265,1,"X6217.23","Others",NA
"QSOX2",0.427657297400946,0.427657297400946,1,"X8397.147","Others",NA
"QTRT1",-0.104995511201113,-0.104995511201113,1,"X21380.77","Others",NA
"QTRT2",0.423262624280104,0.423262624280104,1,"X21373.8","Others",NA
"RAB11A",0.0990136426848496,0.0990136426848496,1,"X17744.31","Others",NA
"RAB11B",0.100114677144774,0.100114677144774,1,"X20086.5","Others",NA
"RAB13",0.351852554176007,0.351852554176007,1,"X19282.3","Others",NA
"RAB14",0.292845130968558,0.292845130968558,1,"X14283.12","Others",NA
"RAB18",0.401185486094594,0.401185486094594,1,"X12945.33","Others",NA
"RAB1A",0.417725779319553,0.417725779319553,1,"X19223.6","Others",NA
"RAB1B",0.131800558810264,0.131800558810264,1,"X19278.19","Others",NA
"RAB21",-0.126671465039307,-0.126671465039307,1,"X17514.48","Others",NA
"RAB22A",0.293547923595484,0.293547923595484,1,"X12408.333","Others",NA
"RAB24",0.440430657350834,0.440430657350834,1,"X20934.13","Others",NA
"RAB26",-0.1217977651191,-0.1217977651191,1,"X6997.32","Others",NA
"RAB27A",0.258002663683445,0.258002663683445,1,"X9504.19","Others",NA
"RAB2A",-0.253755490475028,-0.253755490475028,2,"X16857.2","Others",NA
"RAB2B",-0.345142594503813,-0.345142594503813,1,"X19253.82","Others",NA
"RAB31",0.10663459325041,0.10663459325041,1,"X13597.20","Others",NA
"RAB32",-0.3887797914556,-0.3887797914556,1,"X17778.19","Others",NA
"RAB33A",-0.173599901426704,-0.173599901426704,1,"X23255.7","Others",NA
"RAB37",-0.351163587433805,-0.351163587433805,1,"X23282.19","Others",NA
"RAB38",0.344005311288259,0.344005311288259,1,"X23310.51","Others",NA
"RAB39B",0.448503790050128,0.448503790050128,1,"X12403.30","Others",NA
"RAB3B",-0.114492470677074,-0.114492470677074,1,"X16847.39","Others",NA
"RAB3C",-0.378610948158104,-0.378610948158104,1,"X19586.89","Others",NA
"RAB3D",-0.254752700562911,-0.254752700562911,1,"X19808.26","Others",NA
"RAB4A",0.122325874673796,0.122325874673796,1,"X16883.57","Others",NA
"RAB5A",-0.370471767346914,-0.370471767346914,1,"X17205.21","Others",NA
"RAB5B",-0.130529329533378,-0.130529329533378,1,"X19222.124","Others",NA
"RAB5C",-0.230760117244471,-0.230760117244471,1,"X14287.6","Others",NA
"RAB6A",0.307237937639682,0.307237937639682,1,"X20083.1","Others",NA
"RAB6B",0.448172022407166,0.448172022407166,1,"X14271.23","Others",NA
"RAB8B",-0.271678883584296,-0.271678883584296,1,"X20167.6","Others",NA
"RABEP1",-0.355328975041294,-0.355328975041294,1,"X24417.22","Others",NA
"RABEPK",0.12423447749978,0.12423447749978,1,"X13599.15","Others",NA
"RABGAP1L",0.416178573546273,0.416178573546273,1,"X25286.33","Others",NA
"RABIF",-0.119313558121404,-0.119313558121404,1,"X18483.36","Others",NA
"RABL3",-0.118443597885056,-0.118443597885056,1,"X23312.16","Others",NA
"RABL6",0.807844410025485,0.807844410025485,1,"X25276.32","Others",NA
"RAC2",-0.270584783240954,-0.270584783240954,1,"X18950.13","Others",NA
"RACGAP1",0.109122998598485,0.109122998598485,1,"X13587.10","Others",NA
"RACK1",-0.13915684003994,-0.13915684003994,1,"X21857.26","Others",NA
"RAD23A",0.709432423666962,0.709432423666962,1,"X10058.1","Others",NA
"RAD23B",0.666296489341824,0.666296489341824,1,"X12522.6","Others",NA
"RAET1L",0.155147931173213,0.155147931173213,2,"X10589.7","Others",NA
"RAF1",0.724090184818603,0.724090184818603,1,"X10001.7","Growth Factor Signaling",NA
"RALA",0.338936233610381,0.338936233610381,1,"X14332.3","Others",NA
"RAMP1",0.238700564115053,0.238700564115053,1,"X15436.40","Others",NA
"RAN",0.135380664763458,0.135380664763458,1,"X4282.3","Others",NA
"RANBP1",-0.281976322373313,-0.281976322373313,1,"X18191.23","Others",NA
"RANBP3",0.709420063742776,0.709420063742776,1,"X14037.18","Others",NA
"RANGAP1",-0.240958998145695,-0.240958998145695,1,"X25036.10","Others",NA
"RAP1GAP",0.305145101650542,0.305145101650542,1,"X13735.1","Others",NA
"RAP1GDS1",0.146308070285243,0.146308070285243,1,"X14106.46","Others",NA
"RAP2A",0.210409453094365,0.210409453094365,1,"X9885.41","Others",NA
"RAPGEF1",-0.242999530639444,-0.242999530639444,1,"X25956.9","Others",NA
"RASSF5",-0.104261644632411,-0.104261644632411,1,"X23406.3","Others",NA
"RB1",-0.386495576798258,-0.386495576798258,1,"X5024.67","Others",NA
"RBBP4",0.119715615512297,0.119715615512297,1,"X15331.47","Others",NA
"RBBP5",-0.412661093111963,-0.412661093111963,1,"X13631.1","Others",NA
"RBBP6",-0.128022014387174,-0.128022014387174,1,"X9887.40","Others",NA
"RBBP9",0.212096845885196,0.212096845885196,1,"X10064.12","Others",NA
"RBFOX1",0.229069548645937,0.229069548645937,1,"X22074.35","Others",NA
"RBFOX2",0.509816050275691,0.509816050275691,1,"X11462.8","Others",NA
"RBKS",0.144072994984459,0.144072994984459,1,"X19467.3","Others",NA
"RBL1",-0.10307997158206,-0.10307997158206,1,"X12879.5","Others",NA
"RBM17",-0.363355754130388,-0.363355754130388,1,"X17391.10","Others",NA
"RBM19",-0.34061443975935,-0.34061443975935,1,"X11468.15","Others",NA
"RBM22",0.391661559357324,0.391661559357324,1,"X12980.31","Others",NA
"RBM23",-0.391955704907818,-0.391955704907818,1,"X11590.5","Others",NA
"RBM39",-0.348133022023038,-0.348133022023038,1,"X4284.18","Others",NA
"RBM41",-0.292715220393681,-0.292715220393681,1,"X23690.228","Others",NA
"RBM46",0.26341681133766,0.26341681133766,1,"X13958.5","Others",NA
"RBMS1",-0.304884869108705,-0.304884869108705,1,"X22547.17","Others",NA
"RBP1",0.466078150441137,0.466078150441137,2,"X22955.28","Others",NA
"RBP4",-0.129806050697522,-0.129806050697522,1,"X7831.39","Others",NA
"RBP5",-0.472582781786306,-0.472582781786306,1,"X19241.31","Others",NA
"RBP7",0.306491771970177,0.306491771970177,1,"X14208.3","Others",NA
"RBPMS2",0.108296793384264,0.108296793384264,1,"X23300.3","Others",NA
"RCAN2",0.504742760400711,0.504742760400711,1,"X20975.2","Others",NA
"RCN3",0.278511700580618,0.278511700580618,2,"X23017.17","Others",NA
"RCSD1",-0.368830854317703,-0.368830854317703,1,"X23620.16","Others",NA
"RDH10",-0.133156784106614,-0.133156784106614,1,"X19613.16","Others",NA
"RDH12",0.358610249163908,0.358610249163908,1,"X21345.93","Others",NA
"RDH13",0.255642669344686,0.255642669344686,1,"X24409.2","Others",NA
"RDH16",-0.142791288211599,-0.142791288211599,1,"X12881.17","Others",NA
"RDX",0.500529571322028,0.500529571322028,1,"X18373.13","Others",NA
"RECQL",-0.126555070902352,-0.126555070902352,1,"X11431.235","Others",NA
"REEP2",0.153974799768685,0.153974799768685,1,"X23305.38","Others",NA
"REG1B",-0.376102720490636,-0.376102720490636,1,"X23018.4","Others",NA
"REG3A",-0.128234452559565,-0.128234452559565,1,"X9277.16","Others",NA
"REG3G",-0.247190310790954,-0.247190310790954,1,"X15476.6","Others",NA
"RELB",0.233716181845722,0.233716181845722,1,"X11464.9","Microglia / Immune",NA
"RELL1",0.302470150563929,0.302470150563929,1,"X13399.33","Others",NA
"RELN",0.261627000050398,0.261627000050398,1,"X21713.11","Others",NA
"RELT",0.518740647480807,0.518740647480807,2,"X5115.31","Others",NA
"REPIN1",-0.0988066814046205,-0.0988066814046205,1,"X13554.78","Others",NA
"REPS2",0.130209882163835,0.130209882163835,1,"X24944.12","Others",NA
"RER1",-0.142218206133762,-0.142218206133762,1,"X24677.106","Others",NA
"RET",0.30728732122319,0.30728732122319,1,"X3220.40","Others",NA
"RETREG1",0.122478445039799,0.122478445039799,1,"X8556.5","Others",NA
"REXO2",0.518364634340794,0.518364634340794,1,"X13590.1","Others",NA
"RFFL",0.318124376295324,0.318124376295324,1,"X14186.13","Others",NA
"RFK",-0.131281467571406,-0.131281467571406,1,"X13059.33","Others",NA
"RFNG",0.264928921405563,0.264928921405563,1,"X7203.125","Others",NA
"RFPL3",-0.274177924124774,-0.274177924124774,1,"X23375.4","Others",NA
"RFX5",-0.297924472445463,-0.297924472445463,1,"X24958.3","Others",NA
"RFXAP",-0.1534559554141,-0.1534559554141,1,"X12726.3","Others",NA
"RGMA",0.509897275539447,0.509897275539447,1,"X5483.1","Others",NA
"RGMB",0.349858102669481,0.349858102669481,1,"X3331.8","Others",NA
"RGN",0.273791644826816,0.273791644826816,1,"X23224.11","Others",NA
"RGS1",-0.390482579887528,-0.390482579887528,1,"X18945.11","Others",NA
"RGS10",0.332919722904074,0.332919722904074,1,"X11634.32","Others",NA
"RGS13",-0.17834016401324,-0.17834016401324,1,"X22548.18","Others",NA
"RGS18",0.102498100334245,0.102498100334245,1,"X13982.33","Others",NA
"RGS19",-0.193746079459386,-0.193746079459386,1,"X12713.365","Others",NA
"RGS21",0.15665704589716,0.15665704589716,1,"X19381.7","Others",NA
"RGS4",-0.178074069559755,-0.178074069559755,2,"X17855.28","Others",NA
"RGS7",0.313295940087143,0.313295940087143,1,"X12538.19","Others",NA
"RGS8",0.229025736548269,0.229025736548269,1,"X11666.72","Others",NA
"RHEX",0.467143865718483,0.467143865718483,1,"X8102.239","Others",NA
"RHOB",0.412152533666503,0.412152533666503,1,"X18166.4","Others",NA
"RHOC",-0.127114952689415,-0.127114952689415,1,"X17764.108","Others",NA
"RHOG",0.249916958279903,0.249916958279903,1,"X12540.25","Others",NA
"RHOQ",0.27542244606055,0.27542244606055,1,"X21827.7","Others",NA
"RHOT1",0.147674957706369,0.147674957706369,1,"X21752.10","Others",NA
"RIC8A",0.302244171637773,0.302244171637773,1,"X25245.22","Others",NA
"RILP",-0.216804429445469,-0.216804429445469,1,"X24244.81","Others",NA
"RILPL1",-0.291915117769257,-0.291915117769257,1,"X24496.26","Others",NA
"RILPL2",-0.367608224235238,-0.367608224235238,1,"X24655.23","Others",NA
"RIOX2",-0.2150421660524,-0.2150421660524,1,"X21371.12","Others",NA
"RIPK2",0.142313790191076,0.142313790191076,1,"X8993.151","Others",NA
"RIPPLY1",-0.103178311908936,-0.103178311908936,1,"X9767.22","Others",NA
"RIPPLY3",-0.113865990419401,-0.113865990419401,1,"X24634.1","Others",NA
"RMDN1",0.323023835769799,0.323023835769799,1,"X7096.30","Others",NA
"RNASE1",0.518854215550834,0.518854215550834,1,"X7211.2","Others",NA
"RNASE10",-0.138030954096027,-0.138030954096027,1,"X5602.62","Others",NA
"RNASE13",-0.189696662610939,-0.189696662610939,1,"X6424.2","Others",NA
"RNASE2",0.345401193621451,0.345401193621451,1,"X8394.56","Others",NA
"RNASE3",0.181325299297909,0.181325299297909,2,"X5741.55","Others",NA
"RNASE4",0.147355131074185,0.147355131074185,1,"X5644.60","Others",NA
"RNASE6",0.128333872675013,0.128333872675013,1,"X5646.20","Others",NA
"RNASET2",0.125123689269087,0.125123689269087,1,"X16913.8","Others",NA
"RND1",0.45074030730701,0.45074030730701,1,"X13574.50","Others",NA
"RND3",-0.0973850624980957,-0.0973850624980957,1,"X15439.21","Others",NA
"RNF122",0.559238436391095,0.559238436391095,1,"X11160.56","Others",NA
"RNF128",0.0251246711315426,0.0251246711315426,2,"X6510.56","Others",NA
"RNF141",-0.282074403826002,-0.282074403826002,1,"X23286.2","Others",NA
"RNF146",0.263087461765824,0.263087461765824,1,"X11401.181","Others",NA
"RNF215",0.403987010795461,0.403987010795461,1,"X7758.217","Others",NA
"RNF41",0.293598157990742,0.293598157990742,1,"X13411.21","Others",NA
"RNF43",-0.18224692010759,-0.18224692010759,1,"X14120.2","Others",NA
"RNF8",0.393442300665599,0.393442300665599,1,"X14663.44","Others",NA
"RNPC3",0.277277663322753,0.277277663322753,1,"X12814.17","Others",NA
"ROBO1",0.506865812648713,0.506865812648713,1,"X5740.17","Others",NA
"ROBO2",0.503752396009992,0.503752396009992,2,"X22578.17","Others",NA
"ROBO4",0.385257070088956,0.385257070088956,2,"X9232.1","Others",NA
"ROR1",0.308801298583955,0.308801298583955,2,"X2590.69","Others",NA
"ROR2",0.433872596805541,0.433872596805541,1,"X7861.9","Others",NA
"RORB",-0.404453155656045,-0.404453155656045,1,"X12483.62","Others",NA
"RORC",-0.150475665274783,-0.150475665274783,1,"X11827.7","Others",NA
"RP9",0.374449664689253,0.374449664689253,1,"X20988.63","Others",NA
"RPA2",-0.316515154538563,-0.316515154538563,1,"X19264.6","Others",NA
"RPAIN",0.0994488170004607,0.0994488170004607,1,"X21219.7","Others",NA
"RPE",0.174406604439522,0.174406604439522,1,"X12646.2","Others",NA
"RPIA",-0.10399938131085,-0.10399938131085,1,"X12333.87","Others",NA
"RPL11",-0.257315396132874,-0.257315396132874,1,"X21286.29","Others",NA
"RPL26L1",-0.206572184083944,-0.206572184083944,1,"X21583.14","Others",NA
"RPL5",-0.314997544189787,-0.314997544189787,1,"X20999.12","Others",NA
"RPN1",0.29670363043755,0.29670363043755,2,"X10490.3","Others",NA
"RPP25",-0.369525766870414,-0.369525766870414,1,"X23311.19","Others",NA
"RPRD1A",-0.104609887448475,-0.104609887448475,1,"X13515.8","Others",NA
"RPRD1B",-0.409362082212388,-0.409362082212388,1,"X19126.4","Others",NA
"RPS20",-0.256735732417166,-0.256735732417166,1,"X21643.8","Others",NA
"RPS27A",0.407698422888197,0.407698422888197,1,"X4474.19","Others",NA
"RPS4X",-0.351470878983913,-0.351470878983913,1,"X9758.17","Others",NA
"RPS5",-0.109720596059191,-0.109720596059191,1,"X19195.85","Others",NA
"RPS6KA1",-0.270698338766006,-0.270698338766006,1,"X12329.21","Growth Factor Signaling",NA
"RPS6KA3",-0.375315567928166,-0.375315567928166,1,"X3469.74","Tau Kinases","Growth Factor Signaling"
"RPS6KA6",-0.288269607908451,-0.288269607908451,1,"X12688.115","Others",NA
"RPS6KB1",-0.128219170148645,-0.128219170148645,2,"X11817.1","Tau Kinases","Growth Factor Signaling"
"RPS7",-0.401067108723182,-0.401067108723182,1,"X3864.5","Others",NA
"RRAD",-0.115369541186941,-0.115369541186941,1,"X23555.11","Others",NA
"RRM1",-0.110167099992198,-0.110167099992198,1,"X11360.39","Others",NA
"RRM2B",0.279575913580421,0.279575913580421,2,"X8925.25","Others",NA
"RSPO1",0.0522248078942192,0.0522248078942192,2,"X16614.27","Others",NA
"RSPO2",0.417080285257234,0.417080285257234,1,"X8409.3","Others",NA
"RSPO3",0.486759578853786,0.486759578853786,2,"X13094.75","Others",NA
"RSPO4",0.329841421174779,0.329841421174779,1,"X8464.31","Others",NA
"RTL6",-0.272349314391369,-0.272349314391369,1,"X20954.27","Others",NA
"RTN1",0.119230636861732,0.119230636861732,1,"X24651.1","Others",NA
"RTN4R",0.321035206198177,0.321035206198177,1,"X5105.2","Others",NA
"RTN4RL1",0.360200705791613,0.360200705791613,1,"X20546.71","Others",NA
"RTRAF",-0.1197020223818,-0.1197020223818,1,"X21272.100","Others",NA
"RUFY1",0.224773378599064,0.224773378599064,1,"X11425.31","Others",NA
"RUNX3",-0.3449681031984,-0.3449681031984,1,"X11138.16","Others",NA
"RUVBL1",-0.148459651808488,-0.148459651808488,1,"X12365.108","Others",NA
"RWDD1",0.47064298689556,0.47064298689556,1,"X21323.2","Others",NA
"RXRA",-0.103618949414031,-0.103618949414031,1,"X20245.13","Others",NA
"RYK",0.236584453966456,0.236584453966456,1,"X5583.62","Others",NA
"S100A10",-0.312120189774253,-0.312120189774253,1,"X15318.75","Others",NA
"S100A11",-0.097008322552329,-0.097008322552329,1,"X14011.17","Others",NA
"S100A12",-0.123864637954985,-0.123864637954985,1,"X5852.6","Others",NA
"S100A13",-0.188203691812767,-0.188203691812767,1,"X7223.60","Others",NA
"S100A16",0.305990677027695,0.305990677027695,1,"X17836.17","Others",NA
"S100A2",0.0978935783492358,0.0978935783492358,1,"X11969.5","Others",NA
"S100A4",0.0135749264350392,0.0135749264350392,2,"X14116.129","Others",NA
"S100A5",0.251073523965353,0.251073523965353,1,"X15303.63","Others",NA
"S100A6",0.193588149433997,0.193588149433997,1,"X13090.17","Others",NA
"S100A7",-0.242017658495718,-0.242017658495718,1,"X7916.10","Others",NA
"S100A8",-0.180436365588021,-0.180436365588021,2,"X24217.2","Others",NA
"S100A8|S100A9",-0.133557976081575,-0.133557976081575,1,"X17145.1","Others",NA
"S100A9",-0.260504396183348,-0.260504396183348,2,"X7812.11","Others",NA
"S100P",0.153229576722091,0.153229576722091,1,"X9926.4","Others",NA
"SAA1",-0.197923762511988,-0.197923762511988,2,"X4336.2","Others",NA
"SAMHD1",0.112002223085113,0.112002223085113,1,"X11303.7","Others",NA
"SAMM50",0.292684992510733,0.292684992510733,1,"X22772.125","Others",NA
"SAMSN1",-0.181161490215923,-0.181161490215923,1,"X21196.29","Others",NA
"SAP18",-0.401514493426922,-0.401514493426922,1,"X12830.4","Others",NA
"SAP30",-0.284011985448196,-0.284011985448196,1,"X12888.18","Others",NA
"SAP30L",-0.140800738652902,-0.140800738652902,1,"X22391.34","Others",NA
"SAR1A",-0.237082794202597,-0.237082794202597,1,"X17726.3","Others",NA
"SAR1B",-0.174349249022425,-0.174349249022425,1,"X21660.4","Others",NA
"SARG",-0.10122217409183,-0.10122217409183,1,"X24950.21","Others",NA
"SARS1",0.139389274835227,0.139389274835227,1,"X18178.13","Others",NA
"SAT2",0.163429676325656,0.163429676325656,1,"X12524.18","Others",NA
"SCAMP5",-0.128667637301133,-0.128667637301133,1,"X13509.5","Others",NA
"SCARA3",0.00202020031182433,0.00202020031182433,2,"X9569.14","Others",NA
"SCARA5",0.12890242964186,0.12890242964186,1,"X10419.1","Others",NA
"SCARB1",-0.248131500933347,-0.248131500933347,1,"X20534.6","Others",NA
"SCARF1",0.464243762069453,0.464243762069453,1,"X5129.12","Others",NA
"SCARF2",0.313446782546503,0.313446782546503,1,"X8956.96","Others",NA
"SCG5",0.47942599784866,0.47942599784866,1,"X15358.28","Others",NA
"SCGB1D1",0.470064560427525,0.470064560427525,1,"X21562.3","Others",NA
"SCGB1D2",0.266267283858839,0.266267283858839,1,"X6508.68","Others",NA
"SCGB2A1",-0.0782756766307174,-0.0782756766307174,2,"X9086.95","Others",NA
"SCGN",0.30993036134553,0.30993036134553,2,"X15305.7","Others",NA
"SCLY",0.339609710015674,0.339609710015674,1,"X21537.33","Others",NA
"SCMH1",0.219857729870231,0.219857729870231,1,"X12604.16","Others",NA
"SCN2B",0.678720505919294,0.678720505919294,1,"X8353.15","Others",NA
"SCN3B",0.386006267363182,0.386006267363182,1,"X20516.11","Others",NA
"SCO1",-0.390298277689939,-0.390298277689939,1,"X7853.19","Others",NA
"SCO2",-0.116413926059292,-0.116413926059292,1,"X16851.50","Others",NA
"SCP2",0.14477095559277,0.14477095559277,2,"X24293.39","Others",NA
"SCPEP1",-0.334030464307716,-0.334030464307716,1,"X23203.3","Others",NA
"SCRN3",-0.302267014310811,-0.302267014310811,1,"X24923.27","Others",NA
"SCUBE1",0.122810579498557,0.122810579498557,1,"X8989.40","Others",NA
"SCUBE3",0.298033728923688,0.298033728923688,1,"X16773.29","Others",NA
"SDC3",0.35717940117762,0.35717940117762,1,"X16612.28","Others",NA
"SDCBP",-0.169638415529911,-0.169638415529911,1,"X17806.6","Others",NA
"SDF2L1",0.179768692778128,0.179768692778128,1,"X6990.44","Others",NA
"SDHAF2",0.31068551551707,0.31068551551707,1,"X6420.4","Others",NA
"SDSL",0.436816759797222,0.436816759797222,1,"X17777.31","Others",NA
"SEC13",0.397377054013756,0.397377054013756,1,"X14689.3","Others",NA
"SEC14L4",-0.117113298861267,-0.117113298861267,1,"X25497.35","Others",NA
"SEC61B",-0.110579013371599,-0.110579013371599,1,"X7878.2","Others",NA
"SEC61G",-0.150857945262615,-0.150857945262615,1,"X8872.1","Others",NA
"SECTM1",0.160853387927057,0.160853387927057,1,"X13093.6","Others",NA
"SEL1L2",0.114244430917924,0.114244430917924,1,"X9082.25","Others",NA
"SELE",-0.136248411549698,-0.136248411549698,1,"X3470.1","Others",NA
"SELENBP1",-0.1857740971932,-0.1857740971932,1,"X25076.2","Others",NA
"SELENOF",0.33272269414722,0.33272269414722,1,"X20087.3","Others",NA
"SELENOM",0.401166620272664,0.401166620272664,1,"X15336.7","Others",NA
"SELENOW",0.672525700093649,0.672525700093649,1,"X18310.26","Others",NA
"SELP",0.105200584377381,0.105200584377381,1,"X4154.57","Others",NA
"SELPLG",0.168719734175772,0.168719734175772,1,"X11266.8","Others",NA
"SEMA3A",-0.369937023635846,-0.369937023635846,1,"X3222.11","Others",NA
"SEMA3B",-0.143533009225605,-0.143533009225605,1,"X5667.3","Others",NA
"SEMA3E",0.179449567101019,0.179449567101019,1,"X5363.51","Others",NA
"SEMA3G",0.45999116474067,0.45999116474067,1,"X5628.21","Others",NA
"SEMA4A",0.410837570965547,0.410837570965547,1,"X16915.153","Others",NA
"SEMA4B",0.321856931639464,0.321856931639464,1,"X9805.51","Others",NA
"SEMA4C",0.487175043156519,0.487175043156519,1,"X7923.41","Others",NA
"SEMA4D",0.436769870284354,0.436769870284354,1,"X5737.61","Others",NA
"SEMA4F",0.210448980336901,0.210448980336901,1,"X9932.49","Others",NA
"SEMA4G",0.296964539984249,0.296964539984249,1,"X20540.65","Others",NA
"SEMA5B",0.335042063244208,0.335042063244208,1,"X20527.47","Others",NA
"SEMA6A",0.240013817417562,0.240013817417562,2,"X7945.10","Others",NA
"SEMA6B",0.262306525120084,0.262306525120084,1,"X5121.3","Others",NA
"SEMA6C",0.0415115344178904,0.0415115344178904,2,"X7202.107","Others",NA
"SEMA6D",0.37074030487973,0.37074030487973,1,"X20530.2","Others",NA
"SEMA7A",0.257157123452094,0.257157123452094,1,"X7019.13","Others",NA
"SEMG1",0.104275390142688,0.104275390142688,1,"X7115.5","Others",NA
"SENP8",0.167624024527897,0.167624024527897,1,"X20966.7","Others",NA
"SEPHS1",0.116252303881441,0.116252303881441,1,"X14083.25","Others",NA
"SEPTIN11",0.576278512892411,0.576278512892411,1,"X12620.3","Others",NA
"SEPTIN5",0.530676992340211,0.530676992340211,1,"X19742.3","Others",NA
"SEPTIN6",-0.36239380872512,-0.36239380872512,1,"X17693.2","Others",NA
"SERPINA10",-0.250340541022678,-0.250340541022678,1,"X13119.26","Others",NA
"SERPINA11",-0.358422321518587,-0.358422321518587,1,"X9002.36","Others",NA
"SERPINA3",-0.187341836424239,-0.187341836424239,1,"X2879.9","Others",NA
"SERPINA7",-0.210834717371753,-0.210834717371753,1,"X2706.69","Others",NA
"SERPINB1",0.504828667739,0.504828667739,1,"X10737.96","Others",NA
"SERPINB2",0.173677959061203,0.173677959061203,1,"X21676.17","Others",NA
"SERPINB4",-0.145591626911615,-0.145591626911615,1,"X15444.45","Others",NA
"SERPINB5",-0.138425593773489,-0.138425593773489,1,"X15417.3","Others",NA
"SERPINB8",0.27143368470336,0.27143368470336,1,"X19130.81","Others",NA
"SERPINB9",0.35470690756831,0.35470690756831,1,"X21221.67","Others",NA
"SERPINC1",-0.234559361796074,-0.234559361796074,1,"X3344.60","Others",NA
"SERPIND1",0.162880845982117,0.162880845982117,1,"X3316.58","Others",NA
"SERPINE2",0.0756190236540075,0.0756190236540075,2,"X19154.41","Others",NA
"SERPINF1",-0.19213661637534,-0.19213661637534,2,"X7735.17","Others",NA
"SERPINF2",-0.13041314844332,-0.13041314844332,1,"X3024.18","Others",NA
"SERPING1",0.160160876428081,0.160160876428081,1,"X4479.14","Others",NA
"SET",0.198186415175038,0.198186415175038,1,"X5364.7","Others",NA
"SETD3",0.287004349288824,0.287004349288824,1,"X24260.4","Others",NA
"SEZ6L",0.503537557558749,0.503537557558749,1,"X19563.3","Others",NA
"SF3B6",-0.380215535108443,-0.380215535108443,1,"X21135.16","Others",NA
"SFN",0.333771389809374,0.333771389809374,1,"X4829.43","Others",NA
"SFRP1",0.388149538979081,0.388149538979081,2,"X14042.11","Others",NA
"SFRP4",-0.165582685355899,-0.165582685355899,2,"X17447.52","Others",NA
"SFRP5",0.142541400585782,0.142541400585782,1,"X23296.29","Others",NA
"SFTA2",0.19519102910153,0.19519102910153,1,"X10580.14","Others",NA
"SFTPB",-0.124901270506164,-0.124901270506164,1,"X10672.75","Others",NA
"SFTPD",0.09695617844202,0.09695617844202,1,"X19590.46","Others",NA
"SGF29",0.10765394538288,0.10765394538288,1,"X12788.6","Others",NA
"SGSH",-0.272422206722562,-0.272422206722562,1,"X21766.50","Others",NA
"SGTB",0.46104729375165,0.46104729375165,1,"X18837.9","Others",NA
"SH2B3",0.382263839489296,0.382263839489296,1,"X22019.21","Others",NA
"SH2D1A",-0.0978405894571509,-0.0978405894571509,1,"X4567.82","Others",NA
"SH2D1B",-0.240021574317969,-0.240021574317969,1,"X18840.205","Others",NA
"SH2D3C",-0.119236802349807,-0.119236802349807,1,"X12704.26","Others",NA
"SH3BGRL2",0.829434236265547,0.829434236265547,1,"X19113.66","Others",NA
"SH3BGRL3",0.424179576729968,0.424179576729968,1,"X17490.4","Others",NA
"SH3BP2",-0.121482970771934,-0.121482970771934,1,"X7769.29","Others",NA
"SH3BP5",-0.288763325814954,-0.288763325814954,1,"X23662.10","Others",NA
"SH3GL2",0.354082644151162,0.354082644151162,2,"X12499.108","Others",NA
"SH3GL3",0.0131830045513983,0.0131830045513983,2,"X18318.98","Others",NA
"SH3GLB1",0.127479964064117,0.127479964064117,1,"X16859.100","Others",NA
"SH3GLB2",-0.227753376287473,-0.227753376287473,1,"X18222.34","Others",NA
"SH3KBP1",-0.158856125666364,-0.158856125666364,1,"X24962.7","Others",NA
"SH3PXD2B",0.228793394742238,0.228793394742238,1,"X25297.11","Others",NA
"SHANK1",0.472927469554027,0.472927469554027,2,"X13256.21","Others",NA
"SHANK3",0.775706268018871,0.775706268018871,1,"X13242.134","Synaptic Proteins",NA
"SHARPIN",0.157999508279153,0.157999508279153,1,"X24472.28","Others",NA
"SHBG",0.103909195895769,0.103909195895769,2,"X4929.55","Others",NA
"SHC1",0.0504829571302579,0.0504829571302579,2,"X5272.55","Others",NA
"SHC4",-0.359814761371576,-0.359814761371576,1,"X11692.21","Others",NA
"SHD",0.178747322870246,0.178747322870246,1,"X23554.2","Others",NA
"SHMT2",-0.205801098594461,-0.205801098594461,1,"X12691.44","Others",NA
"SIAH1",0.13737544524805,0.13737544524805,1,"X21858.25","Others",NA
"SIGLEC11",-0.352612596607425,-0.352612596607425,1,"X8913.22","Others",NA
"SIGLEC14",0.241144301069172,0.241144301069172,2,"X8248.222","Others",NA
"SIGLEC15",-0.304311217708346,-0.304311217708346,1,"X10847.1","Others",NA
"SIGLEC5",0.258078742380404,0.257311605898202,3,"X16792.4","Others",NA
"SIGLEC7",0.313093818466723,0.313093818466723,1,"X2742.68","Others",NA
"SIGLEC8",-0.113279893351743,-0.113279893351743,1,"X7864.3","Others",NA
"SIGLEC9",0.105225945030376,0.105225945030376,1,"X3007.7","Others",NA
"SIL1",0.228629267602217,0.228629267602217,1,"X21338.44","Others",NA
"SIRPA",0.232629018473764,0.232629018473764,1,"X5430.66","Others",NA
"SIRPB2",-0.170949215569168,-0.170949215569168,1,"X5669.26","Others",NA
"SIRT2",0.179173652511249,0.179173652511249,2,"X23031.6","Others",NA
"SIRT6",-0.216088953821399,-0.216088953821399,1,"X21833.6","Others",NA
"SKIL",0.164268077065177,0.164268077065177,1,"X14670.1","Others",NA
"SKP1",-0.362797037266448,-0.362797037266448,1,"X3902.21","Others",NA
"SKP2",-0.359888788740848,-0.359888788740848,1,"X22777.46","Others",NA
"SLAMF1",0.100463278104766,0.100463278104766,1,"X7953.20","Others",NA
"SLAMF7",-0.103606094758531,-0.103606094758531,1,"X5487.7","Others",NA
"SLAMF8",0.182583844457265,0.182583844457265,1,"X8994.65","Others",NA
"SLBP",-0.333601289008196,-0.333601289008196,1,"X24648.8","Others",NA
"SLC14A2",-0.2263499270227,-0.2263499270227,1,"X12818.159","Others",NA
"SLC26A5",-0.156866825001775,-0.156866825001775,1,"X9127.4","Others",NA
"SLC27A2",-0.127756582906158,-0.127756582906158,1,"X9045.3","Others",NA
"SLC30A3",0.119991061036319,0.119991061036319,1,"X9081.39","Others",NA
"SLC35G2",-0.106412639011276,-0.106412639011276,1,"X13501.10","Others",NA
"SLC3A1",0.277402796087807,0.277402796087807,1,"X9000.177","Others",NA
"SLC5A8",-0.165194791375628,-0.165194791375628,1,"X13691.10","Others",NA
"SLC6A14",0.120500662197399,0.120500662197399,1,"X13053.6","Others",NA
"SLIT1",0.558815542259319,0.558815542259319,1,"X15634.139","Others",NA
"SLIT2",0.773628702555491,0.773628702555491,1,"X18930.28","Others",NA
"SLITRK1",0.505113386420397,0.505113386420397,2,"X15539.15","Others",NA
"SLITRK2",0.273755124643473,0.273755124643473,1,"X21385.5","Others",NA
"SLITRK3",0.256198432869229,0.256198432869229,1,"X10565.19","Others",NA
"SLITRK4",0.574168541400129,0.574168541400129,1,"X7139.14","Others",NA
"SLITRK5",0.534969262070168,0.534969262070168,1,"X4568.17","Others",NA
"SLITRK6",0.257304109466887,0.257304109466887,1,"X16916.19","Others",NA
"SMAD2",0.104386178908529,0.104386178908529,1,"X11353.143","Others",NA
"SMAD4",0.402038212716929,0.402038212716929,1,"X12022.12","Others",NA
"SMAD5",0.288819821933528,0.288819821933528,1,"X21478.20","Others",NA
"SMAP1",0.566177701386721,0.566177701386721,1,"X11649.3","Others",NA
"SMCO1",-0.118652144323867,-0.118652144323867,1,"X22779.75","Others",NA
"SMCO2",-0.138445780058032,-0.138445780058032,1,"X7925.18","Others",NA
"SMIM24",0.557448588855976,0.557448588855976,1,"X7108.7","Others",NA
"SMNDC1",-0.15508098228141,-0.15508098228141,1,"X17805.35","Others",NA
"SMOC1",0.788885427577756,0.788885427577756,2,"X5694.57","Others",NA
"SMOC2",0.429305323285953,0.429305323285953,1,"X15635.4","Others",NA
"SMPD1",0.122176313105848,0.122176313105848,1,"X10818.36","Others",NA
"SMR3A",-0.141552640145546,-0.141552640145546,1,"X7838.27","Others",NA
"SMS",0.192881008871507,0.192881008871507,1,"X18179.56","Others",NA
"SMTN",0.115593166433693,0.115593166433693,1,"X12546.1","Others",NA
"SMURF1",0.761263680755736,0.761263680755736,1,"X11557.3","Others",NA
"SNAI2",0.119645103186954,0.119645103186954,1,"X10014.31","Others",NA
"SNAP23",0.104537326678969,0.104537326678969,1,"X20241.9","Others",NA
"SNCA",0.120192237738909,0.120192237738909,1,"X8458.111","Synaptic Proteins",NA
"SNCG",0.611797613599762,0.611797613599762,1,"X19630.2","Others",NA
"SND1",-0.312639460205893,-0.312639460205893,1,"X24416.20","Others",NA
"SNF8",-0.127905966834737,-0.127905966834737,1,"X21834.8","Others",NA
"SNIP1",-0.197466859978753,-0.197466859978753,1,"X21645.6","Others",NA
"SNPH",-0.134728780394596,-0.134728780394596,1,"X17343.6","Others",NA
"SNRNP25",-0.294958588208153,-0.294958588208153,1,"X20982.29","Others",NA
"SNRPA",-0.215907508991758,-0.215907508991758,1,"X12678.66","Others",NA
"SNRPA1",-0.288326505465449,-0.288326505465449,1,"X21321.2","Others",NA
"SNRPB2",-0.296773349310395,-0.296773349310395,1,"X17364.8","Others",NA
"SNRPC",-0.120157491601945,-0.120157491601945,1,"X20918.28","Others",NA
"SNRPE",-0.285079301090861,-0.285079301090861,1,"X21260.74","Others",NA
"SNRPG",-0.321360880759906,-0.321360880759906,1,"X19276.124","Others",NA
"SNTA1",0.281820748920844,0.281820748920844,2,"X22946.55","Others",NA
"SNTB1",-0.334754333945159,-0.334754333945159,1,"X9078.207","Others",NA
"SNTN",0.114778224284567,0.114778224284567,1,"X21009.28","Others",NA
"SNU13",-0.100741909679944,-0.100741909679944,1,"X13602.6","Others",NA
"SNUPN",-0.299320528680866,-0.299320528680866,1,"X17765.3","Others",NA
"SNX1",0.174774722775179,0.174774722775179,1,"X8807.13","Others",NA
"SNX11",0.354346143848461,0.354346143848461,1,"X24685.12","Others",NA
"SNX12",0.542972254498563,0.542972254498563,1,"X24475.45","Others",NA
"SNX15",0.371412986368079,0.371412986368079,1,"X23416.47","Others",NA
"SNX16",0.301586260448435,0.301586260448435,1,"X23408.1","Others",NA
"SNX17",-0.348930464454767,-0.348930464454767,1,"X12845.18","Others",NA
"SNX27",0.198883867021816,0.198883867021816,1,"X24945.16","Others",NA
"SNX3",0.1831035539415,0.1831035539415,1,"X19503.2","Others",NA
"SNX4",-0.175729852865809,-0.175729852865809,1,"X3903.49","Others",NA
"SNX5",-0.251410193416765,-0.251410193416765,1,"X18327.6","Others",NA
"SNX7",-0.178786735599865,-0.178786735599865,1,"X14245.195","Others",NA
"SNX8",-0.109256369968122,-0.109256369968122,1,"X6925.26","Others",NA
"SOD1",0.175832435522139,0.175832435522139,1,"X2794.60","Others",NA
"SOD2",0.576324992109837,0.576324992109837,1,"X5008.51","Others",NA
"SOD3",-0.13251764190853,-0.13251764190853,1,"X8463.2","Others",NA
"SORCS1",0.364408281774283,0.364408281774283,1,"X15636.49","Others",NA
"SORCS3",0.352914374115869,0.352914374115869,2,"X15637.38","Others",NA
"SORD",0.15977492194981,0.15977492194981,1,"X15447.45","Others",NA
"SORT1",-0.104453608521705,-0.104453608521705,1,"X11300.32","Others",NA
"SOST",-0.120120864642789,-0.120120864642789,1,"X13101.60","Others",NA
"SOSTDC1",0.115118604256346,0.115118604256346,1,"X8237.56","Others",NA
"SOX6",0.192007019705528,0.192007019705528,1,"X24929.26","Others",NA
"SPA17",0.148016185433767,0.148016185433767,1,"X18242.8","Others",NA
"SPACA5",0.109189365275693,0.109189365275693,1,"X6494.60","Others",NA
"SPAG11B",0.214069641909577,0.214069641909577,1,"X5762.35","Others",NA
"SPAG7",-0.187571205114876,-0.187571205114876,1,"X21289.36","Others",NA
"SPANXA1",-0.308900967683021,-0.308900967683021,1,"X25217.35","Others",NA
"SPANXN3",0.125761765885488,0.125761765885488,1,"X22787.39","Others",NA
"SPANXN4",0.137378499366719,0.137378499366719,1,"X25419.59","Others",NA
"SPARC",0.242592227190562,0.242592227190562,1,"X14110.200","Others",NA
"SPARCL1",0.352069278068985,0.352069278068985,2,"X13707.27","Others",NA
"SPART",0.610247905502025,0.610247905502025,1,"X11161.5","Others",NA
"SPAST",0.222083812688131,0.222083812688131,2,"X10870.32","Others",NA
"SPATA22",0.242666768360452,0.242666768360452,1,"X22784.4","Others",NA
"SPATA46",0.394259449988433,0.394259449988433,1,"X22786.57","Others",NA
"SPATA9",0.153369923780951,0.153369923780951,1,"X7809.22","Others",NA
"SPATC1L",0.186895345733602,0.186895345733602,1,"X23245.5","Others",NA
"SPC25",0.425424251474526,0.425424251474526,1,"X22782.80","Others",NA
"SPECC1",0.276193975162459,0.276193975162459,1,"X21360.27","Others",NA
"SPEF1",-0.126148227258281,-0.126148227258281,1,"X12876.39","Others",NA
"SPG21",0.166918172510548,0.166918172510548,1,"X11122.97","Others",NA
"SPI1",-0.279476748854932,-0.279476748854932,1,"X22783.40","Others",NA
"SPINK13",0.193242289565228,0.193242289565228,1,"X10624.45","Others",NA
"SPINK14",0.34651455165258,0.34651455165258,1,"X8587.21","Others",NA
"SPINK2",0.301509662317312,0.301509662317312,1,"X13405.61","Others",NA
"SPINK6",0.142686464406004,0.142686464406004,1,"X5731.1","Others",NA
"SPINK7",-0.151287666967924,-0.151287666967924,1,"X10974.20","Others",NA
"SPINT2",0.250782005011582,0.250782005011582,1,"X2843.13","Others",NA
"SPINT3",-0.150014268807263,-0.150014268807263,1,"X7926.13","Others",NA
"SPN",0.202139172636501,0.202139172636501,1,"X12873.11","Others",NA
"SPOCK1",0.393664087500947,0.393664087500947,2,"X11487.4","Others",NA
"SPOCK2",0.176030054443087,0.176030054443087,1,"X5491.12","Others",NA
"SPON1",0.624232849348494,0.624232849348494,1,"X5496.49","Others",NA
"SPON2",0.167656234379285,0.167656234379285,1,"X8099.42","Others",NA
"SPP1",0.576223887529111,0.576223887529111,1,"X13113.7","Others",NA
"SPTLC1",0.216827600084245,0.216827600084245,1,"X7886.26","Others",NA
"SPTLC2",-0.171399753074525,-0.171399753074525,1,"X7267.2","Others",NA
"SQSTM1",-0.12302869517504,-0.12302869517504,1,"X15448.47","Others",NA
"SRA1",0.257799808777044,0.257799808777044,1,"X18220.141","Others",NA
"SRC",-0.153056455923214,-0.153056455923214,1,"X5488.74","Microglia / Immune",NA
"SRGAP2",0.535299867776872,0.535299867776872,1,"X25091.83","Others",NA
"SRGN",-0.310306123947351,-0.310306123947351,1,"X19251.56","Others",NA
"SRI",0.29251048111829,0.29251048111829,1,"X12356.65","Others",NA
"SRL",-0.3748845364516,-0.3748845364516,1,"X10940.25","Others",NA
"SRM",0.158085377642654,0.158085377642654,1,"X21647.9","Others",NA
"SRP14",0.120386052288669,0.120386052288669,1,"X17510.7","Others",NA
"SRPK1",-0.174809105287078,-0.174809105287078,1,"X22432.83","Tau Kinases",NA
"SRRT",-0.164163624233145,-0.164163624233145,1,"X24970.117","Others",NA
"SRSF6",-0.263364106517644,-0.263364106517644,1,"X11573.3","Others",NA
"SRXN1",0.38398107219876,0.38398107219876,1,"X14268.4","Others",NA
"SSB",-0.311100944870084,-0.311100944870084,1,"X13526.5","Others",NA
"SSBP1",-0.207250255240664,-0.207250255240664,1,"X18253.8","Others",NA
"SSNA1",-0.102198913997828,-0.102198913997828,1,"X23242.2","Others",NA
"SSPN",0.131359184814043,0.131359184814043,1,"X23275.9","Others",NA
"SSRP1",-0.103999118260467,-0.103999118260467,1,"X5032.64","Others",NA
"SST",0.378743868244032,0.378743868244032,1,"X5957.30","Others",NA
"SSU72",-0.245570277990765,-0.245570277990765,1,"X13566.2","Others",NA
"ST13",0.714640668840314,0.714640668840314,1,"X18387.7","Others",NA
"ST3GAL1",0.302144033326347,0.302144033326347,1,"X5657.28","Others",NA
"ST3GAL2",-0.151658306850606,-0.151658306850606,1,"X6281.51","Others",NA
"ST3GAL6",0.325945023877513,0.325945023877513,1,"X6947.4","Others",NA
"ST6GAL1",-0.345989912608947,-0.345989912608947,1,"X6035.2","Others",NA
"ST6GAL2",0.256898349809673,0.256898349809673,1,"X21737.20","Others",NA
"ST6GALNAC1",-0.227609005019595,-0.227609005019595,1,"X7867.154","Others",NA
"ST6GALNAC2",-0.194219394805851,-0.194219394805851,1,"X7823.22","Others",NA
"ST6GALNAC3",-0.000332484514055015,-0.000332484514055015,2,"X10705.14","Others",NA
"ST6GALNAC5",0.486644152795982,0.486644152795982,1,"X7927.16","Others",NA
"ST6GALNAC6",0.123642541821522,0.123642541821522,1,"X7228.2","Others",NA
"ST8SIA1",0.254445174866765,0.254445174866765,2,"X21663.149","Others",NA
"ST8SIA2",0.332605571507002,0.332605571507002,1,"X7920.30","Others",NA
"ST8SIA4",0.298788009587398,0.298788009587398,1,"X7038.45","Others",NA
"STAB1",0.174384365457139,0.174384365457139,1,"X14599.18","Others",NA
"STAB2",-0.371363558014764,-0.371363558014764,1,"X3399.31","Others",NA
"STAC",-0.115973223277056,-0.115973223277056,1,"X25125.7","Others",NA
"STAMBP",-0.237095046966404,-0.237095046966404,1,"X19187.21","Others",NA
"STAMBPL1",0.769380862027248,0.769380862027248,1,"X12401.3","Others",NA
"STAP1",-0.357036681713978,-0.357036681713978,1,"X12510.3","Others",NA
"STAR",0.601834123664328,0.601834123664328,1,"X10085.25","Others",NA
"STARD10",0.421390456458422,0.421390456458422,1,"X23569.53","Others",NA
"STARD5",-0.377245424523199,-0.377245424523199,1,"X17383.4","Others",NA
"STAT1",-0.349417892675508,-0.349417892675508,1,"X10370.21","Others",NA
"STAT3",0.196711081444805,0.196711081444805,2,"X10346.5","Astrocyte Activation",NA
"STAT5A",-0.178738488824201,-0.178738488824201,1,"X20225.119","Others",NA
"STAT5B",-0.257329730217161,-0.257329730217161,1,"X16551.14","Others",NA
"STAT6",-0.217128906948351,-0.217128906948351,1,"X10372.18","Others",NA
"STATH",0.299034251199627,0.299034251199627,1,"X17172.19","Others",NA
"STAU1",0.359236928937299,0.359236928937299,1,"X12471.47","Others",NA
"STC1",0.153170858947756,0.153170858947756,1,"X4930.21","Others",NA
"STIM1",0.242733156963807,0.242733156963807,1,"X8916.32","Others",NA
"STK10",0.1557213701676,0.1557213701676,1,"X21569.49","Others",NA
"STK16",-0.210256712261175,-0.210256712261175,1,"X3471.49","Others",NA
"STK17B",-0.133581263433582,-0.133581263433582,2,"X8399.6","Others",NA
"STK3",0.15196769106888,0.15196769106888,1,"X21389.32","Others",NA
"STK4",0.313737872625582,0.313737872625582,1,"X22847.18","Others",NA
"STMN1",0.837781615021288,0.837781615021288,1,"X17367.5","Synaptic Proteins",NA
"STMN2",0.844538984104637,0.844538984104637,1,"X10900.272","Synaptic Proteins",NA
"STMN3",0.776362613893729,0.776362613893729,1,"X8019.73","Others",NA
"STOM",0.166363997259677,0.166363997259677,1,"X8261.51","Others",NA
"STOML1",0.293157015446396,0.293157015446396,1,"X17344.23","Others",NA
"STUB1",0.143988637517264,0.143988637517264,1,"X11350.30","Tau Folding/Stability",NA
"STX10",-0.118239175744776,-0.118239175744776,1,"X12842.43","Others",NA
"STX12",0.622226830035725,0.622226830035725,1,"X10418.36","Others",NA
"STX17",0.298731507648891,0.298731507648891,1,"X21649.12","Others",NA
"STX1A",0.709332533091408,0.709332533091408,2,"X3766.51","Synaptic Proteins",NA
"STX1B",0.304725665893989,0.304725665893989,1,"X6966.144","Others",NA
"STX2",0.663404552809695,0.663404552809695,1,"X7738.299","Others",NA
"STX3",0.638200294086887,0.638200294086887,1,"X7186.111","Others",NA
"STX4",0.142643074591068,0.142643074591068,1,"X10668.5","Others",NA
"STX6",0.577240680839413,0.577240680839413,1,"X10945.11","Others",NA
"STX7",0.740203117536787,0.740203117536787,1,"X8274.64","Others",NA
"STX8",0.679689720138994,0.679689720138994,1,"X10903.50","Others",NA
"STXBP4",0.204808022207604,0.204808022207604,1,"X24904.121","Others",NA
"STXBP6",0.397855881734183,0.397855881734183,1,"X18308.30","Others",NA
"SUB1",-0.22522576706083,-0.22522576706083,1,"X19236.24","Others",NA
"SUDS3",-0.223973577829659,-0.223973577829659,1,"X10703.203","Others",NA
"SUGT1",0.696116195769691,0.696116195769691,1,"X17818.22","Others",NA
"SULF2",0.412619406751032,0.412619406751032,1,"X8305.18","Others",NA
"SULT1A1",-0.40194781676633,-0.40194781676633,1,"X21227.18","Others",NA
"SULT1E1",0.0173548144025044,0.0173548144025044,2,"X9878.3","Others",NA
"SULT2B1",0.252649467911202,0.252649467911202,1,"X17209.27","Others",NA
"SULT4A1",-0.26971407076603,-0.26971407076603,1,"X8357.43","Others",NA
"SULT6B1",-0.308818109115443,-0.308818109115443,1,"X22788.10","Others",NA
"SUMF1",-0.131645938451641,-0.131645938451641,1,"X6941.11","Others",NA
"SUMF2",0.287538590658151,0.287538590658151,1,"X6069.71","Others",NA
"SUMO2",0.471247799008479,0.471247799008479,1,"X19555.1","Others",NA
"SUMO3",0.805184049614641,0.805184049614641,2,"X14623.26","Others",NA
"SUMO4",0.571130366680027,0.571130366680027,1,"X22045.8","Others",NA
"SUN5",0.158818216006958,0.158818216006958,1,"X11260.47","Others",NA
"SUOX",0.475350760630851,0.475350760630851,1,"X18324.61","Others",NA
"SURF1",0.277228661394324,0.277228661394324,1,"X8009.121","Others",NA
"SUSD3",-0.120084313102971,-0.120084313102971,1,"X5752.63","Others",NA
"SV2A",0.593976045996112,0.593976045996112,1,"X12880.1","Others",NA
"SVBP",-0.125107575346388,-0.125107575346388,1,"X20379.59","Others",NA
"SVEP1",0.377026340037311,0.377026340037311,2,"X11109.56","Others",NA
"SVIP",0.546099716410301,0.546099716410301,1,"X18285.6","Others",NA
"SWAP70",0.105129768549772,0.105129768549772,1,"X13552.7","Others",NA
"SYAP1",0.419883986105104,0.419883986105104,1,"X23409.83","Others",NA
"SYCE1L",0.165000228777397,0.165000228777397,1,"X24412.1","Others",NA
"SYF2",0.471244548413011,0.471244548413011,1,"X19438.68","Others",NA
"SYK",-0.0466334729960264,-0.0466334729960264,2,"X11378.37","Microglia / Immune",NA
"SYNCRIP",-0.343431563390938,-0.343431563390938,1,"X4224.7","Others",NA
"SYNE2",0.684260976246074,0.684260976246074,1,"X9789.52","Others",NA
"SYNJ2BP",-0.29381406353929,-0.29381406353929,1,"X17348.5","Others",NA
"SYT1",0.742611792316565,0.742611792316565,1,"X21328.2","Synaptic Proteins",NA
"SYT11",0.481795590192686,0.481795590192686,1,"X7089.42","Others",NA
"SYT12",0.460893439952753,0.460893439952753,1,"X25424.234","Others",NA
"SYT17",-0.368033594857506,-0.368033594857506,1,"X9110.2","Others",NA
"SYT4",0.538093984706554,0.538093984706554,1,"X17355.56","Synaptic Proteins",NA
"SYT5",0.795521290414098,0.795521290414098,1,"X9099.19","Synaptic Proteins",NA
"SYT6",0.384533840606744,0.384533840606744,1,"X21539.139","Others",NA
"SYT7",-0.193367957194373,-0.193367957194373,1,"X7121.2","Others",NA
"SYT9",0.132175869693389,0.132175869693389,1,"X8066.38","Others",NA
"SYTL4",-0.233106632351144,-0.233106632351144,1,"X9090.9","Others",NA
"TACC3",-0.170721794545041,-0.170721794545041,1,"X22027.13","Others",NA
"TACSTD2",-0.196702511997197,-0.196702511997197,1,"X14034.22","Others",NA
"TAF10",-0.214768281343898,-0.214768281343898,1,"X18270.10","Others",NA
"TAF12",-0.125371313132599,-0.125371313132599,1,"X22797.20","Others",NA
"TAF15",-0.111211809515848,-0.111211809515848,1,"X16865.62","Others",NA
"TAFA3",0.146445783735776,0.146445783735776,1,"X7839.99","Others",NA
"TAFA4",0.448620047644395,0.448620047644395,1,"X6511.17","Others",NA
"TAFA5",0.564545231483034,0.564545231483034,1,"X5609.92","Others",NA
"TAGLN",0.351631888091121,0.351631888091121,2,"X9756.6","Others",NA
"TAGLN2",0.345859695719996,0.345859695719996,2,"X11636.33","Others",NA
"TAGLN3",0.793074077018778,0.793074077018778,1,"X17775.8","Others",NA
"TANK",-0.342170708572528,-0.342170708572528,1,"X14013.11","Others",NA
"TAPBPL",0.134006006653213,0.134006006653213,1,"X6364.7","Others",NA
"TARBP2",-0.130873078630369,-0.130873078630369,1,"X12781.2","Others",NA
"TARS1",0.129395524402792,0.129395524402792,1,"X18186.15","Others",NA
"TAT",0.228944919502072,0.228944919502072,1,"X22078.4","Others",NA
"TATDN1",0.297580134441682,0.297580134441682,1,"X20376.64","Others",NA
"TATDN3",0.362257395116482,0.362257395116482,1,"X20936.8","Others",NA
"TAX1BP1",0.634732477144539,0.634732477144539,1,"X12721.4","Others",NA
"TAX1BP3",0.329800290620343,0.329800290620343,1,"X12498.12","Others",NA
"TBC1D20",-0.243118056284004,-0.243118056284004,1,"X23687.27","Others",NA
"TBC1D24",0.187102899497196,0.187102899497196,1,"X25114.256","Others",NA
"TBC1D25",0.297328177794593,0.297328177794593,1,"X24424.25","Others",NA
"TBC1D28",-0.135857673155736,-0.135857673155736,1,"X22799.17","Others",NA
"TBC1D5",0.10001445904896,0.10001445904896,1,"X9960.2","Others",NA
"TBCA",-0.145337781652867,-0.145337781652867,1,"X12501.10","Others",NA
"TBCB",0.683258328652772,0.683258328652772,1,"X17686.27","Others",NA
"TBCC",0.501679043975989,0.501679043975989,1,"X21326.28","Others",NA
"TBCE",0.31170080727885,0.31170080727885,1,"X11211.7","Others",NA
"TBCEL",0.142862916296211,0.142862916296211,1,"X21162.30","Others",NA
"TBK1",-0.353853670682212,-0.353853670682212,1,"X3400.49","Others",NA
"TBL2",0.127464195031082,0.127464195031082,1,"X11227.31","Others",NA
"TBP",0.166531406782148,0.166531406782148,1,"X2875.15","Others",NA
"TBPL1",0.167294041226894,0.167294041226894,1,"X18434.141","Others",NA
"TBXAS1",0.202384346610052,0.202384346610052,1,"X8098.37","Others",NA
"TCAP",-0.185793297463922,-0.185793297463922,1,"X22800.24","Others",NA
"TCEA1",-0.101391707591368,-0.101391707591368,1,"X18204.1","Others",NA
"TCEA2",-0.172262820583671,-0.172262820583671,1,"X20141.42","Others",NA
"TCEA3",-0.198052799082367,-0.198052799082367,1,"X23547.21","Others",NA
"TCEAL1",-0.10249222867068,-0.10249222867068,1,"X20924.85","Others",NA
"TCEAL3",0.615728473201396,0.615728473201396,1,"X19112.2","Others",NA
"TCEAL5",0.763243136680154,0.763243136680154,1,"X24637.3","Others",NA
"TCEAL7",0.209252170665819,0.209252170665819,1,"X20928.39","Others",NA
"TCF21",-0.137639824685246,-0.137639824685246,1,"X22394.8","Others",NA
"TCF4",-0.278334374266019,-0.278334374266019,1,"X19144.9","Others",NA
"TCL1B",-0.113518172231893,-0.113518172231893,1,"X18276.34","Others",NA
"TCN1",-0.3036648534123,-0.3036648534123,2,"X11232.46","Others",NA
"TCN2",0.107187310005493,0.107187310005493,1,"X5584.21","Others",NA
"TCP10L3",-0.18110745278934,-0.18110745278934,1,"X23544.10","Others",NA
"TCTN2",0.127307457576383,0.127307457576383,1,"X11433.11","Others",NA
"TDGF1",0.201381595223569,0.201381595223569,1,"X5810.25","Others",NA
"TDP1",-0.371821222279283,-0.371821222279283,1,"X10073.22","Others",NA
"TEAD3",0.28543179415831,0.28543179415831,1,"X12854.3","Others",NA
"TEAD4",0.0994824899587299,0.0994824899587299,1,"X12516.13","Others",NA
"TEC",-0.141468430320118,-0.141468430320118,1,"X3646.7","Others",NA
"TECTB",0.137311539434165,0.137311539434165,1,"X21549.144","Others",NA
"TEK",0.141959529890624,0.141959529890624,1,"X3773.15","Others",NA
"TENM2",0.114624527873289,0.114624527873289,1,"X11164.7","Others",NA
"TENM3",-0.180836013232437,-0.180836013232437,1,"X11107.25","Others",NA
"TENM4",0.578992689663238,0.578992689663238,1,"X11365.17","Others",NA
"TEPSIN",0.257510644075385,0.257510644075385,1,"X7947.19","Others",NA
"TESC",0.581044157066655,0.581044157066655,1,"X12831.21","Others",NA
"TEX29",0.126412160786035,0.126412160786035,1,"X10557.6","Others",NA
"TF",-0.252128148848881,-0.252128148848881,1,"X4162.54","Others",NA
"TFAM",-0.240142925174137,-0.240142925174137,1,"X9952.57","Others",NA
"TFB1M",0.117980456584913,0.117980456584913,1,"X21344.31","Others",NA
"TFCP2L1",-0.156751708486868,-0.156751708486868,1,"X25104.10","Others",NA
"TFF1",-0.323712823663946,-0.323712823663946,1,"X9185.15","Others",NA
"TFF3",0.235496188450299,0.235496188450299,2,"X8323.163","Others",NA
"TFIP11",-0.116565004575737,-0.116565004575737,1,"X9043.7","Others",NA
"TFPI",0.223976104234384,0.223976104234384,1,"X3336.50","Others",NA
"TFPI2",0.327144848122039,0.327144848122039,1,"X9233.71","Others",NA
"TFRC",-0.00845790954819867,-0.00845790954819867,2,"X6895.1","Others",NA
"TGFB1",0.0572155114802731,0.0572155114802731,2,"X14108.15","Microglia / Immune",NA
"TGFB2",-0.329065337850795,-0.329065337850795,1,"X4156.74","Microglia / Immune",NA
"TGFB3",-0.14559911533669,-0.14559911533669,1,"X3520.58","Others",NA
"TGFBR2",-0.116320317523924,-0.116320317523924,1,"X5133.17","Others",NA
"TGFBR3",0.352681055275884,0.352681055275884,1,"X3009.3","Others",NA
"TGIF2LY",-0.177048712869453,-0.177048712869453,1,"X20447.11","Others",NA
"THAP11",0.200734616424294,0.200734616424294,1,"X22805.18","Others",NA
"THAP4",0.423477321346362,0.423477321346362,1,"X24490.16","Others",NA
"THBS1",0.239537378711317,0.239537378711317,1,"X3474.19","Others",NA
"THBS2",0.116998331197023,0.116998331197023,1,"X3339.33","Others",NA
"THBS3",0.298890568809921,0.298890568809921,1,"X8982.65","Others",NA
"THBS4",0.350544570638335,0.350544570638335,1,"X3340.53","Others",NA
"THEM4",-0.311642196946116,-0.311642196946116,1,"X23298.148","Others",NA
"THG1L",-0.263677247073847,-0.263677247073847,1,"X18215.5","Others",NA
"THOC1",-0.408980327691893,-0.408980327691893,1,"X9875.107","Others",NA
"THPO",0.273898530400807,0.273898530400807,1,"X5947.90","Others",NA
"THSD1",0.372106637498103,0.372106637498103,1,"X5621.64","Others",NA
"THSD7A",-0.127366686184322,-0.127366686184322,1,"X9600.55","Others",NA
"THTPA",-0.147628919296381,-0.147628919296381,1,"X13595.20","Others",NA
"TIA1",-0.2994799861719,-0.2994799861719,1,"X21885.196","Others",NA
"TIAL1",-0.322415465283342,-0.322415465283342,1,"X19131.184","Others",NA
"TIAM1",0.159504421587966,0.159504421587966,1,"X14035.13","Others",NA
"TIAM2",-0.103773322624993,-0.103773322624993,1,"X24968.10","Others",NA
"TIE1",0.415016805530035,0.415016805530035,1,"X2844.53","Others",NA
"TIFA",0.113375198124349,0.113375198124349,1,"X21113.3","Others",NA
"TIGAR",0.100770605560349,0.100770605560349,1,"X12476.50","Others",NA
"TIMELESS",0.110025705734569,0.110025705734569,1,"X17699.43","Others",NA
"TIMM21",-0.103423009254694,-0.103423009254694,1,"X9058.1","Others",NA
"TIMP1",0.139486145750499,0.139486145750499,2,"X2211.9","Others",NA
"TIMP3",0.478580444406385,0.478580444406385,1,"X2480.58","Others",NA
"TIMP4",0.253078096604019,0.253078096604019,1,"X6462.12","Others",NA
"TINAGL1",0.243019077330186,0.243019077330186,1,"X11192.168","Others",NA
"TINF2",0.118541922814517,0.118541922814517,1,"X10638.1","Others",NA
"TIPRL",0.587453221614935,0.587453221614935,1,"X23387.18","Others",NA
"TJP1",0.264870981713083,0.264870981713083,1,"X12001.7","Others",NA
"TKFC",0.285786539842665,0.285786539842665,1,"X23644.19","Others",NA
"TKT",0.604234201179673,0.604234201179673,1,"X4306.4","Others",NA
"TLK1",-0.174207265180568,-0.174207265180568,1,"X22414.127","Others",NA
"TLL1",0.129620905431333,0.129620905431333,1,"X6383.90","Others",NA
"TLN2",-0.191293778861579,-0.191293778861579,1,"X14082.56","Others",NA
"TLNRD1",0.396994935803642,0.396994935803642,1,"X21172.11","Others",NA
"TLR2",-0.316720110544177,-0.316720110544177,1,"X3835.11","Microglia / Immune",NA
"TLR4|LY96",0.364605892788192,0.364605892788192,1,"X3647.49","Others",NA
"TLR5",0.292483716956127,0.292483716956127,1,"X18935.14","Others",NA
"TMCC3",-0.0154951615051933,-0.0154951615051933,2,"X11294.7","Others",NA
"TMCO5A",-0.104960129405068,-0.104960129405068,1,"X6907.17","Others",NA
"TMED10",0.33462202231565,0.33462202231565,1,"X6506.54","Others",NA
"TMED2",0.556298422744589,0.556298422744589,1,"X10761.5","Others",NA
"TMED9",0.464639267520762,0.464639267520762,1,"X21236.12","Others",NA
"TMEFF1",0.567205675184961,0.567205675184961,1,"X15641.20","Others",NA
"TMEM106B",0.395712806678042,0.395712806678042,1,"X8687.26","Others",NA
"TMEM108",-0.144393997490879,-0.144393997490879,1,"X10583.1","Others",NA
"TMEM132A",0.491984921092103,0.491984921092103,1,"X7871.16","Others",NA
"TMEM132B",0.51702068803254,0.51702068803254,1,"X8890.9","Others",NA
"TMEM132C",0.467560398950285,0.467560398950285,2,"X7173.141","Others",NA
"TMEM132D",0.507614798817025,0.507614798817025,1,"X13416.8","Others",NA
"TMEM154",-0.132550696804824,-0.132550696804824,1,"X11223.1","Others",NA
"TMEM167A",-0.110282835153252,-0.110282835153252,1,"X11112.18","Others",NA
"TMEM185A",-0.253145791020576,-0.253145791020576,1,"X14633.26","Others",NA
"TMEM225B",-0.225363199098048,-0.225363199098048,1,"X24479.25","Others",NA
"TMEM237",0.132342044328141,0.132342044328141,1,"X12856.14","Others",NA
"TMEM25",0.248117399700775,0.248117399700775,1,"X9014.18","Others",NA
"TMEM38B",0.426320109440022,0.426320109440022,1,"X9509.4","Others",NA
"TMEM52",-0.126987860496339,-0.126987860496339,1,"X11186.12","Others",NA
"TMEM59L",0.496923531290303,0.496923531290303,1,"X9959.60","Others",NA
"TMEM87B",-0.173492595535899,-0.173492595535899,1,"X13485.20","Others",NA
"TMEM8B",0.238382250718086,0.238382250718086,1,"X12742.160","Others",NA
"TMEM9",0.576840853977913,0.576840853977913,1,"X9249.17","Others",NA
"TMIGD2",0.33129895040702,0.33129895040702,1,"X21229.5","Others",NA
"TMOD1",-0.13205509868986,-0.13205509868986,1,"X12595.11","Others",NA
"TMOD2",0.499384667925791,0.499384667925791,1,"X12853.112","Others",NA
"TMOD3",0.752387276945629,0.752387276945629,1,"X12861.13","Others",NA
"TMPRSS11A",-0.140041573043067,-0.140041573043067,1,"X7231.37","Others",NA
"TMPRSS15",-0.371714913634288,-0.371714913634288,1,"X3189.61","Others",NA
"TMPRSS5",0.103723896539449,0.103723896539449,1,"X8002.27","Others",NA
"TMPRSS6",-0.39839235779941,-0.39839235779941,1,"X11239.49","Others",NA
"TMX3",0.526192748300823,0.526192748300823,1,"X5654.70","Others",NA
"TNC",0.271273007788429,0.254089797164978,6,"X2728.62","Others",NA
"TNF",-0.10555408074204,-0.10555408074204,1,"X5936.53","Microglia / Immune",NA
"TNFAIP1",-0.10424359611959,-0.10424359611959,1,"X23152.49","Others",NA
"TNFAIP3",-0.319430657341062,-0.319430657341062,1,"X14009.65","Others",NA
"TNFAIP6",-0.214640441866961,-0.214640441866961,1,"X5036.50","Others",NA
"TNFRSF10B",0.369309890804881,0.369309890804881,1,"X7693.13","Others",NA
"TNFRSF11A",0.529849592726504,0.529849592726504,1,"X5424.55","Others",NA
"TNFRSF11B",0.249017846208979,0.249017846208979,1,"X8304.50","Others",NA
"TNFRSF13B",-0.327109252386767,-0.327109252386767,1,"X2704.74","Others",NA
"TNFRSF13C",0.216853264756866,0.216853264756866,1,"X5383.14","Others",NA
"TNFRSF14",0.446992114707377,0.446992114707377,2,"X10472.53","Others",NA
"TNFRSF17",-0.104583559749774,-0.104583559749774,1,"X2665.26","Others",NA
"TNFRSF18",0.0250628181131184,0.0250628181131184,2,"X11837.7","Others",NA
"TNFRSF19",0.274812589041122,0.274812589041122,1,"X5131.15","Others",NA
"TNFRSF1A",0.469112618662465,0.469112618662465,1,"X2654.19","Others",NA
"TNFRSF1B",0.541842665432661,0.541842665432661,2,"X3152.57","Others",NA
"TNFRSF21",0.554964975572948,0.554964975572948,2,"X9259.35","Others",NA
"TNFRSF4",0.215158551103789,0.215158551103789,1,"X3730.81","Others",NA
"TNFRSF8",0.245893909048312,0.245893909048312,1,"X2605.49","Others",NA
"TNFSF11",-0.153180099666369,-0.153180099666369,1,"X14061.48","Others",NA
"TNFSF12",0.585081850822006,0.585081850822006,1,"X5939.42","Others",NA
"TNFSF14",-0.28143584353892,-0.28143584353892,1,"X5355.69","Others",NA
"TNFSF15",0.0234662276261294,0.0234662276261294,2,"X2968.61","Others",NA
"TNFSF8",0.509129795456569,0.509129795456569,1,"X3421.54","Others",NA
"TNIP1",0.120512380667084,0.120512380667084,1,"X21282.21","Others",NA
"TNKS",-0.130553339259468,-0.130553339259468,1,"X9907.216","Others",NA
"TNMD",-0.112893331979756,-0.112893331979756,1,"X6578.29","Others",NA
"TNNI2",-0.359254214595116,-0.359254214595116,1,"X5440.26","Others",NA
"TNNI3",0.138819697329263,0.138819697329263,1,"X5441.67","Others",NA
"TNNT3",-0.288358488894423,-0.288358488894423,1,"X16807.35","Others",NA
"TNR",0.451951448305241,0.451951448305241,1,"X11302.237","Others",NA
"TNRC6B",0.526636573710245,0.526636573710245,1,"X9808.41","Others",NA
"TNS4",0.293244222193885,0.293244222193885,1,"X9927.96","Others",NA
"TNXB",0.14709430567676,0.14709430567676,1,"X5698.60","Others",NA
"TOLLIP",0.597438890121963,0.597438890121963,1,"X13963.7","Others",NA
"TOM1L1",0.31793808742822,0.31793808742822,1,"X13652.2","Others",NA
"TOMM20L",-0.101368063697471,-0.101368063697471,1,"X10817.26","Others",NA
"TOP1",-0.401458250189488,-0.401458250189488,1,"X2876.74","Others",NA
"TOPBP1",0.132193637099353,0.132193637099353,1,"X9947.22","Others",NA
"TOR1AIP1",0.473071897352034,0.473071897352034,1,"X10606.34","Others",NA
"TOR1AIP2",0.280277388368277,0.280277388368277,1,"X10553.8","Others",NA
"TOR4A",-0.128142388904478,-0.128142388904478,1,"X13459.30","Others",NA
"TP53",-0.164856927430014,-0.164856927430014,1,"X6123.69","Others",NA
"TP53I13",0.485906967806421,0.485906967806421,1,"X6400.33","Others",NA
"TP53I3",0.322612420284256,0.322612420284256,1,"X17748.21","Others",NA
"TP63",-0.106901493032195,-0.106901493032195,1,"X10040.63","Others",NA
"TPD52L2",0.198002697481304,0.198002697481304,1,"X23265.15","Others",NA
"TPI1",0.531558930301627,0.531558930301627,1,"X4309.59","Metabolism",NA
"TPK1",0.171149450040104,0.171149450040104,1,"X12018.84","Others",NA
"TPM2",-0.097970312141229,-0.097970312141229,1,"X4472.5","Others",NA
"TPM3",-0.0971636092255917,-0.0971636092255917,1,"X9890.8","Others",NA
"TPM4",-0.0101232391306058,-0.0101232391306058,2,"X9863.1","Others",NA
"TPMT",0.224225020748921,0.224225020748921,1,"X11218.84","Others",NA
"TPO",-0.350215010498745,-0.350215010498745,1,"X3873.51","Others",NA
"TPPP2",0.30320225821185,0.30320225821185,1,"X12800.5","Others",NA
"TPPP3",0.246233616547112,0.246233616547112,1,"X20444.12","Others",NA
"TPRKB",0.12519726028951,0.12519726028951,1,"X12417.46","Others",NA
"TPSG1",-0.111018589908811,-0.111018589908811,1,"X14103.12","Others",NA
"TPST1",0.403884715909308,0.403884715909308,1,"X7928.183","Others",NA
"TPST2",0.397715721773293,0.397715721773293,1,"X8024.64","Others",NA
"TPT1",0.715896841857269,0.715896841857269,1,"X3872.2","Others",NA
"TRA2B",0.135456055333033,0.135456055333033,1,"X12373.73","Others",NA
"TRABD",0.231186324099532,0.231186324099532,1,"X11262.39","Others",NA
"TRABD2A",0.442349444945071,0.442349444945071,1,"X9401.57","Others",NA
"TRAF4",-0.108238023045221,-0.108238023045221,1,"X11629.36","Others",NA
"TRAPPC13",-0.107783078863452,-0.107783078863452,1,"X24314.9","Others",NA
"TRAPPC3",0.143653624476963,0.143653624476963,1,"X14337.1","Others",NA
"TRAPPC4",-0.204075885650998,-0.204075885650998,1,"X7007.24","Others",NA
"TRDMT1",0.153693141982869,0.153693141982869,1,"X12635.9","Others",NA
"TREM1",0.239913798024759,0.239913798024759,1,"X9266.1","Others",NA
"TREM2",0.285608940352614,0.298421968879056,3,"X11851.21","Microglia / Immune",NA
"TREML1",-0.17962039856354,-0.17962039856354,1,"X11147.17","Others",NA
"TRH",-0.115014694345446,-0.115014694345446,1,"X5659.11","Others",NA
"TRIL",0.0777866905030197,0.0777866905030197,2,"X6527.1","Others",NA
"TRIM28",0.269784600814933,0.269784600814933,1,"X25089.21","Others",NA
"TRIM3",-0.133543986279129,-0.133543986279129,1,"X12573.80","Others",NA
"TRIM5",-0.15265847058317,-0.15265847058317,1,"X21438.45","Others",NA
"TRIM55",-0.146549959086206,-0.146549959086206,1,"X23683.79","Others",NA
"TRIM9",0.448059597811407,0.448059597811407,1,"X22817.126","Others",NA
"TRIML1",-0.211310365837621,-0.211310365837621,1,"X24497.8","Others",NA
"TRIO",0.186772126064118,0.186772126064118,1,"X11126.102","Others",NA
"TRIP10",0.141508770039699,0.141508770039699,1,"X17676.13","Others",NA
"TRMT112",0.287820090961982,0.287820090961982,1,"X23615.4","Others",NA
"TRUB1",0.134766081284976,0.134766081284976,1,"X23543.92","Others",NA
"TSC2",-0.318552465611508,-0.318552465611508,1,"X21403.39","Others",NA
"TSC22D3",-0.251797995375867,-0.251797995375867,1,"X21280.13","Others",NA
"TSEN15",0.209596331048101,0.209596331048101,1,"X21182.8","Others",NA
"TSEN34",-0.328306899632953,-0.328306899632953,1,"X22774.20","Others",NA
"TSG101",0.582105049351783,0.582105049351783,1,"X13044.5","Others",NA
"TSLP",-0.400058607291144,-0.400058607291144,1,"X3010.53","Others",NA
"TSN",0.217579669962273,0.217579669962273,1,"X12477.42","Others",NA
"TSPEAR",0.205548312244071,0.205548312244071,1,"X10546.2","Others",NA
"TSR2",0.349480170546962,0.349480170546962,1,"X20388.8","Others",NA
"TSSC4",0.459163543954198,0.459163543954198,1,"X18181.2","Others",NA
"TSTA3",0.122760353436064,0.122760353436064,1,"X12657.2","Others",NA
"TSTD1",0.295391966483854,0.295391966483854,1,"X19277.4","Others",NA
"TTC1",0.430248863744136,0.430248863744136,1,"X9864.38","Others",NA
"TTC17",-0.0045707403152554,-0.0045707403152554,2,"X8800.14","Others",NA
"TTC25",-0.124748853184302,-0.124748853184302,1,"X24276.171","Others",NA
"TTC9",0.45279052037522,0.45279052037522,1,"X24474.12","Others",NA
"TTC9B",0.155713716270544,0.155713716270544,1,"X9386.42","Others",NA
"TTLL12",-0.237618002303955,-0.237618002303955,1,"X23691.2","Others",NA
"TTN",-0.0987694767934663,-0.0987694767934663,1,"X11352.42","Others",NA
"TWF1",0.0997059843613727,0.0997059843613727,1,"X12871.10","Others",NA
"TWF2",0.71333174747719,0.71333174747719,1,"X23396.21","Others",NA
"TWSG1",0.311542003671614,0.311542003671614,1,"X9234.8","Others",NA
"TXLNA",-0.150543546934841,-0.150543546934841,2,"X15698.6","Others",NA
"TXNDC12",0.138024673281047,0.138024673281047,2,"X19334.62","Others",NA
"TXNDC5",0.480338231236062,0.480338231236062,1,"X11212.7","Others",NA
"TXNIP",0.13428968307255,0.13428968307255,1,"X11682.7","Others",NA
"TXNL1",0.596405213036226,0.596405213036226,1,"X21475.137","Others",NA
"TXNL4A",0.324945563644865,0.324945563644865,1,"X21651.9","Others",NA
"TXNL4B",0.497334810953364,0.497334810953364,1,"X15316.262","Others",NA
"TXNRD1",0.808346414490167,0.808346414490167,1,"X13967.14","Others",NA
"TXNRD3NB",-0.207102794941139,-0.207102794941139,1,"X21361.8","Others",NA
"TYK2",0.327426088264033,0.327426088264033,1,"X5260.80","Others",NA
"TYMSOS",-0.124210553622755,-0.124210553622755,1,"X8263.64","Others",NA
"TYRO3",0.533952097468202,0.533952097468202,2,"X13668.44","Others",NA
"TYRP1",-0.169219129706207,-0.169219129706207,1,"X21441.20","Others",NA
"TYW3",-0.161537022437786,-0.161537022437786,1,"X23572.186","Others",NA
"TYW5",0.169294157075208,0.169294157075208,1,"X21131.109","Others",NA
"U2AF2",0.421833723037714,0.421833723037714,1,"X13577.25","Others",NA
"UAP1",0.220516759113965,0.220516759113965,1,"X13580.2","Others",NA
"UBA5",0.118398847669896,0.118398847669896,1,"X21314.11","Others",NA
"UBA6",-0.133576228142289,-0.133576228142289,1,"X25284.47","Others",NA
"UBA7",-0.200982388505561,-0.200982388505561,1,"X21933.7","Others",NA
"UBAC1",-0.123641022649844,-0.123641022649844,1,"X25480.21","Others",NA
"UBASH3A",0.248853893868096,0.248853893868096,1,"X21529.6","Others",NA
"UBASH3B",-0.386482720870467,-0.386482720870467,1,"X12558.3","Others",NA
"UBB",0.426674651773633,0.426674651773633,2,"X6641.60","Others",NA
"UBC",0.36992664160872,0.36992664160872,2,"X6172.7","Others",NA
"UBD",0.241915354394302,0.241915354394302,1,"X17772.7","Others",NA
"UBE2A",-0.103396342602511,-0.103396342602511,1,"X17743.14","Others",NA
"UBE2C",0.0142697312321066,0.0142697312321066,2,"X20142.42","Others",NA
"UBE2D1|UBB",-0.111659103711951,-0.111659103711951,1,"X21926.24","Others",NA
"UBE2D2",0.505072047322546,0.505072047322546,1,"X18842.24","Others",NA
"UBE2D3",0.424747661574602,0.424747661574602,2,"X19280.29","Others",NA
"UBE2D4",0.634545004697782,0.634545004697782,1,"X13475.10","Others",NA
"UBE2E1",0.254736457891159,0.254736457891159,1,"X14326.4","Others",NA
"UBE2E3",0.129859358268552,0.129859358268552,1,"X20090.63","Others",NA
"UBE2F",-0.148607727347364,-0.148607727347364,1,"X18213.30","Others",NA
"UBE2G1",0.210975406197573,0.210975406197573,1,"X17158.17","Others",NA
"UBE2H",0.535852112705953,0.535852112705953,1,"X21935.16","Others",NA
"UBE2I",0.454542304234466,0.454542304234466,1,"X2877.3","Others",NA
"UBE2J1",-0.363276859445089,-0.363276859445089,1,"X6900.30","Others",NA
"UBE2K",0.654025055902293,0.654025055902293,1,"X17380.2","Others",NA
"UBE2L3",-0.320392892309389,-0.320392892309389,1,"X3874.8","Others",NA
"UBE2N",0.712071000507728,0.712071000507728,1,"X3905.62","Others",NA
"UBE2N|UBE2V1",0.71767680922471,0.71767680922471,2,"X21747.114","Others",NA
"UBE2N|UBE2V2",0.695390959381467,0.695390959381467,1,"X21756.5","Others",NA
"UBE2Q2",0.157790336905451,0.157790336905451,1,"X21717.44","Others",NA
"UBE2S",0.106926919990523,0.106926919990523,1,"X17729.20","Others",NA
"UBE2T",-0.104039265462314,-0.104039265462314,1,"X12400.25","Others",NA
"UBE2V1",0.722019562782105,0.722019562782105,1,"X11626.7","Others",NA
"UBE2V2",0.740188572517125,0.740188572517125,1,"X18165.181","Others",NA
"UBE2W",-0.230472879684865,-0.230472879684865,1,"X21190.4","Others",NA
"UBE2Z",0.717899487297555,0.717899487297555,1,"X21110.5","Others",NA
"UBE4A",-0.258646258636184,-0.258646258636184,1,"X25073.13","Others",NA
"UBL3",0.576077058311613,0.576077058311613,1,"X20941.7","Others",NA
"UBL4A",0.777380745992743,0.777380745992743,1,"X11490.42","Others",NA
"UBL5",0.244077971944517,0.244077971944517,1,"X21104.37","Others",NA
"UBQLN2",0.723660584914252,0.723660584914252,1,"X19121.3","Others",NA
"UBQLN3",0.656348905157924,0.656348905157924,1,"X21849.2","Others",NA
"UBQLN4",0.736079392886139,0.736079392886139,1,"X12720.71","Others",NA
"UBTD2",-0.160910920782458,-0.160910920782458,1,"X12875.28","Others",NA
"UBXN2B",-0.115600768079675,-0.115600768079675,1,"X18435.40","Others",NA
"UBXN4",0.466105279163592,0.466105279163592,1,"X9997.12","Others",NA
"UCHL1",0.614723734602588,0.614723734602588,1,"X5019.16","Others",NA
"UCK1",-0.255050248340282,-0.255050248340282,1,"X23364.3","Others",NA
"UCMA",0.26210340790068,0.26210340790068,1,"X10977.55","Others",NA
"UCN3",0.341442379353019,0.341442379353019,1,"X10756.34","Others",NA
"UFC1",0.689402144571378,0.689402144571378,1,"X3405.6","Others",NA
"UFM1",0.462135709438647,0.462135709438647,1,"X3836.51","Others",NA
"UGP2",0.453685192452454,0.453685192452454,1,"X13939.14","Others",NA
"UGT1A1",0.15832942574131,0.15832942574131,1,"X17702.53","Others",NA
"UGT1A6",-0.143875466556408,-0.143875466556408,1,"X7891.45","Others",NA
"UGT2A1",-0.198537934476056,-0.198537934476056,1,"X8907.11","Others",NA
"UGT2B15",-0.114995767620981,-0.114995767620981,1,"X25080.16","Others",NA
"ULBP1",-0.154927165667123,-0.154927165667123,2,"X3081.70","Others",NA
"ULBP2",0.240494929502002,0.240494929502002,1,"X22583.47","Others",NA
"ULBP3",0.215313669585373,0.215313669585373,1,"X2747.3","Others",NA
"ULK3",-0.0995680331412504,-0.0995680331412504,1,"X12437.18","Others",NA
"UMOD",0.340634588946129,0.340634588946129,1,"X9451.20","Others",NA
"UNC119B",0.329644528846784,0.329644528846784,1,"X21105.23","Others",NA
"UNC13D",-0.336000302311429,-0.336000302311429,1,"X24942.22","Others",NA
"UNC45A",-0.100688814606302,-0.100688814606302,1,"X11712.207","Others",NA
"UNC5A",0.57773494134463,0.57773494134463,1,"X7975.97","Others",NA
"UNC5B",0.533995696135902,0.531747681343607,3,"X7776.20","Others",NA
"UNC5C",0.474257268842304,0.474257268842304,1,"X5139.32","Others",NA
"UNC5D",0.55120787044507,0.552146025479767,3,"X5140.56","Others",NA
"UNC93B1",-0.313757664899049,-0.313757664899049,1,"X13487.24","Others",NA
"UNG",-0.123099155936498,-0.123099155936498,1,"X22821.50","Others",NA
"UPP1",-0.284729625154227,-0.284729625154227,1,"X19448.104","Others",NA
"UPP2",0.176918635122612,0.176918635122612,1,"X20231.23","Others",NA
"UROD",0.495493451983674,0.495493451983674,1,"X19289.29","Others",NA
"USB1",-0.105061251161021,-0.105061251161021,1,"X11328.9","Others",NA
"USF1",0.108631763964315,0.108631763964315,1,"X21355.4","Others",NA
"USF2",0.20293430238162,0.20293430238162,1,"X24457.12","Others",NA
"USP11",-0.109948971148577,-0.109948971148577,1,"X21762.32","Others",NA
"USP12",0.19462202882277,0.19462202882277,1,"X21755.27","Others",NA
"USP14",0.157758526637781,0.157758526637781,1,"X19189.2","Others",NA
"USP15",0.329996011575038,0.329996011575038,1,"X19161.1","Others",NA
"USP19",-0.162282860414208,-0.162282860414208,1,"X21730.56","Others",NA
"USP21",0.108106498524608,0.108106498524608,1,"X12681.63","Others",NA
"USP25",-0.28480247783535,-0.28480247783535,1,"X9215.117","Others",NA
"USP28",-0.13163213891956,-0.13163213891956,1,"X19562.8","Others",NA
"USP30",0.18931096466714,0.18931096466714,1,"X21764.99","Others",NA
"USP46",0.106225326627892,0.106225326627892,1,"X21761.213","Others",NA
"USP8",-0.367796366557843,-0.367796366557843,1,"X13450.49","Others",NA
"UST",0.385774988729112,0.385774988729112,1,"X8364.74","Others",NA
"UTS2B",-0.273718844559133,-0.273718844559133,1,"X6290.3","Others",NA
"UTS2R",-0.175687870139909,-0.175687870139909,1,"X13530.5","Others",NA
"UXS1",0.17190336286432,0.17190336286432,1,"X8258.22","Others",NA
"VAC14",0.147347095265358,0.147347095265358,1,"X24951.3","Others",NA
"VAMP2",0.491646518893664,0.491646518893664,1,"X17335.18","Synaptic Proteins",NA
"VAMP3",-0.17132102400886,-0.17132102400886,1,"X7903.18","Others",NA
"VAMP8",-0.0971887828247874,-0.0971887828247874,1,"X7064.2","Others",NA
"VANGL1",-0.118544391651366,-0.118544391651366,1,"X25093.96","Others",NA
"VAPA",0.618268088678464,0.618268088678464,1,"X7167.102","Others",NA
"VAPB",-0.119666023645161,-0.119666023645161,1,"X7181.17","Others",NA
"VARS1",-0.297126189012226,-0.297126189012226,1,"X13083.18","Others",NA
"VASN",0.506283039312589,0.506283039312589,1,"X5682.13","Others",NA
"VASP",0.277345106262399,0.277345106262399,1,"X9762.14","Others",NA
"VAT1",0.233344516060032,0.233344516060032,1,"X18175.65","Others",NA
"VAT1L",0.203328797854783,0.203328797854783,1,"X24236.46","Others",NA
"VAV1",-0.239054050870863,-0.239054050870863,1,"X5275.28","Others",NA
"VAV3",-0.243970151283635,-0.243970151283635,1,"X9830.109","Others",NA
"VBP1",-0.183500786072077,-0.183500786072077,1,"X19193.18","Others",NA
"VCAM1",0.123681125552812,0.123681125552812,2,"X20093.9","Others",NA
"VCL",-0.146915178322245,-0.146915178322245,1,"X8750.46","Others",NA
"VCP",-0.261263084084749,-0.261263084084749,1,"X25033.194","Others",NA
"VCPIP1",0.104791677514141,0.104791677514141,1,"X23187.9","Others",NA
"VCX",0.30958809961218,0.30958809961218,1,"X23426.1","Others",NA
"VCX3A",-0.313361677136788,-0.313361677136788,1,"X23382.30","Others",NA
"VEGFA",0.154350403315539,0.154350403315539,2,"X2597.8","Growth Factor Signaling",NA
"VEGFB",-0.284967378228761,-0.284967378228761,1,"X9453.12","Others",NA
"VEGFD",0.28718684235366,0.28718684235366,2,"X14705.1","Others",NA
"VIM",0.154231328939683,0.154231328939683,1,"X15540.6","Astrocyte Activation",NA
"VIP",0.260265453805777,0.260265453805777,1,"X3522.57","Others",NA
"VLDLR",-0.233813097347568,-0.233813097347568,1,"X18938.3","Others",NA
"VNN2",-0.163739435394228,-0.163739435394228,2,"X7012.35","Others",NA
"VPS26A",0.667290139516471,0.667290139516471,1,"X19293.6","Others",NA
"VPS29",-0.187039391213268,-0.187039391213268,1,"X14318.1","Others",NA
"VPS4A",0.774854025676158,0.774854025676158,1,"X11476.43","Others",NA
"VPS9D1",-0.158738345305648,-0.158738345305648,1,"X24900.46","Others",NA
"VRK1",-0.176836149509957,-0.176836149509957,1,"X12553.5","Others",NA
"VSIG10",0.196224773795771,0.196224773795771,1,"X10825.12","Others",NA
"VSIG2",0.438464953651173,0.438464953651173,1,"X8018.43","Others",NA
"VSIG4",0.444438947427012,0.444438947427012,1,"X17678.28","Others",NA
"VSIR",0.295619079564497,0.295619079564497,2,"X14123.34","Others",NA
"VSNL1",0.733192466315226,0.733192466315226,2,"X20197.14","Others",NA
"VSTM1",-0.158227526687036,-0.158227526687036,2,"X19743.12","Others",NA
"VSX1",-0.145598014972717,-0.145598014972717,1,"X24456.3","Others",NA
"VTI1A",0.595859542983663,0.595859542983663,1,"X7952.2","Others",NA
"VTI1B",0.723172740477929,0.723172740477929,1,"X8963.8","Others",NA
"VTN",-0.136138983321688,-0.136138983321688,1,"X8280.238","Others",NA
"VWA1",0.28582737802306,0.28582737802306,1,"X6385.63","Others",NA
"VWA2",0.362119892669306,0.362119892669306,1,"X7128.9","Others",NA
"VWC2",0.4979933733887,0.4979933733887,2,"X15308.108","Others",NA
"VWF",0.369913528274206,0.369913528274206,1,"X3050.7","Others",NA
"WARS1",0.343818279024715,0.343818279024715,1,"X9870.17","Others",NA
"WARS2",-0.310910968391248,-0.310910968391248,1,"X22792.21","Others",NA
"WAS",0.143573280509129,0.143573280509129,2,"X22033.32","Others",NA
"WBP1L",-0.206574377229158,-0.206574377229158,1,"X9532.5","Others",NA
"WBP2",0.485927531810839,0.485927531810839,1,"X17698.15","Others",NA
"WDR26",-0.127561915300307,-0.127561915300307,1,"X24912.40","Others",NA
"WDR5",-0.205823188533213,-0.205823188533213,1,"X17760.128","Others",NA
"WEE2",-0.153808572724976,-0.153808572724976,1,"X25038.5","Others",NA
"WFDC1",0.194625072207846,0.194625072207846,1,"X9316.67","Others",NA
"WFDC10A",-0.124835878179516,-0.124835878179516,1,"X13429.3","Others",NA
"WFDC2",0.459903192559083,0.459903192559083,1,"X11388.75","Others",NA
"WFDC3",-0.259071369543717,-0.259071369543717,1,"X6384.19","Others",NA
"WFIKKN1",-0.119814813880791,-0.119814813880791,1,"X3191.50","Others",NA
"WFIKKN2",0.232245198483037,0.232245198483037,2,"X3235.50","Others",NA
"WIF1",0.327108239623472,0.327108239623472,2,"X16070.7","Others",NA
"WNK3",0.200806004449498,0.200806004449498,1,"X5493.17","Others",NA
"WNT10B",-0.104799750134856,-0.104799750134856,1,"X21940.12","Others",NA
"WNT11",-0.105876049542825,-0.105876049542825,1,"X6624.94","Others",NA
"WNT16",0.296744816954262,0.296744816954262,1,"X21942.14","Others",NA
"WNT3A",0.132290361310899,0.132290361310899,1,"X13236.25","Others",NA
"WNT5B",0.205767140489628,0.205767140489628,1,"X21945.4","Others",NA
"WRNIP1",0.107202930903376,0.107202930903376,1,"X12528.40","Others",NA
"WSCD2",-0.149758571362868,-0.149758571362868,1,"X6274.15","Others",NA
"WTAP",0.38519538081894,0.38519538081894,1,"X23359.25","Others",NA
"WWC1",0.739613309002914,0.739613309002914,1,"X18284.77","Others",NA
"WWP1",0.26511041569633,0.26511041569633,1,"X11307.33","Others",NA
"WWP2",0.162039064796798,0.162039064796798,1,"X21670.52","Others",NA
"XCL1",-0.0192867506417934,-0.0192867506417934,2,"X4143.74","Others",NA
"XCL2",0.271965994307071,0.271965994307071,1,"X15617.8","Others",NA
"XG",0.293940496969256,0.293940496969256,1,"X8044.90","Others",NA
"XPNPEP1",0.525872472932476,0.525872472932476,1,"X3481.87","Others",NA
"XPO5",-0.262868499876766,-0.262868499876766,1,"X25963.2","Others",NA
"XRCC1",-0.133068722127895,-0.133068722127895,1,"X12535.2","Others",NA
"XRCC4",-0.167407789709854,-0.167407789709854,1,"X9886.28","Others",NA
"XRCC6",-0.245454412543455,-0.245454412543455,1,"X2835.1","Others",NA
"XXYLT1",0.506370771096389,0.506370771096389,1,"X6375.75","Others",NA
"XYLB",-0.109155077272176,-0.109155077272176,1,"X21769.10","Others",NA
"XYLT2",0.236997108263016,0.236997108263016,1,"X21572.91","Others",NA
"YAE1",0.212587046965061,0.212587046965061,1,"X21124.17","Others",NA
"YAP1",0.272153955262021,0.272153955262021,1,"X25451.39","Others",NA
"YARS1",-0.109622190815905,-0.109622190815905,1,"X19270.26","Others",NA
"YARS2",-0.119291956225886,-0.119291956225886,1,"X21330.13","Others",NA
"YBX1",-0.181944634496958,-0.181944634496958,1,"X9751.72","Others",NA
"YBX2",-0.234450010497004,-0.234450010497004,1,"X6372.7","Others",NA
"YIPF6",-0.149308215535766,-0.149308215535766,1,"X9984.12","Others",NA
"YME1L1",-0.125711801415059,-0.125711801415059,1,"X11190.129","Others",NA
"YTHDC1",-0.128849125549127,-0.128849125549127,1,"X8878.48","Others",NA
"YWHAB",0.809906685942604,0.809906685942604,2,"X12414.31","Synaptic Proteins",NA
"YWHAE",0.811755333441431,0.811755333441431,1,"X14157.21","Synaptic Proteins",NA
"YWHAG",0.858627927611295,0.858627927611295,2,"X4179.57","Synaptic Proteins",NA
"YWHAH",0.728844559375494,0.728844559375494,2,"X4707.50","Synaptic Proteins",NA
"YWHAQ",0.465213325121422,0.465213325121422,1,"X7625.27","Others",NA
"YWHAZ",0.805282485773331,0.805282485773331,1,"X5858.6","Others",NA
"YY1",-0.244676231592615,-0.244676231592615,1,"X17337.1","Others",NA
"YY2",-0.145018943625167,-0.145018943625167,1,"X21913.5","Others",NA
"ZAP70",-0.142153734239809,-0.142153734239809,1,"X3837.6","Others",NA
"ZBP1",-0.347136448064403,-0.347136448064403,1,"X22831.11","Others",NA
"ZC3H8",0.128319679560249,0.128319679560249,1,"X22832.9","Others",NA
"ZCCHC17",-0.357469442132771,-0.357469442132771,1,"X21811.20","Others",NA
"ZCCHC18",0.201915181427747,0.201915181427747,1,"X22833.74","Others",NA
"ZDHHC4",-0.191459234044937,-0.191459234044937,1,"X22834.21","Others",NA
"ZFAND1",0.151963089005133,0.151963089005133,1,"X19173.5","Others",NA
"ZFAND3",0.245681052976421,0.245681052976421,1,"X21875.31","Others",NA
"ZFP36",-0.1790451182491,-0.1790451182491,1,"X22395.7","Others",NA
"ZG16",-0.389057984573094,-0.389057984573094,1,"X8219.14","Others",NA
"ZG16B",-0.115859254881956,-0.115859254881956,1,"X8310.6","Others",NA
"ZHX2",-0.383599575845837,-0.383599575845837,1,"X24955.116","Others",NA
"ZKSCAN7",-0.122853713970855,-0.122853713970855,1,"X23570.87","Others",NA
"ZNF174",0.13102442544137,0.13102442544137,1,"X11486.26","Others",NA
"ZNF175",-0.13731042743536,-0.13731042743536,1,"X12716.3","Others",NA
"ZNF18",0.188010438373527,0.188010438373527,1,"X11372.2","Others",NA
"ZNF180",-0.125413646047426,-0.125413646047426,1,"X12771.19","Others",NA
"ZNF230",-0.197532418624758,-0.197532418624758,1,"X22838.39","Others",NA
"ZNF264",-0.391069857020654,-0.391069857020654,1,"X9993.11","Others",NA
"ZNF275",-0.306437056181537,-0.306437056181537,1,"X9609.25","Others",NA
"ZNF276",-0.176972273613318,-0.176972273613318,1,"X14692.3","Others",NA
"ZNF34",0.155634548405601,0.155634548405601,1,"X18265.18","Others",NA
"ZNF483",0.145207243436213,0.145207243436213,1,"X23414.12","Others",NA
"ZNF580",-0.126118451869422,-0.126118451869422,1,"X24430.11","Others",NA
"ZNF75D",-0.122432200740489,-0.122432200740489,1,"X11596.47","Others",NA
"ZNF774",-0.137499390030878,-0.137499390030878,1,"X12760.34","Others",NA
"ZP4",0.344410187784763,0.344410187784763,1,"X7766.25","Others",NA
"ZWINT",0.231338889925629,0.231338889925629,1,"X18286.3","Others",NA
"ZYX",0.32652419167379,0.32652419167379,1,"X13632.10","Others",NA
"env",0.337999656815344,0.337999656815344,1,"X4792.51","Others",NA
